LapStartTime,Driver,LapNumber,LapTime,TyreLife,Sector1Time,Sector2Time,Sector3Time,Stint,Compound,Position,TrackStatus
0 days 01:02:34.872000,VER,1.0,0 days 00:01:40.236000,4.0,,0 days 00:00:42.325000,0 days 00:00:24.389000,1.0,SOFT,2.0,
0 days 01:02:34.872000,SAI,1.0,0 days 00:01:41.006000,4.0,,0 days 00:00:42.889000,0 days 00:00:24.253000,1.0,SOFT,3.0,
0 days 01:02:34.872000,MSC,1.0,0 days 00:01:48.826000,1.0,,0 days 00:00:47.568000,0 days 00:00:24.968000,1.0,SOFT,13.0,
0 days 01:02:34.872000,GAS,1.0,0 days 00:01:44.270000,4.0,,0 days 00:00:44.153000,0 days 00:00:24.667000,1.0,SOFT,8.0,
0 days 01:02:34.872000,HAM,1.0,0 days 00:01:41.555000,3.0,,0 days 00:00:42.966000,0 days 00:00:24.137000,1.0,SOFT,4.0,
0 days 01:02:34.872000,NOR,1.0,0 days 00:01:50.088000,1.0,,0 days 00:00:47.585000,0 days 00:00:25.268000,1.0,MEDIUM,16.0,
0 days 01:02:34.872000,RIC,1.0,0 days 00:01:51.601000,1.0,,0 days 00:00:48.222000,0 days 00:00:25.612000,1.0,MEDIUM,20.0,
0 days 01:02:34.872000,LAT,1.0,0 days 00:01:51.134000,1.0,,0 days 00:00:47.175000,0 days 00:00:25.624000,1.0,SOFT,18.0,
0 days 01:02:34.872000,HUL,1.0,0 days 00:01:49.698000,1.0,,0 days 00:00:46.832000,0 days 00:00:25.204000,1.0,SOFT,15.0,
0 days 01:02:34.872000,ZHO,1.0,0 days 00:01:51.374000,1.0,,0 days 00:00:46.799000,0 days 00:00:25.531000,1.0,SOFT,19.0,
0 days 01:02:34.872000,ALB,1.0,0 days 00:01:47.636000,1.0,,0 days 00:00:46.031000,0 days 00:00:24.844000,1.0,SOFT,11.0,
0 days 01:02:34.872000,TSU,1.0,0 days 00:01:48.128000,1.0,,0 days 00:00:45.990000,0 days 00:00:24.788000,1.0,SOFT,12.0,
0 days 01:02:34.872000,MAG,1.0,0 days 00:01:42.333000,1.0,,0 days 00:00:43.366000,0 days 00:00:24.340000,1.0,SOFT,5.0,
0 days 01:02:34.872000,STR,1.0,0 days 00:01:50.439000,1.0,,0 days 00:00:47.076000,0 days 00:00:25.303000,1.0,SOFT,17.0,
0 days 01:02:34.872000,LEC,1.0,0 days 00:01:39.070000,1.0,,0 days 00:00:42.120000,0 days 00:00:23.984000,1.0,SOFT,1.0,
0 days 01:02:34.872000,PER,1.0,0 days 00:01:42.993000,4.0,,0 days 00:00:43.551000,0 days 00:00:24.454000,1.0,SOFT,6.0,
0 days 01:02:34.872000,RUS,1.0,0 days 00:01:43.445000,4.0,,0 days 00:00:44.044000,0 days 00:00:24.324000,1.0,SOFT,7.0,
0 days 01:02:34.872000,OCO,1.0,0 days 00:01:46.170000,1.0,,0 days 00:00:45.149000,0 days 00:00:24.658000,1.0,SOFT,10.0,
0 days 01:02:34.872000,ALO,1.0,0 days 00:01:45.174000,4.0,,0 days 00:00:44.252000,0 days 00:00:24.810000,1.0,SOFT,9.0,
0 days 01:02:34.872000,BOT,1.0,0 days 00:01:49.195000,4.0,,0 days 00:00:47.660000,0 days 00:00:25.013000,1.0,SOFT,14.0,
0 days 01:04:14.174000,LEC,2.0,0 days 00:01:37.853000,2.0,0 days 00:00:31.582000,0 days 00:00:42.159000,0 days 00:00:24.112000,1.0,SOFT,1.0,
0 days 01:04:15.340000,VER,2.0,0 days 00:01:37.880000,5.0,0 days 00:00:31.285000,0 days 00:00:42.269000,0 days 00:00:24.326000,1.0,SOFT,2.0,
0 days 01:04:16.110000,SAI,2.0,0 days 00:01:38.649000,5.0,0 days 00:00:31.818000,0 days 00:00:42.486000,0 days 00:00:24.345000,1.0,SOFT,3.0,
0 days 01:04:16.659000,HAM,2.0,0 days 00:01:39.002000,4.0,0 days 00:00:31.844000,0 days 00:00:42.722000,0 days 00:00:24.436000,1.0,SOFT,4.0,
0 days 01:04:17.437000,MAG,2.0,0 days 00:01:38.993000,2.0,0 days 00:00:31.544000,0 days 00:00:42.940000,0 days 00:00:24.509000,1.0,SOFT,5.0,
0 days 01:04:18.097000,PER,2.0,0 days 00:01:39.092000,5.0,0 days 00:00:31.632000,0 days 00:00:42.939000,0 days 00:00:24.521000,1.0,SOFT,6.0,
0 days 01:04:18.549000,RUS,2.0,0 days 00:01:39.694000,5.0,0 days 00:00:32.238000,0 days 00:00:42.979000,0 days 00:00:24.477000,1.0,SOFT,7.0,
0 days 01:04:19.374000,GAS,2.0,0 days 00:01:40.169000,5.0,0 days 00:00:32.180000,0 days 00:00:43.326000,0 days 00:00:24.663000,1.0,SOFT,8.0,
0 days 01:04:20.278000,ALO,2.0,0 days 00:01:40.412000,5.0,0 days 00:00:32.208000,0 days 00:00:43.527000,0 days 00:00:24.677000,1.0,SOFT,9.0,
0 days 01:04:21.274000,OCO,2.0,0 days 00:01:40.111000,2.0,0 days 00:00:31.913000,0 days 00:00:43.342000,0 days 00:00:24.856000,1.0,SOFT,10.0,
0 days 01:04:22.740000,ALB,2.0,0 days 00:01:40.548000,2.0,0 days 00:00:32.027000,0 days 00:00:43.725000,0 days 00:00:24.796000,1.0,SOFT,11.0,
0 days 01:04:23.232000,TSU,2.0,0 days 00:01:40.697000,2.0,0 days 00:00:32.192000,0 days 00:00:43.736000,0 days 00:00:24.769000,1.0,SOFT,12.0,
0 days 01:04:23.930000,MSC,2.0,0 days 00:01:40.722000,2.0,0 days 00:00:32.091000,0 days 00:00:43.849000,0 days 00:00:24.782000,1.0,SOFT,13.0,
0 days 01:04:24.299000,BOT,2.0,0 days 00:01:40.817000,5.0,0 days 00:00:32.029000,0 days 00:00:43.927000,0 days 00:00:24.861000,1.0,SOFT,14.0,
0 days 01:04:24.802000,HUL,2.0,0 days 00:01:41.077000,2.0,0 days 00:00:32.384000,0 days 00:00:43.773000,0 days 00:00:24.920000,1.0,SOFT,15.0,
0 days 01:04:25.192000,NOR,2.0,0 days 00:01:42.279000,2.0,0 days 00:00:32.974000,0 days 00:00:44.334000,0 days 00:00:24.971000,1.0,MEDIUM,17.0,
0 days 01:04:25.543000,STR,2.0,0 days 00:01:41.019000,2.0,0 days 00:00:32.331000,0 days 00:00:43.771000,0 days 00:00:24.917000,1.0,SOFT,16.0,
0 days 01:04:26.238000,LAT,2.0,0 days 00:01:42.298000,2.0,0 days 00:00:32.910000,0 days 00:00:44.506000,0 days 00:00:24.882000,1.0,SOFT,19.0,
0 days 01:04:26.478000,ZHO,2.0,0 days 00:01:41.229000,2.0,0 days 00:00:32.100000,0 days 00:00:44.208000,0 days 00:00:24.921000,1.0,SOFT,18.0,
0 days 01:04:26.705000,RIC,2.0,0 days 00:01:42.590000,2.0,0 days 00:00:32.607000,0 days 00:00:44.876000,0 days 00:00:25.107000,1.0,MEDIUM,20.0,
0 days 01:05:52.027000,LEC,3.0,0 days 00:01:38.272000,3.0,0 days 00:00:31.635000,0 days 00:00:42.404000,0 days 00:00:24.233000,1.0,SOFT,1.0,
0 days 01:05:53.220000,VER,3.0,0 days 00:01:38.357000,6.0,0 days 00:00:31.499000,0 days 00:00:42.474000,0 days 00:00:24.384000,1.0,SOFT,2.0,
0 days 01:05:54.759000,SAI,3.0,0 days 00:01:39.049000,6.0,0 days 00:00:31.884000,0 days 00:00:42.691000,0 days 00:00:24.474000,1.0,SOFT,3.0,
0 days 01:05:55.661000,HAM,3.0,0 days 00:01:39.075000,5.0,0 days 00:00:31.671000,0 days 00:00:42.931000,0 days 00:00:24.473000,1.0,SOFT,4.0,
0 days 01:05:56.430000,MAG,3.0,0 days 00:01:41.224000,3.0,0 days 00:00:32.545000,0 days 00:00:44.082000,0 days 00:00:24.597000,1.0,SOFT,6.0,
0 days 01:05:57.189000,PER,3.0,0 days 00:01:39.473000,6.0,0 days 00:00:31.789000,0 days 00:00:43.115000,0 days 00:00:24.569000,1.0,SOFT,5.0,
0 days 01:05:58.243000,RUS,3.0,0 days 00:01:39.725000,6.0,0 days 00:00:31.922000,0 days 00:00:43.261000,0 days 00:00:24.542000,1.0,SOFT,7.0,
0 days 01:05:59.543000,GAS,3.0,0 days 00:01:39.968000,6.0,0 days 00:00:31.940000,0 days 00:00:43.366000,0 days 00:00:24.662000,1.0,SOFT,8.0,
0 days 01:06:00.690000,ALO,3.0,0 days 00:01:40.226000,6.0,0 days 00:00:32.073000,0 days 00:00:43.487000,0 days 00:00:24.666000,1.0,SOFT,9.0,
0 days 01:06:01.385000,OCO,3.0,0 days 00:01:40.248000,3.0,0 days 00:00:31.988000,0 days 00:00:43.503000,0 days 00:00:24.757000,1.0,SOFT,10.0,
0 days 01:06:03.288000,ALB,3.0,0 days 00:01:40.664000,3.0,0 days 00:00:32.056000,0 days 00:00:43.928000,0 days 00:00:24.680000,1.0,SOFT,11.0,
0 days 01:06:03.929000,TSU,3.0,0 days 00:01:40.618000,3.0,0 days 00:00:32.011000,0 days 00:00:43.881000,0 days 00:00:24.726000,1.0,SOFT,12.0,
0 days 01:06:04.652000,MSC,3.0,0 days 00:01:40.747000,3.0,0 days 00:00:32.025000,0 days 00:00:43.733000,0 days 00:00:24.989000,1.0,SOFT,13.0,
0 days 01:06:05.116000,BOT,3.0,0 days 00:01:40.732000,6.0,0 days 00:00:31.873000,0 days 00:00:43.805000,0 days 00:00:25.054000,1.0,SOFT,14.0,
0 days 01:06:05.879000,HUL,3.0,0 days 00:01:40.638000,3.0,0 days 00:00:32.169000,0 days 00:00:43.665000,0 days 00:00:24.804000,1.0,SOFT,15.0,
0 days 01:06:06.562000,STR,3.0,0 days 00:01:40.887000,3.0,0 days 00:00:32.067000,0 days 00:00:43.767000,0 days 00:00:25.053000,1.0,SOFT,16.0,
0 days 01:06:07.471000,NOR,3.0,0 days 00:01:41.785000,3.0,0 days 00:00:32.884000,0 days 00:00:44.070000,0 days 00:00:24.831000,1.0,MEDIUM,18.0,
0 days 01:06:07.707000,ZHO,3.0,0 days 00:01:40.183000,3.0,0 days 00:00:31.952000,0 days 00:00:43.469000,0 days 00:00:24.762000,1.0,SOFT,17.0,
0 days 01:06:08.536000,LAT,3.0,0 days 00:01:41.668000,3.0,0 days 00:00:32.233000,0 days 00:00:44.635000,0 days 00:00:24.800000,1.0,SOFT,19.0,
0 days 01:06:09.295000,RIC,3.0,0 days 00:01:41.711000,3.0,0 days 00:00:32.240000,0 days 00:00:44.366000,0 days 00:00:25.105000,1.0,MEDIUM,20.0,
0 days 01:07:30.299000,LEC,4.0,0 days 00:01:38.414000,4.0,0 days 00:00:31.619000,0 days 00:00:42.482000,0 days 00:00:24.313000,1.0,SOFT,1.0,
0 days 01:07:31.577000,VER,4.0,0 days 00:01:38.566000,7.0,0 days 00:00:31.342000,0 days 00:00:42.674000,0 days 00:00:24.550000,1.0,SOFT,2.0,
0 days 01:07:33.808000,SAI,4.0,0 days 00:01:38.923000,7.0,0 days 00:00:31.772000,0 days 00:00:42.712000,0 days 00:00:24.439000,1.0,SOFT,3.0,
0 days 01:07:34.736000,HAM,4.0,0 days 00:01:38.892000,6.0,0 days 00:00:31.388000,0 days 00:00:42.990000,0 days 00:00:24.514000,1.0,SOFT,4.0,
0 days 01:07:36.662000,PER,4.0,0 days 00:01:38.741000,7.0,0 days 00:00:31.361000,0 days 00:00:42.855000,0 days 00:00:24.525000,1.0,SOFT,5.0,
0 days 01:07:37.654000,MAG,4.0,0 days 00:01:39.642000,4.0,0 days 00:00:31.476000,0 days 00:00:43.435000,0 days 00:00:24.731000,1.0,SOFT,6.0,
0 days 01:07:37.968000,RUS,4.0,0 days 00:01:39.772000,7.0,0 days 00:00:31.847000,0 days 00:00:43.272000,0 days 00:00:24.653000,1.0,SOFT,7.0,
0 days 01:07:39.511000,GAS,4.0,0 days 00:01:40.158000,7.0,0 days 00:00:31.770000,0 days 00:00:43.681000,0 days 00:00:24.707000,1.0,SOFT,8.0,
0 days 01:07:40.916000,ALO,4.0,0 days 00:01:40.097000,7.0,0 days 00:00:32.043000,0 days 00:00:43.300000,0 days 00:00:24.754000,1.0,SOFT,9.0,
0 days 01:07:41.633000,OCO,4.0,0 days 00:01:40.209000,4.0,0 days 00:00:31.797000,0 days 00:00:43.662000,0 days 00:00:24.750000,1.0,SOFT,10.0,
0 days 01:07:43.952000,ALB,4.0,0 days 00:01:41.126000,4.0,0 days 00:00:32.050000,0 days 00:00:44.161000,0 days 00:00:24.915000,1.0,SOFT,11.0,
0 days 01:07:44.547000,TSU,4.0,0 days 00:01:40.958000,4.0,0 days 00:00:31.728000,0 days 00:00:44.250000,0 days 00:00:24.980000,1.0,SOFT,12.0,
0 days 01:07:45.399000,MSC,4.0,0 days 00:01:41.163000,4.0,0 days 00:00:31.717000,0 days 00:00:44.474000,0 days 00:00:24.972000,1.0,SOFT,13.0,
0 days 01:07:45.848000,BOT,4.0,0 days 00:01:41.127000,7.0,0 days 00:00:31.580000,0 days 00:00:44.511000,0 days 00:00:25.036000,1.0,SOFT,14.0,
0 days 01:07:46.517000,HUL,4.0,0 days 00:01:41.189000,4.0,0 days 00:00:31.867000,0 days 00:00:44.138000,0 days 00:00:25.184000,1.0,SOFT,15.0,
0 days 01:07:47.449000,STR,4.0,0 days 00:01:41.931000,4.0,0 days 00:00:32.084000,0 days 00:00:44.631000,0 days 00:00:25.216000,1.0,SOFT,17.0,
0 days 01:07:47.890000,ZHO,4.0,0 days 00:01:40.393000,4.0,0 days 00:00:31.521000,0 days 00:00:44.156000,0 days 00:00:24.716000,1.0,SOFT,16.0,
0 days 01:07:49.256000,NOR,4.0,0 days 00:01:41.459000,4.0,0 days 00:00:32.489000,0 days 00:00:43.946000,0 days 00:00:25.024000,1.0,MEDIUM,18.0,
0 days 01:07:50.204000,LAT,4.0,0 days 00:01:41.947000,4.0,0 days 00:00:32.094000,0 days 00:00:44.931000,0 days 00:00:24.922000,1.0,SOFT,19.0,
0 days 01:07:51.006000,RIC,4.0,0 days 00:01:41.803000,4.0,0 days 00:00:32.089000,0 days 00:00:44.512000,0 days 00:00:25.202000,1.0,MEDIUM,20.0,
0 days 01:09:08.713000,LEC,5.0,0 days 00:01:38.471000,5.0,0 days 00:00:31.590000,0 days 00:00:42.565000,0 days 00:00:24.316000,1.0,SOFT,1.0,
0 days 01:09:10.143000,VER,5.0,0 days 00:01:38.877000,8.0,0 days 00:00:31.498000,0 days 00:00:42.854000,0 days 00:00:24.525000,1.0,SOFT,2.0,
0 days 01:09:12.731000,SAI,5.0,0 days 00:01:39.101000,8.0,0 days 00:00:31.717000,0 days 00:00:42.786000,0 days 00:00:24.598000,1.0,SOFT,3.0,
0 days 01:09:13.628000,HAM,5.0,0 days 00:01:38.923000,7.0,0 days 00:00:31.550000,0 days 00:00:42.893000,0 days 00:00:24.480000,1.0,SOFT,4.0,
0 days 01:09:15.403000,PER,5.0,0 days 00:01:38.861000,8.0,0 days 00:00:31.357000,0 days 00:00:42.876000,0 days 00:00:24.628000,1.0,SOFT,5.0,
0 days 01:09:17.296000,MAG,5.0,0 days 00:01:41.169000,5.0,0 days 00:00:32.532000,0 days 00:00:43.740000,0 days 00:00:24.897000,1.0,SOFT,7.0,
0 days 01:09:17.740000,RUS,5.0,0 days 00:01:39.041000,8.0,0 days 00:00:31.442000,0 days 00:00:43.186000,0 days 00:00:24.413000,1.0,SOFT,6.0,
0 days 01:09:19.669000,GAS,5.0,0 days 00:01:40.249000,8.0,0 days 00:00:31.849000,0 days 00:00:43.679000,0 days 00:00:24.721000,1.0,SOFT,8.0,
0 days 01:09:21.013000,ALO,5.0,0 days 00:01:40.465000,8.0,0 days 00:00:32.045000,0 days 00:00:43.554000,0 days 00:00:24.866000,1.0,SOFT,9.0,
0 days 01:09:21.842000,OCO,5.0,0 days 00:01:40.483000,5.0,0 days 00:00:31.859000,0 days 00:00:43.773000,0 days 00:00:24.851000,1.0,SOFT,10.0,
0 days 01:09:25.078000,ALB,5.0,0 days 00:01:42.303000,5.0,0 days 00:00:32.792000,0 days 00:00:44.560000,0 days 00:00:24.951000,1.0,SOFT,12.0,
0 days 01:09:25.505000,TSU,5.0,0 days 00:01:40.363000,5.0,0 days 00:00:31.893000,0 days 00:00:43.685000,0 days 00:00:24.785000,1.0,SOFT,11.0,
0 days 01:09:26.562000,MSC,5.0,0 days 00:01:42.049000,5.0,0 days 00:00:32.227000,0 days 00:00:44.688000,0 days 00:00:25.134000,1.0,SOFT,13.0,
0 days 01:09:26.975000,BOT,5.0,0 days 00:01:41.817000,8.0,0 days 00:00:31.834000,0 days 00:00:45.160000,0 days 00:00:24.823000,1.0,SOFT,14.0,
0 days 01:09:27.706000,HUL,5.0,0 days 00:01:42.490000,5.0,0 days 00:00:31.978000,0 days 00:00:44.753000,0 days 00:00:25.759000,1.0,SOFT,16.0,
0 days 01:09:28.283000,ZHO,5.0,0 days 00:01:41.574000,5.0,0 days 00:00:31.711000,0 days 00:00:44.889000,0 days 00:00:24.974000,1.0,SOFT,15.0,
0 days 01:09:29.380000,STR,5.0,0 days 00:01:41.715000,5.0,0 days 00:00:31.953000,0 days 00:00:44.456000,0 days 00:00:25.306000,1.0,SOFT,17.0,
0 days 01:09:30.715000,NOR,5.0,0 days 00:01:41.713000,5.0,0 days 00:00:32.330000,0 days 00:00:44.248000,0 days 00:00:25.135000,1.0,MEDIUM,18.0,
0 days 01:09:32.151000,LAT,5.0,0 days 00:01:41.678000,5.0,0 days 00:00:32.221000,0 days 00:00:44.599000,0 days 00:00:24.858000,1.0,SOFT,19.0,
0 days 01:09:32.809000,RIC,5.0,0 days 00:01:41.818000,5.0,0 days 00:00:32.162000,0 days 00:00:44.451000,0 days 00:00:25.205000,1.0,MEDIUM,20.0,
0 days 01:10:47.184000,LEC,6.0,0 days 00:01:38.712000,6.0,0 days 00:00:31.627000,0 days 00:00:42.652000,0 days 00:00:24.433000,1.0,SOFT,1.0,
0 days 01:10:49.020000,VER,6.0,0 days 00:01:38.940000,9.0,0 days 00:00:31.572000,0 days 00:00:42.759000,0 days 00:00:24.609000,1.0,SOFT,2.0,
0 days 01:10:51.832000,SAI,6.0,0 days 00:01:39.594000,9.0,0 days 00:00:31.843000,0 days 00:00:43.200000,0 days 00:00:24.551000,1.0,SOFT,3.0,
0 days 01:10:52.551000,HAM,6.0,0 days 00:01:39.707000,8.0,0 days 00:00:31.624000,0 days 00:00:43.248000,0 days 00:00:24.835000,1.0,SOFT,4.0,
0 days 01:10:54.264000,PER,6.0,0 days 00:01:39.218000,9.0,0 days 00:00:31.531000,0 days 00:00:43.144000,0 days 00:00:24.543000,1.0,SOFT,5.0,
0 days 01:10:56.781000,RUS,6.0,0 days 00:01:39.605000,9.0,0 days 00:00:31.886000,0 days 00:00:43.349000,0 days 00:00:24.370000,1.0,SOFT,6.0,
0 days 01:10:58.465000,MAG,6.0,0 days 00:01:40.338000,6.0,0 days 00:00:31.907000,0 days 00:00:43.641000,0 days 00:00:24.790000,1.0,SOFT,7.0,
0 days 01:10:59.918000,GAS,6.0,0 days 00:01:40.474000,9.0,0 days 00:00:31.986000,0 days 00:00:43.748000,0 days 00:00:24.740000,1.0,SOFT,8.0,
0 days 01:11:01.478000,ALO,6.0,0 days 00:01:40.658000,9.0,0 days 00:00:32.105000,0 days 00:00:43.625000,0 days 00:00:24.928000,1.0,SOFT,9.0,
0 days 01:11:02.325000,OCO,6.0,0 days 00:01:40.558000,6.0,0 days 00:00:31.866000,0 days 00:00:43.869000,0 days 00:00:24.823000,1.0,SOFT,10.0,
0 days 01:11:05.868000,TSU,6.0,0 days 00:01:40.611000,6.0,0 days 00:00:32.168000,0 days 00:00:43.564000,0 days 00:00:24.879000,1.0,SOFT,11.0,
0 days 01:11:07.381000,ALB,6.0,0 days 00:01:41.708000,6.0,0 days 00:00:32.220000,0 days 00:00:44.522000,0 days 00:00:24.966000,1.0,SOFT,12.0,
0 days 01:11:08.611000,MSC,6.0,0 days 00:01:42.447000,6.0,0 days 00:00:32.724000,0 days 00:00:44.443000,0 days 00:00:25.280000,1.0,SOFT,14.0,
0 days 01:11:08.792000,BOT,6.0,0 days 00:01:41.003000,9.0,0 days 00:00:31.844000,0 days 00:00:44.146000,0 days 00:00:25.013000,1.0,SOFT,13.0,
0 days 01:11:09.857000,ZHO,6.0,0 days 00:01:41.461000,6.0,0 days 00:00:31.739000,0 days 00:00:44.486000,0 days 00:00:25.236000,1.0,SOFT,15.0,
0 days 01:11:10.196000,HUL,6.0,0 days 00:01:41.995000,6.0,0 days 00:00:32.187000,0 days 00:00:44.488000,0 days 00:00:25.320000,1.0,SOFT,16.0,
0 days 01:11:11.095000,STR,6.0,0 days 00:01:41.897000,6.0,0 days 00:00:32.385000,0 days 00:00:44.303000,0 days 00:00:25.209000,1.0,SOFT,17.0,
0 days 01:11:12.428000,NOR,6.0,0 days 00:01:41.658000,6.0,0 days 00:00:32.307000,0 days 00:00:44.205000,0 days 00:00:25.146000,1.0,MEDIUM,18.0,
0 days 01:11:13.829000,LAT,6.0,0 days 00:01:42.945000,6.0,0 days 00:00:32.246000,0 days 00:00:45.124000,0 days 00:00:25.575000,1.0,SOFT,20.0,
0 days 01:11:14.627000,RIC,6.0,0 days 00:01:41.770000,6.0,0 days 00:00:31.990000,0 days 00:00:44.665000,0 days 00:00:25.115000,1.0,MEDIUM,19.0,
0 days 01:12:25.896000,LEC,7.0,0 days 00:01:38.835000,7.0,0 days 00:00:31.589000,0 days 00:00:42.750000,0 days 00:00:24.496000,1.0,SOFT,1.0,
0 days 01:12:27.960000,VER,7.0,0 days 00:01:39.062000,10.0,0 days 00:00:31.637000,0 days 00:00:42.845000,0 days 00:00:24.580000,1.0,SOFT,2.0,
0 days 01:12:31.426000,SAI,7.0,0 days 00:01:39.588000,10.0,0 days 00:00:31.856000,0 days 00:00:43.066000,0 days 00:00:24.666000,1.0,SOFT,3.0,
0 days 01:12:32.258000,HAM,7.0,0 days 00:01:39.682000,9.0,0 days 00:00:31.626000,0 days 00:00:43.305000,0 days 00:00:24.751000,1.0,SOFT,4.0,
0 days 01:12:33.482000,PER,7.0,0 days 00:01:39.264000,10.0,0 days 00:00:31.437000,0 days 00:00:43.135000,0 days 00:00:24.692000,1.0,SOFT,5.0,
0 days 01:12:36.386000,RUS,7.0,0 days 00:01:39.934000,10.0,0 days 00:00:31.835000,0 days 00:00:43.633000,0 days 00:00:24.466000,1.0,SOFT,6.0,
0 days 01:12:38.803000,MAG,7.0,0 days 00:01:40.555000,7.0,0 days 00:00:32.020000,0 days 00:00:43.659000,0 days 00:00:24.876000,1.0,SOFT,7.0,
0 days 01:12:40.392000,GAS,7.0,0 days 00:01:40.433000,10.0,0 days 00:00:31.942000,0 days 00:00:43.660000,0 days 00:00:24.831000,1.0,SOFT,8.0,
0 days 01:12:42.136000,ALO,7.0,0 days 00:01:40.823000,10.0,0 days 00:00:32.196000,0 days 00:00:43.680000,0 days 00:00:24.947000,1.0,SOFT,9.0,
0 days 01:12:42.883000,OCO,7.0,0 days 00:01:40.782000,7.0,0 days 00:00:31.875000,0 days 00:00:43.929000,0 days 00:00:24.978000,1.0,SOFT,10.0,
0 days 01:12:46.479000,TSU,7.0,0 days 00:01:40.754000,7.0,0 days 00:00:32.067000,0 days 00:00:43.869000,0 days 00:00:24.818000,1.0,SOFT,11.0,
0 days 01:12:49.089000,ALB,7.0,0 days 00:01:41.561000,7.0,0 days 00:00:32.192000,0 days 00:00:44.463000,0 days 00:00:24.906000,1.0,SOFT,12.0,
0 days 01:12:49.795000,BOT,7.0,0 days 00:01:41.287000,10.0,0 days 00:00:31.854000,0 days 00:00:44.420000,0 days 00:00:25.013000,1.0,SOFT,13.0,
0 days 01:12:51.058000,MSC,7.0,0 days 00:01:42.512000,7.0,0 days 00:00:32.498000,0 days 00:00:44.723000,0 days 00:00:25.291000,1.0,SOFT,15.0,
0 days 01:12:51.318000,ZHO,7.0,0 days 00:01:40.620000,7.0,0 days 00:00:31.818000,0 days 00:00:43.943000,0 days 00:00:24.859000,1.0,SOFT,14.0,
0 days 01:12:52.191000,HUL,7.0,0 days 00:01:41.912000,7.0,0 days 00:00:32.390000,0 days 00:00:44.318000,0 days 00:00:25.204000,1.0,SOFT,16.0,
0 days 01:12:52.992000,STR,7.0,0 days 00:01:41.827000,7.0,0 days 00:00:32.307000,0 days 00:00:44.478000,0 days 00:00:25.042000,1.0,SOFT,17.0,
0 days 01:12:54.086000,NOR,7.0,0 days 00:01:42.192000,7.0,0 days 00:00:32.626000,0 days 00:00:44.439000,0 days 00:00:25.127000,1.0,MEDIUM,18.0,
0 days 01:12:56.397000,RIC,7.0,0 days 00:01:43.137000,7.0,0 days 00:00:32.521000,0 days 00:00:45.514000,0 days 00:00:25.102000,1.0,MEDIUM,20.0,
0 days 01:12:56.774000,LAT,7.0,0 days 00:01:42.065000,7.0,0 days 00:00:32.146000,0 days 00:00:44.962000,0 days 00:00:24.957000,1.0,SOFT,19.0,
0 days 01:14:04.731000,LEC,8.0,0 days 00:01:38.951000,8.0,0 days 00:00:31.744000,0 days 00:00:42.811000,0 days 00:00:24.396000,1.0,SOFT,1.0,
0 days 01:14:07.022000,VER,8.0,0 days 00:01:39.092000,11.0,0 days 00:00:31.616000,0 days 00:00:42.875000,0 days 00:00:24.601000,1.0,SOFT,2.0,
0 days 01:14:11.014000,SAI,8.0,0 days 00:01:39.275000,11.0,0 days 00:00:31.760000,0 days 00:00:42.898000,0 days 00:00:24.617000,1.0,SOFT,3.0,
0 days 01:14:11.940000,HAM,8.0,0 days 00:01:39.758000,10.0,0 days 00:00:31.563000,0 days 00:00:43.561000,0 days 00:00:24.634000,1.0,SOFT,4.0,
0 days 01:14:12.746000,PER,8.0,0 days 00:01:39.825000,11.0,0 days 00:00:31.287000,0 days 00:00:43.774000,0 days 00:00:24.764000,1.0,SOFT,5.0,
0 days 01:14:16.320000,RUS,8.0,0 days 00:01:39.729000,11.0,0 days 00:00:31.948000,0 days 00:00:43.367000,0 days 00:00:24.414000,1.0,SOFT,6.0,
0 days 01:14:19.358000,MAG,8.0,0 days 00:01:40.451000,8.0,0 days 00:00:32.022000,0 days 00:00:43.657000,0 days 00:00:24.772000,1.0,SOFT,7.0,
0 days 01:14:20.825000,GAS,8.0,0 days 00:01:40.684000,11.0,0 days 00:00:32.096000,0 days 00:00:43.852000,0 days 00:00:24.736000,1.0,SOFT,8.0,
0 days 01:14:22.959000,ALO,8.0,0 days 00:01:42.371000,11.0,0 days 00:00:32.863000,0 days 00:00:44.324000,0 days 00:00:25.184000,1.0,SOFT,10.0,
0 days 01:14:23.665000,OCO,8.0,0 days 00:01:40.442000,8.0,0 days 00:00:31.839000,0 days 00:00:43.773000,0 days 00:00:24.830000,1.0,SOFT,9.0,
0 days 01:14:27.233000,TSU,8.0,0 days 00:01:41.351000,8.0,0 days 00:00:32.046000,0 days 00:00:44.436000,0 days 00:00:24.869000,1.0,SOFT,11.0,
0 days 01:14:30.650000,ALB,8.0,0 days 00:01:43.097000,8.0,0 days 00:00:32.585000,0 days 00:00:45.304000,0 days 00:00:25.208000,1.0,SOFT,13.0,
0 days 01:14:31.082000,BOT,8.0,0 days 00:01:41.606000,11.0,0 days 00:00:32.327000,0 days 00:00:44.387000,0 days 00:00:24.892000,1.0,SOFT,12.0,
0 days 01:14:31.938000,ZHO,8.0,0 days 00:01:42.110000,8.0,0 days 00:00:31.783000,0 days 00:00:45.055000,0 days 00:00:25.272000,1.0,SOFT,14.0,
0 days 01:14:33.570000,MSC,8.0,0 days 00:01:42.304000,8.0,0 days 00:00:32.420000,0 days 00:00:44.606000,0 days 00:00:25.278000,1.0,SOFT,15.0,
0 days 01:14:34.103000,HUL,8.0,0 days 00:01:42.177000,8.0,0 days 00:00:32.294000,0 days 00:00:44.683000,0 days 00:00:25.200000,1.0,SOFT,16.0,
0 days 01:14:34.819000,STR,8.0,0 days 00:01:42.174000,8.0,0 days 00:00:31.962000,0 days 00:00:44.822000,0 days 00:00:25.390000,1.0,SOFT,17.0,
0 days 01:14:36.278000,NOR,8.0,0 days 00:01:41.860000,8.0,0 days 00:00:32.451000,0 days 00:00:44.318000,0 days 00:00:25.091000,1.0,MEDIUM,18.0,
0 days 01:14:38.839000,LAT,8.0,0 days 00:01:41.931000,8.0,0 days 00:00:32.244000,0 days 00:00:44.627000,0 days 00:00:25.060000,1.0,SOFT,19.0,
0 days 01:14:39.534000,RIC,8.0,0 days 00:01:41.894000,8.0,0 days 00:00:32.240000,0 days 00:00:44.498000,0 days 00:00:25.156000,1.0,MEDIUM,20.0,
0 days 01:15:43.682000,LEC,9.0,0 days 00:01:38.807000,9.0,0 days 00:00:31.674000,0 days 00:00:42.665000,0 days 00:00:24.468000,1.0,SOFT,1.0,
0 days 01:15:46.114000,VER,9.0,0 days 00:01:39.251000,12.0,0 days 00:00:31.625000,0 days 00:00:42.957000,0 days 00:00:24.669000,1.0,SOFT,2.0,
0 days 01:15:50.289000,SAI,9.0,0 days 00:01:39.424000,12.0,0 days 00:00:31.740000,0 days 00:00:43.039000,0 days 00:00:24.645000,1.0,SOFT,3.0,
0 days 01:15:51.698000,HAM,9.0,0 days 00:01:40.274000,11.0,0 days 00:00:32.131000,0 days 00:00:43.485000,0 days 00:00:24.658000,1.0,SOFT,4.0,
0 days 01:15:52.571000,PER,9.0,0 days 00:01:40.215000,12.0,0 days 00:00:31.759000,0 days 00:00:43.742000,0 days 00:00:24.714000,1.0,SOFT,5.0,
0 days 01:15:56.049000,RUS,9.0,0 days 00:01:40.158000,12.0,0 days 00:00:31.982000,0 days 00:00:43.490000,0 days 00:00:24.686000,1.0,SOFT,6.0,
0 days 01:15:59.809000,MAG,9.0,0 days 00:01:40.756000,9.0,0 days 00:00:32.023000,0 days 00:00:43.863000,0 days 00:00:24.870000,1.0,SOFT,7.0,
0 days 01:16:01.509000,GAS,9.0,0 days 00:01:40.844000,12.0,0 days 00:00:32.023000,0 days 00:00:43.971000,0 days 00:00:24.850000,1.0,SOFT,8.0,
0 days 01:16:04.107000,OCO,9.0,0 days 00:01:40.819000,9.0,0 days 00:00:32.185000,0 days 00:00:43.735000,0 days 00:00:24.899000,1.0,SOFT,9.0,
0 days 01:16:05.330000,ALO,9.0,0 days 00:01:41.448000,12.0,0 days 00:00:32.246000,0 days 00:00:44.097000,0 days 00:00:25.105000,1.0,SOFT,10.0,
0 days 01:16:08.584000,TSU,9.0,0 days 00:01:40.900000,9.0,0 days 00:00:32.111000,0 days 00:00:43.924000,0 days 00:00:24.865000,1.0,SOFT,11.0,
0 days 01:16:12.688000,BOT,9.0,0 days 00:01:40.586000,12.0,0 days 00:00:32.119000,0 days 00:00:43.609000,0 days 00:00:24.858000,1.0,SOFT,12.0,
0 days 01:16:13.747000,ALB,9.0,0 days 00:01:42.149000,9.0,0 days 00:00:31.988000,0 days 00:00:44.929000,0 days 00:00:25.232000,1.0,SOFT,13.0,
0 days 01:16:14.048000,ZHO,9.0,0 days 00:01:42.258000,9.0,0 days 00:00:32.041000,0 days 00:00:44.829000,0 days 00:00:25.388000,1.0,SOFT,14.0,
0 days 01:16:15.874000,MSC,9.0,0 days 00:01:42.158000,9.0,0 days 00:00:32.372000,0 days 00:00:44.610000,0 days 00:00:25.176000,1.0,SOFT,15.0,
0 days 01:16:16.280000,HUL,9.0,0 days 00:01:43.773000,9.0,0 days 00:00:33.813000,0 days 00:00:44.410000,0 days 00:00:25.550000,1.0,SOFT,17.0,
0 days 01:16:16.993000,STR,9.0,0 days 00:01:41.557000,9.0,0 days 00:00:32.113000,0 days 00:00:44.241000,0 days 00:00:25.203000,1.0,SOFT,16.0,
0 days 01:16:18.138000,NOR,9.0,0 days 00:01:42.492000,9.0,0 days 00:00:32.688000,0 days 00:00:44.627000,0 days 00:00:25.177000,1.0,MEDIUM,18.0,
0 days 01:16:20.770000,LAT,9.0,0 days 00:01:42.473000,9.0,0 days 00:00:32.545000,0 days 00:00:44.868000,0 days 00:00:25.060000,1.0,SOFT,19.0,
0 days 01:16:21.428000,RIC,9.0,0 days 00:01:42.746000,9.0,0 days 00:00:32.433000,0 days 00:00:45.033000,0 days 00:00:25.280000,1.0,MEDIUM,20.0,
0 days 01:17:22.489000,LEC,10.0,0 days 00:01:39.123000,10.0,0 days 00:00:31.789000,0 days 00:00:42.769000,0 days 00:00:24.565000,1.0,SOFT,1.0,
0 days 01:17:25.365000,VER,10.0,0 days 00:01:39.392000,13.0,0 days 00:00:31.736000,0 days 00:00:43.051000,0 days 00:00:24.605000,1.0,SOFT,2.0,
0 days 01:17:29.713000,SAI,10.0,0 days 00:01:39.682000,13.0,0 days 00:00:31.863000,0 days 00:00:43.111000,0 days 00:00:24.708000,1.0,SOFT,3.0,
0 days 01:17:31.972000,HAM,10.0,0 days 00:01:41.581000,12.0,0 days 00:00:32.647000,0 days 00:00:44.166000,0 days 00:00:24.768000,1.0,SOFT,5.0,
0 days 01:17:32.786000,PER,10.0,0 days 00:01:39.806000,13.0,0 days 00:00:31.619000,0 days 00:00:43.537000,0 days 00:00:24.650000,1.0,SOFT,4.0,
0 days 01:17:36.207000,RUS,10.0,0 days 00:01:40.236000,13.0,0 days 00:00:32.120000,0 days 00:00:43.550000,0 days 00:00:24.566000,1.0,SOFT,6.0,
0 days 01:17:40.565000,MAG,10.0,0 days 00:01:41.195000,10.0,0 days 00:00:32.373000,0 days 00:00:43.910000,0 days 00:00:24.912000,1.0,SOFT,7.0,
0 days 01:17:42.353000,GAS,10.0,0 days 00:01:40.981000,13.0,0 days 00:00:32.112000,0 days 00:00:44.021000,0 days 00:00:24.848000,1.0,SOFT,8.0,
0 days 01:17:44.926000,OCO,10.0,0 days 00:01:40.992000,10.0,0 days 00:00:32.197000,0 days 00:00:43.724000,0 days 00:00:25.071000,1.0,SOFT,9.0,
0 days 01:17:46.778000,ALO,10.0,0 days 00:01:41.873000,13.0,0 days 00:00:32.304000,0 days 00:00:44.451000,0 days 00:00:25.118000,1.0,SOFT,10.0,
0 days 01:17:49.484000,TSU,10.0,0 days 00:01:41.182000,10.0,0 days 00:00:32.165000,0 days 00:00:44.131000,0 days 00:00:24.886000,1.0,SOFT,11.0,
0 days 01:17:53.274000,BOT,10.0,0 days 00:01:40.788000,13.0,0 days 00:00:32.070000,0 days 00:00:43.871000,0 days 00:00:24.847000,1.0,SOFT,12.0,
0 days 01:17:55.896000,ALB,10.0,0 days 00:01:43.500000,10.0,0 days 00:00:32.812000,0 days 00:00:45.530000,0 days 00:00:25.158000,1.0,SOFT,14.0,
0 days 01:17:56.306000,ZHO,10.0,0 days 00:01:41.339000,10.0,0 days 00:00:32.323000,0 days 00:00:44.129000,0 days 00:00:24.887000,1.0,SOFT,13.0,
0 days 01:17:58.032000,MSC,10.0,0 days 00:01:43.969000,10.0,0 days 00:00:32.754000,0 days 00:00:45.826000,0 days 00:00:25.389000,1.0,SOFT,16.0,
0 days 01:17:58.550000,STR,10.0,0 days 00:01:42.350000,10.0,0 days 00:00:32.261000,0 days 00:00:44.915000,0 days 00:00:25.174000,1.0,SOFT,15.0,
0 days 01:18:00.053000,HUL,10.0,0 days 00:01:43.228000,10.0,0 days 00:00:32.937000,0 days 00:00:44.748000,0 days 00:00:25.543000,1.0,SOFT,17.0,
0 days 01:18:00.630000,NOR,10.0,0 days 00:01:43.420000,10.0,0 days 00:00:32.673000,0 days 00:00:45.397000,0 days 00:00:25.350000,1.0,MEDIUM,18.0,
0 days 01:18:03.243000,LAT,10.0,0 days 00:01:42.678000,10.0,0 days 00:00:32.554000,0 days 00:00:45.019000,0 days 00:00:25.105000,1.0,SOFT,19.0,
0 days 01:18:04.174000,RIC,10.0,0 days 00:01:42.777000,10.0,0 days 00:00:32.518000,0 days 00:00:44.801000,0 days 00:00:25.458000,1.0,MEDIUM,20.0,
0 days 01:19:01.612000,LEC,11.0,0 days 00:01:39.306000,11.0,0 days 00:00:31.828000,0 days 00:00:42.940000,0 days 00:00:24.538000,1.0,SOFT,1.0,
0 days 01:19:04.757000,VER,11.0,0 days 00:01:39.479000,14.0,0 days 00:00:31.749000,0 days 00:00:43.090000,0 days 00:00:24.640000,1.0,SOFT,2.0,
0 days 01:19:09.395000,SAI,11.0,0 days 00:01:39.942000,14.0,0 days 00:00:31.950000,0 days 00:00:43.298000,0 days 00:00:24.694000,1.0,SOFT,3.0,
0 days 01:19:12.592000,PER,11.0,0 days 00:01:39.931000,14.0,0 days 00:00:31.796000,0 days 00:00:43.358000,0 days 00:00:24.777000,1.0,SOFT,4.0,
0 days 01:19:13.553000,HAM,11.0,0 days 00:01:42.945000,13.0,0 days 00:00:31.719000,0 days 00:00:43.894000,0 days 00:00:27.332000,1.0,SOFT,5.0,
0 days 01:19:16.443000,RUS,11.0,0 days 00:01:40.358000,14.0,0 days 00:00:32.136000,0 days 00:00:43.600000,0 days 00:00:24.622000,1.0,SOFT,6.0,
0 days 01:19:21.760000,MAG,11.0,0 days 00:01:41.064000,11.0,0 days 00:00:32.254000,0 days 00:00:43.940000,0 days 00:00:24.870000,1.0,SOFT,7.0,
0 days 01:19:23.334000,GAS,11.0,0 days 00:01:41.089000,14.0,0 days 00:00:32.157000,0 days 00:00:44.084000,0 days 00:00:24.848000,1.0,SOFT,8.0,
0 days 01:19:25.918000,OCO,11.0,0 days 00:01:41.082000,11.0,0 days 00:00:32.165000,0 days 00:00:43.950000,0 days 00:00:24.967000,1.0,SOFT,9.0,
0 days 01:19:28.651000,ALO,11.0,0 days 00:01:44.265000,14.0,0 days 00:00:32.531000,0 days 00:00:44.105000,0 days 00:00:27.629000,1.0,SOFT,11.0,
0 days 01:19:30.666000,TSU,11.0,0 days 00:01:41.313000,11.0,0 days 00:00:32.236000,0 days 00:00:44.181000,0 days 00:00:24.896000,1.0,SOFT,10.0,
0 days 01:19:34.062000,BOT,11.0,0 days 00:01:41.075000,14.0,0 days 00:00:32.278000,0 days 00:00:43.890000,0 days 00:00:24.907000,1.0,SOFT,12.0,
0 days 01:19:37.645000,ZHO,11.0,0 days 00:01:41.057000,11.0,0 days 00:00:32.211000,0 days 00:00:43.866000,0 days 00:00:24.980000,1.0,SOFT,13.0,
0 days 01:19:39.396000,ALB,11.0,0 days 00:01:42.588000,11.0,0 days 00:00:32.541000,0 days 00:00:44.944000,0 days 00:00:25.103000,1.0,SOFT,14.0,
0 days 01:19:40.900000,STR,11.0,0 days 00:01:42.343000,11.0,0 days 00:00:32.581000,0 days 00:00:44.481000,0 days 00:00:25.281000,1.0,SOFT,15.0,
0 days 01:19:42.001000,MSC,11.0,0 days 00:01:42.809000,11.0,0 days 00:00:32.206000,0 days 00:00:45.048000,0 days 00:00:25.555000,1.0,SOFT,16.0,
0 days 01:19:43.281000,HUL,11.0,0 days 00:01:42.603000,11.0,0 days 00:00:32.690000,0 days 00:00:44.482000,0 days 00:00:25.431000,1.0,SOFT,17.0,
0 days 01:19:44.050000,NOR,11.0,0 days 00:01:42.833000,11.0,0 days 00:00:32.671000,0 days 00:00:44.874000,0 days 00:00:25.288000,1.0,MEDIUM,18.0,
0 days 01:19:45.921000,LAT,11.0,0 days 00:01:42.822000,11.0,0 days 00:00:32.678000,0 days 00:00:45.049000,0 days 00:00:25.095000,1.0,SOFT,19.0,
0 days 01:19:46.951000,RIC,11.0,0 days 00:01:42.641000,11.0,0 days 00:00:32.439000,0 days 00:00:44.877000,0 days 00:00:25.325000,1.0,MEDIUM,20.0,
0 days 01:20:40.918000,LEC,12.0,0 days 00:01:39.256000,12.0,0 days 00:00:31.879000,0 days 00:00:42.818000,0 days 00:00:24.559000,1.0,SOFT,1.0,
0 days 01:20:44.236000,VER,12.0,0 days 00:01:39.410000,15.0,0 days 00:00:31.702000,0 days 00:00:43.076000,0 days 00:00:24.632000,1.0,SOFT,2.0,
0 days 01:20:49.337000,SAI,12.0,0 days 00:01:40.097000,15.0,0 days 00:00:32.035000,0 days 00:00:43.299000,0 days 00:00:24.763000,1.0,SOFT,3.0,
0 days 01:20:52.523000,PER,12.0,0 days 00:01:39.754000,15.0,0 days 00:00:31.655000,0 days 00:00:43.371000,0 days 00:00:24.728000,1.0,SOFT,4.0,
0 days 01:20:56.498000,HAM,12.0,0 days 00:02:03.697000,2.0,0 days 00:00:55.967000,0 days 00:00:43.579000,0 days 00:00:24.151000,2.0,HARD,12.0,
0 days 01:20:56.801000,RUS,12.0,0 days 00:01:40.215000,15.0,0 days 00:00:32.029000,0 days 00:00:43.569000,0 days 00:00:24.617000,1.0,SOFT,5.0,
0 days 01:21:02.824000,MAG,12.0,0 days 00:01:41.370000,12.0,0 days 00:00:32.325000,0 days 00:00:44.113000,0 days 00:00:24.932000,1.0,SOFT,6.0,
0 days 01:21:04.423000,GAS,12.0,0 days 00:01:41.347000,15.0,0 days 00:00:32.263000,0 days 00:00:44.217000,0 days 00:00:24.867000,1.0,SOFT,7.0,
0 days 01:21:07,OCO,12.0,0 days 00:01:41.094000,12.0,0 days 00:00:32.200000,0 days 00:00:43.905000,0 days 00:00:24.989000,1.0,SOFT,8.0,
0 days 01:21:11.979000,TSU,12.0,0 days 00:01:41.096000,12.0,0 days 00:00:32.149000,0 days 00:00:44.078000,0 days 00:00:24.869000,1.0,SOFT,9.0,
0 days 01:21:12.916000,ALO,12.0,0 days 00:02:00.053000,1.0,0 days 00:00:53.203000,0 days 00:00:42.623000,0 days 00:00:24.227000,2.0,MEDIUM,20.0,
0 days 01:21:15.137000,BOT,12.0,0 days 00:01:41.073000,15.0,0 days 00:00:32.169000,0 days 00:00:44.054000,0 days 00:00:24.850000,1.0,SOFT,10.0,
0 days 01:21:18.702000,ZHO,12.0,0 days 00:01:41.281000,12.0,0 days 00:00:32.607000,0 days 00:00:43.919000,0 days 00:00:24.755000,1.0,SOFT,11.0,
0 days 01:21:21.984000,ALB,12.0,0 days 00:01:42.505000,12.0,0 days 00:00:32.372000,0 days 00:00:45.021000,0 days 00:00:25.112000,1.0,SOFT,13.0,
0 days 01:21:23.243000,STR,12.0,0 days 00:01:42.462000,12.0,0 days 00:00:32.664000,0 days 00:00:44.565000,0 days 00:00:25.233000,1.0,SOFT,14.0,
0 days 01:21:24.810000,MSC,12.0,0 days 00:01:45.949000,12.0,0 days 00:00:32.666000,0 days 00:00:45.054000,0 days 00:00:28.229000,1.0,SOFT,17.0,
0 days 01:21:25.884000,HUL,12.0,0 days 00:01:42.821000,12.0,0 days 00:00:32.603000,0 days 00:00:44.848000,0 days 00:00:25.370000,1.0,SOFT,15.0,
0 days 01:21:26.883000,NOR,12.0,0 days 00:01:42.645000,12.0,0 days 00:00:32.498000,0 days 00:00:44.949000,0 days 00:00:25.198000,1.0,MEDIUM,16.0,
0 days 01:21:28.743000,LAT,12.0,0 days 00:01:43.492000,12.0,0 days 00:00:32.440000,0 days 00:00:45.851000,0 days 00:00:25.201000,1.0,SOFT,19.0,
0 days 01:21:29.592000,RIC,12.0,0 days 00:01:41.621000,12.0,0 days 00:00:32.151000,0 days 00:00:44.477000,0 days 00:00:24.993000,1.0,MEDIUM,18.0,
0 days 01:22:20.174000,LEC,13.0,0 days 00:01:39.279000,13.0,0 days 00:00:31.805000,0 days 00:00:42.910000,0 days 00:00:24.564000,1.0,SOFT,1.0,
0 days 01:22:23.646000,VER,13.0,0 days 00:01:39.534000,16.0,0 days 00:00:31.809000,0 days 00:00:43.082000,0 days 00:00:24.643000,1.0,SOFT,2.0,
0 days 01:22:29.434000,SAI,13.0,0 days 00:01:40.165000,16.0,0 days 00:00:31.976000,0 days 00:00:43.396000,0 days 00:00:24.793000,1.0,SOFT,3.0,
0 days 01:22:32.277000,PER,13.0,0 days 00:01:39.992000,16.0,0 days 00:00:31.863000,0 days 00:00:43.419000,0 days 00:00:24.710000,1.0,SOFT,4.0,
0 days 01:22:37.016000,RUS,13.0,0 days 00:01:40.448000,16.0,0 days 00:00:32.296000,0 days 00:00:43.547000,0 days 00:00:24.605000,1.0,SOFT,5.0,
0 days 01:22:44.194000,MAG,13.0,0 days 00:01:41.283000,13.0,0 days 00:00:32.301000,0 days 00:00:43.932000,0 days 00:00:25.050000,1.0,SOFT,6.0,
0 days 01:22:45.770000,GAS,13.0,0 days 00:01:41.256000,16.0,0 days 00:00:32.221000,0 days 00:00:44.161000,0 days 00:00:24.874000,1.0,SOFT,7.0,
0 days 01:22:48.094000,OCO,13.0,0 days 00:01:41.395000,13.0,0 days 00:00:32.362000,0 days 00:00:44.028000,0 days 00:00:25.005000,1.0,SOFT,8.0,
0 days 01:22:53.075000,TSU,13.0,0 days 00:01:41.337000,13.0,0 days 00:00:32.190000,0 days 00:00:44.233000,0 days 00:00:24.914000,1.0,SOFT,9.0,
0 days 01:22:56.210000,BOT,13.0,0 days 00:01:41.291000,16.0,0 days 00:00:32.088000,0 days 00:00:44.194000,0 days 00:00:25.009000,1.0,SOFT,10.0,
0 days 01:22:59.983000,ZHO,13.0,0 days 00:01:41.400000,13.0,0 days 00:00:32.284000,0 days 00:00:44.259000,0 days 00:00:24.857000,1.0,SOFT,12.0,
0 days 01:23:00.195000,HAM,13.0,0 days 00:01:39.330000,3.0,0 days 00:00:31.804000,0 days 00:00:43.286000,0 days 00:00:24.240000,2.0,HARD,11.0,
0 days 01:23:04.489000,ALB,13.0,0 days 00:01:44.752000,13.0,0 days 00:00:32.390000,0 days 00:00:44.742000,0 days 00:00:27.620000,1.0,SOFT,14.0,
0 days 01:23:05.705000,STR,13.0,0 days 00:01:42.235000,13.0,0 days 00:00:32.616000,0 days 00:00:44.465000,0 days 00:00:25.154000,1.0,SOFT,13.0,
0 days 01:23:08.705000,HUL,13.0,0 days 00:01:41.942000,13.0,0 days 00:00:32.217000,0 days 00:00:44.376000,0 days 00:00:25.349000,1.0,SOFT,15.0,
0 days 01:23:09.528000,NOR,13.0,0 days 00:01:42.041000,13.0,0 days 00:00:32.266000,0 days 00:00:44.656000,0 days 00:00:25.119000,1.0,MEDIUM,16.0,
0 days 01:23:10.759000,MSC,13.0,0 days 00:01:59.469000,1.0,0 days 00:00:53.125000,0 days 00:00:42.221000,0 days 00:00:24.123000,2.0,MEDIUM,20.0,
0 days 01:23:11.213000,RIC,13.0,0 days 00:01:42.461000,13.0,0 days 00:00:32.561000,0 days 00:00:44.647000,0 days 00:00:25.253000,1.0,MEDIUM,18.0,
0 days 01:23:12.235000,LAT,13.0,0 days 00:01:43.360000,13.0,0 days 00:00:32.647000,0 days 00:00:45.488000,0 days 00:00:25.225000,1.0,SOFT,19.0,
0 days 01:23:12.969000,ALO,13.0,0 days 00:01:39.050000,2.0,0 days 00:00:31.641000,0 days 00:00:43.009000,0 days 00:00:24.400000,2.0,MEDIUM,17.0,
0 days 01:23:59.453000,LEC,14.0,0 days 00:01:39.629000,14.0,0 days 00:00:31.939000,0 days 00:00:43.019000,0 days 00:00:24.671000,1.0,SOFT,1.0,
0 days 01:24:03.180000,VER,14.0,0 days 00:01:42.050000,17.0,0 days 00:00:31.831000,0 days 00:00:43.137000,0 days 00:00:27.082000,1.0,SOFT,2.0,
0 days 01:24:09.599000,SAI,14.0,0 days 00:01:43.029000,17.0,0 days 00:00:32.018000,0 days 00:00:43.375000,0 days 00:00:27.636000,1.0,SOFT,4.0,
0 days 01:24:12.269000,PER,14.0,0 days 00:01:40.035000,17.0,0 days 00:00:31.844000,0 days 00:00:43.364000,0 days 00:00:24.827000,1.0,SOFT,3.0,
0 days 01:24:17.464000,RUS,14.0,0 days 00:01:40.409000,17.0,0 days 00:00:32.195000,0 days 00:00:43.463000,0 days 00:00:24.751000,1.0,SOFT,5.0,
0 days 01:24:25.477000,MAG,14.0,0 days 00:01:44.244000,14.0,0 days 00:00:32.181000,0 days 00:00:44.096000,0 days 00:00:27.967000,1.0,SOFT,6.0,
0 days 01:24:27.026000,GAS,14.0,0 days 00:01:44.005000,17.0,0 days 00:00:32.311000,0 days 00:00:44.130000,0 days 00:00:27.564000,1.0,SOFT,7.0,
0 days 01:24:29.489000,OCO,14.0,0 days 00:01:44.080000,14.0,0 days 00:00:32.216000,0 days 00:00:44.050000,0 days 00:00:27.814000,1.0,SOFT,8.0,
0 days 01:24:34.412000,TSU,14.0,0 days 00:01:41.352000,14.0,0 days 00:00:32.235000,0 days 00:00:44.156000,0 days 00:00:24.961000,1.0,SOFT,9.0,
0 days 01:24:37.501000,BOT,14.0,0 days 00:01:43.736000,17.0,0 days 00:00:32.111000,0 days 00:00:44.071000,0 days 00:00:27.554000,1.0,SOFT,11.0,
0 days 01:24:39.525000,HAM,14.0,0 days 00:01:39.309000,4.0,0 days 00:00:31.687000,0 days 00:00:42.979000,0 days 00:00:24.643000,2.0,HARD,10.0,
0 days 01:24:41.383000,ZHO,14.0,0 days 00:01:41.185000,14.0,0 days 00:00:32.148000,0 days 00:00:44.044000,0 days 00:00:24.993000,1.0,SOFT,12.0,
0 days 01:24:47.940000,STR,14.0,0 days 00:01:41.803000,14.0,0 days 00:00:32.472000,0 days 00:00:44.108000,0 days 00:00:25.223000,1.0,SOFT,13.0,
0 days 01:24:49.241000,ALB,14.0,0 days 00:02:01.075000,1.0,0 days 00:00:53.032000,0 days 00:00:43.743000,0 days 00:00:24.300000,2.0,MEDIUM,20.0,
0 days 01:24:50.647000,HUL,14.0,0 days 00:01:42.959000,14.0,0 days 00:00:32.717000,0 days 00:00:44.834000,0 days 00:00:25.408000,1.0,SOFT,15.0,
0 days 01:24:51.569000,NOR,14.0,0 days 00:01:42.794000,14.0,0 days 00:00:32.456000,0 days 00:00:45.125000,0 days 00:00:25.213000,1.0,MEDIUM,16.0,
0 days 01:24:52.019000,ALO,14.0,0 days 00:01:39.704000,3.0,0 days 00:00:31.772000,0 days 00:00:43.480000,0 days 00:00:24.452000,2.0,MEDIUM,14.0,
0 days 01:24:53.674000,RIC,14.0,0 days 00:01:42.375000,14.0,0 days 00:00:32.526000,0 days 00:00:44.700000,0 days 00:00:25.149000,1.0,MEDIUM,17.0,
0 days 01:24:55.595000,LAT,14.0,0 days 00:01:45.315000,14.0,0 days 00:00:32.526000,0 days 00:00:45.248000,0 days 00:00:27.541000,1.0,SOFT,18.0,
0 days 01:25:10.228000,MSC,14.0,0 days 00:01:38.179000,2.0,0 days 00:00:31.309000,0 days 00:00:42.646000,0 days 00:00:24.224000,2.0,MEDIUM,19.0,
0 days 01:25:39.082000,LEC,15.0,0 days 00:01:42.041000,15.0,0 days 00:00:31.789000,0 days 00:00:43.159000,0 days 00:00:27.093000,1.0,SOFT,1.0,
0 days 01:25:45.230000,VER,15.0,0 days 00:01:57.409000,1.0,0 days 00:00:52.162000,0 days 00:00:41.525000,0 days 00:00:23.722000,2.0,SOFT,4.0,
0 days 01:25:52.304000,PER,15.0,0 days 00:01:42.445000,18.0,0 days 00:00:31.761000,0 days 00:00:43.441000,0 days 00:00:27.243000,1.0,SOFT,2.0,
0 days 01:25:52.628000,SAI,15.0,0 days 00:01:58.327000,1.0,0 days 00:00:51.979000,0 days 00:00:42.279000,0 days 00:00:24.069000,2.0,SOFT,5.0,
0 days 01:25:57.873000,RUS,15.0,0 days 00:01:43.097000,18.0,0 days 00:00:32.145000,0 days 00:00:43.634000,0 days 00:00:27.318000,1.0,SOFT,3.0,
0 days 01:26:09.721000,MAG,15.0,0 days 00:01:59.764000,4.0,0 days 00:00:53.002000,0 days 00:00:42.461000,0 days 00:00:24.301000,2.0,SOFT,9.0,
0 days 01:26:11.031000,GAS,15.0,0 days 00:02:01.397000,1.0,0 days 00:00:53.152000,0 days 00:00:43.562000,0 days 00:00:24.683000,2.0,MEDIUM,12.0,
0 days 01:26:13.569000,OCO,15.0,0 days 00:02:05.634000,1.0,0 days 00:00:58.681000,0 days 00:00:42.722000,0 days 00:00:24.231000,2.0,MEDIUM,16.0,
0 days 01:26:15.764000,TSU,15.0,0 days 00:01:43.687000,15.0,0 days 00:00:32.247000,0 days 00:00:44.162000,0 days 00:00:27.278000,1.0,SOFT,7.0,
0 days 01:26:18.834000,HAM,15.0,0 days 00:01:38.587000,5.0,0 days 00:00:31.336000,0 days 00:00:42.890000,0 days 00:00:24.361000,2.0,HARD,6.0,
0 days 01:26:21.237000,BOT,15.0,0 days 00:02:00.669000,1.0,0 days 00:00:53.665000,0 days 00:00:43.022000,0 days 00:00:23.982000,2.0,MEDIUM,17.0,
0 days 01:26:22.568000,ZHO,15.0,0 days 00:01:43.106000,15.0,0 days 00:00:31.998000,0 days 00:00:43.903000,0 days 00:00:27.205000,1.0,SOFT,8.0,
0 days 01:26:29.743000,STR,15.0,0 days 00:01:41.875000,15.0,0 days 00:00:32.419000,0 days 00:00:44.299000,0 days 00:00:25.157000,1.0,SOFT,10.0,
0 days 01:26:31.723000,ALO,15.0,0 days 00:01:40.256000,4.0,0 days 00:00:32.146000,0 days 00:00:43.439000,0 days 00:00:24.671000,2.0,MEDIUM,11.0,
0 days 01:26:33.606000,HUL,15.0,0 days 00:01:42.819000,15.0,0 days 00:00:32.711000,0 days 00:00:44.851000,0 days 00:00:25.257000,1.0,SOFT,13.0,
0 days 01:26:34.363000,NOR,15.0,0 days 00:01:42.830000,15.0,0 days 00:00:32.595000,0 days 00:00:44.983000,0 days 00:00:25.252000,1.0,MEDIUM,14.0,
0 days 01:26:36.049000,RIC,15.0,0 days 00:01:42.543000,15.0,0 days 00:00:32.542000,0 days 00:00:44.776000,0 days 00:00:25.225000,1.0,MEDIUM,15.0,
0 days 01:26:40.910000,LAT,15.0,0 days 00:01:58.534000,1.0,0 days 00:00:52.011000,0 days 00:00:42.455000,0 days 00:00:24.068000,2.0,SOFT,20.0,
0 days 01:26:48.407000,MSC,15.0,0 days 00:01:39.109000,3.0,0 days 00:00:31.499000,0 days 00:00:43.183000,0 days 00:00:24.427000,2.0,MEDIUM,18.0,
0 days 01:26:50.316000,ALB,15.0,0 days 00:01:39.517000,2.0,0 days 00:00:31.615000,0 days 00:00:43.501000,0 days 00:00:24.401000,2.0,MEDIUM,19.0,
0 days 01:27:21.123000,LEC,16.0,0 days 00:01:57.660000,4.0,0 days 00:00:52.159000,0 days 00:00:41.644000,0 days 00:00:23.857000,2.0,SOFT,1.0,
0 days 01:27:34.749000,PER,16.0,0 days 00:01:58.858000,1.0,0 days 00:00:52.976000,0 days 00:00:41.991000,0 days 00:00:23.891000,2.0,MEDIUM,4.0,
0 days 01:27:40.970000,RUS,16.0,0 days 00:02:02.370000,2.0,0 days 00:00:54.965000,0 days 00:00:43.244000,0 days 00:00:24.161000,2.0,HARD,6.0,
0 days 01:27:42.639000,VER,16.0,0 days 00:01:36.905000,2.0,0 days 00:00:30.944000,0 days 00:00:41.970000,0 days 00:00:23.991000,2.0,SOFT,2.0,
0 days 01:27:50.955000,SAI,16.0,0 days 00:01:37.477000,2.0,0 days 00:00:31.352000,0 days 00:00:42.085000,0 days 00:00:24.040000,2.0,SOFT,3.0,
0 days 01:27:57.421000,HAM,16.0,0 days 00:01:38.236000,6.0,0 days 00:00:31.202000,0 days 00:00:42.844000,0 days 00:00:24.190000,2.0,HARD,5.0,
0 days 01:27:59.451000,TSU,16.0,0 days 00:02:01.989000,1.0,0 days 00:00:54.089000,0 days 00:00:43.323000,0 days 00:00:24.577000,2.0,MEDIUM,14.0,
0 days 01:28:05.674000,ZHO,16.0,0 days 00:02:01.722000,1.0,0 days 00:00:54.211000,0 days 00:00:43.182000,0 days 00:00:24.329000,2.0,MEDIUM,18.0,
0 days 01:28:09.485000,MAG,16.0,0 days 00:01:37.968000,5.0,0 days 00:00:31.317000,0 days 00:00:42.477000,0 days 00:00:24.174000,2.0,SOFT,7.0,
0 days 01:28:11.618000,STR,16.0,0 days 00:01:42.592000,16.0,0 days 00:00:32.711000,0 days 00:00:44.690000,0 days 00:00:25.191000,1.0,SOFT,10.0,
0 days 01:28:11.979000,ALO,16.0,0 days 00:01:40.572000,5.0,0 days 00:00:31.432000,0 days 00:00:44.539000,0 days 00:00:24.601000,2.0,MEDIUM,9.0,
0 days 01:28:12.428000,GAS,16.0,0 days 00:01:38.705000,2.0,0 days 00:00:31.029000,0 days 00:00:43.445000,0 days 00:00:24.231000,2.0,MEDIUM,8.0,
0 days 01:28:16.425000,HUL,16.0,0 days 00:01:43.615000,16.0,0 days 00:00:32.731000,0 days 00:00:44.649000,0 days 00:00:26.235000,1.0,SOFT,12.0,
0 days 01:28:17.193000,NOR,16.0,0 days 00:01:43.031000,16.0,0 days 00:00:32.498000,0 days 00:00:45.135000,0 days 00:00:25.398000,1.0,MEDIUM,13.0,
0 days 01:28:18.592000,RIC,16.0,0 days 00:01:43.515000,16.0,0 days 00:00:32.772000,0 days 00:00:45.104000,0 days 00:00:25.639000,1.0,MEDIUM,15.0,
0 days 01:28:19.203000,OCO,16.0,0 days 00:01:40.079000,2.0,0 days 00:00:31.610000,0 days 00:00:43.198000,0 days 00:00:25.271000,2.0,MEDIUM,11.0,
0 days 01:28:21.906000,BOT,16.0,0 days 00:01:40.259000,2.0,0 days 00:00:31.791000,0 days 00:00:43.461000,0 days 00:00:25.007000,2.0,MEDIUM,16.0,
0 days 01:28:27.516000,MSC,16.0,0 days 00:01:39.406000,4.0,0 days 00:00:31.914000,0 days 00:00:43.037000,0 days 00:00:24.455000,2.0,MEDIUM,17.0,
0 days 01:28:29.833000,ALB,16.0,0 days 00:01:40.164000,3.0,0 days 00:00:31.870000,0 days 00:00:43.810000,0 days 00:00:24.484000,2.0,MEDIUM,19.0,
0 days 01:28:39.444000,LAT,16.0,0 days 00:01:39.239000,2.0,0 days 00:00:31.423000,0 days 00:00:43.445000,0 days 00:00:24.371000,2.0,SOFT,20.0,
0 days 01:29:18.783000,LEC,17.0,0 days 00:01:37.520000,5.0,0 days 00:00:31.454000,0 days 00:00:42.077000,0 days 00:00:23.989000,2.0,SOFT,1.0,
0 days 01:29:19.544000,VER,17.0,0 days 00:01:37.587000,3.0,0 days 00:00:30.898000,0 days 00:00:42.382000,0 days 00:00:24.307000,2.0,SOFT,2.0,
0 days 01:29:28.432000,SAI,17.0,0 days 00:01:37.172000,3.0,0 days 00:00:31.245000,0 days 00:00:41.899000,0 days 00:00:24.028000,2.0,SOFT,3.0,
0 days 01:29:33.607000,PER,17.0,0 days 00:01:36.634000,2.0,0 days 00:00:31.025000,0 days 00:00:41.657000,0 days 00:00:23.952000,2.0,MEDIUM,4.0,
0 days 01:29:35.657000,HAM,17.0,0 days 00:01:38.644000,7.0,0 days 00:00:31.622000,0 days 00:00:42.748000,0 days 00:00:24.274000,2.0,HARD,5.0,
0 days 01:29:43.340000,RUS,17.0,0 days 00:01:38.089000,3.0,0 days 00:00:31.612000,0 days 00:00:42.364000,0 days 00:00:24.113000,2.0,HARD,6.0,
0 days 01:29:47.453000,MAG,17.0,0 days 00:01:38.216000,6.0,0 days 00:00:31.304000,0 days 00:00:42.666000,0 days 00:00:24.246000,2.0,SOFT,7.0,
0 days 01:29:51.133000,GAS,17.0,0 days 00:01:38.868000,3.0,0 days 00:00:31.602000,0 days 00:00:42.982000,0 days 00:00:24.284000,2.0,MEDIUM,8.0,
0 days 01:29:52.551000,ALO,17.0,0 days 00:01:39.434000,6.0,0 days 00:00:31.784000,0 days 00:00:43.161000,0 days 00:00:24.489000,2.0,MEDIUM,9.0,
0 days 01:29:54.210000,STR,17.0,0 days 00:01:41.858000,17.0,0 days 00:00:32.588000,0 days 00:00:44.184000,0 days 00:00:25.086000,1.0,SOFT,10.0,
0 days 01:29:59.282000,OCO,17.0,0 days 00:01:38.820000,3.0,0 days 00:00:31.656000,0 days 00:00:42.755000,0 days 00:00:24.409000,2.0,MEDIUM,11.0,
0 days 01:30:00.040000,HUL,17.0,0 days 00:01:44.450000,17.0,0 days 00:00:32.781000,0 days 00:00:46.158000,0 days 00:00:25.511000,1.0,SOFT,15.0,
0 days 01:30:00.224000,NOR,17.0,0 days 00:01:43.396000,17.0,0 days 00:00:32.525000,0 days 00:00:45.512000,0 days 00:00:25.359000,1.0,MEDIUM,14.0,
0 days 01:30:01.440000,TSU,17.0,0 days 00:01:39.939000,2.0,0 days 00:00:31.704000,0 days 00:00:43.760000,0 days 00:00:24.475000,2.0,MEDIUM,12.0,
0 days 01:30:02.107000,RIC,17.0,0 days 00:01:46.215000,17.0,0 days 00:00:32.743000,0 days 00:00:45.284000,0 days 00:00:28.188000,1.0,MEDIUM,18.0,
0 days 01:30:02.165000,BOT,17.0,0 days 00:01:40.103000,3.0,0 days 00:00:31.555000,0 days 00:00:44.168000,0 days 00:00:24.380000,2.0,MEDIUM,13.0,
0 days 01:30:06.922000,MSC,17.0,0 days 00:01:40.565000,5.0,0 days 00:00:32.058000,0 days 00:00:43.618000,0 days 00:00:24.889000,2.0,MEDIUM,17.0,
0 days 01:30:07.396000,ZHO,17.0,0 days 00:01:38.348000,2.0,0 days 00:00:31.350000,0 days 00:00:42.556000,0 days 00:00:24.442000,2.0,MEDIUM,16.0,
0 days 01:30:09.997000,ALB,17.0,0 days 00:01:40.265000,4.0,0 days 00:00:31.911000,0 days 00:00:43.769000,0 days 00:00:24.585000,2.0,MEDIUM,19.0,
0 days 01:30:18.683000,LAT,17.0,0 days 00:01:39.655000,3.0,0 days 00:00:31.532000,0 days 00:00:43.704000,0 days 00:00:24.419000,2.0,SOFT,20.0,
0 days 01:30:56.303000,LEC,18.0,0 days 00:01:37.634000,6.0,0 days 00:00:31.582000,0 days 00:00:42.018000,0 days 00:00:24.034000,2.0,SOFT,1.0,
0 days 01:30:57.131000,VER,18.0,0 days 00:01:37.717000,4.0,0 days 00:00:30.951000,0 days 00:00:42.567000,0 days 00:00:24.199000,2.0,SOFT,2.0,
0 days 01:31:05.604000,SAI,18.0,0 days 00:01:37.561000,4.0,0 days 00:00:31.282000,0 days 00:00:42.239000,0 days 00:00:24.040000,2.0,SOFT,3.0,
0 days 01:31:10.241000,PER,18.0,0 days 00:01:36.852000,3.0,0 days 00:00:31.103000,0 days 00:00:41.784000,0 days 00:00:23.965000,2.0,MEDIUM,4.0,
0 days 01:31:14.301000,HAM,18.0,0 days 00:01:38.368000,8.0,0 days 00:00:31.653000,0 days 00:00:42.526000,0 days 00:00:24.189000,2.0,HARD,5.0,
0 days 01:31:21.429000,RUS,18.0,0 days 00:01:38.114000,4.0,0 days 00:00:31.601000,0 days 00:00:42.372000,0 days 00:00:24.141000,2.0,HARD,6.0,
0 days 01:31:25.669000,MAG,18.0,0 days 00:01:38.442000,7.0,0 days 00:00:31.331000,0 days 00:00:42.729000,0 days 00:00:24.382000,2.0,SOFT,7.0,
0 days 01:31:30.001000,GAS,18.0,0 days 00:01:38.888000,4.0,0 days 00:00:31.560000,0 days 00:00:42.964000,0 days 00:00:24.364000,2.0,MEDIUM,8.0,
0 days 01:31:31.985000,ALO,18.0,0 days 00:01:39.809000,7.0,0 days 00:00:31.857000,0 days 00:00:43.465000,0 days 00:00:24.487000,2.0,MEDIUM,9.0,
0 days 01:31:36.068000,STR,18.0,0 days 00:01:44.384000,18.0,0 days 00:00:32.402000,0 days 00:00:44.201000,0 days 00:00:27.781000,1.0,SOFT,12.0,
0 days 01:31:38.102000,OCO,18.0,0 days 00:01:40.025000,4.0,0 days 00:00:31.644000,0 days 00:00:43.282000,0 days 00:00:25.099000,2.0,MEDIUM,10.0,
0 days 01:31:41.379000,TSU,18.0,0 days 00:01:38.760000,3.0,0 days 00:00:31.499000,0 days 00:00:42.917000,0 days 00:00:24.344000,2.0,MEDIUM,11.0,
0 days 01:31:42.268000,BOT,18.0,0 days 00:01:38.901000,4.0,0 days 00:00:31.400000,0 days 00:00:43.132000,0 days 00:00:24.369000,2.0,MEDIUM,13.0,
0 days 01:31:43.620000,NOR,18.0,0 days 00:01:41.828000,18.0,0 days 00:00:32.292000,0 days 00:00:44.390000,0 days 00:00:25.146000,1.0,MEDIUM,14.0,
0 days 01:31:44.490000,HUL,18.0,0 days 00:01:43.590000,18.0,0 days 00:00:32.618000,0 days 00:00:45.027000,0 days 00:00:25.945000,1.0,SOFT,17.0,
0 days 01:31:45.744000,ZHO,18.0,0 days 00:01:39.814000,3.0,0 days 00:00:31.324000,0 days 00:00:43.648000,0 days 00:00:24.842000,2.0,MEDIUM,15.0,
0 days 01:31:47.487000,MSC,18.0,0 days 00:01:39.878000,6.0,0 days 00:00:31.736000,0 days 00:00:43.371000,0 days 00:00:24.771000,2.0,MEDIUM,16.0,
0 days 01:31:48.322000,RIC,18.0,0 days 00:02:00.056000,1.0,0 days 00:00:52.764000,0 days 00:00:42.893000,0 days 00:00:24.399000,2.0,SOFT,20.0,
0 days 01:31:50.262000,ALB,18.0,0 days 00:01:40.225000,5.0,0 days 00:00:31.863000,0 days 00:00:43.823000,0 days 00:00:24.539000,2.0,MEDIUM,18.0,
0 days 01:31:58.338000,LAT,18.0,0 days 00:01:40.272000,4.0,0 days 00:00:31.660000,0 days 00:00:44.066000,0 days 00:00:24.546000,2.0,SOFT,19.0,
0 days 01:32:33.937000,LEC,19.0,0 days 00:01:37.408000,7.0,0 days 00:00:31.456000,0 days 00:00:41.903000,0 days 00:00:24.049000,2.0,SOFT,1.0,
0 days 01:32:34.848000,VER,19.0,0 days 00:01:37.728000,5.0,0 days 00:00:31.192000,0 days 00:00:42.236000,0 days 00:00:24.300000,2.0,SOFT,2.0,
0 days 01:32:43.165000,SAI,19.0,0 days 00:01:37.581000,5.0,0 days 00:00:31.325000,0 days 00:00:42.099000,0 days 00:00:24.157000,2.0,SOFT,3.0,
0 days 01:32:47.093000,PER,19.0,0 days 00:01:37.214000,4.0,0 days 00:00:31.154000,0 days 00:00:41.979000,0 days 00:00:24.081000,2.0,MEDIUM,4.0,
0 days 01:32:52.669000,HAM,19.0,0 days 00:01:38.393000,9.0,0 days 00:00:31.608000,0 days 00:00:42.569000,0 days 00:00:24.216000,2.0,HARD,5.0,
0 days 01:32:59.543000,RUS,19.0,0 days 00:01:38.307000,5.0,0 days 00:00:31.635000,0 days 00:00:42.554000,0 days 00:00:24.118000,2.0,HARD,6.0,
0 days 01:33:04.111000,MAG,19.0,0 days 00:01:38.539000,8.0,0 days 00:00:31.375000,0 days 00:00:42.825000,0 days 00:00:24.339000,2.0,SOFT,7.0,
0 days 01:33:08.889000,GAS,19.0,0 days 00:01:39.416000,5.0,0 days 00:00:31.764000,0 days 00:00:43.257000,0 days 00:00:24.395000,2.0,MEDIUM,8.0,
0 days 01:33:11.794000,ALO,19.0,0 days 00:01:39.785000,8.0,0 days 00:00:31.849000,0 days 00:00:43.369000,0 days 00:00:24.567000,2.0,MEDIUM,9.0,
0 days 01:33:18.127000,OCO,19.0,0 days 00:01:38.442000,5.0,0 days 00:00:31.216000,0 days 00:00:42.784000,0 days 00:00:24.442000,2.0,MEDIUM,10.0,
0 days 01:33:20.139000,TSU,19.0,0 days 00:01:39.011000,4.0,0 days 00:00:31.683000,0 days 00:00:42.935000,0 days 00:00:24.393000,2.0,MEDIUM,11.0,
0 days 01:33:20.452000,STR,19.0,0 days 00:02:00.651000,1.0,0 days 00:00:53.526000,0 days 00:00:42.757000,0 days 00:00:24.368000,2.0,SOFT,19.0,
0 days 01:33:21.169000,BOT,19.0,0 days 00:01:38.831000,5.0,0 days 00:00:31.481000,0 days 00:00:42.969000,0 days 00:00:24.381000,2.0,MEDIUM,12.0,
0 days 01:33:25.448000,NOR,19.0,0 days 00:01:43.166000,19.0,0 days 00:00:32.622000,0 days 00:00:45.144000,0 days 00:00:25.400000,1.0,MEDIUM,15.0,
0 days 01:33:25.558000,ZHO,19.0,0 days 00:01:38.630000,4.0,0 days 00:00:31.146000,0 days 00:00:43.220000,0 days 00:00:24.264000,2.0,MEDIUM,13.0,
0 days 01:33:27.365000,MSC,19.0,0 days 00:01:40.091000,7.0,0 days 00:00:31.765000,0 days 00:00:43.614000,0 days 00:00:24.712000,2.0,MEDIUM,14.0,
0 days 01:33:28.080000,HUL,19.0,0 days 00:01:45.242000,19.0,0 days 00:00:32.536000,0 days 00:00:44.833000,0 days 00:00:27.873000,1.0,SOFT,17.0,
0 days 01:33:30.487000,ALB,19.0,0 days 00:01:40.800000,6.0,0 days 00:00:31.880000,0 days 00:00:44.143000,0 days 00:00:24.777000,2.0,MEDIUM,16.0,
0 days 01:33:38.610000,LAT,19.0,0 days 00:01:40.245000,5.0,0 days 00:00:31.605000,0 days 00:00:44.104000,0 days 00:00:24.536000,2.0,SOFT,18.0,
0 days 01:33:48.378000,RIC,19.0,0 days 00:01:39.374000,2.0,0 days 00:00:31.779000,0 days 00:00:43.192000,0 days 00:00:24.403000,2.0,SOFT,20.0,
0 days 01:34:11.345000,LEC,20.0,0 days 00:01:37.562000,8.0,0 days 00:00:31.353000,0 days 00:00:42.110000,0 days 00:00:24.099000,2.0,SOFT,1.0,
0 days 01:34:12.576000,VER,20.0,0 days 00:01:38.257000,6.0,0 days 00:00:31.433000,0 days 00:00:42.521000,0 days 00:00:24.303000,2.0,SOFT,2.0,
0 days 01:34:20.746000,SAI,20.0,0 days 00:01:38.059000,6.0,0 days 00:00:31.438000,0 days 00:00:42.374000,0 days 00:00:24.247000,2.0,SOFT,3.0,
0 days 01:34:24.307000,PER,20.0,0 days 00:01:37.532000,5.0,0 days 00:00:31.247000,0 days 00:00:42.166000,0 days 00:00:24.119000,2.0,MEDIUM,4.0,
0 days 01:34:31.062000,HAM,20.0,0 days 00:01:38.606000,10.0,0 days 00:00:31.745000,0 days 00:00:42.605000,0 days 00:00:24.256000,2.0,HARD,5.0,
0 days 01:34:37.850000,RUS,20.0,0 days 00:01:38.148000,6.0,0 days 00:00:31.567000,0 days 00:00:42.492000,0 days 00:00:24.089000,2.0,HARD,6.0,
0 days 01:34:42.650000,MAG,20.0,0 days 00:01:38.883000,9.0,0 days 00:00:31.414000,0 days 00:00:43.021000,0 days 00:00:24.448000,2.0,SOFT,7.0,
0 days 01:34:48.305000,GAS,20.0,0 days 00:01:39.134000,6.0,0 days 00:00:31.650000,0 days 00:00:43.006000,0 days 00:00:24.478000,2.0,MEDIUM,8.0,
0 days 01:34:51.579000,ALO,20.0,0 days 00:01:39.874000,9.0,0 days 00:00:31.875000,0 days 00:00:43.342000,0 days 00:00:24.657000,2.0,MEDIUM,9.0,
0 days 01:34:56.569000,OCO,20.0,0 days 00:01:38.917000,6.0,0 days 00:00:31.651000,0 days 00:00:42.804000,0 days 00:00:24.462000,2.0,MEDIUM,10.0,
0 days 01:34:59.150000,TSU,20.0,0 days 00:01:39.069000,5.0,0 days 00:00:31.607000,0 days 00:00:43.035000,0 days 00:00:24.427000,2.0,MEDIUM,11.0,
0 days 01:35:00,BOT,20.0,0 days 00:01:38.960000,6.0,0 days 00:00:31.144000,0 days 00:00:43.360000,0 days 00:00:24.456000,2.0,MEDIUM,12.0,
0 days 01:35:04.188000,ZHO,20.0,0 days 00:01:38.954000,5.0,0 days 00:00:31.582000,0 days 00:00:43.071000,0 days 00:00:24.301000,2.0,MEDIUM,13.0,
0 days 01:35:07.456000,MSC,20.0,0 days 00:01:39.295000,8.0,0 days 00:00:31.715000,0 days 00:00:43.064000,0 days 00:00:24.516000,2.0,MEDIUM,14.0,
0 days 01:35:08.614000,NOR,20.0,0 days 00:01:41.881000,20.0,0 days 00:00:32.174000,0 days 00:00:44.523000,0 days 00:00:25.184000,1.0,MEDIUM,15.0,
0 days 01:35:11.287000,ALB,20.0,0 days 00:01:40.239000,7.0,0 days 00:00:31.663000,0 days 00:00:43.927000,0 days 00:00:24.649000,2.0,MEDIUM,16.0,
0 days 01:35:13.322000,HUL,20.0,0 days 00:02:03.711000,1.0,0 days 00:00:55.094000,0 days 00:00:43.555000,0 days 00:00:25.062000,2.0,SOFT,20.0,
0 days 01:35:18.855000,LAT,20.0,0 days 00:01:40.489000,6.0,0 days 00:00:31.798000,0 days 00:00:44.079000,0 days 00:00:24.612000,2.0,SOFT,17.0,
0 days 01:35:21.103000,STR,20.0,0 days 00:01:38.940000,2.0,0 days 00:00:31.605000,0 days 00:00:42.987000,0 days 00:00:24.348000,2.0,SOFT,18.0,
0 days 01:35:27.752000,RIC,20.0,0 days 00:01:39.349000,3.0,0 days 00:00:31.874000,0 days 00:00:42.971000,0 days 00:00:24.504000,2.0,SOFT,19.0,
0 days 01:35:48.907000,LEC,21.0,0 days 00:01:37.807000,9.0,0 days 00:00:31.418000,0 days 00:00:42.200000,0 days 00:00:24.189000,2.0,SOFT,1.0,
0 days 01:35:50.833000,VER,21.0,0 days 00:01:38.294000,7.0,0 days 00:00:31.331000,0 days 00:00:42.577000,0 days 00:00:24.386000,2.0,SOFT,2.0,
0 days 01:35:58.805000,SAI,21.0,0 days 00:01:37.721000,7.0,0 days 00:00:31.362000,0 days 00:00:42.194000,0 days 00:00:24.165000,2.0,SOFT,3.0,
0 days 01:36:01.839000,PER,21.0,0 days 00:01:37.629000,6.0,0 days 00:00:31.214000,0 days 00:00:42.197000,0 days 00:00:24.218000,2.0,MEDIUM,4.0,
0 days 01:36:09.668000,HAM,21.0,0 days 00:01:38.542000,11.0,0 days 00:00:31.613000,0 days 00:00:42.646000,0 days 00:00:24.283000,2.0,HARD,5.0,
0 days 01:36:15.998000,RUS,21.0,0 days 00:01:38.633000,7.0,0 days 00:00:31.647000,0 days 00:00:42.834000,0 days 00:00:24.152000,2.0,HARD,6.0,
0 days 01:36:21.533000,MAG,21.0,0 days 00:01:38.859000,10.0,0 days 00:00:31.513000,0 days 00:00:42.885000,0 days 00:00:24.461000,2.0,SOFT,7.0,
0 days 01:36:27.439000,GAS,21.0,0 days 00:01:39.083000,7.0,0 days 00:00:31.628000,0 days 00:00:43.073000,0 days 00:00:24.382000,2.0,MEDIUM,8.0,
0 days 01:36:31.453000,ALO,21.0,0 days 00:01:40.087000,10.0,0 days 00:00:32.038000,0 days 00:00:43.401000,0 days 00:00:24.648000,2.0,MEDIUM,9.0,
0 days 01:36:35.486000,OCO,21.0,0 days 00:01:39.183000,7.0,0 days 00:00:31.777000,0 days 00:00:42.936000,0 days 00:00:24.470000,2.0,MEDIUM,10.0,
0 days 01:36:38.219000,TSU,21.0,0 days 00:01:39.294000,6.0,0 days 00:00:31.850000,0 days 00:00:43.042000,0 days 00:00:24.402000,2.0,MEDIUM,11.0,
0 days 01:36:38.960000,BOT,21.0,0 days 00:01:39.279000,7.0,0 days 00:00:31.452000,0 days 00:00:43.390000,0 days 00:00:24.437000,2.0,MEDIUM,12.0,
0 days 01:36:43.142000,ZHO,21.0,0 days 00:01:39.047000,6.0,0 days 00:00:31.642000,0 days 00:00:43.123000,0 days 00:00:24.282000,2.0,MEDIUM,13.0,
0 days 01:36:46.751000,MSC,21.0,0 days 00:01:39.816000,9.0,0 days 00:00:31.792000,0 days 00:00:43.426000,0 days 00:00:24.598000,2.0,MEDIUM,14.0,
0 days 01:36:50.495000,NOR,21.0,0 days 00:01:41.816000,21.0,0 days 00:00:32.574000,0 days 00:00:44.184000,0 days 00:00:25.058000,1.0,MEDIUM,15.0,
0 days 01:36:51.526000,ALB,21.0,0 days 00:01:41.181000,8.0,0 days 00:00:31.952000,0 days 00:00:44.364000,0 days 00:00:24.865000,2.0,MEDIUM,16.0,
0 days 01:36:59.344000,LAT,21.0,0 days 00:01:41.735000,7.0,0 days 00:00:32.242000,0 days 00:00:44.772000,0 days 00:00:24.721000,2.0,SOFT,18.0,
0 days 01:37:00.043000,STR,21.0,0 days 00:01:38.713000,3.0,0 days 00:00:31.143000,0 days 00:00:43.177000,0 days 00:00:24.393000,2.0,SOFT,17.0,
0 days 01:37:07.101000,RIC,21.0,0 days 00:01:39.722000,4.0,0 days 00:00:32.063000,0 days 00:00:43.160000,0 days 00:00:24.499000,2.0,SOFT,19.0,
0 days 01:37:17.033000,HUL,21.0,0 days 00:01:39.180000,2.0,0 days 00:00:31.785000,0 days 00:00:42.707000,0 days 00:00:24.688000,2.0,SOFT,20.0,
0 days 01:37:26.714000,LEC,22.0,0 days 00:01:37.752000,10.0,0 days 00:00:31.408000,0 days 00:00:42.205000,0 days 00:00:24.139000,2.0,SOFT,1.0,
0 days 01:37:29.127000,VER,22.0,0 days 00:01:38.243000,8.0,0 days 00:00:31.350000,0 days 00:00:42.566000,0 days 00:00:24.327000,2.0,SOFT,2.0,
0 days 01:37:36.526000,SAI,22.0,0 days 00:01:37.914000,8.0,0 days 00:00:31.466000,0 days 00:00:42.285000,0 days 00:00:24.163000,2.0,SOFT,3.0,
0 days 01:37:39.468000,PER,22.0,0 days 00:01:37.862000,7.0,0 days 00:00:31.232000,0 days 00:00:42.361000,0 days 00:00:24.269000,2.0,MEDIUM,4.0,
0 days 01:37:48.210000,HAM,22.0,0 days 00:01:39.407000,12.0,0 days 00:00:31.838000,0 days 00:00:43.306000,0 days 00:00:24.263000,2.0,HARD,5.0,
0 days 01:37:54.631000,RUS,22.0,0 days 00:01:38.567000,8.0,0 days 00:00:31.720000,0 days 00:00:42.664000,0 days 00:00:24.183000,2.0,HARD,6.0,
0 days 01:38:00.392000,MAG,22.0,0 days 00:01:39.058000,11.0,0 days 00:00:31.497000,0 days 00:00:43.091000,0 days 00:00:24.470000,2.0,SOFT,7.0,
0 days 01:38:06.522000,GAS,22.0,0 days 00:01:39.152000,8.0,0 days 00:00:31.613000,0 days 00:00:43.180000,0 days 00:00:24.359000,2.0,MEDIUM,8.0,
0 days 01:38:11.540000,ALO,22.0,0 days 00:01:40.504000,11.0,0 days 00:00:32.011000,0 days 00:00:43.827000,0 days 00:00:24.666000,2.0,MEDIUM,9.0,
0 days 01:38:14.669000,OCO,22.0,0 days 00:01:39.304000,8.0,0 days 00:00:31.643000,0 days 00:00:43.154000,0 days 00:00:24.507000,2.0,MEDIUM,10.0,
0 days 01:38:17.513000,TSU,22.0,0 days 00:01:39.574000,7.0,0 days 00:00:31.860000,0 days 00:00:43.185000,0 days 00:00:24.529000,2.0,MEDIUM,11.0,
0 days 01:38:18.239000,BOT,22.0,0 days 00:01:39.774000,8.0,0 days 00:00:31.693000,0 days 00:00:43.556000,0 days 00:00:24.525000,2.0,MEDIUM,12.0,
0 days 01:38:22.189000,ZHO,22.0,0 days 00:01:39.351000,7.0,0 days 00:00:31.632000,0 days 00:00:43.307000,0 days 00:00:24.412000,2.0,MEDIUM,13.0,
0 days 01:38:26.567000,MSC,22.0,0 days 00:01:39.964000,10.0,0 days 00:00:31.788000,0 days 00:00:43.557000,0 days 00:00:24.619000,2.0,MEDIUM,14.0,
0 days 01:38:32.311000,NOR,22.0,0 days 00:01:42.876000,22.0,0 days 00:00:33.060000,0 days 00:00:44.638000,0 days 00:00:25.178000,1.0,MEDIUM,16.0,
0 days 01:38:32.707000,ALB,22.0,0 days 00:01:40.816000,9.0,0 days 00:00:31.982000,0 days 00:00:44.142000,0 days 00:00:24.692000,2.0,MEDIUM,15.0,
0 days 01:38:38.756000,STR,22.0,0 days 00:01:39.655000,4.0,0 days 00:00:32.038000,0 days 00:00:43.112000,0 days 00:00:24.505000,2.0,SOFT,17.0,
0 days 01:38:41.079000,LAT,22.0,0 days 00:01:41.036000,8.0,0 days 00:00:32.029000,0 days 00:00:44.222000,0 days 00:00:24.785000,2.0,SOFT,18.0,
0 days 01:38:46.823000,RIC,22.0,0 days 00:01:39.715000,5.0,0 days 00:00:31.901000,0 days 00:00:43.259000,0 days 00:00:24.555000,2.0,SOFT,19.0,
0 days 01:38:56.213000,HUL,22.0,0 days 00:01:39.307000,3.0,0 days 00:00:31.668000,0 days 00:00:42.978000,0 days 00:00:24.661000,2.0,SOFT,20.0,
0 days 01:39:04.466000,LEC,23.0,0 days 00:01:37.774000,11.0,0 days 00:00:31.385000,0 days 00:00:42.194000,0 days 00:00:24.195000,2.0,SOFT,1.0,
0 days 01:39:07.370000,VER,23.0,0 days 00:01:38.091000,9.0,0 days 00:00:31.240000,0 days 00:00:42.458000,0 days 00:00:24.393000,2.0,SOFT,2.0,
0 days 01:39:14.440000,SAI,23.0,0 days 00:01:38.244000,9.0,0 days 00:00:31.429000,0 days 00:00:42.500000,0 days 00:00:24.315000,2.0,SOFT,3.0,
0 days 01:39:17.330000,PER,23.0,0 days 00:01:37.960000,8.0,0 days 00:00:31.230000,0 days 00:00:42.415000,0 days 00:00:24.315000,2.0,MEDIUM,4.0,
0 days 01:39:27.617000,HAM,23.0,0 days 00:01:39.109000,13.0,0 days 00:00:31.789000,0 days 00:00:42.960000,0 days 00:00:24.360000,2.0,HARD,5.0,
0 days 01:39:33.198000,RUS,23.0,0 days 00:01:38.896000,9.0,0 days 00:00:31.749000,0 days 00:00:42.851000,0 days 00:00:24.296000,2.0,HARD,6.0,
0 days 01:39:39.450000,MAG,23.0,0 days 00:01:39.120000,12.0,0 days 00:00:31.578000,0 days 00:00:43.021000,0 days 00:00:24.521000,2.0,SOFT,7.0,
0 days 01:39:45.674000,GAS,23.0,0 days 00:01:39.310000,9.0,0 days 00:00:31.742000,0 days 00:00:43.158000,0 days 00:00:24.410000,2.0,MEDIUM,8.0,
0 days 01:39:52.044000,ALO,23.0,0 days 00:01:39.922000,12.0,0 days 00:00:31.933000,0 days 00:00:43.250000,0 days 00:00:24.739000,2.0,MEDIUM,9.0,
0 days 01:39:53.973000,OCO,23.0,0 days 00:01:39.495000,9.0,0 days 00:00:31.793000,0 days 00:00:43.170000,0 days 00:00:24.532000,2.0,MEDIUM,10.0,
0 days 01:39:57.087000,TSU,23.0,0 days 00:01:39.569000,8.0,0 days 00:00:31.764000,0 days 00:00:43.230000,0 days 00:00:24.575000,2.0,MEDIUM,11.0,
0 days 01:39:58.013000,BOT,23.0,0 days 00:01:39.339000,9.0,0 days 00:00:31.430000,0 days 00:00:43.424000,0 days 00:00:24.485000,2.0,MEDIUM,12.0,
0 days 01:40:01.540000,ZHO,23.0,0 days 00:01:39.304000,8.0,0 days 00:00:31.557000,0 days 00:00:43.228000,0 days 00:00:24.519000,2.0,MEDIUM,13.0,
0 days 01:40:06.531000,MSC,23.0,0 days 00:01:40.636000,11.0,0 days 00:00:31.798000,0 days 00:00:44.159000,0 days 00:00:24.679000,2.0,MEDIUM,14.0,
0 days 01:40:13.523000,ALB,23.0,0 days 00:01:40.736000,10.0,0 days 00:00:32.003000,0 days 00:00:44.164000,0 days 00:00:24.569000,2.0,MEDIUM,15.0,
0 days 01:40:15.187000,NOR,23.0,0 days 00:01:42.186000,23.0,0 days 00:00:32.498000,0 days 00:00:44.387000,0 days 00:00:25.301000,1.0,MEDIUM,16.0,
0 days 01:40:18.411000,STR,23.0,0 days 00:01:39.811000,5.0,0 days 00:00:32.061000,0 days 00:00:43.089000,0 days 00:00:24.661000,2.0,SOFT,17.0,
0 days 01:40:22.115000,LAT,23.0,0 days 00:01:41.284000,9.0,0 days 00:00:32.014000,0 days 00:00:44.518000,0 days 00:00:24.752000,2.0,SOFT,18.0,
0 days 01:40:26.538000,RIC,23.0,0 days 00:01:39.832000,6.0,0 days 00:00:31.938000,0 days 00:00:43.260000,0 days 00:00:24.634000,2.0,SOFT,19.0,
0 days 01:40:35.520000,HUL,23.0,0 days 00:01:39.220000,4.0,0 days 00:00:31.699000,0 days 00:00:42.944000,0 days 00:00:24.577000,2.0,SOFT,20.0,
0 days 01:40:42.240000,LEC,24.0,0 days 00:01:37.913000,12.0,0 days 00:00:31.367000,0 days 00:00:42.316000,0 days 00:00:24.230000,2.0,SOFT,1.0,
0 days 01:40:45.461000,VER,24.0,0 days 00:01:38.187000,10.0,0 days 00:00:31.187000,0 days 00:00:42.582000,0 days 00:00:24.418000,2.0,SOFT,2.0,
0 days 01:40:52.684000,SAI,24.0,0 days 00:01:38.242000,10.0,0 days 00:00:31.349000,0 days 00:00:42.624000,0 days 00:00:24.269000,2.0,SOFT,3.0,
0 days 01:40:55.290000,PER,24.0,0 days 00:01:38.155000,9.0,0 days 00:00:31.242000,0 days 00:00:42.588000,0 days 00:00:24.325000,2.0,MEDIUM,4.0,
0 days 01:41:06.726000,HAM,24.0,0 days 00:01:39.342000,14.0,0 days 00:00:31.806000,0 days 00:00:43.176000,0 days 00:00:24.360000,2.0,HARD,5.0,
0 days 01:41:12.094000,RUS,24.0,0 days 00:01:39.286000,10.0,0 days 00:00:31.713000,0 days 00:00:43.254000,0 days 00:00:24.319000,2.0,HARD,6.0,
0 days 01:41:18.570000,MAG,24.0,0 days 00:01:39.384000,13.0,0 days 00:00:31.594000,0 days 00:00:43.343000,0 days 00:00:24.447000,2.0,SOFT,7.0,
0 days 01:41:24.984000,GAS,24.0,0 days 00:01:39.363000,10.0,0 days 00:00:31.692000,0 days 00:00:43.182000,0 days 00:00:24.489000,2.0,MEDIUM,8.0,
0 days 01:41:31.966000,ALO,24.0,0 days 00:01:40.496000,13.0,0 days 00:00:32.115000,0 days 00:00:43.613000,0 days 00:00:24.768000,2.0,MEDIUM,9.0,
0 days 01:41:33.468000,OCO,24.0,0 days 00:01:39.886000,10.0,0 days 00:00:31.818000,0 days 00:00:43.461000,0 days 00:00:24.607000,2.0,MEDIUM,10.0,
0 days 01:41:36.656000,TSU,24.0,0 days 00:01:39.576000,9.0,0 days 00:00:31.775000,0 days 00:00:43.264000,0 days 00:00:24.537000,2.0,MEDIUM,11.0,
0 days 01:41:37.352000,BOT,24.0,0 days 00:01:39.650000,10.0,0 days 00:00:31.517000,0 days 00:00:43.545000,0 days 00:00:24.588000,2.0,MEDIUM,12.0,
0 days 01:41:40.844000,ZHO,24.0,0 days 00:01:39.582000,9.0,0 days 00:00:31.611000,0 days 00:00:43.427000,0 days 00:00:24.544000,2.0,MEDIUM,13.0,
0 days 01:41:47.167000,MSC,24.0,0 days 00:01:40.154000,12.0,0 days 00:00:31.807000,0 days 00:00:43.639000,0 days 00:00:24.708000,2.0,MEDIUM,14.0,
0 days 01:41:54.259000,ALB,24.0,0 days 00:01:40.669000,11.0,0 days 00:00:31.949000,0 days 00:00:44.039000,0 days 00:00:24.681000,2.0,MEDIUM,15.0,
0 days 01:41:57.373000,NOR,24.0,0 days 00:01:45.759000,24.0,0 days 00:00:32.608000,0 days 00:00:45.134000,0 days 00:00:28.017000,1.0,MEDIUM,17.0,
0 days 01:41:58.222000,STR,24.0,0 days 00:01:39.887000,6.0,0 days 00:00:31.761000,0 days 00:00:43.578000,0 days 00:00:24.548000,2.0,SOFT,16.0,
0 days 01:42:03.399000,LAT,24.0,0 days 00:01:41.118000,10.0,0 days 00:00:32.004000,0 days 00:00:44.502000,0 days 00:00:24.612000,2.0,SOFT,18.0,
0 days 01:42:06.370000,RIC,24.0,0 days 00:01:40.273000,7.0,0 days 00:00:32.014000,0 days 00:00:43.434000,0 days 00:00:24.825000,2.0,SOFT,19.0,
0 days 01:42:14.740000,HUL,24.0,0 days 00:01:39.307000,5.0,0 days 00:00:31.748000,0 days 00:00:42.898000,0 days 00:00:24.661000,2.0,SOFT,20.0,
0 days 01:42:20.153000,LEC,25.0,0 days 00:01:38.061000,13.0,0 days 00:00:31.403000,0 days 00:00:42.332000,0 days 00:00:24.326000,2.0,SOFT,1.0,
0 days 01:42:23.648000,VER,25.0,0 days 00:01:38.372000,11.0,0 days 00:00:31.252000,0 days 00:00:42.743000,0 days 00:00:24.377000,2.0,SOFT,2.0,
0 days 01:42:30.926000,SAI,25.0,0 days 00:01:38.264000,11.0,0 days 00:00:31.499000,0 days 00:00:42.541000,0 days 00:00:24.224000,2.0,SOFT,3.0,
0 days 01:42:33.445000,PER,25.0,0 days 00:01:38.419000,10.0,0 days 00:00:31.427000,0 days 00:00:42.692000,0 days 00:00:24.300000,2.0,MEDIUM,4.0,
0 days 01:42:46.068000,HAM,25.0,0 days 00:01:39.186000,15.0,0 days 00:00:31.782000,0 days 00:00:43.019000,0 days 00:00:24.385000,2.0,HARD,5.0,
0 days 01:42:51.380000,RUS,25.0,0 days 00:01:39.165000,11.0,0 days 00:00:31.819000,0 days 00:00:43.058000,0 days 00:00:24.288000,2.0,HARD,6.0,
0 days 01:42:57.954000,MAG,25.0,0 days 00:01:39.520000,14.0,0 days 00:00:31.716000,0 days 00:00:43.312000,0 days 00:00:24.492000,2.0,SOFT,7.0,
0 days 01:43:04.347000,GAS,25.0,0 days 00:01:39.485000,11.0,0 days 00:00:31.675000,0 days 00:00:43.389000,0 days 00:00:24.421000,2.0,MEDIUM,8.0,
0 days 01:43:12.462000,ALO,25.0,0 days 00:01:42.836000,14.0,0 days 00:00:31.989000,0 days 00:00:43.790000,0 days 00:00:27.057000,2.0,MEDIUM,10.0,
0 days 01:43:13.354000,OCO,25.0,0 days 00:01:40.278000,11.0,0 days 00:00:31.551000,0 days 00:00:43.891000,0 days 00:00:24.836000,2.0,MEDIUM,9.0,
0 days 01:43:16.232000,TSU,25.0,0 days 00:01:40.376000,10.0,0 days 00:00:32.025000,0 days 00:00:43.836000,0 days 00:00:24.515000,2.0,MEDIUM,11.0,
0 days 01:43:17.002000,BOT,25.0,0 days 00:01:40.341000,11.0,0 days 00:00:31.287000,0 days 00:00:44.460000,0 days 00:00:24.594000,2.0,MEDIUM,12.0,
0 days 01:43:20.426000,ZHO,25.0,0 days 00:01:39.849000,10.0,0 days 00:00:31.680000,0 days 00:00:43.516000,0 days 00:00:24.653000,2.0,MEDIUM,13.0,
0 days 01:43:27.321000,MSC,25.0,0 days 00:01:40.620000,13.0,0 days 00:00:31.925000,0 days 00:00:43.806000,0 days 00:00:24.889000,2.0,MEDIUM,14.0,
0 days 01:43:34.928000,ALB,25.0,0 days 00:01:41.032000,12.0,0 days 00:00:32.094000,0 days 00:00:44.267000,0 days 00:00:24.671000,2.0,MEDIUM,15.0,
0 days 01:43:38.109000,STR,25.0,0 days 00:01:39.774000,7.0,0 days 00:00:31.961000,0 days 00:00:43.215000,0 days 00:00:24.598000,2.0,SOFT,16.0,
0 days 01:43:43.132000,NOR,25.0,0 days 00:02:02.145000,1.0,0 days 00:00:53.614000,0 days 00:00:44.056000,0 days 00:00:24.475000,2.0,HARD,20.0,
0 days 01:43:44.517000,LAT,25.0,0 days 00:01:41.031000,11.0,0 days 00:00:31.962000,0 days 00:00:44.366000,0 days 00:00:24.703000,2.0,SOFT,17.0,
0 days 01:43:46.643000,RIC,25.0,0 days 00:01:40.367000,8.0,0 days 00:00:32.128000,0 days 00:00:43.487000,0 days 00:00:24.752000,2.0,SOFT,18.0,
0 days 01:43:54.047000,HUL,25.0,0 days 00:01:39.689000,6.0,0 days 00:00:31.910000,0 days 00:00:43.084000,0 days 00:00:24.695000,2.0,SOFT,19.0,
0 days 01:43:58.214000,LEC,26.0,0 days 00:01:38.371000,14.0,0 days 00:00:31.469000,0 days 00:00:42.480000,0 days 00:00:24.422000,2.0,SOFT,1.0,
0 days 01:44:02.020000,VER,26.0,0 days 00:01:38.476000,12.0,0 days 00:00:31.444000,0 days 00:00:42.584000,0 days 00:00:24.448000,2.0,SOFT,2.0,
0 days 01:44:09.190000,SAI,26.0,0 days 00:01:38.444000,12.0,0 days 00:00:31.566000,0 days 00:00:42.579000,0 days 00:00:24.299000,2.0,SOFT,3.0,
0 days 01:44:11.864000,PER,26.0,0 days 00:01:38.693000,11.0,0 days 00:00:31.468000,0 days 00:00:42.851000,0 days 00:00:24.374000,2.0,MEDIUM,4.0,
0 days 01:44:25.254000,HAM,26.0,0 days 00:01:39.255000,16.0,0 days 00:00:31.850000,0 days 00:00:43.044000,0 days 00:00:24.361000,2.0,HARD,5.0,
0 days 01:44:30.545000,RUS,26.0,0 days 00:01:39.306000,12.0,0 days 00:00:31.918000,0 days 00:00:43.127000,0 days 00:00:24.261000,2.0,HARD,6.0,
0 days 01:44:37.474000,MAG,26.0,0 days 00:01:39.756000,15.0,0 days 00:00:31.767000,0 days 00:00:43.429000,0 days 00:00:24.560000,2.0,SOFT,7.0,
0 days 01:44:43.832000,GAS,26.0,0 days 00:01:39.513000,12.0,0 days 00:00:31.699000,0 days 00:00:43.271000,0 days 00:00:24.543000,2.0,MEDIUM,8.0,
0 days 01:44:53.632000,OCO,26.0,0 days 00:01:39.188000,12.0,0 days 00:00:31.400000,0 days 00:00:43.185000,0 days 00:00:24.603000,2.0,MEDIUM,9.0,
0 days 01:44:55.298000,ALO,26.0,0 days 00:02:00.922000,1.0,0 days 00:00:53.394000,0 days 00:00:43.439000,0 days 00:00:24.089000,3.0,HARD,14.0,
0 days 01:44:56.608000,TSU,26.0,0 days 00:01:39.871000,11.0,0 days 00:00:31.866000,0 days 00:00:43.392000,0 days 00:00:24.613000,2.0,MEDIUM,10.0,
0 days 01:44:57.343000,BOT,26.0,0 days 00:01:39.777000,12.0,0 days 00:00:31.486000,0 days 00:00:43.696000,0 days 00:00:24.595000,2.0,MEDIUM,11.0,
0 days 01:45:00.275000,ZHO,26.0,0 days 00:01:39.742000,11.0,0 days 00:00:31.677000,0 days 00:00:43.524000,0 days 00:00:24.541000,2.0,MEDIUM,12.0,
0 days 01:45:07.941000,MSC,26.0,0 days 00:01:40.547000,14.0,0 days 00:00:31.835000,0 days 00:00:43.898000,0 days 00:00:24.814000,2.0,MEDIUM,13.0,
0 days 01:45:15.960000,ALB,26.0,0 days 00:01:41.628000,13.0,0 days 00:00:32.172000,0 days 00:00:44.583000,0 days 00:00:24.873000,2.0,MEDIUM,15.0,
0 days 01:45:17.883000,STR,26.0,0 days 00:01:40.445000,8.0,0 days 00:00:32.097000,0 days 00:00:43.726000,0 days 00:00:24.622000,2.0,SOFT,16.0,
0 days 01:45:25.548000,LAT,26.0,0 days 00:01:41.161000,12.0,0 days 00:00:31.975000,0 days 00:00:44.510000,0 days 00:00:24.676000,2.0,SOFT,17.0,
0 days 01:45:27.010000,RIC,26.0,0 days 00:01:40.521000,9.0,0 days 00:00:32.095000,0 days 00:00:43.688000,0 days 00:00:24.738000,2.0,SOFT,18.0,
0 days 01:45:33.736000,HUL,26.0,0 days 00:01:39.506000,7.0,0 days 00:00:31.768000,0 days 00:00:43.054000,0 days 00:00:24.684000,2.0,SOFT,19.0,
0 days 01:45:36.585000,LEC,27.0,0 days 00:01:38.785000,15.0,0 days 00:00:31.632000,0 days 00:00:42.717000,0 days 00:00:24.436000,2.0,SOFT,1.0,
0 days 01:45:40.496000,VER,27.0,0 days 00:01:38.823000,13.0,0 days 00:00:31.415000,0 days 00:00:42.870000,0 days 00:00:24.538000,2.0,SOFT,2.0,
0 days 01:45:45.277000,NOR,26.0,0 days 00:01:39.351000,2.0,0 days 00:00:31.774000,0 days 00:00:43.335000,0 days 00:00:24.242000,2.0,HARD,20.0,
0 days 01:45:47.634000,SAI,27.0,0 days 00:01:38.846000,13.0,0 days 00:00:31.472000,0 days 00:00:42.952000,0 days 00:00:24.422000,2.0,SOFT,3.0,
0 days 01:45:50.557000,PER,27.0,0 days 00:01:38.563000,12.0,0 days 00:00:31.449000,0 days 00:00:42.795000,0 days 00:00:24.319000,2.0,MEDIUM,4.0,
0 days 01:46:04.509000,HAM,27.0,0 days 00:01:41.666000,17.0,0 days 00:00:31.858000,0 days 00:00:42.924000,0 days 00:00:26.884000,2.0,HARD,5.0,
0 days 01:46:09.851000,RUS,27.0,0 days 00:01:39.096000,13.0,0 days 00:00:31.742000,0 days 00:00:43.145000,0 days 00:00:24.209000,2.0,HARD,6.0,
0 days 01:46:17.230000,MAG,27.0,0 days 00:01:39.796000,16.0,0 days 00:00:31.689000,0 days 00:00:43.475000,0 days 00:00:24.632000,2.0,SOFT,7.0,
0 days 01:46:23.345000,GAS,27.0,0 days 00:01:39.919000,13.0,0 days 00:00:32.171000,0 days 00:00:43.305000,0 days 00:00:24.443000,2.0,MEDIUM,8.0,
0 days 01:46:32.820000,OCO,27.0,0 days 00:01:39.789000,13.0,0 days 00:00:31.790000,0 days 00:00:43.398000,0 days 00:00:24.601000,2.0,MEDIUM,9.0,
0 days 01:46:36.479000,TSU,27.0,0 days 00:01:40.325000,12.0,0 days 00:00:32.076000,0 days 00:00:43.720000,0 days 00:00:24.529000,2.0,MEDIUM,10.0,
0 days 01:46:37.120000,BOT,27.0,0 days 00:01:40.338000,13.0,0 days 00:00:31.606000,0 days 00:00:44.124000,0 days 00:00:24.608000,2.0,MEDIUM,11.0,
0 days 01:46:40.017000,ZHO,27.0,0 days 00:01:40.070000,12.0,0 days 00:00:31.905000,0 days 00:00:43.608000,0 days 00:00:24.557000,2.0,MEDIUM,12.0,
0 days 01:46:48.488000,MSC,27.0,0 days 00:01:40.987000,15.0,0 days 00:00:32.114000,0 days 00:00:43.927000,0 days 00:00:24.946000,2.0,MEDIUM,13.0,
0 days 01:46:56.220000,ALO,27.0,0 days 00:01:37.995000,2.0,0 days 00:00:31.537000,0 days 00:00:42.402000,0 days 00:00:24.056000,3.0,HARD,14.0,
0 days 01:46:57.588000,ALB,27.0,0 days 00:01:42.053000,14.0,0 days 00:00:32.127000,0 days 00:00:45.057000,0 days 00:00:24.869000,2.0,MEDIUM,16.0,
0 days 01:46:58.328000,STR,27.0,0 days 00:01:40.371000,9.0,0 days 00:00:31.496000,0 days 00:00:44.315000,0 days 00:00:24.560000,2.0,SOFT,15.0,
0 days 01:47:06.709000,LAT,27.0,0 days 00:01:41.182000,13.0,0 days 00:00:32.091000,0 days 00:00:44.290000,0 days 00:00:24.801000,2.0,SOFT,17.0,
0 days 01:47:07.531000,RIC,27.0,0 days 00:01:40.869000,10.0,0 days 00:00:31.812000,0 days 00:00:44.233000,0 days 00:00:24.824000,2.0,SOFT,18.0,
0 days 01:47:13.242000,HUL,27.0,0 days 00:01:39.840000,8.0,0 days 00:00:31.794000,0 days 00:00:43.300000,0 days 00:00:24.746000,2.0,SOFT,19.0,
0 days 01:47:15.370000,LEC,28.0,0 days 00:01:39.051000,16.0,0 days 00:00:31.676000,0 days 00:00:42.876000,0 days 00:00:24.499000,2.0,SOFT,1.0,
0 days 01:47:19.319000,VER,28.0,0 days 00:01:38.782000,14.0,0 days 00:00:31.496000,0 days 00:00:42.824000,0 days 00:00:24.462000,2.0,SOFT,2.0,
0 days 01:47:24.628000,NOR,27.0,0 days 00:01:39.175000,3.0,0 days 00:00:31.574000,0 days 00:00:43.171000,0 days 00:00:24.430000,2.0,HARD,20.0,
0 days 01:47:26.480000,SAI,28.0,0 days 00:01:38.729000,14.0,0 days 00:00:31.566000,0 days 00:00:42.808000,0 days 00:00:24.355000,2.0,SOFT,3.0,
0 days 01:47:29.120000,PER,28.0,0 days 00:01:38.697000,13.0,0 days 00:00:31.480000,0 days 00:00:42.886000,0 days 00:00:24.331000,2.0,MEDIUM,4.0,
0 days 01:47:46.175000,HAM,28.0,0 days 00:02:01.276000,1.0,0 days 00:00:54.614000,0 days 00:00:42.743000,0 days 00:00:23.919000,3.0,MEDIUM,8.0,
0 days 01:47:48.947000,RUS,28.0,0 days 00:01:39.297000,14.0,0 days 00:00:31.798000,0 days 00:00:43.122000,0 days 00:00:24.377000,2.0,HARD,5.0,
0 days 01:47:57.026000,MAG,28.0,0 days 00:01:39.774000,17.0,0 days 00:00:31.751000,0 days 00:00:43.434000,0 days 00:00:24.589000,2.0,SOFT,6.0,
0 days 01:48:03.264000,GAS,28.0,0 days 00:01:39.665000,14.0,0 days 00:00:31.776000,0 days 00:00:43.439000,0 days 00:00:24.450000,2.0,MEDIUM,7.0,
0 days 01:48:12.609000,OCO,28.0,0 days 00:01:39.766000,14.0,0 days 00:00:31.870000,0 days 00:00:43.323000,0 days 00:00:24.573000,2.0,MEDIUM,9.0,
0 days 01:48:16.804000,TSU,28.0,0 days 00:01:39.952000,13.0,0 days 00:00:31.818000,0 days 00:00:43.444000,0 days 00:00:24.690000,2.0,MEDIUM,10.0,
0 days 01:48:17.458000,BOT,28.0,0 days 00:01:39.880000,14.0,0 days 00:00:31.534000,0 days 00:00:43.745000,0 days 00:00:24.601000,2.0,MEDIUM,11.0,
0 days 01:48:20.087000,ZHO,28.0,0 days 00:01:40.004000,13.0,0 days 00:00:31.826000,0 days 00:00:43.577000,0 days 00:00:24.601000,2.0,MEDIUM,12.0,
0 days 01:48:29.475000,MSC,28.0,0 days 00:01:40.690000,16.0,0 days 00:00:31.914000,0 days 00:00:43.870000,0 days 00:00:24.906000,2.0,MEDIUM,13.0,
0 days 01:48:34.215000,ALO,28.0,0 days 00:01:38.908000,3.0,0 days 00:00:31.621000,0 days 00:00:43.090000,0 days 00:00:24.197000,3.0,HARD,14.0,
0 days 01:48:38.699000,STR,28.0,0 days 00:01:40.181000,10.0,0 days 00:00:32.029000,0 days 00:00:43.474000,0 days 00:00:24.678000,2.0,SOFT,15.0,
0 days 01:48:39.641000,ALB,28.0,0 days 00:01:41.355000,15.0,0 days 00:00:32.097000,0 days 00:00:44.381000,0 days 00:00:24.877000,2.0,MEDIUM,16.0,
0 days 01:48:47.891000,LAT,28.0,0 days 00:01:42.810000,14.0,0 days 00:00:32.511000,0 days 00:00:45.298000,0 days 00:00:25.001000,2.0,SOFT,18.0,
0 days 01:48:48.400000,RIC,28.0,0 days 00:01:41.188000,11.0,0 days 00:00:32.149000,0 days 00:00:44.301000,0 days 00:00:24.738000,2.0,SOFT,17.0,
0 days 01:48:53.082000,HUL,28.0,0 days 00:01:42.651000,9.0,0 days 00:00:33.836000,0 days 00:00:43.938000,0 days 00:00:24.877000,2.0,SOFT,19.0,
0 days 01:48:54.421000,LEC,29.0,0 days 00:01:38.887000,17.0,0 days 00:00:31.633000,0 days 00:00:42.753000,0 days 00:00:24.501000,2.0,SOFT,1.0,
0 days 01:48:58.101000,VER,29.0,0 days 00:01:39.384000,15.0,0 days 00:00:31.569000,0 days 00:00:43.286000,0 days 00:00:24.529000,2.0,SOFT,2.0,
0 days 01:49:03.803000,NOR,28.0,0 days 00:01:39.042000,4.0,0 days 00:00:31.591000,0 days 00:00:42.819000,0 days 00:00:24.632000,2.0,HARD,20.0,
0 days 01:49:05.209000,SAI,29.0,0 days 00:01:38.953000,15.0,0 days 00:00:31.548000,0 days 00:00:42.970000,0 days 00:00:24.435000,2.0,SOFT,3.0,
0 days 01:49:07.817000,PER,29.0,0 days 00:01:38.990000,14.0,0 days 00:00:31.516000,0 days 00:00:43.055000,0 days 00:00:24.419000,2.0,MEDIUM,4.0,
0 days 01:49:28.244000,RUS,29.0,0 days 00:01:39.274000,15.0,0 days 00:00:31.826000,0 days 00:00:43.092000,0 days 00:00:24.356000,2.0,HARD,5.0,
0 days 01:49:36.800000,MAG,29.0,0 days 00:01:39.984000,18.0,0 days 00:00:31.831000,0 days 00:00:43.455000,0 days 00:00:24.698000,2.0,SOFT,6.0,
0 days 01:49:42.929000,GAS,29.0,0 days 00:01:39.677000,15.0,0 days 00:00:31.863000,0 days 00:00:43.331000,0 days 00:00:24.483000,2.0,MEDIUM,7.0,
0 days 01:49:47.451000,HAM,29.0,0 days 00:01:37.871000,2.0,0 days 00:00:31.451000,0 days 00:00:42.614000,0 days 00:00:23.806000,3.0,MEDIUM,8.0,
0 days 01:49:52.375000,OCO,29.0,0 days 00:01:39.877000,15.0,0 days 00:00:31.823000,0 days 00:00:43.422000,0 days 00:00:24.632000,2.0,MEDIUM,9.0,
0 days 01:49:56.756000,TSU,29.0,0 days 00:01:42.805000,14.0,0 days 00:00:32.195000,0 days 00:00:43.718000,0 days 00:00:26.892000,2.0,MEDIUM,11.0,
0 days 01:49:57.338000,BOT,29.0,0 days 00:01:40.641000,15.0,0 days 00:00:31.811000,0 days 00:00:44.094000,0 days 00:00:24.736000,2.0,MEDIUM,10.0,
0 days 01:50:00.091000,ZHO,29.0,0 days 00:01:40.446000,14.0,0 days 00:00:32.024000,0 days 00:00:43.746000,0 days 00:00:24.676000,2.0,MEDIUM,12.0,
0 days 01:50:10.165000,MSC,29.0,0 days 00:01:40.919000,17.0,0 days 00:00:32.025000,0 days 00:00:43.842000,0 days 00:00:25.052000,2.0,MEDIUM,13.0,
0 days 01:50:13.123000,ALO,29.0,0 days 00:01:38.680000,4.0,0 days 00:00:31.615000,0 days 00:00:42.799000,0 days 00:00:24.266000,3.0,HARD,14.0,
0 days 01:50:18.880000,STR,29.0,0 days 00:01:40.054000,11.0,0 days 00:00:32.102000,0 days 00:00:43.343000,0 days 00:00:24.609000,2.0,SOFT,15.0,
0 days 01:50:20.996000,ALB,29.0,0 days 00:01:41.505000,16.0,0 days 00:00:32.110000,0 days 00:00:44.662000,0 days 00:00:24.733000,2.0,MEDIUM,16.0,
0 days 01:50:29.588000,RIC,29.0,0 days 00:01:40.627000,12.0,0 days 00:00:32.155000,0 days 00:00:43.693000,0 days 00:00:24.779000,2.0,SOFT,17.0,
0 days 01:50:30.701000,LAT,29.0,0 days 00:01:42.572000,15.0,0 days 00:00:31.900000,0 days 00:00:44.618000,0 days 00:00:26.054000,2.0,SOFT,18.0,
0 days 01:50:33.308000,LEC,30.0,0 days 00:01:39.354000,18.0,0 days 00:00:31.675000,0 days 00:00:43.019000,0 days 00:00:24.660000,2.0,SOFT,1.0,
0 days 01:50:35.733000,HUL,29.0,0 days 00:01:42.181000,10.0,0 days 00:00:32.095000,0 days 00:00:45.199000,0 days 00:00:24.887000,2.0,SOFT,19.0,
0 days 01:50:37.485000,VER,30.0,0 days 00:01:41.537000,16.0,0 days 00:00:31.548000,0 days 00:00:43.074000,0 days 00:00:26.915000,2.0,SOFT,2.0,
0 days 01:50:42.845000,NOR,29.0,0 days 00:01:38.874000,5.0,0 days 00:00:31.563000,0 days 00:00:42.811000,0 days 00:00:24.500000,2.0,HARD,20.0,
0 days 01:50:44.162000,SAI,30.0,0 days 00:01:39.004000,16.0,0 days 00:00:31.729000,0 days 00:00:42.780000,0 days 00:00:24.495000,2.0,SOFT,3.0,
0 days 01:50:46.807000,PER,30.0,0 days 00:01:38.879000,15.0,0 days 00:00:31.547000,0 days 00:00:42.883000,0 days 00:00:24.449000,2.0,MEDIUM,4.0,
0 days 01:51:07.518000,RUS,30.0,0 days 00:01:39.454000,16.0,0 days 00:00:31.881000,0 days 00:00:43.186000,0 days 00:00:24.387000,2.0,HARD,5.0,
0 days 01:51:16.784000,MAG,30.0,0 days 00:01:40.174000,19.0,0 days 00:00:31.792000,0 days 00:00:43.683000,0 days 00:00:24.699000,2.0,SOFT,6.0,
0 days 01:51:22.606000,GAS,30.0,0 days 00:01:39.800000,16.0,0 days 00:00:31.846000,0 days 00:00:43.318000,0 days 00:00:24.636000,2.0,MEDIUM,7.0,
0 days 01:51:25.322000,HAM,30.0,0 days 00:01:37.506000,3.0,0 days 00:00:31.095000,0 days 00:00:42.480000,0 days 00:00:23.931000,3.0,MEDIUM,8.0,
0 days 01:51:32.252000,OCO,30.0,0 days 00:01:42.618000,16.0,0 days 00:00:31.815000,0 days 00:00:43.407000,0 days 00:00:27.396000,2.0,MEDIUM,9.0,
0 days 01:51:37.979000,BOT,30.0,0 days 00:01:39.268000,16.0,0 days 00:00:31.513000,0 days 00:00:43.314000,0 days 00:00:24.441000,2.0,MEDIUM,10.0,
0 days 01:51:39.561000,TSU,30.0,0 days 00:01:59.210000,1.0,0 days 00:00:51.913000,0 days 00:00:43.166000,0 days 00:00:24.131000,3.0,SOFT,14.0,
0 days 01:51:40.537000,ZHO,30.0,0 days 00:01:39.836000,15.0,0 days 00:00:31.752000,0 days 00:00:43.568000,0 days 00:00:24.516000,2.0,MEDIUM,11.0,
0 days 01:51:51.084000,MSC,30.0,0 days 00:01:41.606000,18.0,0 days 00:00:32.330000,0 days 00:00:44.362000,0 days 00:00:24.914000,2.0,MEDIUM,13.0,
0 days 01:51:51.803000,ALO,30.0,0 days 00:01:38.626000,5.0,0 days 00:00:31.410000,0 days 00:00:42.884000,0 days 00:00:24.332000,3.0,HARD,12.0,
0 days 01:51:58.934000,STR,30.0,0 days 00:01:40.850000,12.0,0 days 00:00:32.192000,0 days 00:00:43.771000,0 days 00:00:24.887000,2.0,SOFT,15.0,
0 days 01:52:02.501000,ALB,30.0,0 days 00:01:41.020000,17.0,0 days 00:00:32.037000,0 days 00:00:44.231000,0 days 00:00:24.752000,2.0,MEDIUM,16.0,
0 days 01:52:10.215000,RIC,30.0,0 days 00:01:40.647000,13.0,0 days 00:00:32.077000,0 days 00:00:43.702000,0 days 00:00:24.868000,2.0,SOFT,17.0,
0 days 01:52:12.662000,LEC,31.0,0 days 00:01:41.545000,19.0,0 days 00:00:31.577000,0 days 00:00:42.878000,0 days 00:00:27.090000,2.0,SOFT,1.0,
0 days 01:52:13.273000,LAT,30.0,0 days 00:01:42.106000,16.0,0 days 00:00:32.405000,0 days 00:00:44.718000,0 days 00:00:24.983000,2.0,SOFT,18.0,
0 days 01:52:17.914000,HUL,30.0,0 days 00:01:40.483000,11.0,0 days 00:00:31.927000,0 days 00:00:43.709000,0 days 00:00:24.847000,2.0,SOFT,19.0,
0 days 01:52:19.022000,VER,31.0,0 days 00:01:57.239000,1.0,0 days 00:00:52.026000,0 days 00:00:41.486000,0 days 00:00:23.727000,3.0,MEDIUM,4.0,
0 days 01:52:21.719000,NOR,30.0,0 days 00:01:39.184000,6.0,0 days 00:00:31.749000,0 days 00:00:43.001000,0 days 00:00:24.434000,2.0,HARD,20.0,
0 days 01:52:23.166000,SAI,31.0,0 days 00:01:39.105000,17.0,0 days 00:00:31.640000,0 days 00:00:42.870000,0 days 00:00:24.595000,2.0,SOFT,2.0,
0 days 01:52:25.686000,PER,31.0,0 days 00:01:39.292000,16.0,0 days 00:00:31.717000,0 days 00:00:43.018000,0 days 00:00:24.557000,2.0,MEDIUM,3.0,
0 days 01:52:46.972000,RUS,31.0,0 days 00:01:39.438000,17.0,0 days 00:00:31.884000,0 days 00:00:43.111000,0 days 00:00:24.443000,2.0,HARD,5.0,
0 days 01:52:56.958000,MAG,31.0,0 days 00:01:40.233000,20.0,0 days 00:00:31.887000,0 days 00:00:43.561000,0 days 00:00:24.785000,2.0,SOFT,6.0,
0 days 01:53:02.406000,GAS,31.0,0 days 00:01:40.874000,17.0,0 days 00:00:32.457000,0 days 00:00:43.773000,0 days 00:00:24.644000,2.0,MEDIUM,8.0,
0 days 01:53:02.828000,HAM,31.0,0 days 00:01:36.660000,4.0,0 days 00:00:30.999000,0 days 00:00:41.876000,0 days 00:00:23.785000,3.0,MEDIUM,7.0,
0 days 01:53:14.870000,OCO,31.0,0 days 00:02:00.824000,1.0,0 days 00:00:53.656000,0 days 00:00:43.028000,0 days 00:00:24.140000,3.0,HARD,13.0,
0 days 01:53:17.247000,BOT,31.0,0 days 00:01:39.806000,17.0,0 days 00:00:31.722000,0 days 00:00:43.495000,0 days 00:00:24.589000,2.0,MEDIUM,9.0,
0 days 01:53:20.373000,ZHO,31.0,0 days 00:01:39.748000,16.0,0 days 00:00:31.898000,0 days 00:00:43.268000,0 days 00:00:24.582000,2.0,MEDIUM,10.0,
0 days 01:53:30.429000,ALO,31.0,0 days 00:01:38.958000,6.0,0 days 00:00:31.833000,0 days 00:00:42.805000,0 days 00:00:24.320000,3.0,HARD,11.0,
0 days 01:53:32.690000,MSC,31.0,0 days 00:01:40.914000,19.0,0 days 00:00:32.081000,0 days 00:00:43.960000,0 days 00:00:24.873000,2.0,MEDIUM,12.0,
0 days 01:53:38.771000,TSU,31.0,0 days 00:01:38.722000,2.0,0 days 00:00:31.620000,0 days 00:00:42.914000,0 days 00:00:24.188000,3.0,SOFT,14.0,
0 days 01:53:39.784000,STR,31.0,0 days 00:01:40.855000,13.0,0 days 00:00:31.645000,0 days 00:00:44.499000,0 days 00:00:24.711000,2.0,SOFT,15.0,
0 days 01:53:43.521000,ALB,31.0,0 days 00:01:41.230000,18.0,0 days 00:00:32.091000,0 days 00:00:44.371000,0 days 00:00:24.768000,2.0,MEDIUM,16.0,
0 days 01:53:50.862000,RIC,31.0,0 days 00:01:40.631000,14.0,0 days 00:00:32.152000,0 days 00:00:43.744000,0 days 00:00:24.735000,2.0,SOFT,17.0,
0 days 01:53:54.207000,LEC,32.0,0 days 00:01:56.325000,1.0,0 days 00:00:51.729000,0 days 00:00:40.914000,0 days 00:00:23.682000,3.0,MEDIUM,3.0,
0 days 01:53:55.379000,LAT,31.0,0 days 00:01:41.888000,17.0,0 days 00:00:32.192000,0 days 00:00:44.701000,0 days 00:00:24.995000,2.0,SOFT,18.0,
0 days 01:53:58.397000,HUL,31.0,0 days 00:01:40.473000,12.0,0 days 00:00:32.076000,0 days 00:00:43.585000,0 days 00:00:24.812000,2.0,SOFT,19.0,
0 days 01:54:00.903000,NOR,31.0,0 days 00:01:39.251000,7.0,0 days 00:00:31.788000,0 days 00:00:43.052000,0 days 00:00:24.411000,2.0,HARD,20.0,
0 days 01:54:02.271000,SAI,32.0,0 days 00:01:39.386000,18.0,0 days 00:00:31.697000,0 days 00:00:43.053000,0 days 00:00:24.636000,2.0,SOFT,1.0,
0 days 01:54:04.978000,PER,32.0,0 days 00:01:39.222000,17.0,0 days 00:00:31.631000,0 days 00:00:43.057000,0 days 00:00:24.534000,2.0,MEDIUM,2.0,
0 days 01:54:16.261000,VER,32.0,0 days 00:01:36.527000,2.0,0 days 00:00:30.783000,0 days 00:00:41.843000,0 days 00:00:23.901000,3.0,MEDIUM,4.0,
0 days 01:54:26.410000,RUS,32.0,0 days 00:01:39.738000,18.0,0 days 00:00:31.984000,0 days 00:00:43.333000,0 days 00:00:24.421000,2.0,HARD,5.0,
0 days 01:54:37.191000,MAG,32.0,0 days 00:01:40.522000,21.0,0 days 00:00:31.975000,0 days 00:00:43.722000,0 days 00:00:24.825000,2.0,SOFT,6.0,
0 days 01:54:39.488000,HAM,32.0,0 days 00:01:38.290000,5.0,0 days 00:00:31.152000,0 days 00:00:42.667000,0 days 00:00:24.471000,3.0,MEDIUM,7.0,
0 days 01:54:43.280000,GAS,32.0,0 days 00:01:42.305000,18.0,0 days 00:00:31.928000,0 days 00:00:43.438000,0 days 00:00:26.939000,2.0,MEDIUM,8.0,
0 days 01:54:57.053000,BOT,32.0,0 days 00:01:39.650000,18.0,0 days 00:00:31.779000,0 days 00:00:43.340000,0 days 00:00:24.531000,2.0,MEDIUM,9.0,
0 days 01:55:00.121000,ZHO,32.0,0 days 00:01:39.814000,17.0,0 days 00:00:31.813000,0 days 00:00:43.446000,0 days 00:00:24.555000,2.0,MEDIUM,10.0,
0 days 01:55:09.387000,ALO,32.0,0 days 00:01:39.153000,7.0,0 days 00:00:31.722000,0 days 00:00:43.088000,0 days 00:00:24.343000,3.0,HARD,11.0,
0 days 01:55:13.604000,MSC,32.0,0 days 00:01:40.916000,20.0,0 days 00:00:32.043000,0 days 00:00:43.766000,0 days 00:00:25.107000,2.0,MEDIUM,13.0,
0 days 01:55:15.694000,OCO,32.0,0 days 00:01:38.298000,2.0,0 days 00:00:31.366000,0 days 00:00:42.640000,0 days 00:00:24.292000,3.0,HARD,12.0,
0 days 01:55:17.493000,TSU,32.0,0 days 00:01:37.885000,3.0,0 days 00:00:31.402000,0 days 00:00:42.469000,0 days 00:00:24.014000,3.0,SOFT,14.0,
0 days 01:55:20.639000,STR,32.0,0 days 00:01:40.037000,14.0,0 days 00:00:31.984000,0 days 00:00:43.319000,0 days 00:00:24.734000,2.0,SOFT,15.0,
0 days 01:55:24.751000,ALB,32.0,0 days 00:01:41.241000,19.0,0 days 00:00:32.123000,0 days 00:00:44.467000,0 days 00:00:24.651000,2.0,MEDIUM,16.0,
0 days 01:55:31.493000,RIC,32.0,0 days 00:01:40.686000,15.0,0 days 00:00:32.144000,0 days 00:00:43.691000,0 days 00:00:24.851000,2.0,SOFT,17.0,
0 days 01:55:37.267000,LAT,32.0,0 days 00:01:44.577000,18.0,0 days 00:00:32.282000,0 days 00:00:44.715000,0 days 00:00:27.580000,2.0,SOFT,20.0,
0 days 01:55:38.870000,HUL,32.0,0 days 00:01:41.036000,13.0,0 days 00:00:32.092000,0 days 00:00:43.776000,0 days 00:00:25.168000,2.0,SOFT,18.0,
0 days 01:55:40.154000,NOR,32.0,0 days 00:01:41.449000,8.0,0 days 00:00:31.781000,0 days 00:00:43.408000,0 days 00:00:26.260000,2.0,HARD,19.0,
0 days 01:55:41.657000,SAI,33.0,0 days 00:01:41.915000,19.0,0 days 00:00:31.709000,0 days 00:00:43.133000,0 days 00:00:27.073000,2.0,SOFT,1.0,
0 days 01:55:44.200000,PER,33.0,0 days 00:01:41.868000,18.0,0 days 00:00:31.657000,0 days 00:00:43.109000,0 days 00:00:27.102000,2.0,MEDIUM,2.0,
0 days 01:55:50.532000,LEC,33.0,0 days 00:01:36.674000,2.0,0 days 00:00:31.116000,0 days 00:00:41.828000,0 days 00:00:23.730000,3.0,MEDIUM,3.0,
0 days 01:55:52.788000,VER,33.0,0 days 00:01:36.347000,3.0,0 days 00:00:30.817000,0 days 00:00:41.723000,0 days 00:00:23.807000,3.0,MEDIUM,4.0,
0 days 01:56:06.148000,RUS,33.0,0 days 00:01:41.830000,19.0,0 days 00:00:31.848000,0 days 00:00:43.364000,0 days 00:00:26.618000,2.0,HARD,5.0,
0 days 01:56:17.713000,MAG,33.0,0 days 00:01:40.523000,22.0,0 days 00:00:32.068000,0 days 00:00:43.601000,0 days 00:00:24.854000,2.0,SOFT,7.0,
0 days 01:56:17.778000,HAM,33.0,0 days 00:01:37.085000,6.0,0 days 00:00:30.938000,0 days 00:00:42.113000,0 days 00:00:24.034000,3.0,MEDIUM,6.0,
0 days 01:56:25.585000,GAS,33.0,0 days 00:02:00.808000,1.0,0 days 00:00:54.323000,0 days 00:00:42.453000,0 days 00:00:24.032000,3.0,HARD,10.0,
0 days 01:56:36.703000,BOT,33.0,0 days 00:01:39.815000,19.0,0 days 00:00:31.884000,0 days 00:00:43.478000,0 days 00:00:24.453000,2.0,MEDIUM,8.0,
0 days 01:56:39.935000,ZHO,33.0,0 days 00:01:39.842000,18.0,0 days 00:00:31.825000,0 days 00:00:43.491000,0 days 00:00:24.526000,2.0,MEDIUM,9.0,
0 days 01:56:48.540000,ALO,33.0,0 days 00:01:39.686000,8.0,0 days 00:00:31.906000,0 days 00:00:43.345000,0 days 00:00:24.435000,3.0,HARD,11.0,
0 days 01:56:53.992000,OCO,33.0,0 days 00:01:38.110000,3.0,0 days 00:00:31.410000,0 days 00:00:42.533000,0 days 00:00:24.167000,3.0,HARD,12.0,
0 days 01:56:54.520000,MSC,33.0,0 days 00:01:41.340000,21.0,0 days 00:00:31.658000,0 days 00:00:44.470000,0 days 00:00:25.212000,2.0,MEDIUM,14.0,
0 days 01:56:55.378000,TSU,33.0,0 days 00:01:38.980000,4.0,0 days 00:00:31.378000,0 days 00:00:43.257000,0 days 00:00:24.345000,3.0,SOFT,13.0,
0 days 01:57:00.676000,STR,33.0,0 days 00:01:40.347000,15.0,0 days 00:00:32.008000,0 days 00:00:43.658000,0 days 00:00:24.681000,2.0,SOFT,15.0,
0 days 01:57:05.992000,ALB,33.0,0 days 00:01:40.863000,20.0,0 days 00:00:32.078000,0 days 00:00:44.115000,0 days 00:00:24.670000,2.0,MEDIUM,16.0,
0 days 01:57:12.179000,RIC,33.0,0 days 00:01:43.359000,16.0,0 days 00:00:32.148000,0 days 00:00:43.679000,0 days 00:00:27.532000,2.0,SOFT,17.0,
0 days 01:57:19.906000,HUL,33.0,0 days 00:01:40.070000,14.0,0 days 00:00:31.820000,0 days 00:00:43.401000,0 days 00:00:24.849000,2.0,SOFT,18.0,
0 days 01:57:21.603000,NOR,33.0,0 days 00:01:39.161000,9.0,0 days 00:00:31.499000,0 days 00:00:43.173000,0 days 00:00:24.489000,2.0,HARD,19.0,
0 days 01:57:21.844000,LAT,33.0,0 days 00:02:03.320000,1.0,0 days 00:00:54.126000,0 days 00:00:44.651000,0 days 00:00:24.543000,3.0,MEDIUM,20.0,
0 days 01:57:23.572000,SAI,34.0,0 days 00:01:57.101000,1.0,0 days 00:00:51.627000,0 days 00:00:41.766000,0 days 00:00:23.708000,3.0,MEDIUM,3.0,
0 days 01:57:26.068000,PER,34.0,0 days 00:01:57.056000,4.0,0 days 00:00:51.600000,0 days 00:00:41.774000,0 days 00:00:23.682000,3.0,SOFT,4.0,
0 days 01:57:27.206000,LEC,34.0,0 days 00:01:36.399000,3.0,0 days 00:00:31.066000,0 days 00:00:41.620000,0 days 00:00:23.713000,3.0,MEDIUM,1.0,
0 days 01:57:29.135000,VER,34.0,0 days 00:01:36.384000,4.0,0 days 00:00:30.720000,0 days 00:00:41.701000,0 days 00:00:23.963000,3.0,MEDIUM,2.0,
0 days 01:57:47.978000,RUS,34.0,0 days 00:01:59.638000,1.0,0 days 00:00:53.191000,0 days 00:00:42.596000,0 days 00:00:23.851000,3.0,MEDIUM,7.0,
0 days 01:57:54.863000,HAM,34.0,0 days 00:01:37.593000,7.0,0 days 00:00:31.359000,0 days 00:00:42.193000,0 days 00:00:24.041000,3.0,MEDIUM,5.0,
0 days 01:57:58.236000,MAG,34.0,0 days 00:01:43.256000,23.0,0 days 00:00:31.980000,0 days 00:00:43.754000,0 days 00:00:27.522000,2.0,SOFT,6.0,
0 days 01:58:16.518000,BOT,34.0,0 days 00:01:39.739000,20.0,0 days 00:00:31.813000,0 days 00:00:43.413000,0 days 00:00:24.513000,2.0,MEDIUM,8.0,
0 days 01:58:19.777000,ZHO,34.0,0 days 00:01:39.851000,19.0,0 days 00:00:31.845000,0 days 00:00:43.403000,0 days 00:00:24.603000,2.0,MEDIUM,9.0,
0 days 01:58:26.393000,GAS,34.0,0 days 00:01:37.324000,2.0,0 days 00:00:31.172000,0 days 00:00:42.224000,0 days 00:00:23.928000,3.0,HARD,10.0,
0 days 01:58:28.226000,ALO,34.0,0 days 00:01:39.208000,9.0,0 days 00:00:31.777000,0 days 00:00:43.026000,0 days 00:00:24.405000,3.0,HARD,11.0,
0 days 01:58:32.102000,OCO,34.0,0 days 00:01:38.155000,4.0,0 days 00:00:31.416000,0 days 00:00:42.577000,0 days 00:00:24.162000,3.0,HARD,12.0,
0 days 01:58:34.358000,TSU,34.0,0 days 00:01:38.484000,5.0,0 days 00:00:31.536000,0 days 00:00:42.733000,0 days 00:00:24.215000,3.0,SOFT,13.0,
0 days 01:58:35.860000,MSC,34.0,0 days 00:01:41.178000,22.0,0 days 00:00:32.140000,0 days 00:00:44.136000,0 days 00:00:24.902000,2.0,MEDIUM,14.0,
0 days 01:58:41.023000,STR,34.0,0 days 00:01:40.363000,16.0,0 days 00:00:32.093000,0 days 00:00:43.545000,0 days 00:00:24.725000,2.0,SOFT,15.0,
0 days 01:58:46.855000,ALB,34.0,0 days 00:01:41.203000,21.0,0 days 00:00:32.206000,0 days 00:00:44.251000,0 days 00:00:24.746000,2.0,MEDIUM,16.0,
0 days 01:58:55.538000,RIC,34.0,0 days 00:02:02.850000,1.0,0 days 00:00:53.498000,0 days 00:00:43.777000,0 days 00:00:25.575000,3.0,HARD,19.0,
0 days 01:58:59.976000,HUL,34.0,0 days 00:01:44.369000,15.0,0 days 00:00:32.515000,0 days 00:00:46.993000,0 days 00:00:24.861000,2.0,SOFT,18.0,
0 days 01:59:00.764000,NOR,34.0,0 days 00:01:40.104000,10.0,0 days 00:00:31.516000,0 days 00:00:43.038000,0 days 00:00:25.550000,2.0,HARD,17.0,
0 days 01:59:03.605000,LEC,35.0,0 days 00:01:36.501000,4.0,0 days 00:00:30.873000,0 days 00:00:41.843000,0 days 00:00:23.785000,3.0,MEDIUM,1.0,
0 days 01:59:05.519000,VER,35.0,0 days 00:01:36.731000,5.0,0 days 00:00:30.946000,0 days 00:00:41.892000,0 days 00:00:23.893000,3.0,MEDIUM,2.0,
0 days 01:59:20.673000,SAI,35.0,0 days 00:01:36.454000,2.0,0 days 00:00:31.026000,0 days 00:00:41.681000,0 days 00:00:23.747000,3.0,MEDIUM,3.0,
0 days 01:59:23.124000,PER,35.0,0 days 00:01:36.302000,5.0,0 days 00:00:30.876000,0 days 00:00:41.565000,0 days 00:00:23.861000,3.0,SOFT,4.0,
0 days 01:59:25.164000,LAT,34.0,0 days 00:01:39.285000,2.0,0 days 00:00:31.413000,0 days 00:00:43.466000,0 days 00:00:24.406000,3.0,MEDIUM,20.0,
0 days 01:59:32.456000,HAM,35.0,0 days 00:01:37.470000,8.0,0 days 00:00:31.399000,0 days 00:00:42.155000,0 days 00:00:23.916000,3.0,MEDIUM,5.0,
0 days 01:59:41.492000,MAG,35.0,0 days 00:02:00.375000,1.0,0 days 00:00:53.724000,0 days 00:00:42.583000,0 days 00:00:24.068000,3.0,MEDIUM,10.0,
0 days 01:59:47.616000,RUS,35.0,0 days 00:01:37.216000,2.0,0 days 00:00:31.222000,0 days 00:00:42.276000,0 days 00:00:23.718000,3.0,MEDIUM,6.0,
0 days 01:59:56.257000,BOT,35.0,0 days 00:01:39.619000,21.0,0 days 00:00:31.777000,0 days 00:00:43.359000,0 days 00:00:24.483000,2.0,MEDIUM,7.0,
0 days 01:59:59.628000,ZHO,35.0,0 days 00:01:39.954000,20.0,0 days 00:00:31.868000,0 days 00:00:43.454000,0 days 00:00:24.632000,2.0,MEDIUM,8.0,
0 days 02:00:03.717000,GAS,35.0,0 days 00:01:37.540000,3.0,0 days 00:00:31.280000,0 days 00:00:42.286000,0 days 00:00:23.974000,3.0,HARD,9.0,
0 days 02:00:07.434000,ALO,35.0,0 days 00:01:39.214000,10.0,0 days 00:00:31.782000,0 days 00:00:43.037000,0 days 00:00:24.395000,3.0,HARD,11.0,
0 days 02:00:10.257000,OCO,35.0,0 days 00:01:38.307000,5.0,0 days 00:00:31.375000,0 days 00:00:42.778000,0 days 00:00:24.154000,3.0,HARD,12.0,
0 days 02:00:12.842000,TSU,35.0,0 days 00:01:38.523000,6.0,0 days 00:00:31.463000,0 days 00:00:42.766000,0 days 00:00:24.294000,3.0,SOFT,13.0,
0 days 02:00:17.038000,MSC,35.0,0 days 00:01:43.748000,23.0,0 days 00:00:32.192000,0 days 00:00:44.027000,0 days 00:00:27.529000,2.0,MEDIUM,14.0,
0 days 02:00:21.386000,STR,35.0,0 days 00:01:40.452000,17.0,0 days 00:00:32.140000,0 days 00:00:43.547000,0 days 00:00:24.765000,2.0,SOFT,15.0,
0 days 02:00:28.058000,ALB,35.0,0 days 00:01:43.965000,22.0,0 days 00:00:32.119000,0 days 00:00:44.309000,0 days 00:00:27.537000,2.0,MEDIUM,16.0,
0 days 02:00:40.106000,LEC,36.0,0 days 00:01:36.561000,5.0,0 days 00:00:31.076000,0 days 00:00:41.698000,0 days 00:00:23.787000,3.0,MEDIUM,1.0,
0 days 02:00:40.868000,NOR,35.0,0 days 00:01:40.844000,11.0,0 days 00:00:32.726000,0 days 00:00:43.530000,0 days 00:00:24.588000,2.0,HARD,17.0,
0 days 02:00:42.250000,VER,36.0,0 days 00:01:36.920000,6.0,0 days 00:00:30.961000,0 days 00:00:41.889000,0 days 00:00:24.070000,3.0,MEDIUM,2.0,
0 days 02:00:44.345000,HUL,35.0,0 days 00:01:40.815000,16.0,0 days 00:00:32.075000,0 days 00:00:43.884000,0 days 00:00:24.856000,2.0,SOFT,18.0,
0 days 02:00:57.127000,SAI,36.0,0 days 00:01:36.600000,3.0,0 days 00:00:31.074000,0 days 00:00:41.756000,0 days 00:00:23.770000,3.0,MEDIUM,3.0,
0 days 02:00:58.388000,RIC,35.0,0 days 00:01:40.424000,2.0,0 days 00:00:32.850000,0 days 00:00:43.162000,0 days 00:00:24.412000,3.0,HARD,19.0,
0 days 02:00:59.426000,PER,36.0,0 days 00:01:36.511000,6.0,0 days 00:00:30.992000,0 days 00:00:41.679000,0 days 00:00:23.840000,3.0,SOFT,4.0,
0 days 02:01:04.449000,LAT,35.0,0 days 00:01:39.763000,3.0,0 days 00:00:31.564000,0 days 00:00:43.791000,0 days 00:00:24.408000,3.0,MEDIUM,20.0,
0 days 02:01:09.926000,HAM,36.0,0 days 00:01:37.660000,9.0,0 days 00:00:31.360000,0 days 00:00:42.408000,0 days 00:00:23.892000,3.0,MEDIUM,5.0,
0 days 02:01:24.832000,RUS,36.0,0 days 00:01:37.527000,3.0,0 days 00:00:31.350000,0 days 00:00:42.457000,0 days 00:00:23.720000,3.0,MEDIUM,6.0,
0 days 02:01:35.876000,BOT,36.0,0 days 00:01:42.299000,22.0,0 days 00:00:31.811000,0 days 00:00:43.453000,0 days 00:00:27.035000,2.0,MEDIUM,7.0,
0 days 02:01:39.582000,ZHO,36.0,0 days 00:01:40.185000,21.0,0 days 00:00:31.896000,0 days 00:00:43.529000,0 days 00:00:24.760000,2.0,MEDIUM,8.0,
0 days 02:01:41.257000,GAS,36.0,0 days 00:01:39.827000,4.0,0 days 00:00:32.403000,0 days 00:00:43.205000,0 days 00:00:24.219000,3.0,HARD,10.0,
0 days 02:01:41.867000,MAG,36.0,0 days 00:01:37.941000,2.0,0 days 00:00:31.265000,0 days 00:00:42.361000,0 days 00:00:24.315000,3.0,MEDIUM,9.0,
0 days 02:01:46.648000,ALO,36.0,0 days 00:01:39.389000,11.0,0 days 00:00:31.840000,0 days 00:00:43.098000,0 days 00:00:24.451000,3.0,HARD,11.0,
0 days 02:01:48.564000,OCO,36.0,0 days 00:01:38.515000,6.0,0 days 00:00:31.497000,0 days 00:00:42.703000,0 days 00:00:24.315000,3.0,HARD,12.0,
0 days 02:01:51.365000,TSU,36.0,0 days 00:01:38.647000,7.0,0 days 00:00:31.518000,0 days 00:00:42.859000,0 days 00:00:24.270000,3.0,SOFT,13.0,
0 days 02:02:00.786000,MSC,36.0,0 days 00:01:58.500000,3.0,0 days 00:00:52.783000,0 days 00:00:41.848000,0 days 00:00:23.869000,3.0,SOFT,15.0,
0 days 02:02:01.838000,STR,36.0,0 days 00:01:40.484000,18.0,0 days 00:00:32.043000,0 days 00:00:43.599000,0 days 00:00:24.842000,2.0,SOFT,14.0,
0 days 02:02:12.023000,ALB,36.0,0 days 00:02:03.311000,3.0,0 days 00:00:54.336000,0 days 00:00:44.615000,0 days 00:00:24.360000,3.0,MEDIUM,18.0,
0 days 02:02:16.667000,LEC,37.0,0 days 00:01:36.663000,6.0,0 days 00:00:31.145000,0 days 00:00:41.699000,0 days 00:00:23.819000,3.0,MEDIUM,1.0,
0 days 02:02:19.170000,VER,37.0,0 days 00:01:36.962000,7.0,0 days 00:00:30.907000,0 days 00:00:42.037000,0 days 00:00:24.018000,3.0,MEDIUM,2.0,
0 days 02:02:21.712000,NOR,36.0,0 days 00:01:40.766000,12.0,0 days 00:00:32.944000,0 days 00:00:43.347000,0 days 00:00:24.475000,2.0,HARD,16.0,
0 days 02:02:25.160000,HUL,36.0,0 days 00:01:40.658000,17.0,0 days 00:00:32.011000,0 days 00:00:43.769000,0 days 00:00:24.878000,2.0,SOFT,17.0,
0 days 02:02:33.727000,SAI,37.0,0 days 00:01:36.893000,4.0,0 days 00:00:31.247000,0 days 00:00:41.877000,0 days 00:00:23.769000,3.0,MEDIUM,3.0,
0 days 02:02:35.937000,PER,37.0,0 days 00:01:37.119000,7.0,0 days 00:00:31.087000,0 days 00:00:42.061000,0 days 00:00:23.971000,3.0,SOFT,4.0,
0 days 02:02:38.812000,RIC,36.0,0 days 00:01:38.927000,3.0,0 days 00:00:31.745000,0 days 00:00:42.878000,0 days 00:00:24.304000,3.0,HARD,19.0,
0 days 02:02:44.212000,LAT,36.0,0 days 00:01:39.455000,4.0,0 days 00:00:31.705000,0 days 00:00:43.503000,0 days 00:00:24.247000,3.0,MEDIUM,20.0,
0 days 02:02:47.586000,HAM,37.0,0 days 00:01:37.771000,10.0,0 days 00:00:31.436000,0 days 00:00:42.307000,0 days 00:00:24.028000,3.0,MEDIUM,5.0,
0 days 02:03:02.359000,RUS,37.0,0 days 00:01:37.753000,4.0,0 days 00:00:31.356000,0 days 00:00:42.594000,0 days 00:00:23.803000,3.0,MEDIUM,6.0,
0 days 02:03:18.175000,BOT,37.0,0 days 00:01:58.899000,1.0,0 days 00:00:52.737000,0 days 00:00:42.340000,0 days 00:00:23.822000,3.0,MEDIUM,13.0,
0 days 02:03:19.767000,ZHO,37.0,0 days 00:01:42.700000,22.0,0 days 00:00:32.040000,0 days 00:00:43.599000,0 days 00:00:27.061000,2.0,MEDIUM,9.0,
0 days 02:03:19.808000,MAG,37.0,0 days 00:01:36.903000,3.0,0 days 00:00:30.850000,0 days 00:00:42.158000,0 days 00:00:23.895000,3.0,MEDIUM,7.0,
0 days 02:03:21.084000,GAS,37.0,0 days 00:01:39.596000,5.0,0 days 00:00:31.695000,0 days 00:00:43.155000,0 days 00:00:24.746000,3.0,HARD,8.0,
0 days 02:03:26.037000,ALO,37.0,0 days 00:01:39.426000,12.0,0 days 00:00:31.847000,0 days 00:00:43.040000,0 days 00:00:24.539000,3.0,HARD,10.0,
0 days 02:03:27.079000,OCO,37.0,0 days 00:01:38.851000,7.0,0 days 00:00:31.358000,0 days 00:00:43.278000,0 days 00:00:24.215000,3.0,HARD,11.0,
0 days 02:03:30.012000,TSU,37.0,0 days 00:01:38.289000,8.0,0 days 00:00:31.479000,0 days 00:00:42.578000,0 days 00:00:24.232000,3.0,SOFT,12.0,
0 days 02:03:42.322000,STR,37.0,0 days 00:01:40.487000,19.0,0 days 00:00:32,0 days 00:00:43.701000,0 days 00:00:24.786000,2.0,SOFT,14.0,
0 days 02:03:53.330000,LEC,38.0,0 days 00:01:36.623000,7.0,0 days 00:00:31.081000,0 days 00:00:41.761000,0 days 00:00:23.781000,3.0,MEDIUM,1.0,
0 days 02:03:56.132000,VER,38.0,0 days 00:01:36.898000,8.0,0 days 00:00:30.949000,0 days 00:00:41.961000,0 days 00:00:23.988000,3.0,MEDIUM,2.0,
0 days 02:03:59.286000,MSC,37.0,0 days 00:01:36.956000,4.0,0 days 00:00:31.048000,0 days 00:00:41.912000,0 days 00:00:23.996000,3.0,SOFT,15.0,
0 days 02:04:02.478000,NOR,37.0,0 days 00:01:39.657000,13.0,0 days 00:00:31.920000,0 days 00:00:43.275000,0 days 00:00:24.462000,2.0,HARD,16.0,
0 days 02:04:05.818000,HUL,37.0,0 days 00:01:43.481000,18.0,0 days 00:00:32.079000,0 days 00:00:43.799000,0 days 00:00:27.603000,2.0,SOFT,17.0,
0 days 02:04:10.620000,SAI,38.0,0 days 00:01:37.012000,5.0,0 days 00:00:31.159000,0 days 00:00:42.025000,0 days 00:00:23.828000,3.0,MEDIUM,3.0,
0 days 02:04:13.056000,PER,38.0,0 days 00:01:36.755000,8.0,0 days 00:00:30.930000,0 days 00:00:41.873000,0 days 00:00:23.952000,3.0,SOFT,4.0,
0 days 02:04:15.334000,ALB,37.0,0 days 00:01:39.165000,4.0,0 days 00:00:31.836000,0 days 00:00:43.213000,0 days 00:00:24.116000,3.0,MEDIUM,18.0,
0 days 02:04:17.739000,RIC,37.0,0 days 00:01:38.988000,4.0,0 days 00:00:31.687000,0 days 00:00:42.942000,0 days 00:00:24.359000,3.0,HARD,19.0,
0 days 02:04:23.667000,LAT,37.0,0 days 00:01:41.384000,5.0,0 days 00:00:31.576000,0 days 00:00:45.231000,0 days 00:00:24.577000,3.0,MEDIUM,20.0,
0 days 02:04:25.357000,HAM,38.0,0 days 00:01:37.942000,11.0,0 days 00:00:31.380000,0 days 00:00:42.490000,0 days 00:00:24.072000,3.0,MEDIUM,5.0,
0 days 02:04:40.112000,RUS,38.0,0 days 00:01:37.792000,5.0,0 days 00:00:31.434000,0 days 00:00:42.463000,0 days 00:00:23.895000,3.0,MEDIUM,6.0,
0 days 02:04:56.711000,MAG,38.0,0 days 00:01:37.636000,4.0,0 days 00:00:31.249000,0 days 00:00:42.371000,0 days 00:00:24.016000,3.0,MEDIUM,7.0,
0 days 02:05:00.680000,GAS,38.0,0 days 00:01:38.221000,6.0,0 days 00:00:31.087000,0 days 00:00:42.988000,0 days 00:00:24.146000,3.0,HARD,8.0,
0 days 02:05:02.467000,ZHO,38.0,0 days 00:02:00.031000,1.0,0 days 00:00:53.275000,0 days 00:00:42.809000,0 days 00:00:23.947000,3.0,MEDIUM,13.0,
0 days 02:05:05.463000,ALO,38.0,0 days 00:01:40.034000,13.0,0 days 00:00:32.059000,0 days 00:00:43.299000,0 days 00:00:24.676000,3.0,HARD,10.0,
0 days 02:05:05.930000,OCO,38.0,0 days 00:01:38.210000,8.0,0 days 00:00:31.134000,0 days 00:00:42.852000,0 days 00:00:24.224000,3.0,HARD,9.0,
0 days 02:05:08.301000,TSU,38.0,0 days 00:01:38.713000,9.0,0 days 00:00:31.474000,0 days 00:00:42.893000,0 days 00:00:24.346000,3.0,SOFT,11.0,
0 days 02:05:17.074000,BOT,38.0,0 days 00:01:36.641000,2.0,0 days 00:00:30.948000,0 days 00:00:41.820000,0 days 00:00:23.873000,3.0,MEDIUM,12.0,
0 days 02:05:22.809000,STR,38.0,0 days 00:01:43.895000,20.0,0 days 00:00:32.164000,0 days 00:00:44.277000,0 days 00:00:27.454000,2.0,SOFT,14.0,
0 days 02:05:29.953000,LEC,39.0,0 days 00:01:36.939000,8.0,0 days 00:00:31.213000,0 days 00:00:41.797000,0 days 00:00:23.929000,3.0,MEDIUM,1.0,
0 days 02:05:33.030000,VER,39.0,0 days 00:01:37.255000,9.0,0 days 00:00:31.111000,0 days 00:00:42.043000,0 days 00:00:24.101000,3.0,MEDIUM,2.0,
0 days 02:05:36.242000,MSC,38.0,0 days 00:01:37.176000,5.0,0 days 00:00:31.130000,0 days 00:00:42.019000,0 days 00:00:24.027000,3.0,SOFT,15.0,
0 days 02:05:42.135000,NOR,38.0,0 days 00:01:39.679000,14.0,0 days 00:00:31.911000,0 days 00:00:43.163000,0 days 00:00:24.605000,2.0,HARD,16.0,
0 days 02:05:47.632000,SAI,39.0,0 days 00:01:37.044000,6.0,0 days 00:00:31.104000,0 days 00:00:42.068000,0 days 00:00:23.872000,3.0,MEDIUM,3.0,
0 days 02:05:49.299000,HUL,38.0,0 days 00:02:02.368000,1.0,0 days 00:00:54.510000,0 days 00:00:43.339000,0 days 00:00:24.519000,3.0,MEDIUM,20.0,
0 days 02:05:49.811000,PER,39.0,0 days 00:01:36.987000,9.0,0 days 00:00:30.955000,0 days 00:00:41.949000,0 days 00:00:24.083000,3.0,SOFT,4.0,
0 days 02:05:54.499000,ALB,38.0,0 days 00:01:39.127000,5.0,0 days 00:00:31.632000,0 days 00:00:43.295000,0 days 00:00:24.200000,3.0,MEDIUM,17.0,
0 days 02:05:56.727000,RIC,38.0,0 days 00:01:39.146000,5.0,0 days 00:00:31.768000,0 days 00:00:42.985000,0 days 00:00:24.393000,3.0,HARD,18.0,
0 days 02:06:03.299000,HAM,39.0,0 days 00:01:37.668000,12.0,0 days 00:00:31.394000,0 days 00:00:42.258000,0 days 00:00:24.016000,3.0,MEDIUM,5.0,
0 days 02:06:05.051000,LAT,38.0,0 days 00:01:39.891000,6.0,0 days 00:00:31.653000,0 days 00:00:43.986000,0 days 00:00:24.252000,3.0,MEDIUM,19.0,
0 days 02:06:17.904000,RUS,39.0,0 days 00:01:37.721000,6.0,0 days 00:00:31.398000,0 days 00:00:42.451000,0 days 00:00:23.872000,3.0,MEDIUM,6.0,
0 days 02:06:34.347000,MAG,39.0,0 days 00:01:37.566000,5.0,0 days 00:00:31.286000,0 days 00:00:42.309000,0 days 00:00:23.971000,3.0,MEDIUM,7.0,
0 days 02:06:38.901000,GAS,39.0,0 days 00:01:38.552000,7.0,0 days 00:00:31.608000,0 days 00:00:42.857000,0 days 00:00:24.087000,3.0,HARD,8.0,
0 days 02:06:44.140000,OCO,39.0,0 days 00:01:38.612000,9.0,0 days 00:00:31.526000,0 days 00:00:42.833000,0 days 00:00:24.253000,3.0,HARD,9.0,
0 days 02:06:45.497000,ALO,39.0,0 days 00:01:40.009000,14.0,0 days 00:00:31.896000,0 days 00:00:43.590000,0 days 00:00:24.523000,3.0,HARD,10.0,
0 days 02:06:47.014000,TSU,39.0,0 days 00:01:38.912000,10.0,0 days 00:00:31.454000,0 days 00:00:43.067000,0 days 00:00:24.391000,3.0,SOFT,11.0,
0 days 02:06:53.715000,BOT,39.0,0 days 00:01:37.067000,3.0,0 days 00:00:31.053000,0 days 00:00:42.123000,0 days 00:00:23.891000,3.0,MEDIUM,12.0,
0 days 02:07:02.498000,ZHO,39.0,0 days 00:01:36.685000,2.0,0 days 00:00:31.037000,0 days 00:00:41.864000,0 days 00:00:23.784000,3.0,MEDIUM,13.0,
0 days 02:07:06.704000,STR,39.0,0 days 00:02:01.514000,1.0,0 days 00:00:55.198000,0 days 00:00:42.219000,0 days 00:00:24.097000,3.0,MEDIUM,16.0,
0 days 02:07:06.892000,LEC,40.0,0 days 00:01:36.807000,9.0,0 days 00:00:31.091000,0 days 00:00:41.824000,0 days 00:00:23.892000,3.0,MEDIUM,1.0,
0 days 02:07:10.285000,VER,40.0,0 days 00:01:37.308000,10.0,0 days 00:00:31.099000,0 days 00:00:42.070000,0 days 00:00:24.139000,3.0,MEDIUM,2.0,
0 days 02:07:13.418000,MSC,39.0,0 days 00:01:37.433000,6.0,0 days 00:00:31.077000,0 days 00:00:42.165000,0 days 00:00:24.191000,3.0,SOFT,14.0,
0 days 02:07:21.814000,NOR,39.0,0 days 00:01:39.677000,15.0,0 days 00:00:31.938000,0 days 00:00:43.099000,0 days 00:00:24.640000,2.0,HARD,15.0,
0 days 02:07:24.676000,SAI,40.0,0 days 00:01:37.271000,7.0,0 days 00:00:31.262000,0 days 00:00:42.065000,0 days 00:00:23.944000,3.0,MEDIUM,3.0,
0 days 02:07:26.798000,PER,40.0,0 days 00:01:37.178000,10.0,0 days 00:00:31.155000,0 days 00:00:41.999000,0 days 00:00:24.024000,3.0,SOFT,4.0,
0 days 02:07:33.626000,ALB,39.0,0 days 00:01:39.025000,6.0,0 days 00:00:31.639000,0 days 00:00:43.230000,0 days 00:00:24.156000,3.0,MEDIUM,17.0,
0 days 02:07:35.873000,RIC,39.0,0 days 00:01:39.320000,6.0,0 days 00:00:31.847000,0 days 00:00:43.053000,0 days 00:00:24.420000,3.0,HARD,18.0,
0 days 02:07:40.967000,HAM,40.0,0 days 00:01:37.898000,13.0,0 days 00:00:31.549000,0 days 00:00:42.349000,0 days 00:00:24,3.0,MEDIUM,5.0,
0 days 02:07:44.942000,LAT,39.0,0 days 00:01:40.258000,7.0,0 days 00:00:31.770000,0 days 00:00:44.094000,0 days 00:00:24.394000,3.0,MEDIUM,19.0,
0 days 02:07:51.667000,HUL,39.0,0 days 00:01:38.819000,2.0,0 days 00:00:31.577000,0 days 00:00:42.850000,0 days 00:00:24.392000,3.0,MEDIUM,20.0,
0 days 02:07:55.625000,RUS,40.0,0 days 00:01:37.790000,7.0,0 days 00:00:31.423000,0 days 00:00:42.359000,0 days 00:00:24.008000,3.0,MEDIUM,6.0,
0 days 02:08:11.913000,MAG,40.0,0 days 00:01:37.901000,6.0,0 days 00:00:31.372000,0 days 00:00:42.433000,0 days 00:00:24.096000,3.0,MEDIUM,7.0,
0 days 02:08:17.453000,GAS,40.0,0 days 00:01:38.204000,8.0,0 days 00:00:31.492000,0 days 00:00:42.613000,0 days 00:00:24.099000,3.0,HARD,8.0,
0 days 02:08:22.752000,OCO,40.0,0 days 00:01:38.641000,10.0,0 days 00:00:31.431000,0 days 00:00:42.877000,0 days 00:00:24.333000,3.0,HARD,9.0,
0 days 02:08:25.506000,ALO,40.0,0 days 00:01:40.295000,15.0,0 days 00:00:32.088000,0 days 00:00:43.517000,0 days 00:00:24.690000,3.0,HARD,11.0,
0 days 02:08:25.926000,TSU,40.0,0 days 00:01:38.377000,11.0,0 days 00:00:31.222000,0 days 00:00:42.844000,0 days 00:00:24.311000,3.0,SOFT,10.0,
0 days 02:08:30.782000,BOT,40.0,0 days 00:01:37.497000,4.0,0 days 00:00:31.215000,0 days 00:00:42.389000,0 days 00:00:23.893000,3.0,MEDIUM,12.0,
0 days 02:08:39.183000,ZHO,40.0,0 days 00:01:36.742000,3.0,0 days 00:00:31.052000,0 days 00:00:41.928000,0 days 00:00:23.762000,3.0,MEDIUM,13.0,
0 days 02:08:43.699000,LEC,41.0,0 days 00:01:37.044000,10.0,0 days 00:00:31.241000,0 days 00:00:41.922000,0 days 00:00:23.881000,3.0,MEDIUM,1.0,
0 days 02:08:47.593000,VER,41.0,0 days 00:01:37.284000,11.0,0 days 00:00:31.044000,0 days 00:00:42.055000,0 days 00:00:24.185000,3.0,MEDIUM,2.0,
0 days 02:08:50.851000,MSC,40.0,0 days 00:01:37.947000,7.0,0 days 00:00:31.184000,0 days 00:00:42.585000,0 days 00:00:24.178000,3.0,SOFT,14.0,
0 days 02:09:01.491000,NOR,40.0,0 days 00:01:41.799000,16.0,0 days 00:00:32.527000,0 days 00:00:44.625000,0 days 00:00:24.647000,2.0,HARD,15.0,
0 days 02:09:01.947000,SAI,41.0,0 days 00:01:36.771000,8.0,0 days 00:00:30.801000,0 days 00:00:42.078000,0 days 00:00:23.892000,3.0,MEDIUM,3.0,
0 days 02:09:03.976000,PER,41.0,0 days 00:01:37.639000,11.0,0 days 00:00:31.155000,0 days 00:00:42.332000,0 days 00:00:24.152000,3.0,SOFT,4.0,
0 days 02:09:08.218000,STR,40.0,0 days 00:01:37.861000,2.0,0 days 00:00:31.321000,0 days 00:00:42.388000,0 days 00:00:24.152000,3.0,MEDIUM,16.0,
0 days 02:09:12.651000,ALB,40.0,0 days 00:01:39.140000,7.0,0 days 00:00:31.583000,0 days 00:00:43.330000,0 days 00:00:24.227000,3.0,MEDIUM,17.0,
0 days 02:09:15.193000,RIC,40.0,0 days 00:01:39.157000,7.0,0 days 00:00:31.706000,0 days 00:00:42.994000,0 days 00:00:24.457000,3.0,HARD,18.0,
0 days 02:09:18.865000,HAM,41.0,0 days 00:01:37.912000,14.0,0 days 00:00:31.442000,0 days 00:00:42.391000,0 days 00:00:24.079000,3.0,MEDIUM,5.0,
0 days 02:09:25.200000,LAT,40.0,0 days 00:01:40.219000,8.0,0 days 00:00:31.895000,0 days 00:00:43.950000,0 days 00:00:24.374000,3.0,MEDIUM,19.0,
0 days 02:09:30.486000,HUL,40.0,0 days 00:01:38.751000,3.0,0 days 00:00:31.610000,0 days 00:00:42.895000,0 days 00:00:24.246000,3.0,MEDIUM,20.0,
0 days 02:09:33.415000,RUS,41.0,0 days 00:01:37.783000,8.0,0 days 00:00:31.393000,0 days 00:00:42.415000,0 days 00:00:23.975000,3.0,MEDIUM,6.0,
0 days 02:09:49.814000,MAG,41.0,0 days 00:01:37.726000,7.0,0 days 00:00:31.194000,0 days 00:00:42.463000,0 days 00:00:24.069000,3.0,MEDIUM,7.0,
0 days 02:09:55.657000,GAS,41.0,0 days 00:01:38.301000,9.0,0 days 00:00:31.523000,0 days 00:00:42.621000,0 days 00:00:24.157000,3.0,HARD,8.0,
0 days 02:10:01.393000,OCO,41.0,0 days 00:01:38.584000,11.0,0 days 00:00:31.544000,0 days 00:00:42.785000,0 days 00:00:24.255000,3.0,HARD,9.0,
0 days 02:10:04.303000,TSU,41.0,0 days 00:01:38.693000,12.0,0 days 00:00:31.546000,0 days 00:00:42.841000,0 days 00:00:24.306000,3.0,SOFT,10.0,
0 days 02:10:05.801000,ALO,41.0,0 days 00:01:39.854000,16.0,0 days 00:00:31.903000,0 days 00:00:43.357000,0 days 00:00:24.594000,3.0,HARD,11.0,
0 days 02:10:08.279000,BOT,41.0,0 days 00:01:37.687000,5.0,0 days 00:00:31.285000,0 days 00:00:42.539000,0 days 00:00:23.863000,3.0,MEDIUM,12.0,
0 days 02:10:15.925000,ZHO,41.0,0 days 00:01:36.745000,4.0,0 days 00:00:31.007000,0 days 00:00:41.881000,0 days 00:00:23.857000,3.0,MEDIUM,13.0,
0 days 02:10:20.743000,LEC,42.0,0 days 00:01:37.040000,11.0,0 days 00:00:31.086000,0 days 00:00:41.956000,0 days 00:00:23.998000,3.0,MEDIUM,1.0,
0 days 02:10:24.877000,VER,42.0,0 days 00:01:37.855000,12.0,0 days 00:00:31.209000,0 days 00:00:42.500000,0 days 00:00:24.146000,3.0,MEDIUM,2.0,
0 days 02:10:28.798000,MSC,41.0,0 days 00:01:38.182000,8.0,0 days 00:00:31.285000,0 days 00:00:42.802000,0 days 00:00:24.095000,3.0,SOFT,14.0,
0 days 02:10:38.718000,SAI,42.0,0 days 00:01:37.269000,9.0,0 days 00:00:31.255000,0 days 00:00:42.074000,0 days 00:00:23.940000,3.0,MEDIUM,3.0,
0 days 02:10:41.615000,PER,42.0,0 days 00:01:37.255000,12.0,0 days 00:00:31.085000,0 days 00:00:42.139000,0 days 00:00:24.031000,3.0,SOFT,4.0,
0 days 02:10:43.290000,NOR,41.0,0 days 00:01:42.153000,17.0,0 days 00:00:31.959000,0 days 00:00:43.316000,0 days 00:00:26.878000,2.0,HARD,16.0,
0 days 02:10:46.079000,STR,41.0,0 days 00:01:38.363000,3.0,0 days 00:00:31.479000,0 days 00:00:42.567000,0 days 00:00:24.317000,3.0,MEDIUM,15.0,
0 days 02:10:51.791000,ALB,41.0,0 days 00:01:39.285000,8.0,0 days 00:00:31.730000,0 days 00:00:43.337000,0 days 00:00:24.218000,3.0,MEDIUM,17.0,
0 days 02:10:54.350000,RIC,41.0,0 days 00:01:39.054000,8.0,0 days 00:00:31.708000,0 days 00:00:42.895000,0 days 00:00:24.451000,3.0,HARD,18.0,
0 days 02:10:56.777000,HAM,42.0,0 days 00:01:38.422000,15.0,0 days 00:00:31.422000,0 days 00:00:42.733000,0 days 00:00:24.267000,3.0,MEDIUM,5.0,
0 days 02:11:05.419000,LAT,41.0,0 days 00:01:39.797000,9.0,0 days 00:00:31.644000,0 days 00:00:43.788000,0 days 00:00:24.365000,3.0,MEDIUM,19.0,
0 days 02:11:09.237000,HUL,41.0,0 days 00:01:38.361000,4.0,0 days 00:00:31.480000,0 days 00:00:42.576000,0 days 00:00:24.305000,3.0,MEDIUM,20.0,
0 days 02:11:11.198000,RUS,42.0,0 days 00:01:38.111000,9.0,0 days 00:00:31.455000,0 days 00:00:42.540000,0 days 00:00:24.116000,3.0,MEDIUM,6.0,
0 days 02:11:27.540000,MAG,42.0,0 days 00:01:38.006000,8.0,0 days 00:00:31.380000,0 days 00:00:42.510000,0 days 00:00:24.116000,3.0,MEDIUM,7.0,
0 days 02:11:33.958000,GAS,42.0,0 days 00:01:38.329000,10.0,0 days 00:00:31.453000,0 days 00:00:42.692000,0 days 00:00:24.184000,3.0,HARD,8.0,
0 days 02:11:39.977000,OCO,42.0,0 days 00:01:39.064000,12.0,0 days 00:00:31.610000,0 days 00:00:43.112000,0 days 00:00:24.342000,3.0,HARD,9.0,
0 days 02:11:42.996000,TSU,42.0,0 days 00:01:38.772000,13.0,0 days 00:00:31.503000,0 days 00:00:42.906000,0 days 00:00:24.363000,3.0,SOFT,10.0,
0 days 02:11:45.655000,ALO,42.0,0 days 00:01:42.925000,17.0,0 days 00:00:31.981000,0 days 00:00:43.665000,0 days 00:00:27.279000,3.0,HARD,12.0,
0 days 02:11:45.966000,BOT,42.0,0 days 00:01:37.498000,6.0,0 days 00:00:30.832000,0 days 00:00:42.638000,0 days 00:00:24.028000,3.0,MEDIUM,11.0,
0 days 02:11:52.670000,ZHO,42.0,0 days 00:01:37.522000,5.0,0 days 00:00:31.161000,0 days 00:00:42.455000,0 days 00:00:23.906000,3.0,MEDIUM,13.0,
0 days 02:11:57.783000,LEC,43.0,0 days 00:01:37.346000,12.0,0 days 00:00:31.339000,0 days 00:00:42.123000,0 days 00:00:23.884000,3.0,MEDIUM,1.0,
0 days 02:12:02.732000,VER,43.0,0 days 00:01:39.787000,13.0,0 days 00:00:31.188000,0 days 00:00:42.249000,0 days 00:00:26.350000,3.0,MEDIUM,2.0,
0 days 02:12:06.980000,MSC,42.0,0 days 00:01:37.957000,9.0,0 days 00:00:31.213000,0 days 00:00:42.505000,0 days 00:00:24.239000,3.0,SOFT,14.0,
0 days 02:12:15.987000,SAI,43.0,0 days 00:01:37.260000,10.0,0 days 00:00:31.226000,0 days 00:00:42.052000,0 days 00:00:23.982000,3.0,MEDIUM,3.0,
0 days 02:12:18.870000,PER,43.0,0 days 00:01:40.228000,13.0,0 days 00:00:31.173000,0 days 00:00:42.250000,0 days 00:00:26.805000,3.0,SOFT,4.0,
0 days 02:12:24.442000,STR,42.0,0 days 00:01:38.127000,4.0,0 days 00:00:31.439000,0 days 00:00:42.653000,0 days 00:00:24.035000,3.0,MEDIUM,15.0,
0 days 02:12:25.443000,NOR,42.0,0 days 00:02:00.713000,1.0,0 days 00:00:54.382000,0 days 00:00:42.556000,0 days 00:00:23.775000,3.0,SOFT,19.0,
0 days 02:12:31.076000,ALB,42.0,0 days 00:01:39.255000,9.0,0 days 00:00:31.622000,0 days 00:00:43.307000,0 days 00:00:24.326000,3.0,MEDIUM,16.0,
0 days 02:12:33.404000,RIC,42.0,0 days 00:01:41.069000,9.0,0 days 00:00:31.864000,0 days 00:00:44.804000,0 days 00:00:24.401000,3.0,HARD,17.0,
0 days 02:12:35.199000,HAM,43.0,0 days 00:01:38.205000,16.0,0 days 00:00:31.506000,0 days 00:00:42.631000,0 days 00:00:24.068000,3.0,MEDIUM,5.0,
0 days 02:12:45.216000,LAT,42.0,0 days 00:01:39.937000,10.0,0 days 00:00:31.644000,0 days 00:00:43.934000,0 days 00:00:24.359000,3.0,MEDIUM,18.0,
0 days 02:12:47.598000,HUL,42.0,0 days 00:01:39.671000,5.0,0 days 00:00:31.670000,0 days 00:00:43.439000,0 days 00:00:24.562000,3.0,MEDIUM,20.0,
0 days 02:12:49.309000,RUS,43.0,0 days 00:01:38.747000,10.0,0 days 00:00:31.454000,0 days 00:00:43.141000,0 days 00:00:24.152000,3.0,MEDIUM,6.0,
0 days 02:13:05.546000,MAG,43.0,0 days 00:01:38.178000,9.0,0 days 00:00:31.378000,0 days 00:00:42.740000,0 days 00:00:24.060000,3.0,MEDIUM,7.0,
0 days 02:13:12.287000,GAS,43.0,0 days 00:01:38.478000,11.0,0 days 00:00:31.468000,0 days 00:00:42.816000,0 days 00:00:24.194000,3.0,HARD,8.0,
0 days 02:13:19.041000,OCO,43.0,0 days 00:01:41.631000,13.0,0 days 00:00:31.545000,0 days 00:00:43.058000,0 days 00:00:27.028000,3.0,HARD,9.0,
0 days 02:13:21.768000,TSU,43.0,0 days 00:01:38.930000,14.0,0 days 00:00:31.563000,0 days 00:00:42.743000,0 days 00:00:24.624000,3.0,SOFT,10.0,
0 days 02:13:23.464000,BOT,43.0,0 days 00:01:38.681000,7.0,0 days 00:00:31.613000,0 days 00:00:42.985000,0 days 00:00:24.083000,3.0,MEDIUM,11.0,
0 days 02:13:28.580000,ALO,43.0,0 days 00:01:57.366000,1.0,0 days 00:00:51.661000,0 days 00:00:41.966000,0 days 00:00:23.739000,4.0,SOFT,14.0,
0 days 02:13:30.192000,ZHO,43.0,0 days 00:01:37.667000,6.0,0 days 00:00:31.338000,0 days 00:00:42.370000,0 days 00:00:23.959000,3.0,MEDIUM,12.0,
0 days 02:13:35.129000,LEC,44.0,0 days 00:01:37.509000,13.0,0 days 00:00:31.351000,0 days 00:00:42.070000,0 days 00:00:24.088000,3.0,MEDIUM,1.0,
0 days 02:13:42.519000,VER,44.0,0 days 00:01:57.242000,4.0,0 days 00:00:51.908000,0 days 00:00:41.766000,0 days 00:00:23.568000,4.0,SOFT,3.0,
0 days 02:13:44.937000,MSC,43.0,0 days 00:01:38.137000,10.0,0 days 00:00:31.299000,0 days 00:00:42.703000,0 days 00:00:24.135000,3.0,SOFT,13.0,
0 days 02:13:53.247000,SAI,44.0,0 days 00:01:39.699000,11.0,0 days 00:00:31.295000,0 days 00:00:42.035000,0 days 00:00:26.369000,3.0,MEDIUM,2.0,
0 days 02:13:59.098000,PER,44.0,0 days 00:01:56.521000,4.0,0 days 00:00:51.953000,0 days 00:00:41.059000,0 days 00:00:23.509000,4.0,SOFT,5.0,
0 days 02:14:02.569000,STR,43.0,0 days 00:01:39.462000,5.0,0 days 00:00:32.146000,0 days 00:00:43.021000,0 days 00:00:24.295000,3.0,MEDIUM,15.0,
0 days 02:14:10.331000,ALB,43.0,0 days 00:01:39.325000,10.0,0 days 00:00:31.755000,0 days 00:00:43.299000,0 days 00:00:24.271000,3.0,MEDIUM,16.0,
0 days 02:14:13.404000,HAM,44.0,0 days 00:01:41.007000,17.0,0 days 00:00:31.758000,0 days 00:00:42.680000,0 days 00:00:26.569000,3.0,MEDIUM,4.0,
0 days 02:14:14.473000,RIC,43.0,0 days 00:01:39.421000,10.0,0 days 00:00:31.543000,0 days 00:00:43.454000,0 days 00:00:24.424000,3.0,HARD,17.0,
0 days 02:14:25.153000,LAT,43.0,0 days 00:01:40.899000,11.0,0 days 00:00:31.849000,0 days 00:00:44.223000,0 days 00:00:24.827000,3.0,MEDIUM,19.0,
0 days 02:14:26.156000,NOR,43.0,0 days 00:01:37.204000,2.0,0 days 00:00:31.325000,0 days 00:00:42.159000,0 days 00:00:23.720000,3.0,SOFT,18.0,
0 days 02:14:27.269000,HUL,43.0,0 days 00:01:40.222000,6.0,0 days 00:00:32.634000,0 days 00:00:43.167000,0 days 00:00:24.421000,3.0,MEDIUM,20.0,
0 days 02:14:28.056000,RUS,44.0,0 days 00:01:38.297000,11.0,0 days 00:00:31.311000,0 days 00:00:42.882000,0 days 00:00:24.104000,3.0,MEDIUM,6.0,
0 days 02:14:43.724000,MAG,44.0,0 days 00:01:38.688000,10.0,0 days 00:00:31.623000,0 days 00:00:42.850000,0 days 00:00:24.215000,3.0,MEDIUM,7.0,
0 days 02:14:50.765000,GAS,44.0,0 days 00:01:38.704000,12.0,0 days 00:00:31.563000,0 days 00:00:42.866000,0 days 00:00:24.275000,3.0,HARD,8.0,
0 days 02:15:00.672000,OCO,44.0,0 days 00:01:56.780000,4.0,0 days 00:00:51.419000,0 days 00:00:41.660000,0 days 00:00:23.701000,4.0,SOFT,12.0,
0 days 02:15:00.698000,TSU,44.0,0 days 00:01:41.039000,15.0,0 days 00:00:31.611000,0 days 00:00:42.801000,0 days 00:00:26.627000,3.0,SOFT,10.0,
0 days 02:15:02.145000,BOT,44.0,0 days 00:01:38.386000,8.0,0 days 00:00:31.477000,0 days 00:00:42.794000,0 days 00:00:24.115000,3.0,MEDIUM,9.0,
0 days 02:15:07.859000,ZHO,44.0,0 days 00:01:37.785000,7.0,0 days 00:00:31.262000,0 days 00:00:42.526000,0 days 00:00:23.997000,3.0,MEDIUM,11.0,
0 days 02:15:12.638000,LEC,45.0,0 days 00:01:37.413000,14.0,0 days 00:00:31.297000,0 days 00:00:42.090000,0 days 00:00:24.026000,3.0,MEDIUM,1.0,
0 days 02:15:23.074000,MSC,44.0,0 days 00:01:38.279000,11.0,0 days 00:00:31.275000,0 days 00:00:42.655000,0 days 00:00:24.349000,3.0,SOFT,13.0,
0 days 02:15:25.946000,ALO,44.0,0 days 00:01:36.733000,2.0,0 days 00:00:31.065000,0 days 00:00:41.855000,0 days 00:00:23.813000,4.0,SOFT,14.0,
0 days 02:15:32.946000,SAI,45.0,0 days 00:02:03.686000,4.0,0 days 00:00:51.201000,0 days 00:00:41.487000,0 days 00:00:30.998000,4.0,SOFT,3.0,
0 days 02:15:39.761000,VER,45.0,0 days 00:01:35.747000,5.0,0 days 00:00:30.587000,0 days 00:00:41.430000,0 days 00:00:23.730000,4.0,SOFT,2.0,
0 days 02:15:42.031000,STR,44.0,0 days 00:01:38.281000,6.0,0 days 00:00:31.459000,0 days 00:00:42.665000,0 days 00:00:24.157000,3.0,MEDIUM,15.0,
0 days 02:15:49.656000,ALB,44.0,0 days 00:01:46.225000,11.0,0 days 00:00:31.590000,0 days 00:00:43.480000,0 days 00:00:31.155000,3.0,MEDIUM,16.0,
0 days 02:15:53.894000,RIC,44.0,0 days 00:01:49.227000,11.0,0 days 00:00:32.841000,0 days 00:00:43.788000,0 days 00:00:32.598000,3.0,HARD,17.0,
0 days 02:15:54.411000,HAM,45.0,0 days 00:02:11.741000,4.0,0 days 00:00:53.080000,0 days 00:00:47.415000,0 days 00:00:31.246000,4.0,SOFT,6.0,
0 days 02:15:55.619000,PER,45.0,0 days 00:01:43.562000,5.0,0 days 00:00:30.784000,0 days 00:00:41.289000,0 days 00:00:31.489000,4.0,SOFT,4.0,
0 days 02:16:03.360000,NOR,44.0,0 days 00:01:45.936000,3.0,0 days 00:00:31.091000,0 days 00:00:42.257000,0 days 00:00:32.588000,3.0,SOFT,18.0,
0 days 02:16:06.052000,LAT,44.0,0 days 00:01:51.928000,12.0,0 days 00:00:32.215000,0 days 00:00:44.079000,0 days 00:00:35.634000,3.0,MEDIUM,19.0,
0 days 02:16:06.353000,RUS,45.0,0 days 00:01:48.988000,12.0,0 days 00:00:31.210000,0 days 00:00:42.383000,0 days 00:00:35.395000,3.0,MEDIUM,5.0,
0 days 02:16:07.491000,HUL,44.0,0 days 00:01:53.374000,7.0,0 days 00:00:31.459000,0 days 00:00:43.852000,0 days 00:00:38.063000,3.0,MEDIUM,20.0,
0 days 02:16:22.412000,MAG,45.0,0 days 00:02:03.463000,11.0,0 days 00:00:31.352000,0 days 00:00:56.848000,0 days 00:00:35.263000,3.0,MEDIUM,7.0,
0 days 02:16:29.469000,GAS,45.0,,13.0,,,,3.0,HARD,,
0 days 02:16:40.531000,BOT,45.0,0 days 00:02:01.176000,9.0,0 days 00:00:31.276000,0 days 00:00:54.533000,0 days 00:00:35.367000,3.0,MEDIUM,8.0,
0 days 02:16:41.737000,TSU,45.0,0 days 00:02:27.999000,4.0,0 days 00:00:59.221000,0 days 00:00:54.942000,0 days 00:00:33.836000,4.0,SOFT,12.0,
0 days 02:16:45.644000,ZHO,45.0,0 days 00:02:01.756000,8.0,0 days 00:00:31.158000,0 days 00:00:55.353000,0 days 00:00:35.245000,3.0,MEDIUM,9.0,
0 days 02:16:50.051000,LEC,46.0,0 days 00:02:05.151000,15.0,0 days 00:00:31.406000,0 days 00:00:58.116000,0 days 00:00:35.629000,3.0,MEDIUM,1.0,
0 days 02:16:57.452000,OCO,45.0,0 days 00:02:04.785000,5.0,0 days 00:00:37.722000,0 days 00:00:54.374000,0 days 00:00:32.689000,4.0,SOFT,10.0,
0 days 02:17:01.353000,MSC,45.0,0 days 00:02:07.252000,12.0,0 days 00:00:37.539000,0 days 00:00:55.902000,0 days 00:00:33.811000,3.0,SOFT,11.0,
0 days 02:17:02.679000,ALO,45.0,0 days 00:02:07.867000,3.0,0 days 00:00:39.722000,0 days 00:00:54.815000,0 days 00:00:33.330000,4.0,SOFT,13.0,
0 days 02:17:15.508000,VER,46.0,0 days 00:02:09.941000,6.0,0 days 00:00:42.102000,0 days 00:00:55.284000,0 days 00:00:32.555000,4.0,SOFT,2.0,
0 days 02:17:20.312000,STR,45.0,0 days 00:02:13.896000,7.0,0 days 00:00:42.075000,0 days 00:00:55.126000,0 days 00:00:36.695000,3.0,MEDIUM,14.0,
0 days 02:17:35.881000,ALB,45.0,0 days 00:02:08.156000,12.0,0 days 00:00:38.600000,0 days 00:00:57.659000,0 days 00:00:31.897000,3.0,MEDIUM,15.0,
0 days 02:17:36.632000,SAI,46.0,0 days 00:02:08.331000,5.0,0 days 00:00:38.685000,0 days 00:00:57.888000,0 days 00:00:31.758000,4.0,SOFT,3.0,
0 days 02:17:39.181000,PER,46.0,0 days 00:02:08.400000,6.0,0 days 00:00:39.258000,0 days 00:00:57.047000,0 days 00:00:32.095000,4.0,SOFT,4.0,
0 days 02:17:43.121000,RIC,45.0,0 days 00:02:28.703000,1.0,0 days 00:01:01.768000,0 days 00:00:54.632000,0 days 00:00:32.303000,4.0,SOFT,18.0,
0 days 02:17:49.296000,NOR,45.0,0 days 00:02:12.350000,4.0,0 days 00:00:45.209000,0 days 00:00:52.750000,0 days 00:00:34.391000,3.0,SOFT,16.0,
0 days 02:17:55.341000,RUS,46.0,,3.0,0 days 00:01:00.154000,0 days 00:00:54.637000,0 days 00:00:35.758000,4.0,SOFT,6.0,
0 days 02:17:57.980000,LAT,45.0,0 days 00:02:11.603000,13.0,0 days 00:00:42.297000,0 days 00:00:53.920000,0 days 00:00:35.386000,3.0,MEDIUM,17.0,
0 days 02:18:00.865000,HUL,45.0,0 days 00:02:28.352000,1.0,0 days 00:00:57.862000,0 days 00:00:57.860000,0 days 00:00:32.630000,4.0,SOFT,19.0,
0 days 02:18:06.152000,HAM,46.0,0 days 00:02:11.044000,5.0,0 days 00:00:41.232000,0 days 00:00:57.144000,0 days 00:00:32.668000,4.0,SOFT,5.0,
0 days 02:18:25.875000,MAG,46.0,0 days 00:02:06.178000,12.0,0 days 00:00:34.201000,0 days 00:00:59.020000,0 days 00:00:32.957000,3.0,MEDIUM,7.0,
0 days 02:18:41.707000,BOT,46.0,0 days 00:02:28.768000,3.0,0 days 00:00:59.110000,0 days 00:00:57.124000,0 days 00:00:32.534000,4.0,SOFT,8.0,
0 days 02:18:47.400000,ZHO,46.0,,4.0,0 days 00:01:05.178000,0 days 00:00:56.415000,0 days 00:00:34.035000,4.0,SOFT,13.0,
0 days 02:18:55.202000,LEC,47.0,,4.0,0 days 00:00:59.861000,0 days 00:01:01.262000,0 days 00:00:42.723000,4.0,SOFT,1.0,
0 days 02:19:02.237000,OCO,46.0,0 days 00:02:11.055000,6.0,0 days 00:00:41.548000,0 days 00:00:57.783000,0 days 00:00:31.724000,4.0,SOFT,9.0,
0 days 02:19:08.605000,MSC,46.0,0 days 00:02:10.214000,13.0,0 days 00:00:39.624000,0 days 00:00:57.497000,0 days 00:00:33.093000,3.0,SOFT,10.0,
0 days 02:19:09.736000,TSU,46.0,0 days 00:02:10.216000,5.0,0 days 00:00:39.483000,0 days 00:00:57.628000,0 days 00:00:33.105000,4.0,SOFT,11.0,
0 days 02:19:10.546000,ALO,46.0,0 days 00:02:10.714000,4.0,0 days 00:00:40.441000,0 days 00:00:56.927000,0 days 00:00:33.346000,4.0,SOFT,12.0,
0 days 02:19:25.449000,VER,47.0,0 days 00:02:14.782000,7.0,0 days 00:00:40.845000,0 days 00:00:57.084000,0 days 00:00:36.853000,4.0,SOFT,2.0,
0 days 02:19:34.208000,STR,46.0,0 days 00:02:29.264000,1.0,0 days 00:00:58.597000,0 days 00:00:57.219000,0 days 00:00:33.448000,4.0,SOFT,15.0,
0 days 02:19:44.037000,ALB,46.0,0 days 00:02:12.997000,13.0,0 days 00:00:41.218000,0 days 00:00:57.255000,0 days 00:00:34.524000,3.0,MEDIUM,14.0,
0 days 02:19:44.963000,SAI,47.0,0 days 00:02:12.959000,6.0,0 days 00:00:43.064000,0 days 00:00:55.290000,0 days 00:00:34.605000,4.0,SOFT,3.0,
0 days 02:19:47.581000,PER,47.0,0 days 00:02:12.050000,7.0,0 days 00:00:42.339000,0 days 00:00:56.876000,0 days 00:00:32.835000,4.0,SOFT,4.0,
0 days 02:20:01.646000,NOR,46.0,0 days 00:02:23.748000,4.0,0 days 00:00:53.998000,0 days 00:00:56.024000,0 days 00:00:33.726000,4.0,SOFT,17.0,
0 days 02:20:09.583000,LAT,46.0,0 days 00:02:18.301000,4.0,0 days 00:00:56.911000,0 days 00:00:49.190000,0 days 00:00:32.200000,4.0,SOFT,18.0,
0 days 02:20:11.824000,RIC,46.0,0 days 00:02:10.812000,2.0,0 days 00:00:41.448000,0 days 00:00:56.825000,0 days 00:00:32.539000,4.0,SOFT,16.0,
0 days 02:20:17.196000,HAM,47.0,0 days 00:02:06.318000,6.0,0 days 00:00:36.644000,0 days 00:00:57.177000,0 days 00:00:32.497000,4.0,SOFT,5.0,
0 days 02:20:25.936000,RUS,47.0,0 days 00:02:00.695000,4.0,0 days 00:00:32.588000,0 days 00:00:56.487000,0 days 00:00:31.620000,4.0,SOFT,6.0,
0 days 02:20:29.217000,HUL,46.0,0 days 00:01:59.839000,2.0,0 days 00:00:38.135000,0 days 00:00:49.060000,0 days 00:00:32.644000,4.0,SOFT,19.0,
0 days 02:20:32.053000,MAG,47.0,0 days 00:02:07.721000,4.0,0 days 00:00:54.881000,0 days 00:00:46.304000,0 days 00:00:26.536000,4.0,SOFT,7.0,
0 days 02:21:10.475000,BOT,47.0,0 days 00:01:46.020000,4.0,0 days 00:00:35.242000,0 days 00:00:45.443000,0 days 00:00:25.335000,4.0,SOFT,8.0,
0 days 02:21:13.292000,OCO,47.0,0 days 00:01:44.365000,7.0,0 days 00:00:33.736000,0 days 00:00:45.187000,0 days 00:00:25.442000,4.0,SOFT,9.0,
0 days 02:21:18.819000,MSC,47.0,0 days 00:01:45.856000,14.0,0 days 00:00:34.776000,0 days 00:00:44.202000,0 days 00:00:26.878000,3.0,SOFT,10.0,
0 days 02:21:19.952000,TSU,47.0,0 days 00:01:49.994000,6.0,0 days 00:00:36.596000,0 days 00:00:47.493000,0 days 00:00:25.905000,4.0,SOFT,11.0,
0 days 02:21:21.260000,ALO,47.0,0 days 00:01:51.463000,5.0,0 days 00:00:36.484000,0 days 00:00:48.707000,0 days 00:00:26.272000,4.0,SOFT,12.0,
0 days 02:21:23.086000,ZHO,47.0,0 days 00:01:52.222000,5.0,0 days 00:00:36.553000,0 days 00:00:48.280000,0 days 00:00:27.389000,4.0,SOFT,13.0,
0 days 02:21:39.087000,LEC,48.0,,5.0,0 days 00:00:54.812000,0 days 00:01:02.723000,0 days 00:00:33.829000,4.0,SOFT,1.0,
0 days 02:21:40.231000,VER,48.0,,8.0,0 days 00:00:54.606000,0 days 00:01:02.831000,0 days 00:00:34.327000,4.0,SOFT,2.0,
0 days 02:21:57.034000,ALB,47.0,0 days 00:02:21.354000,4.0,0 days 00:00:53.805000,0 days 00:00:50.980000,0 days 00:00:36.569000,4.0,SOFT,15.0,
0 days 02:21:57.922000,SAI,48.0,0 days 00:02:15.797000,7.0,0 days 00:00:38.130000,0 days 00:01:02.310000,0 days 00:00:35.357000,4.0,SOFT,3.0,
0 days 02:21:59.631000,PER,48.0,0 days 00:02:16.085000,8.0,0 days 00:00:37.655000,0 days 00:01:02.212000,0 days 00:00:36.218000,4.0,SOFT,4.0,
0 days 02:22:03.472000,STR,47.0,0 days 00:02:13.815000,2.0,0 days 00:00:35.724000,0 days 00:01:01.581000,0 days 00:00:36.510000,4.0,SOFT,14.0,
0 days 02:22:22.636000,RIC,47.0,0 days 00:01:58.607000,3.0,0 days 00:00:33.662000,0 days 00:00:46.901000,0 days 00:00:38.044000,4.0,SOFT,16.0,
0 days 02:22:23.514000,HAM,48.0,0 days 00:01:59.093000,7.0,0 days 00:00:33.683000,0 days 00:00:46.615000,0 days 00:00:38.795000,4.0,SOFT,5.0,
0 days 02:22:25.394000,NOR,47.0,0 days 00:01:59.069000,5.0,0 days 00:00:33.186000,0 days 00:00:47.174000,0 days 00:00:38.709000,4.0,SOFT,17.0,
0 days 02:22:26.631000,RUS,48.0,0 days 00:02:00.209000,5.0,0 days 00:00:35.713000,0 days 00:00:49.357000,0 days 00:00:35.139000,4.0,SOFT,6.0,
0 days 02:22:27.884000,LAT,47.0,0 days 00:02:00.201000,5.0,0 days 00:00:35.530000,0 days 00:00:48.728000,0 days 00:00:35.943000,4.0,SOFT,18.0,
0 days 02:22:29.056000,HUL,47.0,0 days 00:01:59.877000,3.0,0 days 00:00:36.697000,0 days 00:00:48.275000,0 days 00:00:34.905000,4.0,SOFT,19.0,
0 days 02:22:39.774000,MAG,48.0,0 days 00:01:50.334000,5.0,0 days 00:00:34.434000,0 days 00:00:47.193000,0 days 00:00:28.707000,4.0,SOFT,7.0,
0 days 02:22:56.495000,BOT,48.0,0 days 00:01:45.024000,5.0,0 days 00:00:33.723000,0 days 00:00:45.490000,0 days 00:00:25.811000,4.0,SOFT,8.0,
0 days 02:22:57.657000,OCO,48.0,0 days 00:01:45.075000,8.0,0 days 00:00:34.538000,0 days 00:00:44.609000,0 days 00:00:25.928000,4.0,SOFT,9.0,
0 days 02:23:04.675000,MSC,48.0,0 days 00:01:43.510000,15.0,0 days 00:00:33.542000,0 days 00:00:44.491000,0 days 00:00:25.477000,3.0,SOFT,10.0,
0 days 02:23:09.946000,TSU,48.0,0 days 00:01:46.670000,7.0,0 days 00:00:34.698000,0 days 00:00:46.175000,0 days 00:00:25.797000,4.0,SOFT,11.0,
0 days 02:23:12.723000,ALO,48.0,0 days 00:01:45.574000,6.0,0 days 00:00:33.956000,0 days 00:00:46.205000,0 days 00:00:25.413000,4.0,SOFT,12.0,
0 days 02:23:15.308000,ZHO,48.0,0 days 00:01:46.950000,6.0,0 days 00:00:33.988000,0 days 00:00:46.864000,0 days 00:00:26.098000,4.0,SOFT,13.0,
0 days 02:24:10.388000,LEC,49.0,0 days 00:02:26.221000,6.0,0 days 00:00:43.547000,0 days 00:01:08.540000,0 days 00:00:34.134000,4.0,SOFT,1.0,
0 days 02:24:12.049000,VER,49.0,0 days 00:02:25.374000,9.0,0 days 00:00:43.039000,0 days 00:01:08.042000,0 days 00:00:34.293000,4.0,SOFT,2.0,
0 days 02:24:13.719000,SAI,49.0,0 days 00:02:24.765000,8.0,0 days 00:00:42.173000,0 days 00:01:08.469000,0 days 00:00:34.123000,4.0,SOFT,3.0,
0 days 02:24:15.716000,PER,49.0,0 days 00:02:25.098000,9.0,0 days 00:00:43.474000,0 days 00:01:06.188000,0 days 00:00:35.436000,4.0,SOFT,4.0,
0 days 02:24:17.287000,STR,48.0,0 days 00:01:53.799000,3.0,0 days 00:00:43.062000,0 days 00:00:46.708000,0 days 00:00:24.029000,4.0,SOFT,14.0,
0 days 02:24:18.388000,ALB,48.0,0 days 00:01:56.756000,5.0,0 days 00:00:44.074000,0 days 00:00:48.383000,0 days 00:00:24.299000,4.0,SOFT,15.0,
0 days 02:24:21.243000,RIC,48.0,0 days 00:01:57.098000,4.0,0 days 00:00:42.026000,0 days 00:00:49.813000,0 days 00:00:25.259000,4.0,SOFT,16.0,
0 days 02:24:22.607000,HAM,49.0,0 days 00:02:19.798000,8.0,0 days 00:00:42.471000,0 days 00:01:01.622000,0 days 00:00:35.705000,4.0,SOFT,5.0,
0 days 02:24:24.463000,NOR,48.0,0 days 00:01:54.670000,6.0,0 days 00:00:43.456000,0 days 00:00:46.024000,0 days 00:00:25.190000,4.0,SOFT,17.0,
0 days 02:24:26.840000,RUS,49.0,0 days 00:02:18.375000,6.0,0 days 00:00:42.135000,0 days 00:00:59.106000,0 days 00:00:37.134000,4.0,SOFT,6.0,
0 days 02:24:28.085000,LAT,48.0,0 days 00:01:53.396000,6.0,0 days 00:00:41.578000,0 days 00:00:47.743000,0 days 00:00:24.075000,4.0,SOFT,18.0,
0 days 02:24:28.933000,HUL,48.0,0 days 00:01:53.739000,4.0,0 days 00:00:42.056000,0 days 00:00:47.252000,0 days 00:00:24.431000,4.0,SOFT,19.0,
0 days 02:24:30.108000,MAG,49.0,0 days 00:02:16.149000,6.0,0 days 00:00:41.504000,0 days 00:00:57.348000,0 days 00:00:37.297000,4.0,SOFT,7.0,
0 days 02:24:41.519000,BOT,49.0,0 days 00:02:06.323000,6.0,0 days 00:00:34.143000,0 days 00:00:54.308000,0 days 00:00:37.872000,4.0,SOFT,8.0,
0 days 02:24:42.732000,OCO,49.0,0 days 00:02:06.437000,9.0,0 days 00:00:34.357000,0 days 00:00:53.759000,0 days 00:00:38.321000,4.0,SOFT,9.0,
0 days 02:24:48.185000,MSC,49.0,0 days 00:02:01.897000,16.0,0 days 00:00:33.138000,0 days 00:00:50.369000,0 days 00:00:38.390000,3.0,SOFT,10.0,
0 days 02:24:56.616000,TSU,49.0,0 days 00:01:54.405000,8.0,0 days 00:00:32.957000,0 days 00:00:44.675000,0 days 00:00:36.773000,4.0,SOFT,11.0,
0 days 02:24:58.297000,ALO,49.0,0 days 00:01:53.977000,7.0,0 days 00:00:33.127000,0 days 00:00:46.840000,0 days 00:00:34.010000,4.0,SOFT,12.0,
0 days 02:25:02.258000,ZHO,49.0,0 days 00:01:51.232000,7.0,0 days 00:00:33.642000,0 days 00:00:44.516000,0 days 00:00:33.074000,4.0,SOFT,13.0,
0 days 02:26:11.086000,STR,49.0,0 days 00:01:37.146000,4.0,0 days 00:00:31.285000,0 days 00:00:41.966000,0 days 00:00:23.895000,4.0,SOFT,14.0,
0 days 02:26:15.144000,ALB,49.0,0 days 00:01:40.113000,6.0,0 days 00:00:32.215000,0 days 00:00:44.041000,0 days 00:00:23.857000,4.0,SOFT,15.0,
0 days 02:26:18.341000,RIC,49.0,0 days 00:01:39.453000,5.0,0 days 00:00:32.538000,0 days 00:00:42.985000,0 days 00:00:23.930000,4.0,SOFT,16.0,
0 days 02:26:19.133000,NOR,49.0,0 days 00:01:39.907000,7.0,0 days 00:00:32.302000,0 days 00:00:43.259000,0 days 00:00:24.346000,4.0,SOFT,17.0,
0 days 02:26:21.481000,LAT,49.0,0 days 00:01:38.651000,7.0,0 days 00:00:31.292000,0 days 00:00:43.275000,0 days 00:00:24.084000,4.0,SOFT,18.0,
0 days 02:26:22.672000,HUL,49.0,0 days 00:01:38.201000,5.0,0 days 00:00:31.352000,0 days 00:00:42.526000,0 days 00:00:24.323000,4.0,SOFT,19.0,
0 days 02:26:36.609000,LEC,50.0,0 days 00:02:24.429000,7.0,0 days 00:00:44.857000,0 days 00:00:59.538000,0 days 00:00:40.034000,4.0,SOFT,1.0,
0 days 02:26:37.423000,VER,50.0,0 days 00:02:24.508000,10.0,0 days 00:00:45.067000,0 days 00:00:59.062000,0 days 00:00:40.379000,4.0,SOFT,2.0,
0 days 02:26:38.484000,SAI,50.0,0 days 00:02:23.514000,9.0,0 days 00:00:44.687000,0 days 00:00:59.207000,0 days 00:00:39.620000,4.0,SOFT,3.0,
0 days 02:26:40.814000,PER,50.0,0 days 00:02:21.747000,10.0,0 days 00:00:44.248000,0 days 00:00:58.330000,0 days 00:00:39.169000,4.0,SOFT,4.0,
0 days 02:26:42.405000,HAM,50.0,0 days 00:02:20.564000,9.0,0 days 00:00:44.182000,0 days 00:00:58.128000,0 days 00:00:38.254000,4.0,SOFT,5.0,
0 days 02:26:45.215000,RUS,50.0,0 days 00:02:18.204000,7.0,0 days 00:00:42.699000,0 days 00:00:58.058000,0 days 00:00:37.447000,4.0,SOFT,6.0,
0 days 02:26:46.257000,MAG,50.0,0 days 00:02:17.630000,7.0,0 days 00:00:42.474000,0 days 00:00:57.734000,0 days 00:00:37.422000,4.0,SOFT,7.0,
0 days 02:26:47.842000,BOT,50.0,0 days 00:02:16.411000,7.0,0 days 00:00:41.637000,0 days 00:00:57.746000,0 days 00:00:37.028000,4.0,SOFT,8.0,
0 days 02:26:49.169000,OCO,50.0,0 days 00:02:15.414000,10.0,0 days 00:00:41.434000,0 days 00:00:57.178000,0 days 00:00:36.802000,4.0,SOFT,9.0,
0 days 02:26:50.082000,MSC,50.0,0 days 00:02:15.042000,17.0,0 days 00:00:41.019000,0 days 00:00:57.374000,0 days 00:00:36.649000,3.0,SOFT,10.0,
0 days 02:26:51.021000,TSU,50.0,0 days 00:02:14.320000,9.0,0 days 00:00:41.327000,0 days 00:00:56.781000,0 days 00:00:36.212000,4.0,SOFT,11.0,
0 days 02:26:52.274000,ALO,50.0,0 days 00:02:13.261000,8.0,0 days 00:00:42.073000,0 days 00:00:55.761000,0 days 00:00:35.427000,4.0,SOFT,12.0,
0 days 02:26:53.490000,ZHO,50.0,0 days 00:02:12.681000,8.0,0 days 00:00:41.802000,0 days 00:00:56.496000,0 days 00:00:34.383000,4.0,SOFT,13.0,
0 days 02:27:48.232000,STR,50.0,0 days 00:01:37.326000,5.0,0 days 00:00:31.343000,0 days 00:00:41.993000,0 days 00:00:23.990000,4.0,SOFT,14.0,
0 days 02:27:55.257000,ALB,50.0,0 days 00:01:37.355000,7.0,0 days 00:00:31.111000,0 days 00:00:42.380000,0 days 00:00:23.864000,4.0,SOFT,15.0,
0 days 02:27:57.794000,RIC,50.0,0 days 00:01:37.261000,6.0,0 days 00:00:31.124000,0 days 00:00:42.142000,0 days 00:00:23.995000,4.0,SOFT,16.0,
0 days 02:27:59.040000,NOR,50.0,0 days 00:01:38.098000,8.0,0 days 00:00:32.041000,0 days 00:00:42.222000,0 days 00:00:23.835000,4.0,SOFT,17.0,
0 days 02:28:00.132000,LAT,50.0,0 days 00:01:38.335000,8.0,0 days 00:00:31.497000,0 days 00:00:42.904000,0 days 00:00:23.934000,4.0,SOFT,18.0,
0 days 02:28:00.873000,HUL,50.0,0 days 00:01:38.299000,6.0,0 days 00:00:31.400000,0 days 00:00:42.688000,0 days 00:00:24.211000,4.0,SOFT,19.0,
0 days 02:29:01.038000,LEC,51.0,0 days 00:01:34.570000,8.0,0 days 00:00:30.439000,0 days 00:00:40.732000,0 days 00:00:23.399000,4.0,SOFT,1.0,
0 days 02:29:01.931000,VER,51.0,0 days 00:01:35.440000,11.0,0 days 00:00:30.521000,0 days 00:00:41.270000,0 days 00:00:23.649000,4.0,SOFT,2.0,
0 days 02:29:01.998000,SAI,51.0,0 days 00:01:35.992000,10.0,0 days 00:00:30.817000,0 days 00:00:41.508000,0 days 00:00:23.667000,4.0,SOFT,3.0,
0 days 02:29:02.561000,PER,51.0,0 days 00:01:36.389000,11.0,0 days 00:00:30.881000,0 days 00:00:41.705000,0 days 00:00:23.803000,4.0,SOFT,4.0,
0 days 02:29:02.969000,HAM,51.0,0 days 00:01:36.487000,10.0,0 days 00:00:31.192000,0 days 00:00:41.611000,0 days 00:00:23.684000,4.0,SOFT,5.0,
0 days 02:29:03.419000,RUS,51.0,0 days 00:01:36.940000,8.0,0 days 00:00:31.430000,0 days 00:00:41.843000,0 days 00:00:23.667000,4.0,SOFT,6.0,
0 days 02:29:03.887000,MAG,51.0,0 days 00:01:37.343000,8.0,0 days 00:00:31.108000,0 days 00:00:42.324000,0 days 00:00:23.911000,4.0,SOFT,7.0,
0 days 02:29:04.253000,BOT,51.0,0 days 00:01:37.589000,8.0,0 days 00:00:31.572000,0 days 00:00:42.131000,0 days 00:00:23.886000,4.0,SOFT,8.0,
0 days 02:29:04.583000,OCO,51.0,0 days 00:01:38.145000,11.0,0 days 00:00:31.630000,0 days 00:00:42.494000,0 days 00:00:24.021000,4.0,SOFT,9.0,
0 days 02:29:05.124000,MSC,51.0,0 days 00:01:40.528000,18.0,0 days 00:00:31.772000,0 days 00:00:44.161000,0 days 00:00:24.595000,3.0,SOFT,12.0,
0 days 02:29:05.341000,TSU,51.0,0 days 00:01:38.166000,10.0,0 days 00:00:31.398000,0 days 00:00:42.632000,0 days 00:00:24.136000,4.0,SOFT,10.0,
0 days 02:29:05.535000,ALO,51.0,0 days 00:01:39.006000,9.0,0 days 00:00:31.587000,0 days 00:00:43.468000,0 days 00:00:23.951000,4.0,SOFT,11.0,
0 days 02:29:06.171000,ZHO,51.0,0 days 00:01:39.725000,9.0,0 days 00:00:31.323000,0 days 00:00:43.823000,0 days 00:00:24.579000,4.0,SOFT,13.0,
0 days 02:29:25.558000,STR,51.0,0 days 00:01:37.274000,6.0,0 days 00:00:31.146000,0 days 00:00:42.102000,0 days 00:00:24.026000,4.0,SOFT,14.0,
0 days 02:29:32.612000,ALB,51.0,0 days 00:01:37.702000,8.0,0 days 00:00:31.241000,0 days 00:00:42.411000,0 days 00:00:24.050000,4.0,SOFT,15.0,
0 days 02:29:35.055000,RIC,51.0,0 days 00:01:37.580000,7.0,0 days 00:00:31.184000,0 days 00:00:42.192000,0 days 00:00:24.204000,4.0,SOFT,16.0,
0 days 02:29:37.138000,NOR,51.0,0 days 00:01:36.988000,9.0,0 days 00:00:31.056000,0 days 00:00:41.954000,0 days 00:00:23.978000,4.0,SOFT,17.0,
0 days 02:29:38.467000,LAT,51.0,0 days 00:01:38.251000,9.0,0 days 00:00:31.141000,0 days 00:00:42.974000,0 days 00:00:24.136000,4.0,SOFT,18.0,
0 days 02:29:39.172000,HUL,51.0,0 days 00:01:38.243000,7.0,0 days 00:00:31.385000,0 days 00:00:42.491000,0 days 00:00:24.367000,4.0,SOFT,19.0,
0 days 02:30:35.608000,LEC,52.0,0 days 00:01:35.027000,9.0,0 days 00:00:30.709000,0 days 00:00:40.854000,0 days 00:00:23.464000,4.0,SOFT,1.0,
0 days 02:30:37.371000,VER,52.0,0 days 00:01:35.462000,12.0,0 days 00:00:30.578000,0 days 00:00:41.319000,0 days 00:00:23.565000,4.0,SOFT,2.0,
0 days 02:30:37.990000,SAI,52.0,0 days 00:01:35.740000,11.0,0 days 00:00:30.813000,0 days 00:00:41.222000,0 days 00:00:23.705000,4.0,SOFT,3.0,
0 days 02:30:38.950000,PER,52.0,0 days 00:01:36.089000,12.0,0 days 00:00:30.825000,0 days 00:00:41.519000,0 days 00:00:23.745000,4.0,SOFT,4.0,
0 days 02:30:39.456000,HAM,52.0,0 days 00:01:36.360000,11.0,0 days 00:00:30.971000,0 days 00:00:41.771000,0 days 00:00:23.618000,4.0,SOFT,5.0,
0 days 02:30:40.359000,RUS,52.0,0 days 00:01:36.529000,9.0,0 days 00:00:31.130000,0 days 00:00:41.790000,0 days 00:00:23.609000,4.0,SOFT,6.0,
0 days 02:30:41.230000,MAG,52.0,0 days 00:01:36.860000,9.0,0 days 00:00:31.051000,0 days 00:00:42.022000,0 days 00:00:23.787000,4.0,SOFT,7.0,
0 days 02:30:41.842000,BOT,52.0,0 days 00:01:37.060000,9.0,0 days 00:00:31.250000,0 days 00:00:42.034000,0 days 00:00:23.776000,4.0,SOFT,8.0,
0 days 02:30:42.728000,OCO,52.0,0 days 00:01:37.367000,12.0,0 days 00:00:31.204000,0 days 00:00:42.155000,0 days 00:00:24.008000,4.0,SOFT,9.0,
0 days 02:30:43.507000,TSU,52.0,0 days 00:01:37.475000,11.0,0 days 00:00:31.212000,0 days 00:00:42.316000,0 days 00:00:23.947000,4.0,SOFT,10.0,
0 days 02:30:44.541000,ALO,52.0,0 days 00:01:37.538000,10.0,0 days 00:00:31.292000,0 days 00:00:42.145000,0 days 00:00:24.101000,4.0,SOFT,11.0,
0 days 02:30:45.652000,MSC,52.0,0 days 00:01:39.537000,19.0,0 days 00:00:31.717000,0 days 00:00:43.270000,0 days 00:00:24.550000,3.0,SOFT,13.0,
0 days 02:30:45.896000,ZHO,52.0,0 days 00:01:38.278000,10.0,0 days 00:00:31.837000,0 days 00:00:42.618000,0 days 00:00:23.823000,4.0,SOFT,12.0,
0 days 02:31:02.832000,STR,52.0,0 days 00:01:37.622000,7.0,0 days 00:00:31.356000,0 days 00:00:42.258000,0 days 00:00:24.008000,4.0,SOFT,14.0,
0 days 02:31:10.314000,ALB,52.0,0 days 00:01:37.717000,9.0,0 days 00:00:31.141000,0 days 00:00:42.491000,0 days 00:00:24.085000,4.0,SOFT,15.0,
0 days 02:31:12.635000,RIC,52.0,0 days 00:01:37.654000,8.0,0 days 00:00:31.326000,0 days 00:00:42.252000,0 days 00:00:24.076000,4.0,SOFT,16.0,
0 days 02:31:14.126000,NOR,52.0,0 days 00:01:37.208000,10.0,0 days 00:00:31.204000,0 days 00:00:41.991000,0 days 00:00:24.013000,4.0,SOFT,17.0,
0 days 02:31:16.718000,LAT,52.0,0 days 00:01:38.466000,10.0,0 days 00:00:31.330000,0 days 00:00:43.100000,0 days 00:00:24.036000,4.0,SOFT,18.0,
0 days 02:31:17.415000,HUL,52.0,0 days 00:01:38.599000,8.0,0 days 00:00:31.439000,0 days 00:00:42.849000,0 days 00:00:24.311000,4.0,SOFT,19.0,
0 days 02:32:10.635000,LEC,53.0,0 days 00:01:35.127000,10.0,0 days 00:00:30.661000,0 days 00:00:40.910000,0 days 00:00:23.556000,4.0,SOFT,1.0,
0 days 02:32:12.833000,VER,53.0,0 days 00:01:35.927000,13.0,0 days 00:00:30.517000,0 days 00:00:41.435000,0 days 00:00:23.975000,4.0,SOFT,2.0,
0 days 02:32:13.730000,SAI,53.0,0 days 00:01:35.880000,12.0,0 days 00:00:30.754000,0 days 00:00:41.421000,0 days 00:00:23.705000,4.0,SOFT,3.0,
0 days 02:32:15.039000,PER,53.0,0 days 00:01:36.113000,13.0,0 days 00:00:30.794000,0 days 00:00:41.527000,0 days 00:00:23.792000,4.0,SOFT,4.0,
0 days 02:32:15.816000,HAM,53.0,0 days 00:01:36.228000,12.0,0 days 00:00:30.902000,0 days 00:00:41.576000,0 days 00:00:23.750000,4.0,SOFT,5.0,
0 days 02:32:16.888000,RUS,53.0,0 days 00:01:36.367000,10.0,0 days 00:00:31.037000,0 days 00:00:41.722000,0 days 00:00:23.608000,4.0,SOFT,6.0,
0 days 02:32:18.090000,MAG,53.0,0 days 00:01:36.623000,10.0,0 days 00:00:30.890000,0 days 00:00:41.903000,0 days 00:00:23.830000,4.0,SOFT,7.0,
0 days 02:32:18.902000,BOT,53.0,0 days 00:01:36.599000,10.0,0 days 00:00:30.888000,0 days 00:00:41.967000,0 days 00:00:23.744000,4.0,SOFT,8.0,
0 days 02:32:20.095000,OCO,53.0,0 days 00:01:37.110000,13.0,0 days 00:00:31.005000,0 days 00:00:42.135000,0 days 00:00:23.970000,4.0,SOFT,9.0,
0 days 02:32:20.982000,TSU,53.0,0 days 00:01:37.104000,12.0,0 days 00:00:31.025000,0 days 00:00:42.242000,0 days 00:00:23.837000,4.0,SOFT,10.0,
0 days 02:32:22.079000,ALO,53.0,0 days 00:01:37.396000,11.0,0 days 00:00:31.322000,0 days 00:00:42.100000,0 days 00:00:23.974000,4.0,SOFT,11.0,
0 days 02:32:24.174000,ZHO,53.0,0 days 00:01:37.162000,11.0,0 days 00:00:31.176000,0 days 00:00:42.143000,0 days 00:00:23.843000,4.0,SOFT,12.0,
0 days 02:32:25.189000,MSC,53.0,0 days 00:01:38.537000,20.0,0 days 00:00:31.443000,0 days 00:00:42.769000,0 days 00:00:24.325000,3.0,SOFT,13.0,
0 days 02:32:40.454000,STR,53.0,0 days 00:01:38.678000,8.0,0 days 00:00:31.293000,0 days 00:00:43.332000,0 days 00:00:24.053000,4.0,SOFT,14.0,
0 days 02:32:48.031000,ALB,53.0,0 days 00:01:38.073000,10.0,0 days 00:00:31.314000,0 days 00:00:42.620000,0 days 00:00:24.139000,4.0,SOFT,15.0,
0 days 02:32:50.289000,RIC,53.0,0 days 00:01:37.671000,9.0,0 days 00:00:31.305000,0 days 00:00:42.239000,0 days 00:00:24.127000,4.0,SOFT,16.0,
0 days 02:32:51.334000,NOR,53.0,0 days 00:01:37.468000,11.0,0 days 00:00:31.037000,0 days 00:00:42.137000,0 days 00:00:24.294000,4.0,SOFT,17.0,
0 days 02:32:55.184000,LAT,53.0,0 days 00:01:38.452000,11.0,0 days 00:00:31.331000,0 days 00:00:43.027000,0 days 00:00:24.094000,4.0,SOFT,18.0,
0 days 02:32:56.014000,HUL,53.0,0 days 00:01:38.452000,9.0,0 days 00:00:31.355000,0 days 00:00:42.670000,0 days 00:00:24.427000,4.0,SOFT,19.0,
0 days 02:33:45.762000,LEC,54.0,0 days 00:01:35.429000,11.0,0 days 00:00:30.769000,0 days 00:00:41.126000,0 days 00:00:23.534000,4.0,SOFT,1.0,
0 days 02:33:48.760000,VER,54.0,0 days 00:02:04.094000,14.0,0 days 00:00:31.367000,0 days 00:00:43.081000,0 days 00:00:49.646000,4.0,SOFT,13.0,
0 days 02:33:49.610000,SAI,54.0,0 days 00:01:36.565000,13.0,0 days 00:00:30.833000,0 days 00:00:42.041000,0 days 00:00:23.691000,4.0,SOFT,2.0,
0 days 02:33:51.152000,PER,54.0,0 days 00:01:36.755000,14.0,0 days 00:00:30.895000,0 days 00:00:41.788000,0 days 00:00:24.072000,4.0,SOFT,3.0,
0 days 02:33:52.044000,HAM,54.0,0 days 00:01:36.354000,13.0,0 days 00:00:30.629000,0 days 00:00:41.772000,0 days 00:00:23.953000,4.0,SOFT,4.0,
0 days 02:33:53.255000,RUS,54.0,0 days 00:01:36.592000,11.0,0 days 00:00:31.104000,0 days 00:00:41.593000,0 days 00:00:23.895000,4.0,SOFT,5.0,
0 days 02:33:54.713000,MAG,54.0,0 days 00:01:36.960000,11.0,0 days 00:00:30.948000,0 days 00:00:42.123000,0 days 00:00:23.889000,4.0,SOFT,6.0,
0 days 02:33:55.501000,BOT,54.0,0 days 00:01:36.959000,11.0,0 days 00:00:30.676000,0 days 00:00:42.341000,0 days 00:00:23.942000,4.0,SOFT,7.0,
0 days 02:33:57.205000,OCO,54.0,0 days 00:01:37.299000,14.0,0 days 00:00:31.155000,0 days 00:00:42.243000,0 days 00:00:23.901000,4.0,SOFT,8.0,
0 days 02:33:58.086000,TSU,54.0,0 days 00:01:37.268000,13.0,0 days 00:00:30.808000,0 days 00:00:42.381000,0 days 00:00:24.079000,4.0,SOFT,9.0,
0 days 02:33:59.475000,ALO,54.0,0 days 00:01:37.303000,12.0,0 days 00:00:31.171000,0 days 00:00:42.093000,0 days 00:00:24.039000,4.0,SOFT,10.0,
0 days 02:34:01.336000,ZHO,54.0,0 days 00:01:37.247000,12.0,0 days 00:00:31.067000,0 days 00:00:42.082000,0 days 00:00:24.098000,4.0,SOFT,11.0,
0 days 02:34:03.726000,MSC,54.0,0 days 00:01:38.747000,21.0,0 days 00:00:31.420000,0 days 00:00:42.955000,0 days 00:00:24.372000,3.0,SOFT,12.0,
0 days 02:34:19.132000,STR,54.0,0 days 00:01:37.877000,9.0,0 days 00:00:31.322000,0 days 00:00:42.375000,0 days 00:00:24.180000,4.0,SOFT,14.0,
0 days 02:34:26.104000,ALB,54.0,0 days 00:01:38.356000,11.0,0 days 00:00:31.301000,0 days 00:00:42.889000,0 days 00:00:24.166000,4.0,SOFT,15.0,
0 days 02:34:27.960000,RIC,54.0,0 days 00:01:38.120000,10.0,0 days 00:00:31.385000,0 days 00:00:42.493000,0 days 00:00:24.242000,4.0,SOFT,16.0,
0 days 02:34:28.802000,NOR,54.0,0 days 00:01:38.018000,12.0,0 days 00:00:30.991000,0 days 00:00:42.707000,0 days 00:00:24.320000,4.0,SOFT,17.0,
0 days 02:34:33.636000,LAT,54.0,0 days 00:01:38.707000,12.0,0 days 00:00:31.308000,0 days 00:00:43.130000,0 days 00:00:24.269000,4.0,SOFT,18.0,
0 days 02:34:34.466000,HUL,54.0,0 days 00:01:38.533000,10.0,0 days 00:00:31.114000,0 days 00:00:42.958000,0 days 00:00:24.461000,4.0,SOFT,19.0,
0 days 02:35:21.191000,LEC,55.0,0 days 00:01:35.427000,12.0,0 days 00:00:30.818000,0 days 00:00:41.043000,0 days 00:00:23.566000,4.0,SOFT,1.0,
0 days 02:35:26.175000,SAI,55.0,0 days 00:01:36.075000,14.0,0 days 00:00:30.895000,0 days 00:00:41.475000,0 days 00:00:23.705000,4.0,SOFT,2.0,
0 days 02:35:27.907000,PER,55.0,0 days 00:01:36.436000,15.0,0 days 00:00:30.854000,0 days 00:00:41.704000,0 days 00:00:23.878000,4.0,SOFT,3.0,
0 days 02:35:28.398000,HAM,55.0,0 days 00:01:36.566000,14.0,0 days 00:00:30.793000,0 days 00:00:41.958000,0 days 00:00:23.815000,4.0,SOFT,4.0,
0 days 02:35:29.847000,RUS,55.0,0 days 00:01:36.395000,12.0,0 days 00:00:30.808000,0 days 00:00:41.842000,0 days 00:00:23.745000,4.0,SOFT,5.0,
0 days 02:35:31.673000,MAG,55.0,0 days 00:01:36.937000,12.0,0 days 00:00:31.045000,0 days 00:00:42.004000,0 days 00:00:23.888000,4.0,SOFT,6.0,
0 days 02:35:32.460000,BOT,55.0,0 days 00:01:37.217000,12.0,0 days 00:00:30.818000,0 days 00:00:42.342000,0 days 00:00:24.057000,4.0,SOFT,7.0,
0 days 02:35:34.504000,OCO,55.0,0 days 00:01:37.251000,15.0,0 days 00:00:31.091000,0 days 00:00:42.165000,0 days 00:00:23.995000,4.0,SOFT,8.0,
0 days 02:35:35.354000,TSU,55.0,0 days 00:01:37.264000,14.0,0 days 00:00:30.711000,0 days 00:00:42.335000,0 days 00:00:24.218000,4.0,SOFT,9.0,
0 days 02:35:36.778000,ALO,55.0,0 days 00:01:37.672000,13.0,0 days 00:00:31.239000,0 days 00:00:42.303000,0 days 00:00:24.130000,4.0,SOFT,10.0,
0 days 02:35:38.583000,ZHO,55.0,0 days 00:01:37.132000,13.0,0 days 00:00:31.079000,0 days 00:00:42.112000,0 days 00:00:23.941000,4.0,SOFT,11.0,
0 days 02:35:42.473000,MSC,55.0,0 days 00:01:39.201000,22.0,0 days 00:00:31.507000,0 days 00:00:43.217000,0 days 00:00:24.477000,3.0,SOFT,12.0,
0 days 02:35:57.009000,STR,55.0,0 days 00:01:38.328000,10.0,0 days 00:00:31.478000,0 days 00:00:42.668000,0 days 00:00:24.182000,4.0,SOFT,13.0,
0 days 02:36:04.460000,ALB,55.0,0 days 00:01:38.826000,12.0,0 days 00:00:31.391000,0 days 00:00:43.089000,0 days 00:00:24.346000,4.0,SOFT,14.0,
0 days 02:36:06.080000,RIC,55.0,0 days 00:01:38.639000,11.0,0 days 00:00:31.561000,0 days 00:00:42.646000,0 days 00:00:24.432000,4.0,SOFT,15.0,
0 days 02:36:06.820000,NOR,55.0,0 days 00:01:38.660000,13.0,0 days 00:00:31.487000,0 days 00:00:42.771000,0 days 00:00:24.402000,4.0,SOFT,16.0,
0 days 02:36:12.343000,LAT,55.0,0 days 00:01:39.119000,13.0,0 days 00:00:31.573000,0 days 00:00:43.276000,0 days 00:00:24.270000,4.0,SOFT,17.0,
0 days 02:36:12.999000,HUL,55.0,0 days 00:01:39.236000,11.0,0 days 00:00:31.460000,0 days 00:00:43.089000,0 days 00:00:24.687000,4.0,SOFT,18.0,
0 days 02:36:56.618000,LEC,56.0,0 days 00:01:35.673000,13.0,0 days 00:00:30.859000,0 days 00:00:41.191000,0 days 00:00:23.623000,4.0,SOFT,1.0,
0 days 02:37:02.250000,SAI,56.0,0 days 00:01:35.767000,15.0,0 days 00:00:30.796000,0 days 00:00:41.317000,0 days 00:00:23.654000,4.0,SOFT,2.0,
0 days 02:37:04.343000,PER,56.0,0 days 00:01:36.286000,16.0,0 days 00:00:30.819000,0 days 00:00:41.552000,0 days 00:00:23.915000,4.0,SOFT,3.0,
0 days 02:37:04.964000,HAM,56.0,0 days 00:01:36.481000,15.0,0 days 00:00:30.773000,0 days 00:00:41.807000,0 days 00:00:23.901000,4.0,SOFT,4.0,
0 days 02:37:06.242000,RUS,56.0,0 days 00:01:36.302000,13.0,0 days 00:00:31.060000,0 days 00:00:41.554000,0 days 00:00:23.688000,4.0,SOFT,5.0,
0 days 02:37:08.610000,MAG,56.0,0 days 00:01:37.091000,13.0,0 days 00:00:31.050000,0 days 00:00:42.031000,0 days 00:00:24.010000,4.0,SOFT,6.0,
0 days 02:37:09.677000,BOT,56.0,0 days 00:01:37.260000,13.0,0 days 00:00:30.821000,0 days 00:00:42.488000,0 days 00:00:23.951000,4.0,SOFT,7.0,
0 days 02:37:11.755000,OCO,56.0,0 days 00:01:37.680000,16.0,0 days 00:00:31.273000,0 days 00:00:42.375000,0 days 00:00:24.032000,4.0,SOFT,8.0,
0 days 02:37:12.618000,TSU,56.0,0 days 00:01:37.565000,15.0,0 days 00:00:30.893000,0 days 00:00:42.494000,0 days 00:00:24.178000,4.0,SOFT,9.0,
0 days 02:37:14.450000,ALO,56.0,0 days 00:01:37.642000,14.0,0 days 00:00:31.263000,0 days 00:00:42.318000,0 days 00:00:24.061000,4.0,SOFT,10.0,
0 days 02:37:15.715000,ZHO,56.0,0 days 00:01:37.154000,14.0,0 days 00:00:30.908000,0 days 00:00:42.185000,0 days 00:00:24.061000,4.0,SOFT,11.0,
0 days 02:37:21.674000,MSC,56.0,0 days 00:01:39.090000,23.0,0 days 00:00:31.470000,0 days 00:00:43.168000,0 days 00:00:24.452000,3.0,SOFT,12.0,
0 days 02:37:35.337000,STR,56.0,0 days 00:01:38.829000,11.0,0 days 00:00:31.736000,0 days 00:00:42.725000,0 days 00:00:24.368000,4.0,SOFT,13.0,
0 days 02:37:43.286000,ALB,56.0,0 days 00:01:39.202000,13.0,0 days 00:00:31.686000,0 days 00:00:43.038000,0 days 00:00:24.478000,4.0,SOFT,14.0,
0 days 02:37:44.719000,RIC,56.0,0 days 00:01:38.860000,12.0,0 days 00:00:31.595000,0 days 00:00:42.858000,0 days 00:00:24.407000,4.0,SOFT,15.0,
0 days 02:37:45.480000,NOR,56.0,0 days 00:01:38.987000,14.0,0 days 00:00:31.371000,0 days 00:00:42.999000,0 days 00:00:24.617000,4.0,SOFT,16.0,
0 days 02:37:51.462000,LAT,56.0,0 days 00:01:39.145000,14.0,0 days 00:00:31.464000,0 days 00:00:43.303000,0 days 00:00:24.378000,4.0,SOFT,17.0,
0 days 02:37:52.235000,HUL,56.0,0 days 00:01:39.102000,12.0,0 days 00:00:31.394000,0 days 00:00:43.118000,0 days 00:00:24.590000,4.0,SOFT,18.0,
0 days 02:38:32.291000,LEC,57.0,0 days 00:01:36.373000,14.0,0 days 00:00:30.927000,0 days 00:00:41.677000,0 days 00:00:23.769000,4.0,SOFT,1.0,
0 days 02:38:38.017000,SAI,57.0,0 days 00:01:36.269000,16.0,0 days 00:00:30.890000,0 days 00:00:41.561000,0 days 00:00:23.818000,4.0,SOFT,2.0,
0 days 02:38:40.629000,PER,57.0,,17.0,,,,4.0,SOFT,,
0 days 02:38:41.445000,HAM,57.0,0 days 00:01:36.918000,16.0,0 days 00:00:31.382000,0 days 00:00:41.762000,0 days 00:00:23.774000,4.0,SOFT,3.0,
0 days 02:38:42.544000,RUS,57.0,0 days 00:01:37.401000,14.0,0 days 00:00:31.737000,0 days 00:00:41.929000,0 days 00:00:23.735000,4.0,SOFT,4.0,
0 days 02:38:45.701000,MAG,57.0,0 days 00:01:37.741000,14.0,0 days 00:00:31.338000,0 days 00:00:42.474000,0 days 00:00:23.929000,4.0,SOFT,5.0,
0 days 02:38:46.937000,BOT,57.0,0 days 00:01:37.870000,14.0,0 days 00:00:31.430000,0 days 00:00:42.479000,0 days 00:00:23.961000,4.0,SOFT,6.0,
0 days 02:38:49.435000,OCO,57.0,0 days 00:01:38.676000,17.0,0 days 00:00:31.981000,0 days 00:00:42.512000,0 days 00:00:24.183000,4.0,SOFT,7.0,
0 days 02:38:50.183000,TSU,57.0,0 days 00:01:38.891000,16.0,0 days 00:00:31.960000,0 days 00:00:42.692000,0 days 00:00:24.239000,4.0,SOFT,8.0,
0 days 02:38:52.092000,ALO,57.0,0 days 00:01:38.986000,15.0,0 days 00:00:32.243000,0 days 00:00:42.566000,0 days 00:00:24.177000,4.0,SOFT,9.0,
0 days 02:38:52.869000,ZHO,57.0,0 days 00:01:38.941000,15.0,0 days 00:00:31.915000,0 days 00:00:42.884000,0 days 00:00:24.142000,4.0,SOFT,10.0,
0 days 02:39:00.764000,MSC,57.0,0 days 00:01:40.498000,24.0,0 days 00:00:32.971000,0 days 00:00:43.115000,0 days 00:00:24.412000,3.0,SOFT,11.0,
0 days 02:39:14.166000,STR,57.0,0 days 00:01:40.395000,12.0,0 days 00:00:32.658000,0 days 00:00:43.027000,0 days 00:00:24.710000,4.0,SOFT,12.0,
0 days 02:39:22.488000,ALB,57.0,0 days 00:01:40.132000,14.0,0 days 00:00:32.321000,0 days 00:00:43.293000,0 days 00:00:24.518000,4.0,SOFT,13.0,
0 days 02:39:23.579000,RIC,57.0,0 days 00:01:40.084000,13.0,0 days 00:00:32.486000,0 days 00:00:42.979000,0 days 00:00:24.619000,4.0,SOFT,14.0,
0 days 02:39:24.467000,NOR,57.0,0 days 00:01:40.556000,15.0,0 days 00:00:32.980000,0 days 00:00:42.961000,0 days 00:00:24.615000,4.0,SOFT,15.0,
0 days 02:39:30.607000,LAT,57.0,0 days 00:01:39.876000,15.0,0 days 00:00:32.024000,0 days 00:00:43.438000,0 days 00:00:24.414000,4.0,SOFT,16.0,
0 days 02:39:31.337000,HUL,57.0,0 days 00:01:41.180000,13.0,0 days 00:00:33.104000,0 days 00:00:43.528000,0 days 00:00:24.548000,4.0,SOFT,17.0,
0 days 01:02:27.563000,VER,1.0,0 days 00:01:38.082000,1.0,,0 days 00:00:30.360000,0 days 00:00:29.775000,1.0,MEDIUM,3.0,
0 days 01:02:27.563000,PER,1.0,0 days 00:01:35.991000,1.0,,0 days 00:00:29.931000,0 days 00:00:29.658000,1.0,MEDIUM,1.0,
0 days 01:02:27.563000,RUS,1.0,0 days 00:01:40.421000,1.0,,0 days 00:00:30.738000,0 days 00:00:30.080000,1.0,MEDIUM,6.0,
0 days 01:02:27.563000,LAT,1.0,0 days 00:01:46.377000,1.0,,0 days 00:00:31.688000,0 days 00:00:30.669000,1.0,MEDIUM,17.0,
0 days 01:02:27.563000,ALO,1.0,0 days 00:01:41.458000,1.0,,0 days 00:00:31.224000,0 days 00:00:30.105000,1.0,MEDIUM,7.0,
0 days 01:02:27.563000,LEC,1.0,0 days 00:01:37.088000,1.0,,0 days 00:00:30.338000,0 days 00:00:29.685000,1.0,MEDIUM,2.0,
0 days 01:02:27.563000,SAI,1.0,0 days 00:01:38.635000,1.0,,0 days 00:00:30.386000,0 days 00:00:29.747000,1.0,MEDIUM,4.0,
0 days 01:02:27.563000,BOT,1.0,0 days 00:01:42.123000,1.0,,0 days 00:00:31.168000,0 days 00:00:30.384000,1.0,MEDIUM,8.0,
0 days 01:02:27.563000,STR,1.0,0 days 00:01:43.828000,2.0,,0 days 00:00:31.287000,0 days 00:00:30.497000,1.0,MEDIUM,12.0,
0 days 01:02:27.563000,MAG,1.0,0 days 00:01:42.705000,3.0,,0 days 00:00:31.174000,0 days 00:00:30.628000,1.0,HARD,9.0,
0 days 01:02:27.563000,ALB,1.0,0 days 00:01:45.023000,1.0,,0 days 00:00:31.557000,0 days 00:00:30.530000,1.0,MEDIUM,15.0,
0 days 01:02:27.563000,NOR,1.0,0 days 00:01:43.333000,1.0,,0 days 00:00:31.309000,0 days 00:00:30.298000,1.0,MEDIUM,11.0,
0 days 01:02:27.563000,ZHO,1.0,0 days 00:01:46.520000,1.0,,0 days 00:00:31.537000,0 days 00:00:30.349000,1.0,MEDIUM,18.0,
0 days 01:02:27.563000,OCO,1.0,0 days 00:01:39.900000,1.0,,0 days 00:00:30.870000,0 days 00:00:30.042000,1.0,MEDIUM,5.0,
0 days 01:02:27.563000,HUL,1.0,0 days 00:01:45.803000,2.0,,0 days 00:00:31.531000,0 days 00:00:30.692000,1.0,HARD,16.0,
0 days 01:02:27.563000,HAM,1.0,0 days 00:01:44.788000,2.0,,0 days 00:00:31.465000,0 days 00:00:30.728000,1.0,HARD,14.0,
0 days 01:02:27.563000,GAS,1.0,0 days 00:01:43.106000,1.0,,0 days 00:00:31.165000,0 days 00:00:30.524000,1.0,MEDIUM,10.0,
0 days 01:02:27.563000,RIC,1.0,0 days 00:01:44.274000,1.0,,0 days 00:00:31.287000,0 days 00:00:30.577000,1.0,MEDIUM,13.0,
0 days 01:04:03.785000,PER,2.0,0 days 00:01:34.722000,2.0,0 days 00:00:35.163000,0 days 00:00:30.100000,0 days 00:00:29.459000,1.0,MEDIUM,1.0,
0 days 01:04:04.882000,LEC,2.0,0 days 00:01:34.943000,2.0,0 days 00:00:35.261000,0 days 00:00:30.090000,0 days 00:00:29.592000,1.0,MEDIUM,2.0,
0 days 01:04:05.876000,VER,2.0,0 days 00:01:35.275000,2.0,0 days 00:00:35.387000,0 days 00:00:30.255000,0 days 00:00:29.633000,1.0,MEDIUM,3.0,
0 days 01:04:06.429000,SAI,2.0,0 days 00:01:35.499000,2.0,0 days 00:00:35.605000,0 days 00:00:30.217000,0 days 00:00:29.677000,1.0,MEDIUM,4.0,
0 days 01:04:07.694000,OCO,2.0,0 days 00:01:36.476000,2.0,0 days 00:00:35.729000,0 days 00:00:30.667000,0 days 00:00:30.080000,1.0,MEDIUM,5.0,
0 days 01:04:08.215000,RUS,2.0,0 days 00:01:36.466000,2.0,0 days 00:00:35.904000,0 days 00:00:30.548000,0 days 00:00:30.014000,1.0,MEDIUM,6.0,
0 days 01:04:09.252000,ALO,2.0,0 days 00:01:37.232000,2.0,0 days 00:00:36.332000,0 days 00:00:31.017000,0 days 00:00:29.883000,1.0,MEDIUM,7.0,
0 days 01:04:09.917000,BOT,2.0,0 days 00:01:37.201000,2.0,0 days 00:00:36.258000,0 days 00:00:30.830000,0 days 00:00:30.113000,1.0,MEDIUM,8.0,
0 days 01:04:10.499000,MAG,2.0,0 days 00:01:37.501000,4.0,0 days 00:00:36.254000,0 days 00:00:30.956000,0 days 00:00:30.291000,1.0,HARD,9.0,
0 days 01:04:10.900000,GAS,2.0,0 days 00:01:38.899000,2.0,0 days 00:00:37.773000,0 days 00:00:31.009000,0 days 00:00:30.117000,1.0,MEDIUM,11.0,
0 days 01:04:11.127000,NOR,2.0,0 days 00:01:38.030000,2.0,0 days 00:00:37.052000,0 days 00:00:30.954000,0 days 00:00:30.024000,1.0,MEDIUM,10.0,
0 days 01:04:11.622000,STR,2.0,0 days 00:01:38.731000,3.0,0 days 00:00:37.506000,0 days 00:00:31.037000,0 days 00:00:30.188000,1.0,MEDIUM,12.0,
0 days 01:04:12.068000,RIC,2.0,0 days 00:01:38.749000,2.0,0 days 00:00:37.403000,0 days 00:00:31.004000,0 days 00:00:30.342000,1.0,MEDIUM,13.0,
0 days 01:04:12.582000,HAM,2.0,0 days 00:01:38.649000,3.0,0 days 00:00:37.272000,0 days 00:00:31.107000,0 days 00:00:30.270000,1.0,HARD,14.0,
0 days 01:04:12.817000,ALB,2.0,0 days 00:01:39.129000,2.0,0 days 00:00:37.659000,0 days 00:00:31.346000,0 days 00:00:30.124000,1.0,MEDIUM,15.0,
0 days 01:04:13.597000,HUL,2.0,0 days 00:01:39.035000,3.0,0 days 00:00:37.378000,0 days 00:00:31.130000,0 days 00:00:30.527000,1.0,HARD,16.0,
0 days 01:04:14.171000,LAT,2.0,0 days 00:01:40.289000,2.0,0 days 00:00:37.912000,0 days 00:00:31.569000,0 days 00:00:30.808000,1.0,MEDIUM,18.0,
0 days 01:04:14.314000,ZHO,2.0,0 days 00:01:38.663000,2.0,0 days 00:00:36.984000,0 days 00:00:31.155000,0 days 00:00:30.524000,1.0,MEDIUM,17.0,
0 days 01:05:38.507000,PER,3.0,0 days 00:01:34.596000,3.0,0 days 00:00:35.016000,0 days 00:00:30.071000,0 days 00:00:29.509000,1.0,MEDIUM,1.0,
0 days 01:05:39.825000,LEC,3.0,0 days 00:01:34.794000,3.0,0 days 00:00:35.061000,0 days 00:00:30.109000,0 days 00:00:29.624000,1.0,MEDIUM,2.0,
0 days 01:05:41.151000,VER,3.0,0 days 00:01:34.890000,3.0,0 days 00:00:35.145000,0 days 00:00:30.204000,0 days 00:00:29.541000,1.0,MEDIUM,3.0,
0 days 01:05:41.928000,SAI,3.0,0 days 00:01:35.460000,3.0,0 days 00:00:35.341000,0 days 00:00:30.263000,0 days 00:00:29.856000,1.0,MEDIUM,4.0,
0 days 01:05:44.170000,OCO,3.0,0 days 00:01:37.306000,3.0,0 days 00:00:35.830000,0 days 00:00:30.812000,0 days 00:00:30.664000,1.0,MEDIUM,6.0,
0 days 01:05:44.681000,RUS,3.0,0 days 00:01:36.513000,3.0,0 days 00:00:36.180000,0 days 00:00:30.434000,0 days 00:00:29.899000,1.0,MEDIUM,5.0,
0 days 01:05:46.484000,ALO,3.0,0 days 00:01:36.574000,3.0,0 days 00:00:36.141000,0 days 00:00:30.627000,0 days 00:00:29.806000,1.0,MEDIUM,7.0,
0 days 01:05:47.118000,BOT,3.0,0 days 00:01:36.290000,3.0,0 days 00:00:36.256000,0 days 00:00:30.388000,0 days 00:00:29.646000,1.0,MEDIUM,8.0,
0 days 01:05:48,MAG,3.0,0 days 00:01:36.830000,5.0,0 days 00:00:36.253000,0 days 00:00:30.602000,0 days 00:00:29.975000,1.0,HARD,9.0,
0 days 01:05:49.157000,NOR,3.0,0 days 00:01:37.080000,3.0,0 days 00:00:36.404000,0 days 00:00:30.725000,0 days 00:00:29.951000,1.0,MEDIUM,10.0,
0 days 01:05:49.799000,GAS,3.0,0 days 00:01:36.881000,3.0,0 days 00:00:36.433000,0 days 00:00:30.722000,0 days 00:00:29.726000,1.0,MEDIUM,11.0,
0 days 01:05:50.353000,STR,3.0,0 days 00:01:37.586000,4.0,0 days 00:00:36.738000,0 days 00:00:30.945000,0 days 00:00:29.903000,1.0,MEDIUM,12.0,
0 days 01:05:50.817000,RIC,3.0,0 days 00:01:37.376000,3.0,0 days 00:00:36.894000,0 days 00:00:30.797000,0 days 00:00:29.685000,1.0,MEDIUM,13.0,
0 days 01:05:51.231000,HAM,3.0,0 days 00:01:37.618000,4.0,0 days 00:00:36.801000,0 days 00:00:30.809000,0 days 00:00:30.008000,1.0,HARD,14.0,
0 days 01:05:51.946000,ALB,3.0,0 days 00:01:37.860000,3.0,0 days 00:00:36.913000,0 days 00:00:30.876000,0 days 00:00:30.071000,1.0,MEDIUM,15.0,
0 days 01:05:52.632000,HUL,3.0,0 days 00:01:38.064000,4.0,0 days 00:00:36.897000,0 days 00:00:30.863000,0 days 00:00:30.304000,1.0,HARD,17.0,
0 days 01:05:52.977000,ZHO,3.0,0 days 00:01:37.564000,3.0,0 days 00:00:36.928000,0 days 00:00:30.816000,0 days 00:00:29.820000,1.0,MEDIUM,16.0,
0 days 01:05:54.460000,LAT,3.0,0 days 00:01:38.121000,3.0,0 days 00:00:36.906000,0 days 00:00:31.004000,0 days 00:00:30.211000,1.0,MEDIUM,18.0,
0 days 01:07:13.103000,PER,4.0,0 days 00:01:34.440000,4.0,0 days 00:00:34.917000,0 days 00:00:30.054000,0 days 00:00:29.469000,1.0,MEDIUM,1.0,
0 days 01:07:14.619000,LEC,4.0,0 days 00:01:34.651000,4.0,0 days 00:00:34.936000,0 days 00:00:30.138000,0 days 00:00:29.577000,1.0,MEDIUM,2.0,
0 days 01:07:16.041000,VER,4.0,0 days 00:01:34.700000,4.0,0 days 00:00:35.025000,0 days 00:00:30.238000,0 days 00:00:29.437000,1.0,MEDIUM,3.0,
0 days 01:07:17.388000,SAI,4.0,0 days 00:01:35.321000,4.0,0 days 00:00:35.164000,0 days 00:00:30.400000,0 days 00:00:29.757000,1.0,MEDIUM,4.0,
0 days 01:07:21.194000,RUS,4.0,0 days 00:01:36.341000,4.0,0 days 00:00:35.697000,0 days 00:00:30.384000,0 days 00:00:30.260000,1.0,MEDIUM,5.0,
0 days 01:07:21.476000,OCO,4.0,0 days 00:01:37.375000,4.0,0 days 00:00:36.732000,0 days 00:00:30.718000,0 days 00:00:29.925000,1.0,MEDIUM,6.0,
0 days 01:07:23.058000,ALO,4.0,0 days 00:01:36.113000,4.0,0 days 00:00:35.881000,0 days 00:00:30.534000,0 days 00:00:29.698000,1.0,MEDIUM,7.0,
0 days 01:07:23.408000,BOT,4.0,0 days 00:01:36.674000,4.0,0 days 00:00:36.172000,0 days 00:00:30.768000,0 days 00:00:29.734000,1.0,MEDIUM,8.0,
0 days 01:07:24.830000,MAG,4.0,0 days 00:01:36.837000,6.0,0 days 00:00:36.032000,0 days 00:00:30.835000,0 days 00:00:29.970000,1.0,HARD,9.0,
0 days 01:07:26.237000,NOR,4.0,0 days 00:01:38.326000,4.0,0 days 00:00:36.779000,0 days 00:00:31.029000,0 days 00:00:30.518000,1.0,MEDIUM,11.0,
0 days 01:07:26.680000,GAS,4.0,0 days 00:01:37.746000,4.0,0 days 00:00:36.762000,0 days 00:00:31.021000,0 days 00:00:29.963000,1.0,MEDIUM,10.0,
0 days 01:07:27.939000,STR,4.0,0 days 00:01:37.575000,5.0,0 days 00:00:36.678000,0 days 00:00:30.998000,0 days 00:00:29.899000,1.0,MEDIUM,12.0,
0 days 01:07:28.193000,RIC,4.0,0 days 00:01:37.675000,4.0,0 days 00:00:37.093000,0 days 00:00:30.694000,0 days 00:00:29.888000,1.0,MEDIUM,13.0,
0 days 01:07:28.849000,HAM,4.0,0 days 00:01:37.706000,5.0,0 days 00:00:36.830000,0 days 00:00:30.643000,0 days 00:00:30.233000,1.0,HARD,14.0,
0 days 01:07:29.806000,ALB,4.0,0 days 00:01:38.264000,4.0,0 days 00:00:36.829000,0 days 00:00:31.198000,0 days 00:00:30.237000,1.0,MEDIUM,15.0,
0 days 01:07:30.541000,ZHO,4.0,0 days 00:01:37.639000,4.0,0 days 00:00:36.586000,0 days 00:00:31.116000,0 days 00:00:29.937000,1.0,MEDIUM,16.0,
0 days 01:07:30.696000,HUL,4.0,0 days 00:01:38.357000,5.0,0 days 00:00:37.190000,0 days 00:00:30.942000,0 days 00:00:30.225000,1.0,HARD,17.0,
0 days 01:07:32.581000,LAT,4.0,0 days 00:01:38.161000,4.0,0 days 00:00:36.753000,0 days 00:00:31.035000,0 days 00:00:30.373000,1.0,MEDIUM,18.0,
0 days 01:08:47.543000,PER,5.0,0 days 00:01:34.496000,5.0,0 days 00:00:34.913000,0 days 00:00:30.125000,0 days 00:00:29.458000,1.0,MEDIUM,1.0,
0 days 01:08:49.270000,LEC,5.0,0 days 00:01:35.156000,5.0,0 days 00:00:35.115000,0 days 00:00:30.318000,0 days 00:00:29.723000,1.0,MEDIUM,2.0,
0 days 01:08:50.741000,VER,5.0,0 days 00:01:34.809000,5.0,0 days 00:00:35.107000,0 days 00:00:30.147000,0 days 00:00:29.555000,1.0,MEDIUM,3.0,
0 days 01:08:52.709000,SAI,5.0,0 days 00:01:35.124000,5.0,0 days 00:00:35.177000,0 days 00:00:30.268000,0 days 00:00:29.679000,1.0,MEDIUM,4.0,
0 days 01:08:57.535000,RUS,5.0,0 days 00:01:36.096000,5.0,0 days 00:00:35.585000,0 days 00:00:30.375000,0 days 00:00:30.136000,1.0,MEDIUM,5.0,
0 days 01:08:58.851000,OCO,5.0,0 days 00:01:36.156000,5.0,0 days 00:00:35.668000,0 days 00:00:30.634000,0 days 00:00:29.854000,1.0,MEDIUM,6.0,
0 days 01:08:59.171000,ALO,5.0,0 days 00:01:36.191000,5.0,0 days 00:00:36.165000,0 days 00:00:30.424000,0 days 00:00:29.602000,1.0,MEDIUM,7.0,
0 days 01:09:00.082000,BOT,5.0,0 days 00:01:37.613000,5.0,0 days 00:00:36.426000,0 days 00:00:31.084000,0 days 00:00:30.103000,1.0,MEDIUM,8.0,
0 days 01:09:01.667000,MAG,5.0,0 days 00:01:36.968000,7.0,0 days 00:00:36.372000,0 days 00:00:30.750000,0 days 00:00:29.846000,1.0,HARD,9.0,
0 days 01:09:04.426000,GAS,5.0,0 days 00:01:36.984000,5.0,0 days 00:00:36.173000,0 days 00:00:30.765000,0 days 00:00:30.046000,1.0,MEDIUM,10.0,
0 days 01:09:04.563000,NOR,5.0,0 days 00:01:38.312000,5.0,0 days 00:00:37.380000,0 days 00:00:30.832000,0 days 00:00:30.100000,1.0,MEDIUM,11.0,
0 days 01:09:05.514000,STR,5.0,0 days 00:01:37.870000,6.0,0 days 00:00:37.118000,0 days 00:00:30.866000,0 days 00:00:29.886000,1.0,MEDIUM,12.0,
0 days 01:09:05.868000,RIC,5.0,0 days 00:01:38.130000,5.0,0 days 00:00:37.259000,0 days 00:00:30.986000,0 days 00:00:29.885000,1.0,MEDIUM,13.0,
0 days 01:09:06.555000,HAM,5.0,0 days 00:01:37.984000,6.0,0 days 00:00:37.317000,0 days 00:00:30.660000,0 days 00:00:30.007000,1.0,HARD,14.0,
0 days 01:09:08.070000,ALB,5.0,0 days 00:01:39.143000,5.0,0 days 00:00:37.690000,0 days 00:00:31.284000,0 days 00:00:30.169000,1.0,MEDIUM,16.0,
0 days 01:09:08.180000,ZHO,5.0,0 days 00:01:38.409000,5.0,0 days 00:00:36.919000,0 days 00:00:31.212000,0 days 00:00:30.278000,1.0,MEDIUM,15.0,
0 days 01:09:09.053000,HUL,5.0,0 days 00:01:38.504000,6.0,0 days 00:00:37.144000,0 days 00:00:31.100000,0 days 00:00:30.260000,1.0,HARD,17.0,
0 days 01:09:10.742000,LAT,5.0,0 days 00:01:38.662000,5.0,0 days 00:00:37.204000,0 days 00:00:31.061000,0 days 00:00:30.397000,1.0,MEDIUM,18.0,
0 days 01:10:22.039000,PER,6.0,0 days 00:01:34.481000,6.0,0 days 00:00:35.009000,0 days 00:00:30.078000,0 days 00:00:29.394000,1.0,MEDIUM,1.0,
0 days 01:10:24.426000,LEC,6.0,0 days 00:01:34.585000,6.0,0 days 00:00:34.962000,0 days 00:00:30.091000,0 days 00:00:29.532000,1.0,MEDIUM,2.0,
0 days 01:10:25.550000,VER,6.0,0 days 00:01:34.840000,6.0,0 days 00:00:35.157000,0 days 00:00:30.156000,0 days 00:00:29.527000,1.0,MEDIUM,3.0,
0 days 01:10:27.833000,SAI,6.0,0 days 00:01:35.165000,6.0,0 days 00:00:35.159000,0 days 00:00:30.432000,0 days 00:00:29.574000,1.0,MEDIUM,4.0,
0 days 01:10:33.631000,RUS,6.0,0 days 00:01:36.246000,6.0,0 days 00:00:35.598000,0 days 00:00:30.554000,0 days 00:00:30.094000,1.0,MEDIUM,5.0,
0 days 01:10:35.007000,OCO,6.0,0 days 00:01:36.203000,6.0,0 days 00:00:35.924000,0 days 00:00:30.558000,0 days 00:00:29.721000,1.0,MEDIUM,6.0,
0 days 01:10:35.362000,ALO,6.0,0 days 00:01:36.083000,6.0,0 days 00:00:36.141000,0 days 00:00:30.423000,0 days 00:00:29.519000,1.0,MEDIUM,7.0,
0 days 01:10:37.695000,BOT,6.0,0 days 00:01:35.993000,6.0,0 days 00:00:35.667000,0 days 00:00:30.503000,0 days 00:00:29.823000,1.0,MEDIUM,8.0,
0 days 01:10:38.635000,MAG,6.0,0 days 00:01:36.843000,8.0,0 days 00:00:36.046000,0 days 00:00:30.661000,0 days 00:00:30.136000,1.0,HARD,9.0,
0 days 01:10:41.410000,GAS,6.0,0 days 00:01:36.819000,6.0,0 days 00:00:35.986000,0 days 00:00:30.858000,0 days 00:00:29.975000,1.0,MEDIUM,10.0,
0 days 01:10:42.875000,NOR,6.0,0 days 00:01:36.917000,6.0,0 days 00:00:36.407000,0 days 00:00:30.525000,0 days 00:00:29.985000,1.0,MEDIUM,11.0,
0 days 01:10:43.384000,STR,6.0,0 days 00:01:37.422000,7.0,0 days 00:00:36.722000,0 days 00:00:30.877000,0 days 00:00:29.823000,1.0,MEDIUM,12.0,
0 days 01:10:43.998000,RIC,6.0,0 days 00:01:37.311000,6.0,0 days 00:00:36.771000,0 days 00:00:30.810000,0 days 00:00:29.730000,1.0,MEDIUM,13.0,
0 days 01:10:44.539000,HAM,6.0,0 days 00:01:37.275000,7.0,0 days 00:00:36.816000,0 days 00:00:30.574000,0 days 00:00:29.885000,1.0,HARD,14.0,
0 days 01:10:46.589000,ZHO,6.0,0 days 00:01:37.275000,6.0,0 days 00:00:36.021000,0 days 00:00:31.024000,0 days 00:00:30.230000,1.0,MEDIUM,15.0,
0 days 01:10:47.213000,ALB,6.0,0 days 00:01:38.125000,6.0,0 days 00:00:36.794000,0 days 00:00:31.199000,0 days 00:00:30.132000,1.0,MEDIUM,16.0,
0 days 01:10:47.557000,HUL,6.0,0 days 00:01:38.057000,7.0,0 days 00:00:37.294000,0 days 00:00:30.827000,0 days 00:00:29.936000,1.0,HARD,17.0,
0 days 01:10:49.404000,LAT,6.0,0 days 00:01:38.507000,6.0,0 days 00:00:37.074000,0 days 00:00:31.152000,0 days 00:00:30.281000,1.0,MEDIUM,18.0,
0 days 01:11:56.520000,PER,7.0,0 days 00:01:34.821000,7.0,0 days 00:00:35.067000,0 days 00:00:30.151000,0 days 00:00:29.603000,1.0,MEDIUM,1.0,
0 days 01:11:59.011000,LEC,7.0,0 days 00:01:34.702000,7.0,0 days 00:00:34.907000,0 days 00:00:30.166000,0 days 00:00:29.629000,1.0,MEDIUM,2.0,
0 days 01:12:00.390000,VER,7.0,0 days 00:01:34.634000,7.0,0 days 00:00:35.083000,0 days 00:00:30.108000,0 days 00:00:29.443000,1.0,MEDIUM,3.0,
0 days 01:12:02.998000,SAI,7.0,0 days 00:01:35.058000,7.0,0 days 00:00:35.091000,0 days 00:00:30.253000,0 days 00:00:29.714000,1.0,MEDIUM,4.0,
0 days 01:12:09.877000,RUS,7.0,0 days 00:01:36.111000,7.0,0 days 00:00:35.432000,0 days 00:00:30.602000,0 days 00:00:30.077000,1.0,MEDIUM,5.0,
0 days 01:12:11.210000,OCO,7.0,0 days 00:01:38.257000,7.0,0 days 00:00:37.409000,0 days 00:00:30.610000,0 days 00:00:30.238000,1.0,MEDIUM,7.0,
0 days 01:12:11.445000,ALO,7.0,0 days 00:01:37.759000,7.0,0 days 00:00:36.734000,0 days 00:00:30.685000,0 days 00:00:30.340000,1.0,MEDIUM,6.0,
0 days 01:12:13.688000,BOT,7.0,0 days 00:01:36.416000,7.0,0 days 00:00:35.903000,0 days 00:00:30.598000,0 days 00:00:29.915000,1.0,MEDIUM,8.0,
0 days 01:12:15.478000,MAG,7.0,0 days 00:01:36.708000,9.0,0 days 00:00:35.810000,0 days 00:00:30.691000,0 days 00:00:30.207000,1.0,HARD,9.0,
0 days 01:12:18.229000,GAS,7.0,0 days 00:01:36.468000,7.0,0 days 00:00:35.896000,0 days 00:00:30.649000,0 days 00:00:29.923000,1.0,MEDIUM,10.0,
0 days 01:12:19.792000,NOR,7.0,0 days 00:01:36.899000,7.0,0 days 00:00:36.243000,0 days 00:00:30.556000,0 days 00:00:30.100000,1.0,MEDIUM,11.0,
0 days 01:12:20.806000,STR,7.0,0 days 00:01:37.278000,8.0,0 days 00:00:36.532000,0 days 00:00:30.874000,0 days 00:00:29.872000,1.0,MEDIUM,12.0,
0 days 01:12:21.309000,RIC,7.0,0 days 00:01:37.139000,7.0,0 days 00:00:36.621000,0 days 00:00:30.803000,0 days 00:00:29.715000,1.0,MEDIUM,13.0,
0 days 01:12:21.814000,HAM,7.0,0 days 00:01:37.204000,8.0,0 days 00:00:36.544000,0 days 00:00:30.780000,0 days 00:00:29.880000,1.0,HARD,14.0,
0 days 01:12:23.864000,ZHO,7.0,0 days 00:01:36.823000,7.0,0 days 00:00:36.029000,0 days 00:00:30.844000,0 days 00:00:29.950000,1.0,MEDIUM,15.0,
0 days 01:12:25.338000,ALB,7.0,0 days 00:01:39.088000,7.0,0 days 00:00:37.460000,0 days 00:00:31.309000,0 days 00:00:30.319000,1.0,MEDIUM,17.0,
0 days 01:12:25.614000,HUL,7.0,0 days 00:01:37.487000,8.0,0 days 00:00:36.610000,0 days 00:00:30.799000,0 days 00:00:30.078000,1.0,HARD,16.0,
0 days 01:12:27.911000,LAT,7.0,0 days 00:01:38.018000,7.0,0 days 00:00:36.730000,0 days 00:00:30.935000,0 days 00:00:30.353000,1.0,MEDIUM,18.0,
0 days 01:13:31.341000,PER,8.0,0 days 00:01:34.619000,8.0,0 days 00:00:34.869000,0 days 00:00:30.148000,0 days 00:00:29.602000,1.0,MEDIUM,1.0,
0 days 01:13:33.713000,LEC,8.0,0 days 00:01:34.569000,8.0,0 days 00:00:34.902000,0 days 00:00:30.101000,0 days 00:00:29.566000,1.0,MEDIUM,2.0,
0 days 01:13:35.024000,VER,8.0,0 days 00:01:34.821000,8.0,0 days 00:00:35.108000,0 days 00:00:30.194000,0 days 00:00:29.519000,1.0,MEDIUM,3.0,
0 days 01:13:38.056000,SAI,8.0,0 days 00:01:34.921000,8.0,0 days 00:00:35.056000,0 days 00:00:30.313000,0 days 00:00:29.552000,1.0,MEDIUM,4.0,
0 days 01:13:45.988000,RUS,8.0,0 days 00:01:35.722000,8.0,0 days 00:00:35.352000,0 days 00:00:30.383000,0 days 00:00:29.987000,1.0,MEDIUM,5.0,
0 days 01:13:49.204000,ALO,8.0,0 days 00:01:38.308000,8.0,0 days 00:00:36.819000,0 days 00:00:31.254000,0 days 00:00:30.235000,1.0,MEDIUM,6.0,
0 days 01:13:49.467000,OCO,8.0,0 days 00:01:38.419000,8.0,0 days 00:00:35.689000,0 days 00:00:32.386000,0 days 00:00:30.344000,1.0,MEDIUM,7.0,
0 days 01:13:50.104000,BOT,8.0,0 days 00:01:38,8.0,0 days 00:00:36.483000,0 days 00:00:31.097000,0 days 00:00:30.420000,1.0,MEDIUM,8.0,
0 days 01:13:52.186000,MAG,8.0,0 days 00:01:36.481000,10.0,0 days 00:00:36.092000,0 days 00:00:30.662000,0 days 00:00:29.727000,1.0,HARD,9.0,
0 days 01:13:54.697000,GAS,8.0,0 days 00:01:36.775000,8.0,0 days 00:00:35.981000,0 days 00:00:30.776000,0 days 00:00:30.018000,1.0,MEDIUM,10.0,
0 days 01:13:56.691000,NOR,8.0,0 days 00:01:37.220000,8.0,0 days 00:00:36.290000,0 days 00:00:30.769000,0 days 00:00:30.161000,1.0,MEDIUM,11.0,
0 days 01:13:58.084000,STR,8.0,0 days 00:01:37.282000,9.0,0 days 00:00:36.422000,0 days 00:00:30.891000,0 days 00:00:29.969000,1.0,MEDIUM,12.0,
0 days 01:13:58.448000,RIC,8.0,0 days 00:01:40.276000,8.0,0 days 00:00:36.668000,0 days 00:00:30.831000,0 days 00:00:32.777000,1.0,MEDIUM,15.0,
0 days 01:13:59.018000,HAM,8.0,0 days 00:01:37.073000,9.0,0 days 00:00:36.676000,0 days 00:00:30.591000,0 days 00:00:29.806000,1.0,HARD,13.0,
0 days 01:14:00.687000,ZHO,8.0,0 days 00:01:36.730000,8.0,0 days 00:00:36.253000,0 days 00:00:30.571000,0 days 00:00:29.906000,1.0,MEDIUM,14.0,
0 days 01:14:03.101000,HUL,8.0,0 days 00:01:37.277000,9.0,0 days 00:00:36.533000,0 days 00:00:30.730000,0 days 00:00:30.014000,1.0,HARD,16.0,
0 days 01:14:04.426000,ALB,8.0,0 days 00:01:38.257000,8.0,0 days 00:00:36.987000,0 days 00:00:31.123000,0 days 00:00:30.147000,1.0,MEDIUM,17.0,
0 days 01:14:05.929000,LAT,8.0,0 days 00:01:38.093000,8.0,0 days 00:00:36.720000,0 days 00:00:31.105000,0 days 00:00:30.268000,1.0,MEDIUM,18.0,
0 days 01:15:05.960000,PER,9.0,0 days 00:01:34.825000,9.0,0 days 00:00:34.960000,0 days 00:00:30.181000,0 days 00:00:29.684000,1.0,MEDIUM,1.0,
0 days 01:15:08.282000,LEC,9.0,0 days 00:01:34.967000,9.0,0 days 00:00:35.006000,0 days 00:00:30.244000,0 days 00:00:29.717000,1.0,MEDIUM,2.0,
0 days 01:15:09.845000,VER,9.0,0 days 00:01:34.832000,9.0,0 days 00:00:35.150000,0 days 00:00:30.248000,0 days 00:00:29.434000,1.0,MEDIUM,3.0,
0 days 01:15:12.977000,SAI,9.0,0 days 00:01:34.729000,9.0,0 days 00:00:34.919000,0 days 00:00:30.192000,0 days 00:00:29.618000,1.0,MEDIUM,4.0,
0 days 01:15:21.710000,RUS,9.0,0 days 00:01:35.906000,9.0,0 days 00:00:35.369000,0 days 00:00:30.419000,0 days 00:00:30.118000,1.0,MEDIUM,5.0,
0 days 01:15:27.512000,ALO,9.0,0 days 00:01:36.617000,9.0,0 days 00:00:36.125000,0 days 00:00:30.479000,0 days 00:00:30.013000,1.0,MEDIUM,6.0,
0 days 01:15:27.886000,OCO,9.0,0 days 00:01:36.745000,9.0,0 days 00:00:36.346000,0 days 00:00:30.615000,0 days 00:00:29.784000,1.0,MEDIUM,7.0,
0 days 01:15:28.104000,BOT,9.0,0 days 00:01:37.190000,9.0,0 days 00:00:36.913000,0 days 00:00:30.639000,0 days 00:00:29.638000,1.0,MEDIUM,8.0,
0 days 01:15:28.667000,MAG,9.0,0 days 00:01:37.306000,11.0,0 days 00:00:36.932000,0 days 00:00:30.749000,0 days 00:00:29.625000,1.0,HARD,9.0,
0 days 01:15:31.472000,GAS,9.0,0 days 00:01:37.433000,9.0,0 days 00:00:36.499000,0 days 00:00:30.817000,0 days 00:00:30.117000,1.0,MEDIUM,10.0,
0 days 01:15:33.911000,NOR,9.0,0 days 00:01:37.169000,9.0,0 days 00:00:36.291000,0 days 00:00:30.812000,0 days 00:00:30.066000,1.0,MEDIUM,11.0,
0 days 01:15:35.366000,STR,9.0,0 days 00:01:37.799000,10.0,0 days 00:00:36.502000,0 days 00:00:30.809000,0 days 00:00:30.488000,1.0,MEDIUM,13.0,
0 days 01:15:36.091000,HAM,9.0,0 days 00:01:36.698000,10.0,0 days 00:00:36.231000,0 days 00:00:30.521000,0 days 00:00:29.946000,1.0,HARD,12.0,
0 days 01:15:37.417000,ZHO,9.0,0 days 00:01:36.899000,9.0,0 days 00:00:36.194000,0 days 00:00:30.791000,0 days 00:00:29.914000,1.0,MEDIUM,14.0,
0 days 01:15:38.724000,RIC,9.0,0 days 00:01:54.148000,1.0,0 days 00:00:53.466000,0 days 00:00:30.696000,0 days 00:00:29.986000,2.0,HARD,18.0,
0 days 01:15:40.378000,HUL,9.0,0 days 00:01:37.034000,10.0,0 days 00:00:36.299000,0 days 00:00:30.758000,0 days 00:00:29.977000,1.0,HARD,15.0,
0 days 01:15:42.683000,ALB,9.0,0 days 00:01:38.028000,9.0,0 days 00:00:36.621000,0 days 00:00:31.359000,0 days 00:00:30.048000,1.0,MEDIUM,16.0,
0 days 01:15:44.022000,LAT,9.0,0 days 00:01:37.530000,9.0,0 days 00:00:36.446000,0 days 00:00:30.932000,0 days 00:00:30.152000,1.0,MEDIUM,17.0,
0 days 01:16:40.785000,PER,10.0,0 days 00:01:34.836000,10.0,0 days 00:00:34.991000,0 days 00:00:30.173000,0 days 00:00:29.672000,1.0,MEDIUM,1.0,
0 days 01:16:43.249000,LEC,10.0,0 days 00:01:34.679000,10.0,0 days 00:00:34.920000,0 days 00:00:30.141000,0 days 00:00:29.618000,1.0,MEDIUM,2.0,
0 days 01:16:44.677000,VER,10.0,0 days 00:01:35.252000,10.0,0 days 00:00:35.219000,0 days 00:00:30.413000,0 days 00:00:29.620000,1.0,MEDIUM,3.0,
0 days 01:16:47.706000,SAI,10.0,0 days 00:01:35.133000,10.0,0 days 00:00:35.015000,0 days 00:00:30.311000,0 days 00:00:29.807000,1.0,MEDIUM,4.0,
0 days 01:16:57.616000,RUS,10.0,0 days 00:01:35.593000,10.0,0 days 00:00:35.192000,0 days 00:00:30.364000,0 days 00:00:30.037000,1.0,MEDIUM,5.0,
0 days 01:17:04.129000,ALO,10.0,0 days 00:01:36.341000,10.0,0 days 00:00:35.824000,0 days 00:00:30.464000,0 days 00:00:30.053000,1.0,MEDIUM,6.0,
0 days 01:17:04.631000,OCO,10.0,0 days 00:01:36.378000,10.0,0 days 00:00:35.969000,0 days 00:00:30.561000,0 days 00:00:29.848000,1.0,MEDIUM,7.0,
0 days 01:17:05.294000,BOT,10.0,0 days 00:01:37.055000,10.0,0 days 00:00:36.225000,0 days 00:00:30.849000,0 days 00:00:29.981000,1.0,MEDIUM,8.0,
0 days 01:17:05.973000,MAG,10.0,0 days 00:01:36.743000,12.0,0 days 00:00:36.288000,0 days 00:00:30.665000,0 days 00:00:29.790000,1.0,HARD,9.0,
0 days 01:17:08.905000,GAS,10.0,0 days 00:01:36.590000,10.0,0 days 00:00:35.826000,0 days 00:00:30.739000,0 days 00:00:30.025000,1.0,MEDIUM,10.0,
0 days 01:17:11.080000,NOR,10.0,0 days 00:01:37.055000,10.0,0 days 00:00:36.240000,0 days 00:00:30.684000,0 days 00:00:30.131000,1.0,MEDIUM,11.0,
0 days 01:17:12.789000,HAM,10.0,0 days 00:01:35.812000,11.0,0 days 00:00:35.691000,0 days 00:00:30.425000,0 days 00:00:29.696000,1.0,HARD,12.0,
0 days 01:17:13.165000,STR,10.0,0 days 00:01:38.223000,11.0,0 days 00:00:36.974000,0 days 00:00:30.973000,0 days 00:00:30.276000,1.0,MEDIUM,13.0,
0 days 01:17:14.316000,ZHO,10.0,0 days 00:01:37.149000,10.0,0 days 00:00:36.440000,0 days 00:00:30.766000,0 days 00:00:29.943000,1.0,MEDIUM,14.0,
0 days 01:17:17.412000,HUL,10.0,0 days 00:01:37.821000,11.0,0 days 00:00:36.262000,0 days 00:00:31.420000,0 days 00:00:30.139000,1.0,HARD,15.0,
0 days 01:17:20.711000,ALB,10.0,0 days 00:01:37.668000,10.0,0 days 00:00:36.327000,0 days 00:00:31.158000,0 days 00:00:30.183000,1.0,MEDIUM,16.0,
0 days 01:17:21.552000,LAT,10.0,0 days 00:01:37.558000,10.0,0 days 00:00:36.465000,0 days 00:00:30.971000,0 days 00:00:30.122000,1.0,MEDIUM,17.0,
0 days 01:17:32.872000,RIC,10.0,0 days 00:01:36.037000,2.0,0 days 00:00:35.580000,0 days 00:00:30.531000,0 days 00:00:29.926000,2.0,HARD,18.0,
0 days 01:18:15.621000,PER,11.0,0 days 00:01:34.545000,11.0,0 days 00:00:34.799000,0 days 00:00:30.166000,0 days 00:00:29.580000,1.0,MEDIUM,1.0,
0 days 01:18:17.928000,LEC,11.0,0 days 00:01:34.781000,11.0,0 days 00:00:34.923000,0 days 00:00:30.136000,0 days 00:00:29.722000,1.0,MEDIUM,2.0,
0 days 01:18:19.929000,VER,11.0,0 days 00:01:34.959000,11.0,0 days 00:00:35.104000,0 days 00:00:30.262000,0 days 00:00:29.593000,1.0,MEDIUM,3.0,
0 days 01:18:22.839000,SAI,11.0,0 days 00:01:34.977000,11.0,0 days 00:00:34.950000,0 days 00:00:30.248000,0 days 00:00:29.779000,1.0,MEDIUM,4.0,
0 days 01:18:33.209000,RUS,11.0,0 days 00:01:35.384000,11.0,0 days 00:00:35.042000,0 days 00:00:30.336000,0 days 00:00:30.006000,1.0,MEDIUM,5.0,
0 days 01:18:40.470000,ALO,11.0,0 days 00:01:36.502000,11.0,0 days 00:00:35.788000,0 days 00:00:30.613000,0 days 00:00:30.101000,1.0,MEDIUM,6.0,
0 days 01:18:41.009000,OCO,11.0,0 days 00:01:36.404000,11.0,0 days 00:00:35.937000,0 days 00:00:30.640000,0 days 00:00:29.827000,1.0,MEDIUM,7.0,
0 days 01:18:42.349000,BOT,11.0,0 days 00:01:36.416000,11.0,0 days 00:00:35.848000,0 days 00:00:30.678000,0 days 00:00:29.890000,1.0,MEDIUM,8.0,
0 days 01:18:42.716000,MAG,11.0,0 days 00:01:37.700000,13.0,0 days 00:00:36.674000,0 days 00:00:30.925000,0 days 00:00:30.101000,1.0,HARD,9.0,
0 days 01:18:45.495000,GAS,11.0,0 days 00:01:36.998000,11.0,0 days 00:00:36.074000,0 days 00:00:30.815000,0 days 00:00:30.109000,1.0,MEDIUM,10.0,
0 days 01:18:48.135000,NOR,11.0,0 days 00:01:37.750000,11.0,0 days 00:00:36.591000,0 days 00:00:30.689000,0 days 00:00:30.470000,1.0,MEDIUM,12.0,
0 days 01:18:48.601000,HAM,11.0,0 days 00:01:36.957000,12.0,0 days 00:00:36.610000,0 days 00:00:30.406000,0 days 00:00:29.941000,1.0,HARD,11.0,
0 days 01:18:51.388000,STR,11.0,0 days 00:01:39.149000,12.0,0 days 00:00:37.455000,0 days 00:00:31.302000,0 days 00:00:30.392000,1.0,MEDIUM,14.0,
0 days 01:18:51.465000,ZHO,11.0,0 days 00:01:37.067000,11.0,0 days 00:00:35.997000,0 days 00:00:30.866000,0 days 00:00:30.204000,1.0,MEDIUM,13.0,
0 days 01:18:55.233000,HUL,11.0,0 days 00:01:36.884000,12.0,0 days 00:00:36.176000,0 days 00:00:30.663000,0 days 00:00:30.045000,1.0,HARD,15.0,
0 days 01:18:58.379000,ALB,11.0,0 days 00:01:37.851000,11.0,0 days 00:00:36.355000,0 days 00:00:31.177000,0 days 00:00:30.319000,1.0,MEDIUM,16.0,
0 days 01:18:59.110000,LAT,11.0,0 days 00:01:37.736000,11.0,0 days 00:00:36.633000,0 days 00:00:30.932000,0 days 00:00:30.171000,1.0,MEDIUM,17.0,
0 days 01:19:08.909000,RIC,11.0,0 days 00:01:36.035000,3.0,0 days 00:00:35.565000,0 days 00:00:30.509000,0 days 00:00:29.961000,2.0,HARD,18.0,
0 days 01:19:50.166000,PER,12.0,0 days 00:01:34.671000,12.0,0 days 00:00:34.919000,0 days 00:00:30.101000,0 days 00:00:29.651000,1.0,MEDIUM,1.0,
0 days 01:19:52.709000,LEC,12.0,0 days 00:01:34.915000,12.0,0 days 00:00:34.965000,0 days 00:00:30.200000,0 days 00:00:29.750000,1.0,MEDIUM,2.0,
0 days 01:19:54.888000,VER,12.0,0 days 00:01:35.191000,12.0,0 days 00:00:35.303000,0 days 00:00:30.273000,0 days 00:00:29.615000,1.0,MEDIUM,3.0,
0 days 01:19:57.816000,SAI,12.0,0 days 00:01:35.082000,12.0,0 days 00:00:35.062000,0 days 00:00:30.268000,0 days 00:00:29.752000,1.0,MEDIUM,4.0,
0 days 01:20:08.593000,RUS,12.0,0 days 00:01:35.741000,12.0,0 days 00:00:35.161000,0 days 00:00:30.545000,0 days 00:00:30.035000,1.0,MEDIUM,5.0,
0 days 01:20:16.972000,ALO,12.0,0 days 00:01:36.315000,12.0,0 days 00:00:35.751000,0 days 00:00:30.589000,0 days 00:00:29.975000,1.0,MEDIUM,6.0,
0 days 01:20:17.413000,OCO,12.0,0 days 00:01:36.516000,12.0,0 days 00:00:35.924000,0 days 00:00:30.733000,0 days 00:00:29.859000,1.0,MEDIUM,7.0,
0 days 01:20:18.765000,BOT,12.0,0 days 00:01:36.453000,12.0,0 days 00:00:35.717000,0 days 00:00:30.744000,0 days 00:00:29.992000,1.0,MEDIUM,8.0,
0 days 01:20:20.416000,MAG,12.0,0 days 00:01:37.029000,14.0,0 days 00:00:36.090000,0 days 00:00:30.827000,0 days 00:00:30.112000,1.0,HARD,9.0,
0 days 01:20:22.493000,GAS,12.0,0 days 00:01:37.073000,12.0,0 days 00:00:36.104000,0 days 00:00:30.884000,0 days 00:00:30.085000,1.0,MEDIUM,10.0,
0 days 01:20:25.558000,HAM,12.0,0 days 00:01:35.788000,13.0,0 days 00:00:35.530000,0 days 00:00:30.408000,0 days 00:00:29.850000,1.0,HARD,11.0,
0 days 01:20:25.885000,NOR,12.0,0 days 00:01:37.266000,12.0,0 days 00:00:36.494000,0 days 00:00:30.676000,0 days 00:00:30.096000,1.0,MEDIUM,12.0,
0 days 01:20:28.532000,ZHO,12.0,0 days 00:01:36.926000,12.0,0 days 00:00:35.984000,0 days 00:00:30.768000,0 days 00:00:30.174000,1.0,MEDIUM,13.0,
0 days 01:20:30.537000,STR,12.0,0 days 00:01:38.365000,13.0,0 days 00:00:36.697000,0 days 00:00:31.172000,0 days 00:00:30.496000,1.0,MEDIUM,15.0,
0 days 01:20:32.117000,HUL,12.0,0 days 00:01:36.594000,13.0,0 days 00:00:36.190000,0 days 00:00:30.624000,0 days 00:00:29.780000,1.0,HARD,14.0,
0 days 01:20:36.230000,ALB,12.0,0 days 00:01:38.253000,12.0,0 days 00:00:36.647000,0 days 00:00:31.173000,0 days 00:00:30.433000,1.0,MEDIUM,16.0,
0 days 01:20:36.846000,LAT,12.0,0 days 00:01:38.597000,12.0,0 days 00:00:36.977000,0 days 00:00:31.241000,0 days 00:00:30.379000,1.0,MEDIUM,17.0,
0 days 01:20:44.944000,RIC,12.0,0 days 00:01:35.716000,4.0,0 days 00:00:35.368000,0 days 00:00:30.445000,0 days 00:00:29.903000,2.0,HARD,18.0,
0 days 01:21:24.837000,PER,13.0,0 days 00:01:35.214000,13.0,0 days 00:00:35.059000,0 days 00:00:30.376000,0 days 00:00:29.779000,1.0,MEDIUM,1.0,
0 days 01:21:27.624000,LEC,13.0,0 days 00:01:34.777000,13.0,0 days 00:00:34.930000,0 days 00:00:30.178000,0 days 00:00:29.669000,1.0,MEDIUM,2.0,
0 days 01:21:30.079000,VER,13.0,0 days 00:01:34.982000,13.0,0 days 00:00:35.203000,0 days 00:00:30.242000,0 days 00:00:29.537000,1.0,MEDIUM,3.0,
0 days 01:21:32.898000,SAI,13.0,0 days 00:01:35.101000,13.0,0 days 00:00:34.969000,0 days 00:00:30.328000,0 days 00:00:29.804000,1.0,MEDIUM,4.0,
0 days 01:21:44.334000,RUS,13.0,0 days 00:01:35.681000,13.0,0 days 00:00:35.185000,0 days 00:00:30.467000,0 days 00:00:30.029000,1.0,MEDIUM,5.0,
0 days 01:21:53.287000,ALO,13.0,0 days 00:01:36.431000,13.0,0 days 00:00:35.624000,0 days 00:00:30.588000,0 days 00:00:30.219000,1.0,MEDIUM,6.0,
0 days 01:21:53.929000,OCO,13.0,0 days 00:01:37.103000,13.0,0 days 00:00:36.023000,0 days 00:00:30.914000,0 days 00:00:30.166000,1.0,MEDIUM,7.0,
0 days 01:21:55.218000,BOT,13.0,0 days 00:01:35.967000,13.0,0 days 00:00:35.758000,0 days 00:00:30.455000,0 days 00:00:29.754000,1.0,MEDIUM,8.0,
0 days 01:21:57.445000,MAG,13.0,0 days 00:01:36.700000,15.0,0 days 00:00:35.927000,0 days 00:00:30.723000,0 days 00:00:30.050000,1.0,HARD,9.0,
0 days 01:21:59.566000,GAS,13.0,0 days 00:01:37.094000,13.0,0 days 00:00:36.065000,0 days 00:00:30.790000,0 days 00:00:30.239000,1.0,MEDIUM,10.0,
0 days 01:22:01.346000,HAM,13.0,0 days 00:01:35.507000,14.0,0 days 00:00:35.664000,0 days 00:00:30.193000,0 days 00:00:29.650000,1.0,HARD,11.0,
0 days 01:22:03.151000,NOR,13.0,0 days 00:01:37.270000,13.0,0 days 00:00:36.195000,0 days 00:00:30.846000,0 days 00:00:30.229000,1.0,MEDIUM,12.0,
0 days 01:22:05.458000,ZHO,13.0,0 days 00:01:36.251000,13.0,0 days 00:00:35.857000,0 days 00:00:30.441000,0 days 00:00:29.953000,1.0,MEDIUM,13.0,
0 days 01:22:08.711000,HUL,13.0,0 days 00:01:36.690000,14.0,0 days 00:00:36.099000,0 days 00:00:30.607000,0 days 00:00:29.984000,1.0,HARD,14.0,
0 days 01:22:08.902000,STR,13.0,0 days 00:01:41.859000,14.0,0 days 00:00:37.213000,0 days 00:00:31.414000,0 days 00:00:33.232000,1.0,MEDIUM,15.0,
0 days 01:22:14.483000,ALB,13.0,0 days 00:01:41.186000,13.0,0 days 00:00:36.844000,0 days 00:00:31.282000,0 days 00:00:33.060000,1.0,MEDIUM,17.0,
0 days 01:22:15.443000,LAT,13.0,0 days 00:01:38.208000,13.0,0 days 00:00:36.788000,0 days 00:00:31.060000,0 days 00:00:30.360000,1.0,MEDIUM,16.0,
0 days 01:22:20.660000,RIC,13.0,0 days 00:01:35.955000,5.0,0 days 00:00:35.510000,0 days 00:00:30.495000,0 days 00:00:29.950000,2.0,HARD,18.0,
0 days 01:23:00.051000,PER,14.0,0 days 00:01:35.316000,14.0,0 days 00:00:35.166000,0 days 00:00:30.338000,0 days 00:00:29.812000,1.0,MEDIUM,1.0,
0 days 01:23:02.401000,LEC,14.0,0 days 00:01:35.214000,14.0,0 days 00:00:35.011000,0 days 00:00:30.311000,0 days 00:00:29.892000,1.0,MEDIUM,2.0,
0 days 01:23:05.061000,VER,14.0,0 days 00:01:35.093000,14.0,0 days 00:00:35.142000,0 days 00:00:30.279000,0 days 00:00:29.672000,1.0,MEDIUM,3.0,
0 days 01:23:07.999000,SAI,14.0,0 days 00:01:35.275000,14.0,0 days 00:00:35.028000,0 days 00:00:30.443000,0 days 00:00:29.804000,1.0,MEDIUM,4.0,
0 days 01:23:20.015000,RUS,14.0,0 days 00:01:35.476000,14.0,0 days 00:00:35.100000,0 days 00:00:30.383000,0 days 00:00:29.993000,1.0,MEDIUM,5.0,
0 days 01:23:29.718000,ALO,14.0,0 days 00:01:36.486000,14.0,0 days 00:00:35.607000,0 days 00:00:30.763000,0 days 00:00:30.116000,1.0,MEDIUM,6.0,
0 days 01:23:31.032000,OCO,14.0,0 days 00:01:37.502000,14.0,0 days 00:00:36.312000,0 days 00:00:30.985000,0 days 00:00:30.205000,1.0,MEDIUM,8.0,
0 days 01:23:31.185000,BOT,14.0,0 days 00:01:36.398000,14.0,0 days 00:00:35.319000,0 days 00:00:30.751000,0 days 00:00:30.328000,1.0,MEDIUM,7.0,
0 days 01:23:34.145000,MAG,14.0,0 days 00:01:36.567000,16.0,0 days 00:00:35.821000,0 days 00:00:30.634000,0 days 00:00:30.112000,1.0,HARD,9.0,
0 days 01:23:36.660000,GAS,14.0,0 days 00:01:38.153000,14.0,0 days 00:00:37.046000,0 days 00:00:30.958000,0 days 00:00:30.149000,1.0,MEDIUM,11.0,
0 days 01:23:36.853000,HAM,14.0,0 days 00:01:35.648000,15.0,0 days 00:00:35.286000,0 days 00:00:30.432000,0 days 00:00:29.930000,1.0,HARD,10.0,
0 days 01:23:40.421000,NOR,14.0,0 days 00:01:37.076000,14.0,0 days 00:00:36.020000,0 days 00:00:30.788000,0 days 00:00:30.268000,1.0,MEDIUM,12.0,
0 days 01:23:41.709000,ZHO,14.0,0 days 00:01:36.783000,14.0,0 days 00:00:36.075000,0 days 00:00:30.598000,0 days 00:00:30.110000,1.0,MEDIUM,13.0,
0 days 01:23:45.401000,HUL,14.0,0 days 00:01:36.966000,15.0,0 days 00:00:36.112000,0 days 00:00:30.627000,0 days 00:00:30.227000,1.0,HARD,14.0,
0 days 01:23:50.761000,STR,14.0,0 days 00:01:56.297000,2.0,0 days 00:00:55.675000,0 days 00:00:30.664000,0 days 00:00:29.958000,2.0,HARD,17.0,
0 days 01:23:53.651000,LAT,14.0,0 days 00:01:38.409000,14.0,0 days 00:00:36.446000,0 days 00:00:31.150000,0 days 00:00:30.813000,1.0,MEDIUM,15.0,
0 days 01:23:55.669000,ALB,14.0,0 days 00:01:55.413000,1.0,0 days 00:00:54.555000,0 days 00:00:30.847000,0 days 00:00:30.011000,2.0,HARD,18.0,
0 days 01:23:56.615000,RIC,14.0,0 days 00:01:35.681000,6.0,0 days 00:00:35.440000,0 days 00:00:30.402000,0 days 00:00:29.839000,2.0,HARD,16.0,
0 days 01:24:35.367000,PER,15.0,0 days 00:01:38.591000,15.0,0 days 00:00:35.377000,0 days 00:00:30.453000,0 days 00:00:32.761000,1.0,MEDIUM,2.0,
0 days 01:24:37.615000,LEC,15.0,0 days 00:01:35.237000,15.0,0 days 00:00:35.007000,0 days 00:00:30.292000,0 days 00:00:29.938000,1.0,MEDIUM,1.0,
0 days 01:24:40.154000,VER,15.0,0 days 00:01:35.370000,15.0,0 days 00:00:35.190000,0 days 00:00:30.526000,0 days 00:00:29.654000,1.0,MEDIUM,3.0,
0 days 01:24:43.274000,SAI,15.0,0 days 00:01:35.421000,15.0,0 days 00:00:35.034000,0 days 00:00:30.483000,0 days 00:00:29.904000,1.0,MEDIUM,4.0,
0 days 01:24:55.491000,RUS,15.0,0 days 00:01:35.453000,15.0,0 days 00:00:35.035000,0 days 00:00:30.423000,0 days 00:00:29.995000,1.0,MEDIUM,5.0,
0 days 01:25:06.204000,ALO,15.0,0 days 00:01:36.792000,15.0,0 days 00:00:35.812000,0 days 00:00:30.807000,0 days 00:00:30.173000,1.0,MEDIUM,6.0,
0 days 01:25:07.583000,BOT,15.0,0 days 00:01:36.774000,15.0,0 days 00:00:35.811000,0 days 00:00:30.784000,0 days 00:00:30.179000,1.0,MEDIUM,7.0,
0 days 01:25:08.534000,OCO,15.0,0 days 00:01:37.257000,15.0,0 days 00:00:35.981000,0 days 00:00:31.011000,0 days 00:00:30.265000,1.0,MEDIUM,8.0,
0 days 01:25:10.712000,MAG,15.0,0 days 00:01:36.103000,17.0,0 days 00:00:35.638000,0 days 00:00:30.532000,0 days 00:00:29.933000,1.0,HARD,9.0,
0 days 01:25:12.501000,HAM,15.0,0 days 00:01:35.875000,16.0,0 days 00:00:35.508000,0 days 00:00:30.462000,0 days 00:00:29.905000,1.0,HARD,10.0,
0 days 01:25:14.813000,GAS,15.0,0 days 00:01:39.580000,15.0,0 days 00:00:36.129000,0 days 00:00:30.858000,0 days 00:00:32.593000,1.0,MEDIUM,11.0,
0 days 01:25:17.497000,NOR,15.0,0 days 00:01:37.115000,15.0,0 days 00:00:36.112000,0 days 00:00:30.806000,0 days 00:00:30.197000,1.0,MEDIUM,12.0,
0 days 01:25:18.492000,ZHO,15.0,0 days 00:01:36.659000,15.0,0 days 00:00:36.173000,0 days 00:00:30.638000,0 days 00:00:29.848000,1.0,MEDIUM,13.0,
0 days 01:25:22.367000,HUL,15.0,0 days 00:01:36.582000,16.0,0 days 00:00:36.052000,0 days 00:00:30.498000,0 days 00:00:30.032000,1.0,HARD,14.0,
0 days 01:25:32.060000,LAT,15.0,,15.0,,,,1.0,MEDIUM,,
0 days 01:25:32.296000,RIC,15.0,0 days 00:01:35.907000,7.0,0 days 00:00:35.511000,0 days 00:00:30.422000,0 days 00:00:29.974000,2.0,HARD,15.0,
0 days 01:25:47.058000,STR,15.0,0 days 00:01:37.836000,3.0,0 days 00:00:36.204000,0 days 00:00:30.530000,0 days 00:00:31.102000,2.0,HARD,16.0,
0 days 01:25:51.082000,ALB,15.0,0 days 00:01:37.345000,2.0,0 days 00:00:35.966000,0 days 00:00:30.540000,0 days 00:00:30.839000,2.0,HARD,17.0,
0 days 01:26:12.852000,LEC,16.0,0 days 00:01:43.840000,16.0,0 days 00:00:35.049000,0 days 00:00:30.308000,0 days 00:00:38.483000,1.0,MEDIUM,1.0,
0 days 01:26:13.958000,PER,16.0,0 days 00:02:08.106000,1.0,0 days 00:00:53.365000,0 days 00:00:31.240000,0 days 00:00:43.501000,2.0,HARD,4.0,
0 days 01:26:15.524000,VER,16.0,0 days 00:01:44.577000,16.0,0 days 00:00:35.375000,0 days 00:00:30.273000,0 days 00:00:38.929000,1.0,MEDIUM,2.0,
0 days 01:26:18.695000,SAI,16.0,0 days 00:01:46.940000,16.0,0 days 00:00:35.102000,0 days 00:00:30.521000,0 days 00:00:41.317000,1.0,MEDIUM,3.0,
0 days 01:26:30.944000,RUS,16.0,0 days 00:01:51.651000,16.0,0 days 00:00:35.050000,0 days 00:00:30.507000,0 days 00:00:46.094000,1.0,MEDIUM,5.0,
0 days 01:26:42.996000,ALO,16.0,0 days 00:01:58.830000,16.0,0 days 00:00:35.882000,0 days 00:00:38.082000,0 days 00:00:44.866000,1.0,MEDIUM,6.0,
0 days 01:26:44.357000,BOT,16.0,0 days 00:02:00.798000,16.0,0 days 00:00:35.896000,0 days 00:00:39.593000,0 days 00:00:45.309000,1.0,MEDIUM,7.0,
0 days 01:26:45.791000,OCO,16.0,0 days 00:02:06.558000,16.0,0 days 00:00:36.067000,0 days 00:00:41.295000,0 days 00:00:49.196000,1.0,MEDIUM,9.0,
0 days 01:26:46.815000,MAG,16.0,0 days 00:02:02.811000,18.0,0 days 00:00:35.799000,0 days 00:00:42.090000,0 days 00:00:44.922000,1.0,HARD,8.0,
0 days 01:26:48.376000,HAM,16.0,0 days 00:02:04.362000,17.0,0 days 00:00:35.717000,0 days 00:00:41.872000,0 days 00:00:46.773000,1.0,HARD,10.0,
0 days 01:26:54.393000,GAS,16.0,0 days 00:02:23.731000,1.0,0 days 00:01:04.752000,0 days 00:00:37.835000,0 days 00:00:41.144000,2.0,HARD,15.0,
0 days 01:26:54.612000,NOR,16.0,0 days 00:02:01.650000,16.0,0 days 00:00:36.109000,0 days 00:00:40.730000,0 days 00:00:44.811000,1.0,MEDIUM,11.0,
0 days 01:26:55.151000,ZHO,16.0,0 days 00:02:02.305000,16.0,0 days 00:00:36.349000,0 days 00:00:41.047000,0 days 00:00:44.909000,1.0,MEDIUM,12.0,
0 days 01:26:58.949000,HUL,16.0,0 days 00:02:00.614000,17.0,0 days 00:00:35.972000,0 days 00:00:42.985000,0 days 00:00:41.657000,1.0,HARD,13.0,
0 days 01:27:08.203000,RIC,16.0,0 days 00:02:02.470000,8.0,0 days 00:00:41.959000,0 days 00:00:39.285000,0 days 00:00:41.226000,2.0,HARD,14.0,
0 days 01:27:24.894000,STR,16.0,0 days 00:02:06.144000,4.0,0 days 00:00:42.818000,0 days 00:00:40.353000,0 days 00:00:42.973000,2.0,HARD,16.0,
0 days 01:27:28.427000,ALB,16.0,0 days 00:02:04.816000,3.0,0 days 00:00:43.673000,0 days 00:00:39.612000,0 days 00:00:41.531000,2.0,HARD,17.0,
0 days 01:27:56.692000,LEC,17.0,,1.0,0 days 00:01:10.134000,0 days 00:00:50.799000,0 days 00:01:03.751000,2.0,HARD,1.0,
0 days 01:28:00.101000,VER,17.0,,1.0,0 days 00:01:07.639000,0 days 00:00:51.363000,0 days 00:01:03.656000,2.0,HARD,2.0,
0 days 01:28:05.635000,SAI,17.0,,1.0,0 days 00:01:08.752000,0 days 00:00:46.939000,0 days 00:01:05.113000,2.0,HARD,4.0,
0 days 01:28:22.064000,PER,17.0,,2.0,0 days 00:00:51.081000,0 days 00:00:47.177000,0 days 00:01:03.415000,2.0,HARD,3.0,
0 days 01:28:22.595000,RUS,17.0,,1.0,0 days 00:00:57.891000,0 days 00:00:44.760000,0 days 00:01:04.363000,2.0,HARD,5.0,
0 days 01:28:41.826000,ALO,17.0,,1.0,0 days 00:01:01.997000,0 days 00:00:38.660000,0 days 00:00:52.686000,2.0,HARD,8.0,
0 days 01:28:45.155000,BOT,17.0,,1.0,0 days 00:01:02.031000,0 days 00:00:38.570000,0 days 00:00:51.523000,2.0,HARD,10.0,
0 days 01:28:49.626000,MAG,17.0,0 days 00:02:20.945000,19.0,0 days 00:00:38.958000,0 days 00:00:40.703000,0 days 00:01:01.284000,1.0,HARD,6.0,
0 days 01:28:52.349000,OCO,17.0,0 days 00:02:25.977000,1.0,0 days 00:00:56.836000,0 days 00:00:37.920000,0 days 00:00:51.221000,2.0,HARD,11.0,
0 days 01:28:52.738000,HAM,17.0,0 days 00:02:19.823000,18.0,0 days 00:00:38.099000,0 days 00:00:41.089000,0 days 00:01:00.635000,1.0,HARD,7.0,
0 days 01:28:56.262000,NOR,17.0,0 days 00:02:28.586000,1.0,0 days 00:01:01.870000,0 days 00:00:37.592000,0 days 00:00:49.124000,2.0,HARD,13.0,
0 days 01:28:57.456000,ZHO,17.0,,1.0,0 days 00:01:11.088000,0 days 00:00:40.946000,0 days 00:00:41.649000,2.0,HARD,15.0,
0 days 01:28:59.563000,HUL,17.0,0 days 00:02:16.808000,18.0,0 days 00:00:45.989000,0 days 00:00:38.495000,0 days 00:00:52.324000,1.0,HARD,9.0,
0 days 01:29:10.673000,RIC,17.0,0 days 00:02:10.632000,9.0,0 days 00:00:46.272000,0 days 00:00:38.227000,0 days 00:00:46.133000,2.0,HARD,12.0,
0 days 01:29:18.124000,GAS,17.0,0 days 00:02:09.023000,2.0,0 days 00:00:42.942000,0 days 00:00:42.200000,0 days 00:00:43.881000,2.0,HARD,14.0,
0 days 01:29:31.038000,STR,17.0,0 days 00:02:06.975000,5.0,0 days 00:00:41.160000,0 days 00:00:42.650000,0 days 00:00:43.165000,2.0,HARD,16.0,
0 days 01:29:33.243000,ALB,17.0,0 days 00:02:08.940000,4.0,0 days 00:00:43.525000,0 days 00:00:41.733000,0 days 00:00:43.682000,2.0,HARD,17.0,
0 days 01:31:01.313000,LEC,18.0,,2.0,0 days 00:00:55.979000,0 days 00:00:48.062000,0 days 00:00:56.029000,2.0,HARD,1.0,
0 days 01:31:02.769000,VER,18.0,,2.0,0 days 00:00:55.341000,0 days 00:00:48.281000,0 days 00:00:55.945000,2.0,HARD,2.0,
0 days 01:31:03.751000,PER,18.0,,3.0,0 days 00:00:55.829000,0 days 00:00:47.780000,0 days 00:00:57.546000,2.0,HARD,3.0,
0 days 01:31:06.465000,SAI,18.0,,2.0,0 days 00:00:54.039000,0 days 00:00:48.407000,0 days 00:00:57.131000,2.0,HARD,4.0,
0 days 01:31:09.638000,RUS,18.0,,2.0,0 days 00:00:52.692000,0 days 00:00:49.138000,0 days 00:00:56.848000,2.0,HARD,5.0,
0 days 01:31:10.571000,MAG,18.0,,20.0,0 days 00:00:52.763000,0 days 00:00:48.890000,0 days 00:00:56.773000,1.0,HARD,6.0,
0 days 01:31:12.561000,HAM,18.0,,19.0,0 days 00:00:52.082000,0 days 00:00:50.509000,0 days 00:00:56.212000,1.0,HARD,7.0,
0 days 01:31:15.224000,ALO,18.0,,2.0,0 days 00:00:50.779000,0 days 00:00:50.356000,0 days 00:00:57.053000,2.0,HARD,8.0,
0 days 01:31:16.371000,HUL,18.0,,19.0,0 days 00:00:50.491000,0 days 00:00:50.837000,0 days 00:00:56.753000,1.0,HARD,9.0,
0 days 01:31:17.348000,BOT,18.0,,2.0,0 days 00:00:50.767000,0 days 00:00:50.363000,0 days 00:00:57.378000,2.0,HARD,10.0,
0 days 01:31:18.326000,OCO,18.0,,2.0,0 days 00:00:50.860000,0 days 00:00:50.852000,0 days 00:00:57.812000,2.0,HARD,11.0,
0 days 01:31:21.305000,RIC,18.0,,10.0,0 days 00:00:49.955000,0 days 00:00:50.441000,0 days 00:00:58.393000,2.0,HARD,12.0,
0 days 01:31:24.848000,NOR,18.0,,2.0,0 days 00:00:47.092000,0 days 00:00:51.300000,0 days 00:00:59.133000,2.0,HARD,13.0,
0 days 01:31:27.147000,GAS,18.0,,3.0,0 days 00:00:46.460000,0 days 00:00:51.420000,0 days 00:01:00.212000,2.0,HARD,14.0,
0 days 01:31:31.210000,ZHO,18.0,,2.0,0 days 00:00:44.533000,0 days 00:00:51.445000,0 days 00:00:59.202000,2.0,HARD,15.0,
0 days 01:31:38.013000,STR,18.0,,6.0,0 days 00:00:38.790000,0 days 00:00:51.967000,0 days 00:00:59.321000,2.0,HARD,16.0,
0 days 01:31:42.183000,ALB,18.0,0 days 00:02:27.510000,5.0,0 days 00:00:40.912000,0 days 00:00:47.807000,0 days 00:00:58.791000,2.0,HARD,17.0,
0 days 01:33:41.424000,LEC,19.0,0 days 00:02:29.002000,3.0,0 days 00:00:53.337000,0 days 00:00:46.749000,0 days 00:00:48.916000,2.0,HARD,1.0,
0 days 01:33:42.304000,VER,19.0,0 days 00:02:29.635000,3.0,0 days 00:00:53.413000,0 days 00:00:46.744000,0 days 00:00:49.478000,2.0,HARD,2.0,
0 days 01:33:44.892000,PER,19.0,0 days 00:02:28.779000,4.0,0 days 00:00:52.076000,0 days 00:00:46.631000,0 days 00:00:50.072000,2.0,HARD,3.0,
0 days 01:33:46.073000,SAI,19.0,0 days 00:02:29.065000,3.0,0 days 00:00:52.040000,0 days 00:00:46.787000,0 days 00:00:50.238000,2.0,HARD,4.0,
0 days 01:33:48.305000,RUS,19.0,0 days 00:02:29.081000,3.0,0 days 00:00:51.814000,0 days 00:00:46.458000,0 days 00:00:50.809000,2.0,HARD,5.0,
0 days 01:33:49.051000,MAG,19.0,0 days 00:02:29.807000,21.0,0 days 00:00:51.897000,0 days 00:00:48.361000,0 days 00:00:49.549000,1.0,HARD,6.0,
0 days 01:33:51.406000,HAM,19.0,0 days 00:02:29.683000,20.0,0 days 00:00:51.837000,0 days 00:00:47.491000,0 days 00:00:50.355000,1.0,HARD,7.0,
0 days 01:33:53.386000,ALO,19.0,0 days 00:02:29.932000,3.0,0 days 00:00:52.001000,0 days 00:00:46.897000,0 days 00:00:51.034000,2.0,HARD,8.0,
0 days 01:33:54.484000,HUL,19.0,,20.0,0 days 00:00:51.696000,0 days 00:00:47.276000,0 days 00:00:51.679000,1.0,HARD,9.0,
0 days 01:33:55.836000,BOT,19.0,,3.0,0 days 00:00:51.787000,0 days 00:00:47.001000,0 days 00:00:51.813000,2.0,HARD,10.0,
0 days 01:33:57.839000,OCO,19.0,,3.0,0 days 00:00:50.997000,0 days 00:00:47.184000,0 days 00:00:52.024000,2.0,HARD,11.0,
0 days 01:34:00.135000,RIC,19.0,,11.0,0 days 00:00:49.823000,0 days 00:00:47.783000,0 days 00:00:54.771000,2.0,HARD,12.0,
0 days 01:34:02.421000,NOR,19.0,,3.0,0 days 00:00:50.310000,0 days 00:00:46.488000,0 days 00:00:56.285000,2.0,HARD,13.0,
0 days 01:34:05.232000,GAS,19.0,,4.0,0 days 00:00:49.740000,0 days 00:00:47.680000,0 days 00:00:55.550000,2.0,HARD,14.0,
0 days 01:34:06.384000,ZHO,19.0,,3.0,0 days 00:00:49.387000,0 days 00:00:48.704000,0 days 00:00:55.884000,2.0,HARD,15.0,
0 days 01:34:08.121000,STR,19.0,,7.0,0 days 00:00:48.850000,0 days 00:00:49.506000,0 days 00:00:55.686000,2.0,HARD,16.0,
0 days 01:34:09.693000,ALB,19.0,,6.0,0 days 00:00:49.734000,0 days 00:00:48.510000,0 days 00:00:56.448000,2.0,HARD,17.0,
0 days 01:36:10.426000,LEC,20.0,,4.0,0 days 00:00:52.742000,0 days 00:00:44.784000,0 days 00:01:07.100000,2.0,HARD,1.0,
0 days 01:36:11.939000,VER,20.0,,4.0,0 days 00:00:52.136000,0 days 00:00:45.115000,0 days 00:01:06.236000,2.0,HARD,2.0,
0 days 01:36:13.671000,PER,20.0,,5.0,0 days 00:00:51.457000,0 days 00:00:44.780000,0 days 00:01:05.927000,2.0,HARD,3.0,
0 days 01:36:15.138000,SAI,20.0,,4.0,0 days 00:00:51.047000,0 days 00:00:45.116000,0 days 00:01:04.831000,2.0,HARD,4.0,
0 days 01:36:17.386000,RUS,20.0,,4.0,0 days 00:00:50.896000,0 days 00:00:44.662000,0 days 00:01:03.730000,2.0,HARD,5.0,
0 days 01:36:18.858000,MAG,20.0,,22.0,0 days 00:00:50.332000,0 days 00:00:45.463000,0 days 00:01:02.291000,1.0,HARD,6.0,
0 days 01:36:21.089000,HAM,20.0,,21.0,0 days 00:00:49.258000,0 days 00:00:45.038000,0 days 00:01:02.195000,1.0,HARD,7.0,
0 days 01:36:23.318000,ALO,20.0,,4.0,0 days 00:00:48.719000,0 days 00:00:45.135000,0 days 00:01:00.602000,2.0,HARD,8.0,
0 days 01:36:25.162000,HUL,20.0,,21.0,0 days 00:00:47.795000,0 days 00:00:45.296000,0 days 00:01:00.103000,1.0,HARD,9.0,
0 days 01:36:26.434000,BOT,20.0,,4.0,0 days 00:00:47.795000,0 days 00:00:45.109000,0 days 00:00:59.320000,2.0,HARD,10.0,
0 days 01:36:28.065000,OCO,20.0,,4.0,0 days 00:00:46.976000,0 days 00:00:45.493000,0 days 00:00:58.730000,2.0,HARD,11.0,
0 days 01:36:32.493000,RIC,20.0,0 days 00:02:27.176000,12.0,0 days 00:00:44.466000,0 days 00:00:45.985000,0 days 00:00:56.725000,2.0,HARD,12.0,
0 days 01:36:35.443000,NOR,20.0,0 days 00:02:24.586000,4.0,0 days 00:00:42.785000,0 days 00:00:45.406000,0 days 00:00:56.395000,2.0,HARD,13.0,
0 days 01:36:38.186000,GAS,20.0,0 days 00:02:22.362000,5.0,0 days 00:00:42.362000,0 days 00:00:45.339000,0 days 00:00:54.661000,2.0,HARD,14.0,
0 days 01:36:40.295000,ZHO,20.0,0 days 00:02:20.595000,4.0,0 days 00:00:42.409000,0 days 00:00:44.544000,0 days 00:00:53.642000,2.0,HARD,15.0,
0 days 01:36:42.115000,STR,20.0,0 days 00:02:19.202000,8.0,0 days 00:00:41.760000,0 days 00:00:44.644000,0 days 00:00:52.798000,2.0,HARD,16.0,
0 days 01:36:44.395000,ALB,20.0,0 days 00:02:17.388000,7.0,0 days 00:00:40.680000,0 days 00:00:44.413000,0 days 00:00:52.295000,2.0,HARD,17.0,
0 days 01:38:55.048000,LEC,21.0,0 days 00:01:34.636000,5.0,0 days 00:00:35.163000,0 days 00:00:29.960000,0 days 00:00:29.513000,2.0,HARD,1.0,
0 days 01:38:55.419000,VER,21.0,0 days 00:01:35.227000,5.0,0 days 00:00:35.577000,0 days 00:00:29.986000,0 days 00:00:29.664000,2.0,HARD,2.0,
0 days 01:38:55.827000,PER,21.0,0 days 00:01:36.967000,6.0,0 days 00:00:37.189000,0 days 00:00:30.131000,0 days 00:00:29.647000,2.0,HARD,4.0,
0 days 01:38:56.081000,SAI,21.0,0 days 00:01:35.949000,5.0,0 days 00:00:36.201000,0 days 00:00:30.227000,0 days 00:00:29.521000,2.0,HARD,3.0,
0 days 01:38:56.665000,RUS,21.0,0 days 00:01:37.115000,5.0,0 days 00:00:36.870000,0 days 00:00:30.323000,0 days 00:00:29.922000,2.0,HARD,5.0,
0 days 01:38:56.893000,MAG,21.0,0 days 00:01:37.631000,23.0,0 days 00:00:37.193000,0 days 00:00:30.496000,0 days 00:00:29.942000,1.0,HARD,6.0,
0 days 01:38:57.553000,HAM,21.0,0 days 00:01:37.339000,22.0,0 days 00:00:36.945000,0 days 00:00:30.409000,0 days 00:00:29.985000,1.0,HARD,7.0,
0 days 01:38:57.739000,ALO,21.0,0 days 00:01:37.877000,5.0,0 days 00:00:37.258000,0 days 00:00:30.699000,0 days 00:00:29.920000,2.0,HARD,8.0,
0 days 01:38:58.318000,HUL,21.0,0 days 00:01:38.039000,22.0,0 days 00:00:37.411000,0 days 00:00:30.639000,0 days 00:00:29.989000,1.0,HARD,9.0,
0 days 01:38:58.627000,BOT,21.0,0 days 00:01:38.084000,5.0,0 days 00:00:37.398000,0 days 00:00:30.725000,0 days 00:00:29.961000,2.0,HARD,10.0,
0 days 01:38:59.205000,OCO,21.0,0 days 00:01:38.207000,5.0,0 days 00:00:37.095000,0 days 00:00:31.013000,0 days 00:00:30.099000,2.0,HARD,11.0,
0 days 01:38:59.669000,RIC,21.0,0 days 00:01:38.412000,13.0,0 days 00:00:37.123000,0 days 00:00:31.285000,0 days 00:00:30.004000,2.0,HARD,12.0,
0 days 01:39:00.029000,NOR,21.0,0 days 00:01:38.619000,5.0,0 days 00:00:37.341000,0 days 00:00:31.096000,0 days 00:00:30.182000,2.0,HARD,13.0,
0 days 01:39:00.548000,GAS,21.0,0 days 00:01:38.668000,6.0,0 days 00:00:37.547000,0 days 00:00:31.011000,0 days 00:00:30.110000,2.0,HARD,14.0,
0 days 01:39:00.890000,ZHO,21.0,0 days 00:01:38.710000,5.0,0 days 00:00:37.647000,0 days 00:00:30.926000,0 days 00:00:30.137000,2.0,HARD,15.0,
0 days 01:39:01.317000,STR,21.0,0 days 00:01:38.809000,9.0,0 days 00:00:37.718000,0 days 00:00:30.903000,0 days 00:00:30.188000,2.0,HARD,16.0,
0 days 01:39:01.783000,ALB,21.0,0 days 00:01:38.940000,8.0,0 days 00:00:37.723000,0 days 00:00:30.992000,0 days 00:00:30.225000,2.0,HARD,17.0,
0 days 01:40:29.684000,LEC,22.0,0 days 00:01:34.075000,6.0,0 days 00:00:34.685000,0 days 00:00:30.094000,0 days 00:00:29.296000,2.0,HARD,1.0,
0 days 01:40:30.646000,VER,22.0,0 days 00:01:34.167000,6.0,0 days 00:00:34.979000,0 days 00:00:29.863000,0 days 00:00:29.325000,2.0,HARD,2.0,
0 days 01:40:32.030000,SAI,22.0,0 days 00:01:34.295000,6.0,0 days 00:00:34.837000,0 days 00:00:30.042000,0 days 00:00:29.416000,2.0,HARD,3.0,
0 days 01:40:32.794000,PER,22.0,0 days 00:01:34.659000,7.0,0 days 00:00:35.393000,0 days 00:00:29.868000,0 days 00:00:29.398000,2.0,HARD,4.0,
0 days 01:40:33.780000,RUS,22.0,0 days 00:01:34.801000,6.0,0 days 00:00:35.255000,0 days 00:00:30.072000,0 days 00:00:29.474000,2.0,HARD,5.0,
0 days 01:40:34.524000,MAG,22.0,0 days 00:01:35.639000,24.0,0 days 00:00:35.508000,0 days 00:00:30.391000,0 days 00:00:29.740000,1.0,HARD,6.0,
0 days 01:40:34.892000,HAM,22.0,0 days 00:01:35.996000,23.0,0 days 00:00:36.004000,0 days 00:00:30.171000,0 days 00:00:29.821000,1.0,HARD,7.0,
0 days 01:40:35.616000,ALO,22.0,0 days 00:01:36.705000,6.0,0 days 00:00:36.362000,0 days 00:00:30.582000,0 days 00:00:29.761000,2.0,HARD,8.0,
0 days 01:40:36.357000,HUL,22.0,0 days 00:01:36.740000,23.0,0 days 00:00:36.342000,0 days 00:00:30.505000,0 days 00:00:29.893000,1.0,HARD,9.0,
0 days 01:40:36.711000,BOT,22.0,0 days 00:01:37.061000,6.0,0 days 00:00:36.437000,0 days 00:00:30.688000,0 days 00:00:29.936000,2.0,HARD,10.0,
0 days 01:40:37.412000,OCO,22.0,0 days 00:01:37.099000,6.0,0 days 00:00:36.384000,0 days 00:00:30.783000,0 days 00:00:29.932000,2.0,HARD,11.0,
0 days 01:40:38.081000,RIC,22.0,0 days 00:01:37.130000,14.0,0 days 00:00:36.417000,0 days 00:00:30.731000,0 days 00:00:29.982000,2.0,HARD,12.0,
0 days 01:40:38.648000,NOR,22.0,0 days 00:01:37.203000,6.0,0 days 00:00:36.436000,0 days 00:00:30.851000,0 days 00:00:29.916000,2.0,HARD,13.0,
0 days 01:40:39.216000,GAS,22.0,0 days 00:01:37.267000,7.0,0 days 00:00:36.750000,0 days 00:00:30.768000,0 days 00:00:29.749000,2.0,HARD,14.0,
0 days 01:40:39.600000,ZHO,22.0,0 days 00:01:37.364000,6.0,0 days 00:00:36.816000,0 days 00:00:30.622000,0 days 00:00:29.926000,2.0,HARD,15.0,
0 days 01:40:40.126000,STR,22.0,0 days 00:01:37.787000,10.0,0 days 00:00:36.896000,0 days 00:00:30.802000,0 days 00:00:30.089000,2.0,HARD,16.0,
0 days 01:40:40.723000,ALB,22.0,0 days 00:01:37.769000,9.0,0 days 00:00:36.886000,0 days 00:00:30.734000,0 days 00:00:30.149000,2.0,HARD,17.0,
0 days 01:42:03.759000,LEC,23.0,0 days 00:01:33.459000,7.0,0 days 00:00:34.471000,0 days 00:00:29.718000,0 days 00:00:29.270000,2.0,HARD,1.0,
0 days 01:42:04.813000,VER,23.0,0 days 00:01:33.688000,7.0,0 days 00:00:34.814000,0 days 00:00:29.795000,0 days 00:00:29.079000,2.0,HARD,2.0,
0 days 01:42:06.325000,SAI,23.0,0 days 00:01:33.857000,7.0,0 days 00:00:34.643000,0 days 00:00:29.984000,0 days 00:00:29.230000,2.0,HARD,3.0,
0 days 01:42:07.453000,PER,23.0,0 days 00:01:33.699000,8.0,0 days 00:00:34.876000,0 days 00:00:29.669000,0 days 00:00:29.154000,2.0,HARD,4.0,
0 days 01:42:08.581000,RUS,23.0,0 days 00:01:34.184000,7.0,0 days 00:00:34.751000,0 days 00:00:29.866000,0 days 00:00:29.567000,2.0,HARD,5.0,
0 days 01:42:10.163000,MAG,23.0,0 days 00:01:35.742000,25.0,0 days 00:00:35.325000,0 days 00:00:30.339000,0 days 00:00:30.078000,1.0,HARD,7.0,
0 days 01:42:10.888000,HAM,23.0,0 days 00:01:34.928000,24.0,0 days 00:00:35.340000,0 days 00:00:30.022000,0 days 00:00:29.566000,1.0,HARD,6.0,
0 days 01:42:12.321000,ALO,23.0,0 days 00:01:35.666000,7.0,0 days 00:00:35.707000,0 days 00:00:30.371000,0 days 00:00:29.588000,2.0,HARD,8.0,
0 days 01:42:13.097000,HUL,23.0,0 days 00:01:36.427000,24.0,0 days 00:00:36.027000,0 days 00:00:30.563000,0 days 00:00:29.837000,1.0,HARD,9.0,
0 days 01:42:13.772000,BOT,23.0,0 days 00:01:35.816000,7.0,0 days 00:00:35.813000,0 days 00:00:30.446000,0 days 00:00:29.557000,2.0,HARD,10.0,
0 days 01:42:14.511000,OCO,23.0,0 days 00:01:35.673000,7.0,0 days 00:00:35.870000,0 days 00:00:30.459000,0 days 00:00:29.344000,2.0,HARD,11.0,
0 days 01:42:15.211000,RIC,23.0,0 days 00:01:35.817000,15.0,0 days 00:00:36.233000,0 days 00:00:30.266000,0 days 00:00:29.318000,2.0,HARD,12.0,
0 days 01:42:15.851000,NOR,23.0,0 days 00:01:35.949000,7.0,0 days 00:00:36.312000,0 days 00:00:30.208000,0 days 00:00:29.429000,2.0,HARD,13.0,
0 days 01:42:16.483000,GAS,23.0,0 days 00:01:36.028000,8.0,0 days 00:00:36.506000,0 days 00:00:30.354000,0 days 00:00:29.168000,2.0,HARD,14.0,
0 days 01:42:16.964000,ZHO,23.0,0 days 00:01:35.874000,7.0,0 days 00:00:36.472000,0 days 00:00:30.131000,0 days 00:00:29.271000,2.0,HARD,15.0,
0 days 01:42:17.913000,STR,23.0,0 days 00:01:36.685000,11.0,0 days 00:00:36.547000,0 days 00:00:30.594000,0 days 00:00:29.544000,2.0,HARD,16.0,
0 days 01:42:18.492000,ALB,23.0,0 days 00:01:36.664000,10.0,0 days 00:00:36.620000,0 days 00:00:30.544000,0 days 00:00:29.500000,2.0,HARD,17.0,
0 days 01:43:37.218000,LEC,24.0,0 days 00:01:33.521000,8.0,0 days 00:00:34.536000,0 days 00:00:29.733000,0 days 00:00:29.252000,2.0,HARD,1.0,
0 days 01:43:38.501000,VER,24.0,0 days 00:01:33.445000,8.0,0 days 00:00:34.675000,0 days 00:00:29.704000,0 days 00:00:29.066000,2.0,HARD,2.0,
0 days 01:43:40.182000,SAI,24.0,0 days 00:01:33.636000,8.0,0 days 00:00:34.514000,0 days 00:00:29.852000,0 days 00:00:29.270000,2.0,HARD,3.0,
0 days 01:43:41.152000,PER,24.0,0 days 00:01:33.815000,9.0,0 days 00:00:34.943000,0 days 00:00:29.711000,0 days 00:00:29.161000,2.0,HARD,4.0,
0 days 01:43:42.765000,RUS,24.0,0 days 00:01:34.890000,8.0,0 days 00:00:35.111000,0 days 00:00:30.196000,0 days 00:00:29.583000,2.0,HARD,5.0,
0 days 01:43:45.816000,HAM,24.0,0 days 00:01:35.876000,25.0,0 days 00:00:36.246000,0 days 00:00:29.995000,0 days 00:00:29.635000,1.0,HARD,7.0,
0 days 01:43:45.905000,MAG,24.0,0 days 00:01:35.393000,26.0,0 days 00:00:35.387000,0 days 00:00:30.198000,0 days 00:00:29.808000,1.0,HARD,6.0,
0 days 01:43:47.987000,ALO,24.0,0 days 00:01:35.666000,8.0,0 days 00:00:35.791000,0 days 00:00:30.269000,0 days 00:00:29.606000,2.0,HARD,8.0,
0 days 01:43:49.524000,HUL,24.0,0 days 00:01:36.981000,25.0,0 days 00:00:36.482000,0 days 00:00:30.372000,0 days 00:00:30.127000,1.0,HARD,10.0,
0 days 01:43:49.588000,BOT,24.0,0 days 00:01:35.292000,8.0,0 days 00:00:35.431000,0 days 00:00:30.256000,0 days 00:00:29.605000,2.0,HARD,9.0,
0 days 01:43:50.184000,OCO,24.0,0 days 00:01:36.421000,8.0,0 days 00:00:36.133000,0 days 00:00:30.441000,0 days 00:00:29.847000,2.0,HARD,11.0,
0 days 01:43:51.028000,RIC,24.0,0 days 00:01:36.211000,16.0,0 days 00:00:36.153000,0 days 00:00:30.444000,0 days 00:00:29.614000,2.0,HARD,12.0,
0 days 01:43:51.800000,NOR,24.0,0 days 00:01:36.081000,8.0,0 days 00:00:36.125000,0 days 00:00:30.311000,0 days 00:00:29.645000,2.0,HARD,13.0,
0 days 01:43:52.511000,GAS,24.0,0 days 00:01:35.922000,9.0,0 days 00:00:36.269000,0 days 00:00:30.415000,0 days 00:00:29.238000,2.0,HARD,14.0,
0 days 01:43:52.838000,ZHO,24.0,0 days 00:01:36.323000,8.0,0 days 00:00:36.396000,0 days 00:00:30.503000,0 days 00:00:29.424000,2.0,HARD,15.0,
0 days 01:43:54.598000,STR,24.0,0 days 00:01:36.241000,12.0,0 days 00:00:36.021000,0 days 00:00:30.605000,0 days 00:00:29.615000,2.0,HARD,16.0,
0 days 01:43:55.156000,ALB,24.0,0 days 00:01:36.251000,11.0,0 days 00:00:36.202000,0 days 00:00:30.538000,0 days 00:00:29.511000,2.0,HARD,17.0,
0 days 01:45:10.739000,LEC,25.0,0 days 00:01:33.324000,9.0,0 days 00:00:34.175000,0 days 00:00:29.800000,0 days 00:00:29.349000,2.0,HARD,1.0,
0 days 01:45:11.946000,VER,25.0,0 days 00:01:33.301000,9.0,0 days 00:00:34.521000,0 days 00:00:29.663000,0 days 00:00:29.117000,2.0,HARD,2.0,
0 days 01:45:13.818000,SAI,25.0,0 days 00:01:33.575000,9.0,0 days 00:00:34.465000,0 days 00:00:29.846000,0 days 00:00:29.264000,2.0,HARD,3.0,
0 days 01:45:14.967000,PER,25.0,0 days 00:01:33.697000,10.0,0 days 00:00:34.769000,0 days 00:00:29.648000,0 days 00:00:29.280000,2.0,HARD,4.0,
0 days 01:45:17.655000,RUS,25.0,0 days 00:01:34.288000,9.0,0 days 00:00:34.814000,0 days 00:00:29.946000,0 days 00:00:29.528000,2.0,HARD,5.0,
0 days 01:45:21.298000,MAG,25.0,0 days 00:01:35.750000,27.0,0 days 00:00:36.344000,0 days 00:00:30.080000,0 days 00:00:29.326000,1.0,HARD,7.0,
0 days 01:45:21.692000,HAM,25.0,0 days 00:01:34.820000,26.0,0 days 00:00:35.059000,0 days 00:00:30.197000,0 days 00:00:29.564000,1.0,HARD,6.0,
0 days 01:45:23.653000,ALO,25.0,0 days 00:01:35.361000,9.0,0 days 00:00:35.558000,0 days 00:00:30.257000,0 days 00:00:29.546000,2.0,HARD,8.0,
0 days 01:45:24.880000,BOT,25.0,0 days 00:01:34.639000,9.0,0 days 00:00:35.320000,0 days 00:00:30.064000,0 days 00:00:29.255000,2.0,HARD,9.0,
0 days 01:45:26.505000,HUL,25.0,0 days 00:01:37.389000,26.0,0 days 00:00:36.497000,0 days 00:00:30.521000,0 days 00:00:30.371000,1.0,HARD,12.0,
0 days 01:45:26.605000,OCO,25.0,0 days 00:01:35.232000,9.0,0 days 00:00:35.267000,0 days 00:00:30.312000,0 days 00:00:29.653000,2.0,HARD,10.0,
0 days 01:45:27.239000,RIC,25.0,0 days 00:01:36.439000,17.0,0 days 00:00:36.356000,0 days 00:00:30.484000,0 days 00:00:29.599000,2.0,HARD,11.0,
0 days 01:45:27.881000,NOR,25.0,0 days 00:01:36.266000,9.0,0 days 00:00:36.367000,0 days 00:00:30.400000,0 days 00:00:29.499000,2.0,HARD,13.0,
0 days 01:45:28.433000,GAS,25.0,0 days 00:01:36.303000,10.0,0 days 00:00:36.521000,0 days 00:00:30.434000,0 days 00:00:29.348000,2.0,HARD,14.0,
0 days 01:45:29.161000,ZHO,25.0,0 days 00:01:36.023000,9.0,0 days 00:00:36.188000,0 days 00:00:30.525000,0 days 00:00:29.310000,2.0,HARD,15.0,
0 days 01:45:30.839000,STR,25.0,0 days 00:01:36.287000,13.0,0 days 00:00:35.939000,0 days 00:00:30.509000,0 days 00:00:29.839000,2.0,HARD,16.0,
0 days 01:45:31.407000,ALB,25.0,0 days 00:01:36.938000,12.0,0 days 00:00:36.260000,0 days 00:00:30.735000,0 days 00:00:29.943000,2.0,HARD,17.0,
0 days 01:46:44.063000,LEC,26.0,0 days 00:01:33.182000,10.0,0 days 00:00:34.261000,0 days 00:00:29.843000,0 days 00:00:29.078000,2.0,HARD,1.0,
0 days 01:46:45.247000,VER,26.0,0 days 00:01:33.304000,10.0,0 days 00:00:34.575000,0 days 00:00:29.713000,0 days 00:00:29.016000,2.0,HARD,2.0,
0 days 01:46:47.393000,SAI,26.0,0 days 00:01:33.181000,10.0,0 days 00:00:34.229000,0 days 00:00:29.751000,0 days 00:00:29.201000,2.0,HARD,3.0,
0 days 01:46:48.664000,PER,26.0,0 days 00:01:33.608000,11.0,0 days 00:00:34.701000,0 days 00:00:29.712000,0 days 00:00:29.195000,2.0,HARD,4.0,
0 days 01:46:51.943000,RUS,26.0,0 days 00:01:33.968000,10.0,0 days 00:00:34.658000,0 days 00:00:29.817000,0 days 00:00:29.493000,2.0,HARD,5.0,
0 days 01:46:56.512000,HAM,26.0,0 days 00:01:34.544000,27.0,0 days 00:00:35.089000,0 days 00:00:29.899000,0 days 00:00:29.556000,1.0,HARD,6.0,
0 days 01:46:57.048000,MAG,26.0,0 days 00:01:35.509000,28.0,0 days 00:00:35.459000,0 days 00:00:30.326000,0 days 00:00:29.724000,1.0,HARD,7.0,
0 days 01:46:59.014000,ALO,26.0,0 days 00:01:34.831000,10.0,0 days 00:00:35.301000,0 days 00:00:30.075000,0 days 00:00:29.455000,2.0,HARD,8.0,
0 days 01:46:59.519000,BOT,26.0,0 days 00:01:34.735000,10.0,0 days 00:00:35.464000,0 days 00:00:30.039000,0 days 00:00:29.232000,2.0,HARD,9.0,
0 days 01:47:01.837000,OCO,26.0,0 days 00:01:35.180000,10.0,0 days 00:00:35.374000,0 days 00:00:30.214000,0 days 00:00:29.592000,2.0,HARD,10.0,
0 days 01:47:03.678000,RIC,26.0,0 days 00:01:35.511000,18.0,0 days 00:00:35.506000,0 days 00:00:30.382000,0 days 00:00:29.623000,2.0,HARD,11.0,
0 days 01:47:03.894000,HUL,26.0,0 days 00:01:36.065000,27.0,0 days 00:00:36.258000,0 days 00:00:30.333000,0 days 00:00:29.474000,1.0,HARD,12.0,
0 days 01:47:04.147000,NOR,26.0,0 days 00:01:36.292000,10.0,0 days 00:00:36.731000,0 days 00:00:30.158000,0 days 00:00:29.403000,2.0,HARD,13.0,
0 days 01:47:04.736000,GAS,26.0,0 days 00:01:36.294000,11.0,0 days 00:00:36.747000,0 days 00:00:30.307000,0 days 00:00:29.240000,2.0,HARD,14.0,
0 days 01:47:05.184000,ZHO,26.0,0 days 00:01:36.310000,10.0,0 days 00:00:36.638000,0 days 00:00:30.411000,0 days 00:00:29.261000,2.0,HARD,15.0,
0 days 01:47:07.126000,STR,26.0,0 days 00:01:36.385000,14.0,0 days 00:00:36.112000,0 days 00:00:30.614000,0 days 00:00:29.659000,2.0,HARD,16.0,
0 days 01:47:08.345000,ALB,26.0,0 days 00:01:36.445000,13.0,0 days 00:00:36.038000,0 days 00:00:30.574000,0 days 00:00:29.833000,2.0,HARD,17.0,
0 days 01:48:17.245000,LEC,27.0,0 days 00:01:33.184000,11.0,0 days 00:00:34.301000,0 days 00:00:29.728000,0 days 00:00:29.155000,2.0,HARD,1.0,
0 days 01:48:18.551000,VER,27.0,0 days 00:01:33.059000,11.0,0 days 00:00:34.458000,0 days 00:00:29.571000,0 days 00:00:29.030000,2.0,HARD,2.0,
0 days 01:48:20.574000,SAI,27.0,0 days 00:01:33.705000,11.0,0 days 00:00:34.681000,0 days 00:00:29.803000,0 days 00:00:29.221000,2.0,HARD,3.0,
0 days 01:48:22.272000,PER,27.0,0 days 00:01:33.547000,12.0,0 days 00:00:34.597000,0 days 00:00:29.714000,0 days 00:00:29.236000,2.0,HARD,4.0,
0 days 01:48:25.911000,RUS,27.0,0 days 00:01:34.044000,11.0,0 days 00:00:34.652000,0 days 00:00:29.929000,0 days 00:00:29.463000,2.0,HARD,5.0,
0 days 01:48:31.056000,HAM,27.0,0 days 00:01:34.699000,28.0,0 days 00:00:34.982000,0 days 00:00:30.071000,0 days 00:00:29.646000,1.0,HARD,6.0,
0 days 01:48:32.557000,MAG,27.0,0 days 00:01:34.796000,29.0,0 days 00:00:35.061000,0 days 00:00:30.136000,0 days 00:00:29.599000,1.0,HARD,7.0,
0 days 01:48:33.845000,ALO,27.0,0 days 00:01:34.594000,11.0,0 days 00:00:35.101000,0 days 00:00:29.952000,0 days 00:00:29.541000,2.0,HARD,8.0,
0 days 01:48:34.254000,BOT,27.0,0 days 00:01:35.516000,11.0,0 days 00:00:35.647000,0 days 00:00:30.269000,0 days 00:00:29.600000,2.0,HARD,9.0,
0 days 01:48:37.017000,OCO,27.0,0 days 00:01:35.292000,11.0,0 days 00:00:35.262000,0 days 00:00:30.301000,0 days 00:00:29.729000,2.0,HARD,10.0,
0 days 01:48:39.189000,RIC,27.0,0 days 00:01:35.255000,19.0,0 days 00:00:35.384000,0 days 00:00:30.153000,0 days 00:00:29.718000,2.0,HARD,11.0,
0 days 01:48:39.959000,HUL,27.0,0 days 00:01:35.897000,28.0,0 days 00:00:35.648000,0 days 00:00:30.355000,0 days 00:00:29.894000,1.0,HARD,12.0,
0 days 01:48:40.439000,NOR,27.0,0 days 00:01:35.606000,11.0,0 days 00:00:35.851000,0 days 00:00:30.134000,0 days 00:00:29.621000,2.0,HARD,13.0,
0 days 01:48:41.030000,GAS,27.0,0 days 00:01:35.547000,12.0,0 days 00:00:36.112000,0 days 00:00:30.181000,0 days 00:00:29.254000,2.0,HARD,14.0,
0 days 01:48:41.494000,ZHO,27.0,0 days 00:01:38.660000,11.0,0 days 00:00:36.091000,0 days 00:00:30.313000,0 days 00:00:32.256000,2.0,HARD,16.0,
0 days 01:48:43.511000,STR,27.0,0 days 00:01:36.195000,15.0,0 days 00:00:35.954000,0 days 00:00:30.510000,0 days 00:00:29.731000,2.0,HARD,15.0,
0 days 01:48:44.790000,ALB,27.0,0 days 00:01:36.411000,14.0,0 days 00:00:35.846000,0 days 00:00:30.649000,0 days 00:00:29.916000,2.0,HARD,17.0,
0 days 01:49:50.429000,LEC,28.0,0 days 00:01:32.711000,12.0,0 days 00:00:34.067000,0 days 00:00:29.513000,0 days 00:00:29.131000,2.0,HARD,1.0,
0 days 01:49:51.610000,VER,28.0,0 days 00:01:33.030000,12.0,0 days 00:00:34.398000,0 days 00:00:29.606000,0 days 00:00:29.026000,2.0,HARD,2.0,
0 days 01:49:54.279000,SAI,28.0,0 days 00:01:33.231000,12.0,0 days 00:00:34.308000,0 days 00:00:29.627000,0 days 00:00:29.296000,2.0,HARD,3.0,
0 days 01:49:55.819000,PER,28.0,0 days 00:01:33.407000,13.0,0 days 00:00:34.557000,0 days 00:00:29.706000,0 days 00:00:29.144000,2.0,HARD,4.0,
0 days 01:49:59.955000,RUS,28.0,0 days 00:01:34.083000,12.0,0 days 00:00:34.684000,0 days 00:00:29.862000,0 days 00:00:29.537000,2.0,HARD,5.0,
0 days 01:50:05.755000,HAM,28.0,0 days 00:01:34.266000,29.0,0 days 00:00:34.765000,0 days 00:00:29.956000,0 days 00:00:29.545000,1.0,HARD,6.0,
0 days 01:50:07.353000,MAG,28.0,0 days 00:01:34.837000,30.0,0 days 00:00:35.086000,0 days 00:00:30.113000,0 days 00:00:29.638000,1.0,HARD,7.0,
0 days 01:50:08.439000,ALO,28.0,0 days 00:01:34.943000,12.0,0 days 00:00:35.212000,0 days 00:00:30.012000,0 days 00:00:29.719000,2.0,HARD,8.0,
0 days 01:50:09.770000,BOT,28.0,0 days 00:01:35.096000,12.0,0 days 00:00:35.245000,0 days 00:00:30.235000,0 days 00:00:29.616000,2.0,HARD,9.0,
0 days 01:50:12.309000,OCO,28.0,0 days 00:01:35.109000,12.0,0 days 00:00:35.211000,0 days 00:00:30.256000,0 days 00:00:29.642000,2.0,HARD,10.0,
0 days 01:50:14.444000,RIC,28.0,0 days 00:01:35.135000,20.0,0 days 00:00:35.115000,0 days 00:00:30.231000,0 days 00:00:29.789000,2.0,HARD,11.0,
0 days 01:50:15.856000,HUL,28.0,0 days 00:01:36.686000,29.0,0 days 00:00:36.510000,0 days 00:00:30.328000,0 days 00:00:29.848000,1.0,HARD,13.0,
0 days 01:50:16.045000,NOR,28.0,0 days 00:01:35.293000,12.0,0 days 00:00:35.412000,0 days 00:00:30.197000,0 days 00:00:29.684000,2.0,HARD,12.0,
0 days 01:50:16.577000,GAS,28.0,0 days 00:01:36.143000,13.0,0 days 00:00:36.488000,0 days 00:00:30.319000,0 days 00:00:29.336000,2.0,HARD,14.0,
0 days 01:50:19.706000,STR,28.0,0 days 00:01:36.209000,16.0,0 days 00:00:35.846000,0 days 00:00:30.595000,0 days 00:00:29.768000,2.0,HARD,15.0,
0 days 01:50:20.154000,ZHO,28.0,0 days 00:01:48.451000,12.0,0 days 00:00:47.906000,0 days 00:00:30.561000,0 days 00:00:29.984000,3.0,HARD,17.0,
0 days 01:50:21.201000,ALB,28.0,0 days 00:01:36.424000,15.0,0 days 00:00:35.993000,0 days 00:00:30.504000,0 days 00:00:29.927000,2.0,HARD,16.0,
0 days 01:51:23.140000,LEC,29.0,0 days 00:01:32.942000,13.0,0 days 00:00:34.159000,0 days 00:00:29.654000,0 days 00:00:29.129000,2.0,HARD,1.0,
0 days 01:51:24.640000,VER,29.0,0 days 00:01:32.930000,13.0,0 days 00:00:34.306000,0 days 00:00:29.556000,0 days 00:00:29.068000,2.0,HARD,2.0,
0 days 01:51:27.510000,SAI,29.0,0 days 00:01:33.582000,13.0,0 days 00:00:34.486000,0 days 00:00:29.799000,0 days 00:00:29.297000,2.0,HARD,3.0,
0 days 01:51:29.226000,PER,29.0,0 days 00:01:33.313000,14.0,0 days 00:00:34.632000,0 days 00:00:29.660000,0 days 00:00:29.021000,2.0,HARD,4.0,
0 days 01:51:34.038000,RUS,29.0,0 days 00:01:34.072000,13.0,0 days 00:00:34.768000,0 days 00:00:29.754000,0 days 00:00:29.550000,2.0,HARD,5.0,
0 days 01:51:40.021000,HAM,29.0,0 days 00:01:34.189000,30.0,0 days 00:00:34.880000,0 days 00:00:29.876000,0 days 00:00:29.433000,1.0,HARD,6.0,
0 days 01:51:42.190000,MAG,29.0,0 days 00:01:34.836000,31.0,0 days 00:00:35.016000,0 days 00:00:30.077000,0 days 00:00:29.743000,1.0,HARD,7.0,
0 days 01:51:43.382000,ALO,29.0,0 days 00:01:35.385000,13.0,0 days 00:00:35.550000,0 days 00:00:30.319000,0 days 00:00:29.516000,2.0,HARD,8.0,
0 days 01:51:44.866000,BOT,29.0,0 days 00:01:34.498000,13.0,0 days 00:00:35.220000,0 days 00:00:29.998000,0 days 00:00:29.280000,2.0,HARD,9.0,
0 days 01:51:47.418000,OCO,29.0,0 days 00:01:34.816000,13.0,0 days 00:00:35.139000,0 days 00:00:30.143000,0 days 00:00:29.534000,2.0,HARD,10.0,
0 days 01:51:49.579000,RIC,29.0,0 days 00:01:34.982000,21.0,0 days 00:00:35.205000,0 days 00:00:30.129000,0 days 00:00:29.648000,2.0,HARD,11.0,
0 days 01:51:51.338000,NOR,29.0,0 days 00:01:35.152000,13.0,0 days 00:00:35.295000,0 days 00:00:30.120000,0 days 00:00:29.737000,2.0,HARD,12.0,
0 days 01:51:52.542000,HUL,29.0,0 days 00:01:36.467000,30.0,0 days 00:00:36.605000,0 days 00:00:30.229000,0 days 00:00:29.633000,1.0,HARD,14.0,
0 days 01:51:52.720000,GAS,29.0,0 days 00:01:35.394000,14.0,0 days 00:00:35.715000,0 days 00:00:30.095000,0 days 00:00:29.584000,2.0,HARD,13.0,
0 days 01:51:55.915000,STR,29.0,0 days 00:01:36.024000,17.0,0 days 00:00:35.966000,0 days 00:00:30.328000,0 days 00:00:29.730000,2.0,HARD,15.0,
0 days 01:51:57.625000,ALB,29.0,0 days 00:01:36.059000,16.0,0 days 00:00:35.815000,0 days 00:00:30.391000,0 days 00:00:29.853000,2.0,HARD,16.0,
0 days 01:52:08.605000,ZHO,29.0,0 days 00:01:35.172000,13.0,0 days 00:00:35.421000,0 days 00:00:30.102000,0 days 00:00:29.649000,3.0,HARD,17.0,
0 days 01:52:56.082000,LEC,30.0,0 days 00:01:32.752000,14.0,0 days 00:00:34.076000,0 days 00:00:29.593000,0 days 00:00:29.083000,2.0,HARD,1.0,
0 days 01:52:57.570000,VER,30.0,0 days 00:01:32.778000,14.0,0 days 00:00:34.243000,0 days 00:00:29.560000,0 days 00:00:28.975000,2.0,HARD,2.0,
0 days 01:53:01.092000,SAI,30.0,0 days 00:01:33.004000,14.0,0 days 00:00:34.176000,0 days 00:00:29.680000,0 days 00:00:29.148000,2.0,HARD,3.0,
0 days 01:53:02.539000,PER,30.0,0 days 00:01:33.647000,15.0,0 days 00:00:34.792000,0 days 00:00:29.799000,0 days 00:00:29.056000,2.0,HARD,4.0,
0 days 01:53:08.110000,RUS,30.0,0 days 00:01:34.004000,14.0,0 days 00:00:34.714000,0 days 00:00:29.821000,0 days 00:00:29.469000,2.0,HARD,5.0,
0 days 01:53:14.210000,HAM,30.0,0 days 00:01:34.074000,31.0,0 days 00:00:34.699000,0 days 00:00:29.930000,0 days 00:00:29.445000,1.0,HARD,6.0,
0 days 01:53:17.026000,MAG,30.0,0 days 00:01:34.572000,32.0,0 days 00:00:34.882000,0 days 00:00:30.110000,0 days 00:00:29.580000,1.0,HARD,7.0,
0 days 01:53:18.767000,ALO,30.0,0 days 00:01:34.404000,14.0,0 days 00:00:35.155000,0 days 00:00:29.847000,0 days 00:00:29.402000,2.0,HARD,8.0,
0 days 01:53:19.364000,BOT,30.0,0 days 00:01:34.499000,14.0,0 days 00:00:35.183000,0 days 00:00:30.035000,0 days 00:00:29.281000,2.0,HARD,9.0,
0 days 01:53:22.234000,OCO,30.0,0 days 00:01:34.767000,14.0,0 days 00:00:35.087000,0 days 00:00:30.214000,0 days 00:00:29.466000,2.0,HARD,10.0,
0 days 01:53:24.561000,RIC,30.0,0 days 00:01:35.042000,22.0,0 days 00:00:35.130000,0 days 00:00:30.195000,0 days 00:00:29.717000,2.0,HARD,11.0,
0 days 01:53:26.490000,NOR,30.0,0 days 00:01:34.910000,14.0,0 days 00:00:35.150000,0 days 00:00:30.052000,0 days 00:00:29.708000,2.0,HARD,12.0,
0 days 01:53:28.114000,GAS,30.0,0 days 00:01:34.798000,15.0,0 days 00:00:35.327000,0 days 00:00:30.042000,0 days 00:00:29.429000,2.0,HARD,13.0,
0 days 01:53:29.009000,HUL,30.0,0 days 00:01:35.890000,31.0,0 days 00:00:35.710000,0 days 00:00:30.422000,0 days 00:00:29.758000,1.0,HARD,14.0,
0 days 01:53:31.939000,STR,30.0,0 days 00:01:35.839000,18.0,0 days 00:00:35.772000,0 days 00:00:30.344000,0 days 00:00:29.723000,2.0,HARD,15.0,
0 days 01:53:33.684000,ALB,30.0,0 days 00:01:35.898000,17.0,0 days 00:00:35.720000,0 days 00:00:30.494000,0 days 00:00:29.684000,2.0,HARD,16.0,
0 days 01:53:43.777000,ZHO,30.0,0 days 00:01:34.518000,14.0,0 days 00:00:35.143000,0 days 00:00:29.983000,0 days 00:00:29.392000,3.0,HARD,17.0,
0 days 01:54:28.834000,LEC,31.0,0 days 00:01:33.079000,15.0,0 days 00:00:34.231000,0 days 00:00:29.744000,0 days 00:00:29.104000,2.0,HARD,1.0,
0 days 01:54:30.348000,VER,31.0,0 days 00:01:32.897000,15.0,0 days 00:00:34.328000,0 days 00:00:29.639000,0 days 00:00:28.930000,2.0,HARD,2.0,
0 days 01:54:34.096000,SAI,31.0,0 days 00:01:33.041000,15.0,0 days 00:00:34.223000,0 days 00:00:29.653000,0 days 00:00:29.165000,2.0,HARD,3.0,
0 days 01:54:36.186000,PER,31.0,0 days 00:01:33.102000,16.0,0 days 00:00:34.593000,0 days 00:00:29.502000,0 days 00:00:29.007000,2.0,HARD,4.0,
0 days 01:54:42.114000,RUS,31.0,0 days 00:01:34.002000,15.0,0 days 00:00:34.660000,0 days 00:00:29.813000,0 days 00:00:29.529000,2.0,HARD,5.0,
0 days 01:54:48.284000,HAM,31.0,0 days 00:01:34.159000,32.0,0 days 00:00:34.804000,0 days 00:00:29.822000,0 days 00:00:29.533000,1.0,HARD,6.0,
0 days 01:54:51.598000,MAG,31.0,0 days 00:01:34.462000,33.0,0 days 00:00:34.886000,0 days 00:00:29.926000,0 days 00:00:29.650000,1.0,HARD,7.0,
0 days 01:54:53.171000,ALO,31.0,0 days 00:01:34.202000,15.0,0 days 00:00:35.032000,0 days 00:00:29.834000,0 days 00:00:29.336000,2.0,HARD,8.0,
0 days 01:54:53.863000,BOT,31.0,0 days 00:01:33.979000,15.0,0 days 00:00:35.127000,0 days 00:00:29.747000,0 days 00:00:29.105000,2.0,HARD,9.0,
0 days 01:54:57.001000,OCO,31.0,0 days 00:01:34.551000,15.0,0 days 00:00:34.935000,0 days 00:00:30.164000,0 days 00:00:29.452000,2.0,HARD,10.0,
0 days 01:54:59.603000,RIC,31.0,0 days 00:01:35.044000,23.0,0 days 00:00:35.041000,0 days 00:00:30.209000,0 days 00:00:29.794000,2.0,HARD,11.0,
0 days 01:55:01.400000,NOR,31.0,0 days 00:01:34.908000,15.0,0 days 00:00:35.103000,0 days 00:00:30.102000,0 days 00:00:29.703000,2.0,HARD,12.0,
0 days 01:55:02.912000,GAS,31.0,0 days 00:01:34.845000,16.0,0 days 00:00:35.411000,0 days 00:00:30.040000,0 days 00:00:29.394000,2.0,HARD,13.0,
0 days 01:55:04.899000,HUL,31.0,0 days 00:01:35.572000,32.0,0 days 00:00:35.591000,0 days 00:00:30.229000,0 days 00:00:29.752000,1.0,HARD,14.0,
0 days 01:55:07.778000,STR,31.0,0 days 00:01:35.449000,19.0,0 days 00:00:35.485000,0 days 00:00:30.246000,0 days 00:00:29.718000,2.0,HARD,15.0,
0 days 01:55:09.582000,ALB,31.0,0 days 00:01:35.700000,18.0,0 days 00:00:35.594000,0 days 00:00:30.339000,0 days 00:00:29.767000,2.0,HARD,16.0,
0 days 01:55:18.295000,ZHO,31.0,0 days 00:01:34.780000,15.0,0 days 00:00:35.174000,0 days 00:00:30.066000,0 days 00:00:29.540000,3.0,HARD,17.0,
0 days 01:56:01.913000,LEC,32.0,0 days 00:01:32.683000,16.0,0 days 00:00:34.055000,0 days 00:00:29.539000,0 days 00:00:29.089000,2.0,HARD,1.0,
0 days 01:56:03.245000,VER,32.0,0 days 00:01:32.887000,16.0,0 days 00:00:34.333000,0 days 00:00:29.581000,0 days 00:00:28.973000,2.0,HARD,2.0,
0 days 01:56:07.137000,SAI,32.0,0 days 00:01:32.904000,16.0,0 days 00:00:34.173000,0 days 00:00:29.635000,0 days 00:00:29.096000,2.0,HARD,3.0,
0 days 01:56:09.288000,PER,32.0,0 days 00:01:33.151000,17.0,0 days 00:00:34.450000,0 days 00:00:29.595000,0 days 00:00:29.106000,2.0,HARD,4.0,
0 days 01:56:16.116000,RUS,32.0,0 days 00:01:33.951000,16.0,0 days 00:00:34.628000,0 days 00:00:29.826000,0 days 00:00:29.497000,2.0,HARD,5.0,
0 days 01:56:22.443000,HAM,32.0,0 days 00:01:33.911000,33.0,0 days 00:00:34.646000,0 days 00:00:29.873000,0 days 00:00:29.392000,1.0,HARD,6.0,
0 days 01:56:26.060000,MAG,32.0,0 days 00:01:34.569000,34.0,0 days 00:00:34.781000,0 days 00:00:30.103000,0 days 00:00:29.685000,1.0,HARD,7.0,
0 days 01:56:27.373000,ALO,32.0,0 days 00:01:33.953000,16.0,0 days 00:00:34.906000,0 days 00:00:29.803000,0 days 00:00:29.244000,2.0,HARD,8.0,
0 days 01:56:27.842000,BOT,32.0,0 days 00:01:35.173000,16.0,0 days 00:00:35.250000,0 days 00:00:30.273000,0 days 00:00:29.650000,2.0,HARD,9.0,
0 days 01:56:31.552000,OCO,32.0,0 days 00:01:34.190000,16.0,0 days 00:00:34.720000,0 days 00:00:30.060000,0 days 00:00:29.410000,2.0,HARD,10.0,
0 days 01:56:34.647000,RIC,32.0,0 days 00:01:34.793000,24.0,0 days 00:00:35.092000,0 days 00:00:30.072000,0 days 00:00:29.629000,2.0,HARD,11.0,
0 days 01:56:36.308000,NOR,32.0,0 days 00:01:34.721000,16.0,0 days 00:00:35.082000,0 days 00:00:30.009000,0 days 00:00:29.630000,2.0,HARD,12.0,
0 days 01:56:37.757000,GAS,32.0,0 days 00:01:34.626000,17.0,0 days 00:00:35.256000,0 days 00:00:29.993000,0 days 00:00:29.377000,2.0,HARD,13.0,
0 days 01:56:40.471000,HUL,32.0,0 days 00:01:35.881000,33.0,0 days 00:00:35.841000,0 days 00:00:30.242000,0 days 00:00:29.798000,1.0,HARD,14.0,
0 days 01:56:43.227000,STR,32.0,0 days 00:01:35.431000,20.0,0 days 00:00:35.588000,0 days 00:00:30.156000,0 days 00:00:29.687000,2.0,HARD,15.0,
0 days 01:56:45.282000,ALB,32.0,0 days 00:01:35.423000,19.0,0 days 00:00:35.492000,0 days 00:00:30.325000,0 days 00:00:29.606000,2.0,HARD,16.0,
0 days 01:56:53.075000,ZHO,32.0,0 days 00:01:34.576000,16.0,0 days 00:00:34.983000,0 days 00:00:29.957000,0 days 00:00:29.636000,3.0,HARD,17.0,
0 days 01:57:34.596000,LEC,33.0,0 days 00:01:32.878000,17.0,0 days 00:00:34.094000,0 days 00:00:29.659000,0 days 00:00:29.125000,2.0,HARD,1.0,
0 days 01:57:36.132000,VER,33.0,0 days 00:01:32.855000,17.0,0 days 00:00:34.310000,0 days 00:00:29.588000,0 days 00:00:28.957000,2.0,HARD,2.0,
0 days 01:57:40.041000,SAI,33.0,0 days 00:01:33.007000,17.0,0 days 00:00:34.147000,0 days 00:00:29.656000,0 days 00:00:29.204000,2.0,HARD,3.0,
0 days 01:57:42.439000,PER,33.0,0 days 00:01:33.122000,18.0,0 days 00:00:34.549000,0 days 00:00:29.606000,0 days 00:00:28.967000,2.0,HARD,4.0,
0 days 01:57:50.067000,RUS,33.0,0 days 00:01:33.742000,17.0,0 days 00:00:34.473000,0 days 00:00:29.838000,0 days 00:00:29.431000,2.0,HARD,5.0,
0 days 01:57:56.354000,HAM,33.0,0 days 00:01:33.937000,34.0,0 days 00:00:34.716000,0 days 00:00:29.842000,0 days 00:00:29.379000,1.0,HARD,6.0,
0 days 01:58:00.629000,MAG,33.0,0 days 00:01:34.144000,35.0,0 days 00:00:34.562000,0 days 00:00:29.954000,0 days 00:00:29.628000,1.0,HARD,7.0,
0 days 01:58:01.326000,ALO,33.0,0 days 00:01:33.831000,17.0,0 days 00:00:35.018000,0 days 00:00:29.823000,0 days 00:00:28.990000,2.0,HARD,8.0,
0 days 01:58:03.015000,BOT,33.0,0 days 00:01:35.069000,17.0,0 days 00:00:35.215000,0 days 00:00:30.223000,0 days 00:00:29.631000,2.0,HARD,9.0,
0 days 01:58:05.742000,OCO,33.0,0 days 00:01:34.336000,17.0,0 days 00:00:34.735000,0 days 00:00:30.183000,0 days 00:00:29.418000,2.0,HARD,10.0,
0 days 01:58:09.440000,RIC,33.0,0 days 00:01:34.701000,25.0,0 days 00:00:34.907000,0 days 00:00:30.127000,0 days 00:00:29.667000,2.0,HARD,11.0,
0 days 01:58:11.029000,NOR,33.0,0 days 00:01:34.340000,17.0,0 days 00:00:34.905000,0 days 00:00:29.975000,0 days 00:00:29.460000,2.0,HARD,12.0,
0 days 01:58:12.383000,GAS,33.0,0 days 00:01:34.785000,18.0,0 days 00:00:35.328000,0 days 00:00:30.025000,0 days 00:00:29.432000,2.0,HARD,13.0,
0 days 01:58:16.352000,HUL,33.0,0 days 00:01:35.176000,34.0,0 days 00:00:35.293000,0 days 00:00:30.151000,0 days 00:00:29.732000,1.0,HARD,14.0,
0 days 01:58:18.658000,STR,33.0,0 days 00:01:35.663000,21.0,0 days 00:00:35.544000,0 days 00:00:30.362000,0 days 00:00:29.757000,2.0,HARD,15.0,
0 days 01:58:20.705000,ALB,33.0,0 days 00:01:35.568000,20.0,0 days 00:00:35.660000,0 days 00:00:30.238000,0 days 00:00:29.670000,2.0,HARD,16.0,
0 days 01:58:27.651000,ZHO,33.0,0 days 00:01:34.590000,17.0,0 days 00:00:35.092000,0 days 00:00:29.998000,0 days 00:00:29.500000,3.0,HARD,17.0,
0 days 01:59:07.474000,LEC,34.0,0 days 00:01:32.680000,18.0,0 days 00:00:34.140000,0 days 00:00:29.529000,0 days 00:00:29.011000,2.0,HARD,1.0,
0 days 01:59:08.987000,VER,34.0,0 days 00:01:32.827000,18.0,0 days 00:00:34.322000,0 days 00:00:29.485000,0 days 00:00:29.020000,2.0,HARD,2.0,
0 days 01:59:13.048000,SAI,34.0,0 days 00:01:33.006000,18.0,0 days 00:00:34.155000,0 days 00:00:29.659000,0 days 00:00:29.192000,2.0,HARD,3.0,
0 days 01:59:15.561000,PER,34.0,0 days 00:01:32.935000,19.0,0 days 00:00:34.491000,0 days 00:00:29.552000,0 days 00:00:28.892000,2.0,HARD,4.0,
0 days 01:59:23.809000,RUS,34.0,0 days 00:01:33.690000,18.0,0 days 00:00:34.525000,0 days 00:00:29.766000,0 days 00:00:29.399000,2.0,HARD,5.0,
0 days 01:59:30.291000,HAM,34.0,0 days 00:01:33.746000,35.0,0 days 00:00:34.645000,0 days 00:00:29.759000,0 days 00:00:29.342000,1.0,HARD,6.0,
0 days 01:59:34.773000,MAG,34.0,0 days 00:01:34.834000,36.0,0 days 00:00:35.250000,0 days 00:00:29.992000,0 days 00:00:29.592000,1.0,HARD,7.0,
0 days 01:59:35.157000,ALO,34.0,0 days 00:01:34.671000,18.0,0 days 00:00:35.436000,0 days 00:00:29.872000,0 days 00:00:29.363000,2.0,HARD,8.0,
0 days 01:59:38.084000,BOT,34.0,0 days 00:01:34.060000,18.0,0 days 00:00:34.753000,0 days 00:00:29.948000,0 days 00:00:29.359000,2.0,HARD,9.0,
0 days 01:59:40.078000,OCO,34.0,0 days 00:01:34.524000,18.0,0 days 00:00:34.862000,0 days 00:00:30.101000,0 days 00:00:29.561000,2.0,HARD,10.0,
0 days 01:59:44.141000,RIC,34.0,0 days 00:01:34.487000,26.0,0 days 00:00:34.747000,0 days 00:00:30.089000,0 days 00:00:29.651000,2.0,HARD,11.0,
0 days 01:59:45.369000,NOR,34.0,0 days 00:01:34.233000,18.0,0 days 00:00:34.859000,0 days 00:00:29.901000,0 days 00:00:29.473000,2.0,HARD,12.0,
0 days 01:59:47.168000,GAS,34.0,0 days 00:01:34.665000,19.0,0 days 00:00:35.213000,0 days 00:00:30.041000,0 days 00:00:29.411000,2.0,HARD,13.0,
0 days 01:59:51.528000,HUL,34.0,0 days 00:01:35.319000,35.0,0 days 00:00:35.374000,0 days 00:00:30.244000,0 days 00:00:29.701000,1.0,HARD,14.0,
0 days 01:59:54.321000,STR,34.0,0 days 00:01:35.161000,22.0,0 days 00:00:35.300000,0 days 00:00:30.229000,0 days 00:00:29.632000,2.0,HARD,15.0,
0 days 01:59:56.273000,ALB,34.0,0 days 00:01:35.334000,21.0,0 days 00:00:35.468000,0 days 00:00:30.184000,0 days 00:00:29.682000,2.0,HARD,16.0,
0 days 02:00:02.241000,ZHO,34.0,0 days 00:01:34.729000,18.0,0 days 00:00:35.278000,0 days 00:00:30.041000,0 days 00:00:29.410000,3.0,HARD,17.0,
0 days 02:00:40.154000,LEC,35.0,0 days 00:01:32.481000,19.0,0 days 00:00:33.973000,0 days 00:00:29.450000,0 days 00:00:29.058000,2.0,HARD,1.0,
0 days 02:00:41.814000,VER,35.0,0 days 00:01:32.474000,19.0,0 days 00:00:34.189000,0 days 00:00:29.384000,0 days 00:00:28.901000,2.0,HARD,2.0,
0 days 02:00:46.054000,SAI,35.0,0 days 00:01:33.201000,19.0,0 days 00:00:34.505000,0 days 00:00:29.611000,0 days 00:00:29.085000,2.0,HARD,3.0,
0 days 02:00:48.496000,PER,35.0,0 days 00:01:33.529000,20.0,0 days 00:00:34.928000,0 days 00:00:29.607000,0 days 00:00:28.994000,2.0,HARD,4.0,
0 days 02:00:57.499000,RUS,35.0,0 days 00:01:33.375000,19.0,0 days 00:00:34.365000,0 days 00:00:29.707000,0 days 00:00:29.303000,2.0,HARD,5.0,
0 days 02:01:04.037000,HAM,35.0,0 days 00:01:34.144000,36.0,0 days 00:00:34.729000,0 days 00:00:29.985000,0 days 00:00:29.430000,1.0,HARD,6.0,
0 days 02:01:09.607000,MAG,35.0,0 days 00:01:35.166000,37.0,0 days 00:00:36.038000,0 days 00:00:29.937000,0 days 00:00:29.191000,1.0,HARD,8.0,
0 days 02:01:09.828000,ALO,35.0,0 days 00:01:34.509000,19.0,0 days 00:00:35.196000,0 days 00:00:29.915000,0 days 00:00:29.398000,2.0,HARD,7.0,
0 days 02:01:12.144000,BOT,35.0,0 days 00:01:37.908000,19.0,0 days 00:00:35.213000,0 days 00:00:30.009000,0 days 00:00:32.686000,2.0,HARD,10.0,
0 days 02:01:14.602000,OCO,35.0,0 days 00:01:34.530000,19.0,0 days 00:00:34.960000,0 days 00:00:30.095000,0 days 00:00:29.475000,2.0,HARD,9.0,
0 days 02:01:18.628000,RIC,35.0,0 days 00:01:34.618000,27.0,0 days 00:00:34.787000,0 days 00:00:30.133000,0 days 00:00:29.698000,2.0,HARD,11.0,
0 days 02:01:19.602000,NOR,35.0,0 days 00:01:34.046000,19.0,0 days 00:00:34.929000,0 days 00:00:29.981000,0 days 00:00:29.136000,2.0,HARD,12.0,
0 days 02:01:21.833000,GAS,35.0,0 days 00:01:34.367000,20.0,0 days 00:00:35.110000,0 days 00:00:29.960000,0 days 00:00:29.297000,2.0,HARD,13.0,
0 days 02:01:26.847000,HUL,35.0,0 days 00:01:35.613000,36.0,0 days 00:00:35.533000,0 days 00:00:30.271000,0 days 00:00:29.809000,1.0,HARD,14.0,
0 days 02:01:29.482000,STR,35.0,0 days 00:01:35.153000,23.0,0 days 00:00:35.222000,0 days 00:00:30.251000,0 days 00:00:29.680000,2.0,HARD,15.0,
0 days 02:01:31.607000,ALB,35.0,0 days 00:01:35.121000,22.0,0 days 00:00:35.384000,0 days 00:00:30.177000,0 days 00:00:29.560000,2.0,HARD,16.0,
0 days 02:01:36.970000,ZHO,35.0,0 days 00:01:34.528000,19.0,0 days 00:00:35.113000,0 days 00:00:29.953000,0 days 00:00:29.462000,3.0,HARD,17.0,
0 days 02:02:12.635000,LEC,36.0,0 days 00:01:32.640000,20.0,0 days 00:00:34.078000,0 days 00:00:29.544000,0 days 00:00:29.018000,2.0,HARD,1.0,
0 days 02:02:14.288000,VER,36.0,0 days 00:01:32.543000,20.0,0 days 00:00:34.122000,0 days 00:00:29.473000,0 days 00:00:28.948000,2.0,HARD,2.0,
0 days 02:02:19.255000,SAI,36.0,0 days 00:01:33.099000,20.0,0 days 00:00:34.153000,0 days 00:00:29.720000,0 days 00:00:29.226000,2.0,HARD,3.0,
0 days 02:02:22.025000,PER,36.0,0 days 00:01:32.878000,21.0,0 days 00:00:34.413000,0 days 00:00:29.519000,0 days 00:00:28.946000,2.0,HARD,4.0,
0 days 02:02:30.874000,RUS,36.0,0 days 00:01:33.434000,20.0,0 days 00:00:34.421000,0 days 00:00:29.716000,0 days 00:00:29.297000,2.0,HARD,5.0,
0 days 02:02:38.181000,HAM,36.0,0 days 00:01:33.790000,37.0,0 days 00:00:34.593000,0 days 00:00:29.792000,0 days 00:00:29.405000,1.0,HARD,6.0,
0 days 02:02:44.337000,ALO,36.0,,20.0,,,,2.0,HARD,,
0 days 02:02:44.773000,MAG,36.0,0 days 00:01:34.194000,38.0,0 days 00:00:34.561000,0 days 00:00:30.039000,0 days 00:00:29.594000,1.0,HARD,7.0,
0 days 02:02:49.132000,OCO,36.0,0 days 00:01:34.639000,20.0,0 days 00:00:34.939000,0 days 00:00:30.153000,0 days 00:00:29.547000,2.0,HARD,8.0,
0 days 02:02:50.052000,BOT,36.0,0 days 00:02:15.831000,1.0,0 days 00:00:54.694000,0 days 00:00:33.524000,0 days 00:00:47.613000,3.0,MEDIUM,15.0,
0 days 02:02:53.246000,RIC,36.0,,28.0,0 days 00:00:36.005000,0 days 00:00:29.894000,,2.0,HARD,16.0,
0 days 02:02:53.648000,NOR,36.0,0 days 00:01:34.374000,20.0,0 days 00:00:34.748000,0 days 00:00:30.046000,0 days 00:00:29.580000,2.0,HARD,9.0,
0 days 02:02:56.200000,GAS,36.0,0 days 00:01:35.593000,21.0,0 days 00:00:35.949000,0 days 00:00:29.978000,0 days 00:00:29.666000,2.0,HARD,10.0,
0 days 02:03:02.460000,HUL,36.0,0 days 00:01:35.096000,37.0,0 days 00:00:35.280000,0 days 00:00:30.048000,0 days 00:00:29.768000,1.0,HARD,11.0,
0 days 02:03:04.635000,STR,36.0,0 days 00:01:35.315000,24.0,0 days 00:00:35.408000,0 days 00:00:30.282000,0 days 00:00:29.625000,2.0,HARD,12.0,
0 days 02:03:06.728000,ALB,36.0,0 days 00:01:34.889000,23.0,0 days 00:00:35.288000,0 days 00:00:30.132000,0 days 00:00:29.469000,2.0,HARD,13.0,
0 days 02:03:11.498000,ZHO,36.0,0 days 00:01:34.770000,20.0,0 days 00:00:35.230000,0 days 00:00:30.042000,0 days 00:00:29.498000,3.0,HARD,14.0,
0 days 02:03:45.275000,LEC,37.0,0 days 00:01:33.102000,21.0,0 days 00:00:34.013000,0 days 00:00:29.418000,0 days 00:00:29.671000,2.0,HARD,1.0,
0 days 02:03:46.831000,VER,37.0,0 days 00:01:33.124000,21.0,0 days 00:00:34.128000,0 days 00:00:29.458000,0 days 00:00:29.538000,2.0,HARD,2.0,
0 days 02:03:52.354000,SAI,37.0,0 days 00:01:32.795000,21.0,0 days 00:00:34.016000,0 days 00:00:29.423000,0 days 00:00:29.356000,2.0,HARD,3.0,
0 days 02:03:54.903000,PER,37.0,0 days 00:01:33.008000,22.0,0 days 00:00:34.407000,0 days 00:00:29.517000,0 days 00:00:29.084000,2.0,HARD,4.0,
0 days 02:04:04.308000,RUS,37.0,0 days 00:01:33.986000,21.0,0 days 00:00:34.413000,0 days 00:00:29.693000,0 days 00:00:29.880000,2.0,HARD,5.0,
0 days 02:04:11.971000,HAM,37.0,0 days 00:01:38.059000,38.0,0 days 00:00:34.560000,0 days 00:00:29.780000,0 days 00:00:33.719000,1.0,HARD,6.0,
0 days 02:04:18.967000,MAG,37.0,0 days 00:01:39.989000,39.0,0 days 00:00:34.586000,0 days 00:00:29.849000,0 days 00:00:35.554000,1.0,HARD,7.0,
0 days 02:04:23.771000,OCO,37.0,0 days 00:01:35.250000,21.0,0 days 00:00:34.733000,0 days 00:00:30.156000,0 days 00:00:30.361000,2.0,HARD,8.0,
0 days 02:04:28.022000,NOR,37.0,0 days 00:01:34.729000,21.0,0 days 00:00:34.500000,0 days 00:00:29.911000,0 days 00:00:30.318000,2.0,HARD,9.0,
0 days 02:04:31.793000,GAS,37.0,0 days 00:01:35.058000,22.0,0 days 00:00:34.935000,0 days 00:00:29.896000,0 days 00:00:30.227000,2.0,HARD,10.0,
0 days 02:04:37.556000,HUL,37.0,0 days 00:01:40.236000,38.0,0 days 00:00:35.396000,0 days 00:00:30.114000,0 days 00:00:34.726000,1.0,HARD,13.0,
0 days 02:04:39.950000,STR,37.0,0 days 00:01:35.486000,25.0,0 days 00:00:35.235000,0 days 00:00:30.330000,0 days 00:00:29.921000,2.0,HARD,11.0,
0 days 02:04:41.617000,ALB,37.0,0 days 00:01:35.310000,24.0,0 days 00:00:35.305000,0 days 00:00:30.141000,0 days 00:00:29.864000,2.0,HARD,12.0,
0 days 02:04:46.268000,ZHO,37.0,0 days 00:01:34.836000,21.0,0 days 00:00:34.994000,0 days 00:00:29.887000,0 days 00:00:29.955000,3.0,HARD,14.0,
0 days 02:05:18.377000,LEC,38.0,0 days 00:01:47.212000,22.0,0 days 00:00:34.172000,0 days 00:00:29.549000,0 days 00:00:43.491000,2.0,HARD,1.0,
0 days 02:05:19.955000,VER,38.0,0 days 00:01:48.873000,22.0,0 days 00:00:34.183000,0 days 00:00:29.629000,0 days 00:00:45.061000,2.0,HARD,2.0,
0 days 02:05:25.149000,SAI,38.0,0 days 00:01:53.588000,22.0,0 days 00:00:34.018000,0 days 00:00:36.026000,0 days 00:00:43.544000,2.0,HARD,3.0,
0 days 02:05:27.911000,PER,38.0,0 days 00:01:53.761000,23.0,0 days 00:00:34.339000,0 days 00:00:38.782000,0 days 00:00:40.640000,2.0,HARD,4.0,
0 days 02:05:38.294000,RUS,38.0,0 days 00:01:57.192000,22.0,0 days 00:00:34.331000,0 days 00:00:41.085000,0 days 00:00:41.776000,2.0,HARD,5.0,
0 days 02:05:50.030000,HAM,38.0,0 days 00:02:00.592000,39.0,0 days 00:00:36.641000,0 days 00:00:42.674000,0 days 00:00:41.277000,1.0,HARD,6.0,
0 days 02:05:58.956000,MAG,38.0,0 days 00:02:23.719000,3.0,0 days 00:01:01.906000,0 days 00:00:40.130000,0 days 00:00:41.683000,2.0,MEDIUM,12.0,
0 days 02:05:59.021000,OCO,38.0,0 days 00:02:04.541000,22.0,0 days 00:00:41.111000,0 days 00:00:40.236000,0 days 00:00:43.194000,2.0,HARD,7.0,
0 days 02:06:02.751000,NOR,38.0,0 days 00:02:04.912000,22.0,0 days 00:00:40.955000,0 days 00:00:41.323000,0 days 00:00:42.634000,2.0,HARD,8.0,
0 days 02:06:06.851000,GAS,38.0,0 days 00:02:05.640000,23.0,0 days 00:00:42.838000,0 days 00:00:40.553000,0 days 00:00:42.249000,2.0,HARD,9.0,
0 days 02:06:15.436000,STR,38.0,0 days 00:02:04.891000,26.0,0 days 00:00:41.787000,0 days 00:00:40.098000,0 days 00:00:43.006000,2.0,HARD,10.0,
0 days 02:06:16.927000,ALB,38.0,0 days 00:02:04.829000,25.0,0 days 00:00:42.810000,0 days 00:00:40.743000,0 days 00:00:41.276000,2.0,HARD,11.0,
0 days 02:06:17.792000,HUL,38.0,0 days 00:02:24.318000,2.0,0 days 00:01:00.456000,0 days 00:00:40.557000,0 days 00:00:43.305000,2.0,MEDIUM,14.0,
0 days 02:06:21.104000,ZHO,38.0,0 days 00:02:07.464000,22.0,0 days 00:00:44.288000,0 days 00:00:41.575000,0 days 00:00:41.601000,3.0,HARD,13.0,
0 days 02:07:05.589000,LEC,39.0,0 days 00:02:06.419000,23.0,0 days 00:00:43.435000,0 days 00:00:40.459000,0 days 00:00:42.525000,2.0,HARD,1.0,
0 days 02:07:08.828000,VER,39.0,0 days 00:02:07.594000,23.0,0 days 00:00:43.100000,0 days 00:00:40.783000,0 days 00:00:43.711000,2.0,HARD,2.0,
0 days 02:07:18.737000,SAI,39.0,0 days 00:02:05.071000,23.0,0 days 00:00:40.538000,0 days 00:00:42.672000,0 days 00:00:41.861000,2.0,HARD,3.0,
0 days 02:07:21.672000,PER,39.0,0 days 00:02:06.256000,24.0,0 days 00:00:44.063000,0 days 00:00:39.704000,0 days 00:00:42.489000,2.0,HARD,4.0,
0 days 02:07:35.486000,RUS,39.0,0 days 00:02:05.560000,23.0,0 days 00:00:41.232000,0 days 00:00:42.846000,0 days 00:00:41.482000,2.0,HARD,5.0,
0 days 02:07:50.622000,HAM,39.0,0 days 00:02:06.598000,40.0,0 days 00:00:42.841000,0 days 00:00:42.406000,0 days 00:00:41.351000,1.0,HARD,6.0,
0 days 02:08:03.562000,OCO,39.0,0 days 00:02:06.573000,23.0,0 days 00:00:43.185000,0 days 00:00:40.419000,0 days 00:00:42.969000,2.0,HARD,7.0,
0 days 02:08:07.663000,NOR,39.0,0 days 00:02:06.332000,23.0,0 days 00:00:42.235000,0 days 00:00:41.722000,0 days 00:00:42.375000,2.0,HARD,8.0,
0 days 02:08:12.491000,GAS,39.0,0 days 00:02:05.424000,24.0,0 days 00:00:41.249000,0 days 00:00:42.079000,0 days 00:00:42.096000,2.0,HARD,9.0,
0 days 02:08:20.327000,STR,39.0,0 days 00:02:06.480000,27.0,0 days 00:00:42.905000,0 days 00:00:41.980000,0 days 00:00:41.595000,2.0,HARD,10.0,
0 days 02:08:21.756000,ALB,39.0,0 days 00:02:07.305000,26.0,0 days 00:00:43.533000,0 days 00:00:42.961000,0 days 00:00:40.811000,2.0,HARD,11.0,
0 days 02:08:22.675000,MAG,39.0,0 days 00:02:07.206000,4.0,0 days 00:00:43.117000,0 days 00:00:43.045000,0 days 00:00:41.044000,2.0,MEDIUM,12.0,
0 days 02:08:28.568000,ZHO,39.0,0 days 00:02:07.122000,23.0,0 days 00:00:43.612000,0 days 00:00:41.220000,0 days 00:00:42.290000,3.0,HARD,13.0,
0 days 02:08:42.110000,HUL,39.0,0 days 00:02:05.562000,3.0,0 days 00:00:43.830000,0 days 00:00:40.038000,0 days 00:00:41.694000,2.0,MEDIUM,14.0,
0 days 02:09:12.008000,LEC,40.0,0 days 00:02:06.461000,24.0,0 days 00:00:42.713000,0 days 00:00:42.639000,0 days 00:00:41.109000,2.0,HARD,1.0,
0 days 02:09:16.422000,VER,40.0,0 days 00:02:03.699000,24.0,0 days 00:00:40.272000,0 days 00:00:42.479000,0 days 00:00:40.948000,2.0,HARD,2.0,
0 days 02:09:23.808000,SAI,40.0,0 days 00:02:05.576000,24.0,0 days 00:00:42.353000,0 days 00:00:44.325000,0 days 00:00:38.898000,2.0,HARD,3.0,
0 days 02:09:27.928000,PER,40.0,0 days 00:02:04.945000,25.0,0 days 00:00:42.562000,0 days 00:00:42.156000,0 days 00:00:40.227000,2.0,HARD,4.0,
0 days 02:09:41.046000,RUS,40.0,0 days 00:02:04.186000,24.0,0 days 00:00:43.290000,0 days 00:00:41.518000,0 days 00:00:39.378000,2.0,HARD,5.0,
0 days 02:09:57.220000,HAM,40.0,0 days 00:02:03.425000,41.0,0 days 00:00:42.991000,0 days 00:00:42.269000,0 days 00:00:38.165000,1.0,HARD,6.0,
0 days 02:10:10.135000,OCO,40.0,0 days 00:01:54.968000,24.0,0 days 00:00:42.315000,0 days 00:00:41.062000,0 days 00:00:31.591000,2.0,HARD,7.0,
0 days 02:10:13.995000,NOR,40.0,0 days 00:01:53.383000,24.0,0 days 00:00:42.797000,0 days 00:00:40.752000,0 days 00:00:29.834000,2.0,HARD,8.0,
0 days 02:10:17.915000,GAS,40.0,0 days 00:01:53.144000,25.0,0 days 00:00:41.766000,0 days 00:00:41.894000,0 days 00:00:29.484000,2.0,HARD,9.0,
0 days 02:10:26.807000,STR,40.0,0 days 00:01:49.721000,28.0,0 days 00:00:42.978000,0 days 00:00:37.303000,0 days 00:00:29.440000,2.0,HARD,10.0,
0 days 02:10:29.061000,ALB,40.0,0 days 00:01:48.944000,27.0,0 days 00:00:43.242000,0 days 00:00:36.207000,0 days 00:00:29.495000,2.0,HARD,11.0,
0 days 02:10:29.881000,MAG,40.0,0 days 00:01:49.251000,5.0,0 days 00:00:43.286000,0 days 00:00:36.708000,0 days 00:00:29.257000,2.0,MEDIUM,12.0,
0 days 02:10:35.690000,ZHO,40.0,0 days 00:01:47.991000,24.0,0 days 00:00:42.591000,0 days 00:00:35.385000,0 days 00:00:30.015000,3.0,HARD,13.0,
0 days 02:10:47.672000,HUL,40.0,0 days 00:01:45.042000,4.0,0 days 00:00:43.013000,0 days 00:00:32.605000,0 days 00:00:29.424000,2.0,MEDIUM,14.0,
0 days 02:11:18.469000,LEC,41.0,0 days 00:01:36.117000,25.0,0 days 00:00:37.784000,0 days 00:00:29.530000,0 days 00:00:28.803000,2.0,HARD,1.0,
0 days 02:11:20.121000,VER,41.0,0 days 00:01:34.945000,25.0,0 days 00:00:37.311000,0 days 00:00:29.239000,0 days 00:00:28.395000,2.0,HARD,2.0,
0 days 02:11:29.384000,SAI,41.0,0 days 00:01:35.353000,25.0,0 days 00:00:36.496000,0 days 00:00:29.680000,0 days 00:00:29.177000,2.0,HARD,3.0,
0 days 02:11:32.873000,PER,41.0,0 days 00:01:33.974000,26.0,0 days 00:00:35.608000,0 days 00:00:29.512000,0 days 00:00:28.854000,2.0,HARD,4.0,
0 days 02:11:45.232000,RUS,41.0,0 days 00:01:33.387000,25.0,0 days 00:00:34.401000,0 days 00:00:29.651000,0 days 00:00:29.335000,2.0,HARD,5.0,
0 days 02:12:00.645000,HAM,41.0,0 days 00:01:53.062000,1.0,0 days 00:00:54.235000,0 days 00:00:29.635000,0 days 00:00:29.192000,2.0,MEDIUM,12.0,
0 days 02:12:05.103000,OCO,41.0,0 days 00:01:33.862000,25.0,0 days 00:00:34.526000,0 days 00:00:29.996000,0 days 00:00:29.340000,2.0,HARD,6.0,
0 days 02:12:07.378000,NOR,41.0,0 days 00:01:33.635000,25.0,0 days 00:00:34.484000,0 days 00:00:29.851000,0 days 00:00:29.300000,2.0,HARD,7.0,
0 days 02:12:11.059000,GAS,41.0,0 days 00:01:33.666000,26.0,0 days 00:00:34.777000,0 days 00:00:29.775000,0 days 00:00:29.114000,2.0,HARD,8.0,
0 days 02:12:16.528000,STR,41.0,0 days 00:01:34.680000,29.0,0 days 00:00:34.876000,0 days 00:00:30.312000,0 days 00:00:29.492000,2.0,HARD,9.0,
0 days 02:12:18.005000,ALB,41.0,0 days 00:01:34.493000,28.0,0 days 00:00:34.890000,0 days 00:00:30.003000,0 days 00:00:29.600000,2.0,HARD,11.0,
0 days 02:12:19.132000,MAG,41.0,0 days 00:01:33.188000,6.0,0 days 00:00:34.179000,0 days 00:00:29.797000,0 days 00:00:29.212000,2.0,MEDIUM,10.0,
0 days 02:12:23.681000,ZHO,41.0,0 days 00:01:34.523000,25.0,0 days 00:00:35.194000,0 days 00:00:29.900000,0 days 00:00:29.429000,3.0,HARD,13.0,
0 days 02:12:32.714000,HUL,41.0,0 days 00:01:34.734000,5.0,0 days 00:00:35.061000,0 days 00:00:30.147000,0 days 00:00:29.526000,2.0,MEDIUM,14.0,
0 days 02:12:54.586000,LEC,42.0,0 days 00:01:33.281000,26.0,0 days 00:00:34.420000,0 days 00:00:29.627000,0 days 00:00:29.234000,2.0,HARD,2.0,
0 days 02:12:55.066000,VER,42.0,0 days 00:01:32.755000,26.0,0 days 00:00:34.669000,0 days 00:00:29.259000,0 days 00:00:28.827000,2.0,HARD,1.0,
0 days 02:13:04.737000,SAI,42.0,0 days 00:01:32.272000,26.0,0 days 00:00:33.833000,0 days 00:00:29.380000,0 days 00:00:29.059000,2.0,HARD,3.0,
0 days 02:13:06.847000,PER,42.0,0 days 00:01:32.205000,27.0,0 days 00:00:34.111000,0 days 00:00:29.276000,0 days 00:00:28.818000,2.0,HARD,4.0,
0 days 02:13:18.619000,RUS,42.0,0 days 00:01:33.668000,26.0,0 days 00:00:34.668000,0 days 00:00:29.680000,0 days 00:00:29.320000,2.0,HARD,5.0,
0 days 02:13:38.965000,OCO,42.0,0 days 00:01:33.575000,26.0,0 days 00:00:34.300000,0 days 00:00:29.923000,0 days 00:00:29.352000,2.0,HARD,6.0,
0 days 02:13:41.013000,NOR,42.0,0 days 00:01:33.247000,26.0,0 days 00:00:34.253000,0 days 00:00:29.653000,0 days 00:00:29.341000,2.0,HARD,7.0,
0 days 02:13:44.725000,GAS,42.0,0 days 00:01:33.468000,27.0,0 days 00:00:34.687000,0 days 00:00:29.672000,0 days 00:00:29.109000,2.0,HARD,8.0,
0 days 02:13:51.208000,STR,42.0,0 days 00:01:34.810000,30.0,0 days 00:00:35.007000,0 days 00:00:30.190000,0 days 00:00:29.613000,2.0,HARD,9.0,
0 days 02:13:52.320000,MAG,42.0,0 days 00:01:33.927000,7.0,0 days 00:00:34.494000,0 days 00:00:29.783000,0 days 00:00:29.650000,2.0,MEDIUM,10.0,
0 days 02:13:52.498000,ALB,42.0,0 days 00:01:35.035000,29.0,0 days 00:00:35.372000,0 days 00:00:30.117000,0 days 00:00:29.546000,2.0,HARD,11.0,
0 days 02:13:53.707000,HAM,42.0,0 days 00:01:33.982000,2.0,0 days 00:00:34.705000,0 days 00:00:29.768000,0 days 00:00:29.509000,2.0,MEDIUM,12.0,
0 days 02:13:58.204000,ZHO,42.0,0 days 00:01:34.116000,26.0,0 days 00:00:34.938000,0 days 00:00:29.850000,0 days 00:00:29.328000,3.0,HARD,13.0,
0 days 02:14:07.448000,HUL,42.0,0 days 00:01:34.060000,6.0,0 days 00:00:34.703000,0 days 00:00:29.905000,0 days 00:00:29.452000,2.0,MEDIUM,14.0,
0 days 02:14:27.821000,VER,43.0,0 days 00:01:34.644000,27.0,0 days 00:00:34.876000,0 days 00:00:29.293000,0 days 00:00:30.475000,2.0,HARD,2.0,
0 days 02:14:27.867000,LEC,43.0,0 days 00:01:33.818000,27.0,0 days 00:00:33.978000,0 days 00:00:29.627000,0 days 00:00:30.213000,2.0,HARD,1.0,
0 days 02:14:37.009000,SAI,43.0,0 days 00:01:32.436000,27.0,0 days 00:00:33.896000,0 days 00:00:29.485000,0 days 00:00:29.055000,2.0,HARD,3.0,
0 days 02:14:39.052000,PER,43.0,0 days 00:01:32.410000,28.0,0 days 00:00:34.292000,0 days 00:00:29.373000,0 days 00:00:28.745000,2.0,HARD,4.0,
0 days 02:14:52.287000,RUS,43.0,0 days 00:01:32.821000,27.0,0 days 00:00:34.190000,0 days 00:00:29.420000,0 days 00:00:29.211000,2.0,HARD,5.0,
0 days 02:15:12.540000,OCO,43.0,0 days 00:01:33.470000,27.0,0 days 00:00:34.305000,0 days 00:00:29.920000,0 days 00:00:29.245000,2.0,HARD,6.0,
0 days 02:15:14.260000,NOR,43.0,0 days 00:01:33.026000,27.0,0 days 00:00:34.204000,0 days 00:00:29.557000,0 days 00:00:29.265000,2.0,HARD,7.0,
0 days 02:15:18.193000,GAS,43.0,0 days 00:01:33.550000,28.0,0 days 00:00:34.705000,0 days 00:00:29.782000,0 days 00:00:29.063000,2.0,HARD,8.0,
0 days 02:15:26.018000,STR,43.0,0 days 00:01:35.320000,31.0,0 days 00:00:35.816000,0 days 00:00:30.042000,0 days 00:00:29.462000,2.0,HARD,10.0,
0 days 02:15:26.247000,MAG,43.0,0 days 00:01:33.238000,8.0,0 days 00:00:34.447000,0 days 00:00:29.632000,0 days 00:00:29.159000,2.0,MEDIUM,9.0,
0 days 02:15:27.533000,ALB,43.0,0 days 00:01:35.371000,30.0,0 days 00:00:35.818000,0 days 00:00:30.075000,0 days 00:00:29.478000,2.0,HARD,12.0,
0 days 02:15:27.689000,HAM,43.0,0 days 00:01:33.945000,3.0,0 days 00:00:34.830000,0 days 00:00:29.686000,0 days 00:00:29.429000,2.0,MEDIUM,11.0,
0 days 02:15:32.320000,ZHO,43.0,0 days 00:01:33.987000,27.0,0 days 00:00:34.918000,0 days 00:00:29.800000,0 days 00:00:29.269000,3.0,HARD,13.0,
0 days 02:15:41.508000,HUL,43.0,0 days 00:01:34.205000,7.0,0 days 00:00:34.785000,0 days 00:00:29.855000,0 days 00:00:29.565000,2.0,MEDIUM,14.0,
0 days 02:16:01.685000,LEC,44.0,0 days 00:01:32.170000,28.0,0 days 00:00:33.728000,0 days 00:00:29.520000,0 days 00:00:28.922000,2.0,HARD,1.0,
0 days 02:16:02.465000,VER,44.0,0 days 00:01:32.302000,28.0,0 days 00:00:34.049000,0 days 00:00:29.462000,0 days 00:00:28.791000,2.0,HARD,2.0,
0 days 02:16:09.445000,SAI,44.0,0 days 00:01:32.270000,28.0,0 days 00:00:33.875000,0 days 00:00:29.382000,0 days 00:00:29.013000,2.0,HARD,3.0,
0 days 02:16:11.462000,PER,44.0,0 days 00:01:32.044000,29.0,0 days 00:00:34.105000,0 days 00:00:29.239000,0 days 00:00:28.700000,2.0,HARD,4.0,
0 days 02:16:25.108000,RUS,44.0,0 days 00:01:33.035000,28.0,0 days 00:00:34.230000,0 days 00:00:29.508000,0 days 00:00:29.297000,2.0,HARD,5.0,
0 days 02:16:46.010000,OCO,44.0,0 days 00:01:33.156000,28.0,0 days 00:00:34.172000,0 days 00:00:29.823000,0 days 00:00:29.161000,2.0,HARD,6.0,
0 days 02:16:47.286000,NOR,44.0,0 days 00:01:33.295000,28.0,0 days 00:00:34.447000,0 days 00:00:29.637000,0 days 00:00:29.211000,2.0,HARD,7.0,
0 days 02:16:51.743000,GAS,44.0,0 days 00:01:33.677000,29.0,0 days 00:00:34.734000,0 days 00:00:29.784000,0 days 00:00:29.159000,2.0,HARD,8.0,
0 days 02:16:59.485000,MAG,44.0,0 days 00:01:33.175000,9.0,0 days 00:00:34.243000,0 days 00:00:29.703000,0 days 00:00:29.229000,2.0,MEDIUM,9.0,
0 days 02:17:01.338000,STR,44.0,0 days 00:01:35.205000,32.0,0 days 00:00:35.595000,0 days 00:00:30.140000,0 days 00:00:29.470000,2.0,HARD,10.0,
0 days 02:17:01.634000,HAM,44.0,0 days 00:01:35.048000,4.0,0 days 00:00:35.862000,0 days 00:00:29.833000,0 days 00:00:29.353000,2.0,MEDIUM,11.0,
0 days 02:17:02.904000,ALB,44.0,0 days 00:01:34.441000,31.0,0 days 00:00:35.282000,0 days 00:00:29.951000,0 days 00:00:29.208000,2.0,HARD,12.0,
0 days 02:17:06.307000,ZHO,44.0,0 days 00:01:34.064000,28.0,0 days 00:00:34.943000,0 days 00:00:29.817000,0 days 00:00:29.304000,3.0,HARD,13.0,
0 days 02:17:15.713000,HUL,44.0,0 days 00:01:34.590000,8.0,0 days 00:00:35.011000,0 days 00:00:30.098000,0 days 00:00:29.481000,2.0,MEDIUM,14.0,
0 days 02:17:33.855000,LEC,45.0,0 days 00:01:32.259000,29.0,0 days 00:00:33.721000,0 days 00:00:29.399000,0 days 00:00:29.139000,2.0,HARD,1.0,
0 days 02:17:34.767000,VER,45.0,0 days 00:01:32.063000,29.0,0 days 00:00:34.113000,0 days 00:00:29.234000,0 days 00:00:28.716000,2.0,HARD,2.0,
0 days 02:17:41.715000,SAI,45.0,0 days 00:01:32.242000,29.0,0 days 00:00:33.788000,0 days 00:00:29.421000,0 days 00:00:29.033000,2.0,HARD,3.0,
0 days 02:17:43.506000,PER,45.0,0 days 00:01:32.093000,30.0,0 days 00:00:34.039000,0 days 00:00:29.306000,0 days 00:00:28.748000,2.0,HARD,4.0,
0 days 02:17:58.143000,RUS,45.0,0 days 00:01:32.931000,29.0,0 days 00:00:34.119000,0 days 00:00:29.540000,0 days 00:00:29.272000,2.0,HARD,5.0,
0 days 02:18:19.166000,OCO,45.0,0 days 00:01:33.489000,29.0,0 days 00:00:34.335000,0 days 00:00:29.838000,0 days 00:00:29.316000,2.0,HARD,6.0,
0 days 02:18:20.581000,NOR,45.0,0 days 00:01:32.951000,29.0,0 days 00:00:34.246000,0 days 00:00:29.578000,0 days 00:00:29.127000,2.0,HARD,7.0,
0 days 02:18:25.420000,GAS,45.0,0 days 00:01:33.616000,30.0,0 days 00:00:34.692000,0 days 00:00:29.770000,0 days 00:00:29.154000,2.0,HARD,8.0,
0 days 02:18:32.660000,MAG,45.0,0 days 00:01:33.110000,10.0,0 days 00:00:34.286000,0 days 00:00:29.632000,0 days 00:00:29.192000,2.0,MEDIUM,9.0,
0 days 02:18:36.543000,STR,45.0,0 days 00:01:35.191000,33.0,0 days 00:00:35.714000,0 days 00:00:30.094000,0 days 00:00:29.383000,2.0,HARD,11.0,
0 days 02:18:36.682000,HAM,45.0,0 days 00:01:33.379000,5.0,0 days 00:00:34.456000,0 days 00:00:29.647000,0 days 00:00:29.276000,2.0,MEDIUM,10.0,
0 days 02:18:37.345000,ALB,45.0,0 days 00:01:34.788000,32.0,0 days 00:00:35.494000,0 days 00:00:29.987000,0 days 00:00:29.307000,2.0,HARD,12.0,
0 days 02:18:40.371000,ZHO,45.0,0 days 00:01:33.924000,29.0,0 days 00:00:34.823000,0 days 00:00:29.896000,0 days 00:00:29.205000,3.0,HARD,13.0,
0 days 02:18:50.303000,HUL,45.0,0 days 00:01:34.309000,9.0,0 days 00:00:34.956000,0 days 00:00:29.924000,0 days 00:00:29.429000,2.0,MEDIUM,14.0,
0 days 02:19:06.114000,LEC,46.0,0 days 00:01:33.470000,30.0,0 days 00:00:34.277000,0 days 00:00:29.633000,0 days 00:00:29.560000,2.0,HARD,2.0,
0 days 02:19:06.830000,VER,46.0,0 days 00:01:32.737000,30.0,0 days 00:00:34.284000,0 days 00:00:29.183000,0 days 00:00:29.270000,2.0,HARD,1.0,
0 days 02:19:13.957000,SAI,46.0,0 days 00:01:32.384000,30.0,0 days 00:00:33.915000,0 days 00:00:29.391000,0 days 00:00:29.078000,2.0,HARD,3.0,
0 days 02:19:15.599000,PER,46.0,0 days 00:01:32.042000,31.0,0 days 00:00:34.031000,0 days 00:00:29.261000,0 days 00:00:28.750000,2.0,HARD,4.0,
0 days 02:19:31.074000,RUS,46.0,0 days 00:01:33.236000,30.0,0 days 00:00:34.362000,0 days 00:00:29.645000,0 days 00:00:29.229000,2.0,HARD,5.0,
0 days 02:19:52.655000,OCO,46.0,0 days 00:01:33.103000,30.0,0 days 00:00:34.166000,0 days 00:00:29.708000,0 days 00:00:29.229000,2.0,HARD,6.0,
0 days 02:19:53.532000,NOR,46.0,0 days 00:01:32.753000,30.0,0 days 00:00:34.234000,0 days 00:00:29.479000,0 days 00:00:29.040000,2.0,HARD,7.0,
0 days 02:19:59.036000,GAS,46.0,0 days 00:01:33.779000,31.0,0 days 00:00:34.551000,0 days 00:00:29.939000,0 days 00:00:29.289000,2.0,HARD,8.0,
0 days 02:20:05.770000,MAG,46.0,0 days 00:01:33.452000,11.0,0 days 00:00:34.373000,0 days 00:00:29.735000,0 days 00:00:29.344000,2.0,MEDIUM,9.0,
0 days 02:20:10.061000,HAM,46.0,0 days 00:01:33.289000,6.0,0 days 00:00:34.411000,0 days 00:00:29.561000,0 days 00:00:29.317000,2.0,MEDIUM,10.0,
0 days 02:20:11.734000,STR,46.0,0 days 00:01:34.446000,34.0,0 days 00:00:34.949000,0 days 00:00:30.098000,0 days 00:00:29.399000,2.0,HARD,11.0,
0 days 02:20:12.133000,ALB,46.0,0 days 00:01:34.368000,33.0,0 days 00:00:35.331000,0 days 00:00:29.919000,0 days 00:00:29.118000,2.0,HARD,12.0,
0 days 02:20:14.295000,ZHO,46.0,0 days 00:01:34.344000,30.0,0 days 00:00:35.052000,0 days 00:00:29.975000,0 days 00:00:29.317000,3.0,HARD,13.0,
0 days 02:20:24.612000,HUL,46.0,0 days 00:01:33.996000,10.0,0 days 00:00:34.594000,0 days 00:00:29.902000,0 days 00:00:29.500000,2.0,MEDIUM,14.0,
0 days 02:20:39.567000,VER,47.0,0 days 00:01:31.779000,31.0,0 days 00:00:33.738000,0 days 00:00:29.237000,0 days 00:00:28.804000,2.0,HARD,1.0,
0 days 02:20:39.584000,LEC,47.0,0 days 00:01:32.587000,31.0,0 days 00:00:34.411000,0 days 00:00:29.398000,0 days 00:00:28.778000,2.0,HARD,2.0,
0 days 02:20:46.341000,SAI,47.0,0 days 00:01:32.271000,31.0,0 days 00:00:33.961000,0 days 00:00:29.364000,0 days 00:00:28.946000,2.0,HARD,3.0,
0 days 02:20:47.641000,PER,47.0,0 days 00:01:32.260000,32.0,0 days 00:00:34.096000,0 days 00:00:29.318000,0 days 00:00:28.846000,2.0,HARD,4.0,
0 days 02:21:04.310000,RUS,47.0,0 days 00:01:33.048000,31.0,0 days 00:00:34.329000,0 days 00:00:29.459000,0 days 00:00:29.260000,2.0,HARD,5.0,
0 days 02:21:25.758000,OCO,47.0,0 days 00:01:33.424000,31.0,0 days 00:00:34.351000,0 days 00:00:29.787000,0 days 00:00:29.286000,2.0,HARD,6.0,
0 days 02:21:26.285000,NOR,47.0,0 days 00:01:33.244000,31.0,0 days 00:00:34.519000,0 days 00:00:29.526000,0 days 00:00:29.199000,2.0,HARD,7.0,
0 days 02:21:32.815000,GAS,47.0,0 days 00:01:33.961000,32.0,0 days 00:00:34.741000,0 days 00:00:29.965000,0 days 00:00:29.255000,2.0,HARD,8.0,
0 days 02:21:39.222000,MAG,47.0,0 days 00:01:32.968000,12.0,0 days 00:00:34.091000,0 days 00:00:29.662000,0 days 00:00:29.215000,2.0,MEDIUM,9.0,
0 days 02:21:43.350000,HAM,47.0,0 days 00:01:32.997000,7.0,0 days 00:00:34.264000,0 days 00:00:29.593000,0 days 00:00:29.140000,2.0,MEDIUM,10.0,
0 days 02:21:46.180000,STR,47.0,0 days 00:01:34.484000,35.0,0 days 00:00:35.075000,0 days 00:00:30.070000,0 days 00:00:29.339000,2.0,HARD,11.0,
0 days 02:21:46.501000,ALB,47.0,0 days 00:01:34.606000,34.0,0 days 00:00:35.596000,0 days 00:00:29.882000,0 days 00:00:29.128000,2.0,HARD,12.0,
0 days 02:21:48.639000,ZHO,47.0,0 days 00:01:34.372000,31.0,0 days 00:00:35.096000,0 days 00:00:29.959000,0 days 00:00:29.317000,3.0,HARD,13.0,
0 days 02:21:58.608000,HUL,47.0,0 days 00:01:33.651000,11.0,0 days 00:00:34.489000,0 days 00:00:29.807000,0 days 00:00:29.355000,2.0,MEDIUM,14.0,
0 days 02:22:11.346000,VER,48.0,0 days 00:01:31.861000,32.0,0 days 00:00:33.812000,0 days 00:00:29.328000,0 days 00:00:28.721000,2.0,HARD,1.0,
0 days 02:22:12.171000,LEC,48.0,0 days 00:01:31.634000,32.0,0 days 00:00:33.774000,0 days 00:00:29.148000,0 days 00:00:28.712000,2.0,HARD,2.0,
0 days 02:22:18.612000,SAI,48.0,0 days 00:01:31.905000,32.0,0 days 00:00:33.759000,0 days 00:00:29.262000,0 days 00:00:28.884000,2.0,HARD,3.0,
0 days 02:22:19.901000,PER,48.0,0 days 00:01:32.333000,33.0,0 days 00:00:34.159000,0 days 00:00:29.353000,0 days 00:00:28.821000,2.0,HARD,4.0,
0 days 02:22:37.358000,RUS,48.0,0 days 00:01:33.345000,32.0,0 days 00:00:34.373000,0 days 00:00:29.688000,0 days 00:00:29.284000,2.0,HARD,5.0,
0 days 02:22:59.182000,OCO,48.0,0 days 00:01:34.216000,32.0,0 days 00:00:34.568000,0 days 00:00:29.903000,0 days 00:00:29.745000,2.0,HARD,7.0,
0 days 02:22:59.529000,NOR,48.0,0 days 00:01:33.786000,32.0,0 days 00:00:34.803000,0 days 00:00:29.602000,0 days 00:00:29.381000,2.0,HARD,6.0,
0 days 02:23:06.776000,GAS,48.0,0 days 00:01:34.331000,33.0,0 days 00:00:34.980000,0 days 00:00:30.047000,0 days 00:00:29.304000,2.0,HARD,8.0,
0 days 02:23:12.190000,MAG,48.0,0 days 00:01:32.779000,13.0,0 days 00:00:34.188000,0 days 00:00:29.507000,0 days 00:00:29.084000,2.0,MEDIUM,9.0,
0 days 02:23:16.347000,HAM,48.0,0 days 00:01:33.185000,8.0,0 days 00:00:34.272000,0 days 00:00:29.528000,0 days 00:00:29.385000,2.0,MEDIUM,10.0,
0 days 02:23:20.664000,STR,48.0,0 days 00:02:02.768000,36.0,0 days 00:01:00.711000,0 days 00:00:31.392000,0 days 00:00:30.665000,2.0,HARD,13.0,
0 days 02:23:21.107000,ALB,48.0,,35.0,,,,2.0,HARD,,
0 days 02:23:23.011000,ZHO,48.0,0 days 00:01:36.051000,32.0,0 days 00:00:36.369000,0 days 00:00:30.254000,0 days 00:00:29.428000,3.0,HARD,11.0,
0 days 02:23:32.259000,HUL,48.0,0 days 00:01:35.203000,12.0,0 days 00:00:35.784000,0 days 00:00:29.835000,0 days 00:00:29.584000,2.0,MEDIUM,12.0,
0 days 02:23:43.207000,VER,49.0,0 days 00:01:32.079000,33.0,0 days 00:00:34.164000,0 days 00:00:29.216000,0 days 00:00:28.699000,2.0,HARD,1.0,
0 days 02:23:43.805000,LEC,49.0,0 days 00:01:32.102000,33.0,0 days 00:00:34.345000,0 days 00:00:29.218000,0 days 00:00:28.539000,2.0,HARD,2.0,
0 days 02:23:50.517000,SAI,49.0,0 days 00:01:32.008000,33.0,0 days 00:00:33.906000,0 days 00:00:29.297000,0 days 00:00:28.805000,2.0,HARD,3.0,
0 days 02:23:52.234000,PER,49.0,0 days 00:01:32.485000,34.0,0 days 00:00:34.251000,0 days 00:00:29.398000,0 days 00:00:28.836000,2.0,HARD,4.0,
0 days 02:24:10.703000,RUS,49.0,0 days 00:01:33.917000,33.0,0 days 00:00:34.796000,0 days 00:00:29.660000,0 days 00:00:29.461000,2.0,HARD,5.0,
0 days 02:24:33.315000,NOR,49.0,0 days 00:01:35.129000,33.0,0 days 00:00:35.807000,0 days 00:00:29.782000,0 days 00:00:29.540000,2.0,HARD,6.0,
0 days 02:24:33.398000,OCO,49.0,0 days 00:01:35.218000,33.0,0 days 00:00:35.961000,0 days 00:00:29.905000,0 days 00:00:29.352000,2.0,HARD,7.0,
0 days 02:24:41.107000,GAS,49.0,0 days 00:01:34.711000,34.0,0 days 00:00:35.603000,0 days 00:00:29.873000,0 days 00:00:29.235000,2.0,HARD,8.0,
0 days 02:24:44.969000,MAG,49.0,0 days 00:01:33.600000,14.0,0 days 00:00:34.783000,0 days 00:00:29.647000,0 days 00:00:29.170000,2.0,MEDIUM,9.0,
0 days 02:24:49.532000,HAM,49.0,0 days 00:01:35.663000,9.0,0 days 00:00:35.737000,0 days 00:00:29.912000,0 days 00:00:30.014000,2.0,MEDIUM,10.0,
0 days 02:24:59.062000,ZHO,49.0,0 days 00:01:35.540000,33.0,0 days 00:00:36.126000,0 days 00:00:30.101000,0 days 00:00:29.313000,3.0,HARD,11.0,
0 days 02:25:07.462000,HUL,49.0,0 days 00:01:35.568000,13.0,0 days 00:00:36.076000,0 days 00:00:29.958000,0 days 00:00:29.534000,2.0,MEDIUM,12.0,
0 days 02:25:15.286000,VER,50.0,0 days 00:01:31.772000,34.0,0 days 00:00:34.172000,0 days 00:00:29.113000,0 days 00:00:28.487000,2.0,HARD,1.0,
0 days 02:25:15.907000,LEC,50.0,0 days 00:01:31.703000,34.0,0 days 00:00:34.007000,0 days 00:00:29.191000,0 days 00:00:28.505000,2.0,HARD,2.0,
0 days 02:25:22.525000,SAI,50.0,0 days 00:01:32.665000,34.0,0 days 00:00:34.040000,0 days 00:00:29.487000,0 days 00:00:29.138000,2.0,HARD,3.0,
0 days 02:25:23.432000,STR,49.0,0 days 00:01:38.205000,37.0,0 days 00:00:37.967000,0 days 00:00:30.594000,0 days 00:00:29.644000,2.0,HARD,13.0,
0 days 02:25:24.719000,PER,50.0,0 days 00:01:33.160000,35.0,0 days 00:00:34.666000,0 days 00:00:29.502000,0 days 00:00:28.992000,2.0,HARD,4.0,
0 days 02:25:44.620000,RUS,50.0,0 days 00:01:35.208000,34.0,0 days 00:00:35.126000,0 days 00:00:30.182000,0 days 00:00:29.900000,2.0,HARD,5.0,
0 days 02:26:08.444000,NOR,50.0,0 days 00:01:34.754000,34.0,0 days 00:00:35.546000,0 days 00:00:29.740000,0 days 00:00:29.468000,2.0,HARD,7.0,
0 days 02:26:08.616000,OCO,50.0,0 days 00:01:34.439000,34.0,0 days 00:00:34.842000,0 days 00:00:29.991000,0 days 00:00:29.606000,2.0,HARD,6.0,
0 days 02:26:15.818000,GAS,50.0,0 days 00:01:34.192000,35.0,0 days 00:00:35.202000,0 days 00:00:29.880000,0 days 00:00:29.110000,2.0,HARD,8.0,
0 days 02:26:18.569000,MAG,50.0,0 days 00:01:32.829000,15.0,0 days 00:00:34.214000,0 days 00:00:29.547000,0 days 00:00:29.068000,2.0,MEDIUM,9.0,
0 days 02:26:25.195000,HAM,50.0,0 days 00:01:35.855000,10.0,0 days 00:00:36.290000,0 days 00:00:29.987000,0 days 00:00:29.578000,2.0,MEDIUM,10.0,
0 days 02:26:34.602000,ZHO,50.0,0 days 00:01:34.701000,34.0,0 days 00:00:35.390000,0 days 00:00:29.799000,0 days 00:00:29.512000,3.0,HARD,11.0,
0 days 02:26:43.030000,HUL,50.0,0 days 00:01:35.820000,14.0,0 days 00:00:35.914000,0 days 00:00:30.202000,0 days 00:00:29.704000,2.0,MEDIUM,12.0,
0 days 01:02:34.872000,VER,1.0,0 days 00:01:40.236000,4.0,,0 days 00:00:42.325000,0 days 00:00:24.389000,1.0,SOFT,2.0,1
0 days 01:02:34.872000,SAI,1.0,0 days 00:01:41.006000,4.0,,0 days 00:00:42.889000,0 days 00:00:24.253000,1.0,SOFT,3.0,1
0 days 01:02:34.872000,MSC,1.0,0 days 00:01:48.826000,1.0,,0 days 00:00:47.568000,0 days 00:00:24.968000,1.0,SOFT,13.0,1
0 days 01:02:34.872000,GAS,1.0,0 days 00:01:44.270000,4.0,,0 days 00:00:44.153000,0 days 00:00:24.667000,1.0,SOFT,8.0,1
0 days 01:02:34.872000,HAM,1.0,0 days 00:01:41.555000,3.0,,0 days 00:00:42.966000,0 days 00:00:24.137000,1.0,SOFT,4.0,1
0 days 01:02:34.872000,NOR,1.0,0 days 00:01:50.088000,1.0,,0 days 00:00:47.585000,0 days 00:00:25.268000,1.0,MEDIUM,16.0,1
0 days 01:02:34.872000,RIC,1.0,0 days 00:01:51.601000,1.0,,0 days 00:00:48.222000,0 days 00:00:25.612000,1.0,MEDIUM,20.0,1
0 days 01:02:34.872000,LAT,1.0,0 days 00:01:51.134000,1.0,,0 days 00:00:47.175000,0 days 00:00:25.624000,1.0,SOFT,18.0,1
0 days 01:02:34.872000,HUL,1.0,0 days 00:01:49.698000,1.0,,0 days 00:00:46.832000,0 days 00:00:25.204000,1.0,SOFT,15.0,1
0 days 01:02:34.872000,ZHO,1.0,0 days 00:01:51.374000,1.0,,0 days 00:00:46.799000,0 days 00:00:25.531000,1.0,SOFT,19.0,1
0 days 01:02:34.872000,ALB,1.0,0 days 00:01:47.636000,1.0,,0 days 00:00:46.031000,0 days 00:00:24.844000,1.0,SOFT,11.0,1
0 days 01:02:34.872000,TSU,1.0,0 days 00:01:48.128000,1.0,,0 days 00:00:45.990000,0 days 00:00:24.788000,1.0,SOFT,12.0,1
0 days 01:02:34.872000,MAG,1.0,0 days 00:01:42.333000,1.0,,0 days 00:00:43.366000,0 days 00:00:24.340000,1.0,SOFT,5.0,1
0 days 01:02:34.872000,STR,1.0,0 days 00:01:50.439000,1.0,,0 days 00:00:47.076000,0 days 00:00:25.303000,1.0,SOFT,17.0,1
0 days 01:02:34.872000,LEC,1.0,0 days 00:01:39.070000,1.0,,0 days 00:00:42.120000,0 days 00:00:23.984000,1.0,SOFT,1.0,1
0 days 01:02:34.872000,PER,1.0,0 days 00:01:42.993000,4.0,,0 days 00:00:43.551000,0 days 00:00:24.454000,1.0,SOFT,6.0,1
0 days 01:02:34.872000,RUS,1.0,0 days 00:01:43.445000,4.0,,0 days 00:00:44.044000,0 days 00:00:24.324000,1.0,SOFT,7.0,1
0 days 01:02:34.872000,OCO,1.0,0 days 00:01:46.170000,1.0,,0 days 00:00:45.149000,0 days 00:00:24.658000,1.0,SOFT,10.0,1
0 days 01:02:34.872000,ALO,1.0,0 days 00:01:45.174000,4.0,,0 days 00:00:44.252000,0 days 00:00:24.810000,1.0,SOFT,9.0,1
0 days 01:02:34.872000,BOT,1.0,0 days 00:01:49.195000,4.0,,0 days 00:00:47.660000,0 days 00:00:25.013000,1.0,SOFT,14.0,1
0 days 01:04:14.174000,LEC,2.0,0 days 00:01:37.853000,2.0,0 days 00:00:31.582000,0 days 00:00:42.159000,0 days 00:00:24.112000,1.0,SOFT,1.0,1
0 days 01:04:15.340000,VER,2.0,0 days 00:01:37.880000,5.0,0 days 00:00:31.285000,0 days 00:00:42.269000,0 days 00:00:24.326000,1.0,SOFT,2.0,1
0 days 01:04:16.110000,SAI,2.0,0 days 00:01:38.649000,5.0,0 days 00:00:31.818000,0 days 00:00:42.486000,0 days 00:00:24.345000,1.0,SOFT,3.0,1
0 days 01:04:16.659000,HAM,2.0,0 days 00:01:39.002000,4.0,0 days 00:00:31.844000,0 days 00:00:42.722000,0 days 00:00:24.436000,1.0,SOFT,4.0,1
0 days 01:04:17.437000,MAG,2.0,0 days 00:01:38.993000,2.0,0 days 00:00:31.544000,0 days 00:00:42.940000,0 days 00:00:24.509000,1.0,SOFT,5.0,1
0 days 01:04:18.097000,PER,2.0,0 days 00:01:39.092000,5.0,0 days 00:00:31.632000,0 days 00:00:42.939000,0 days 00:00:24.521000,1.0,SOFT,6.0,1
0 days 01:04:18.549000,RUS,2.0,0 days 00:01:39.694000,5.0,0 days 00:00:32.238000,0 days 00:00:42.979000,0 days 00:00:24.477000,1.0,SOFT,7.0,1
0 days 01:04:19.374000,GAS,2.0,0 days 00:01:40.169000,5.0,0 days 00:00:32.180000,0 days 00:00:43.326000,0 days 00:00:24.663000,1.0,SOFT,8.0,1
0 days 01:04:20.278000,ALO,2.0,0 days 00:01:40.412000,5.0,0 days 00:00:32.208000,0 days 00:00:43.527000,0 days 00:00:24.677000,1.0,SOFT,9.0,1
0 days 01:04:21.274000,OCO,2.0,0 days 00:01:40.111000,2.0,0 days 00:00:31.913000,0 days 00:00:43.342000,0 days 00:00:24.856000,1.0,SOFT,10.0,1
0 days 01:04:22.740000,ALB,2.0,0 days 00:01:40.548000,2.0,0 days 00:00:32.027000,0 days 00:00:43.725000,0 days 00:00:24.796000,1.0,SOFT,11.0,1
0 days 01:04:23.232000,TSU,2.0,0 days 00:01:40.697000,2.0,0 days 00:00:32.192000,0 days 00:00:43.736000,0 days 00:00:24.769000,1.0,SOFT,12.0,1
0 days 01:04:23.930000,MSC,2.0,0 days 00:01:40.722000,2.0,0 days 00:00:32.091000,0 days 00:00:43.849000,0 days 00:00:24.782000,1.0,SOFT,13.0,1
0 days 01:04:24.299000,BOT,2.0,0 days 00:01:40.817000,5.0,0 days 00:00:32.029000,0 days 00:00:43.927000,0 days 00:00:24.861000,1.0,SOFT,14.0,1
0 days 01:04:24.802000,HUL,2.0,0 days 00:01:41.077000,2.0,0 days 00:00:32.384000,0 days 00:00:43.773000,0 days 00:00:24.920000,1.0,SOFT,15.0,1
0 days 01:04:25.192000,NOR,2.0,0 days 00:01:42.279000,2.0,0 days 00:00:32.974000,0 days 00:00:44.334000,0 days 00:00:24.971000,1.0,MEDIUM,17.0,1
0 days 01:04:25.543000,STR,2.0,0 days 00:01:41.019000,2.0,0 days 00:00:32.331000,0 days 00:00:43.771000,0 days 00:00:24.917000,1.0,SOFT,16.0,1
0 days 01:04:26.238000,LAT,2.0,0 days 00:01:42.298000,2.0,0 days 00:00:32.910000,0 days 00:00:44.506000,0 days 00:00:24.882000,1.0,SOFT,19.0,1
0 days 01:04:26.478000,ZHO,2.0,0 days 00:01:41.229000,2.0,0 days 00:00:32.100000,0 days 00:00:44.208000,0 days 00:00:24.921000,1.0,SOFT,18.0,1
0 days 01:04:26.705000,RIC,2.0,0 days 00:01:42.590000,2.0,0 days 00:00:32.607000,0 days 00:00:44.876000,0 days 00:00:25.107000,1.0,MEDIUM,20.0,1
0 days 01:05:52.027000,LEC,3.0,0 days 00:01:38.272000,3.0,0 days 00:00:31.635000,0 days 00:00:42.404000,0 days 00:00:24.233000,1.0,SOFT,1.0,1
0 days 01:05:53.220000,VER,3.0,0 days 00:01:38.357000,6.0,0 days 00:00:31.499000,0 days 00:00:42.474000,0 days 00:00:24.384000,1.0,SOFT,2.0,1
0 days 01:05:54.759000,SAI,3.0,0 days 00:01:39.049000,6.0,0 days 00:00:31.884000,0 days 00:00:42.691000,0 days 00:00:24.474000,1.0,SOFT,3.0,1
0 days 01:05:55.661000,HAM,3.0,0 days 00:01:39.075000,5.0,0 days 00:00:31.671000,0 days 00:00:42.931000,0 days 00:00:24.473000,1.0,SOFT,4.0,1
0 days 01:05:56.430000,MAG,3.0,0 days 00:01:41.224000,3.0,0 days 00:00:32.545000,0 days 00:00:44.082000,0 days 00:00:24.597000,1.0,SOFT,6.0,1
0 days 01:05:57.189000,PER,3.0,0 days 00:01:39.473000,6.0,0 days 00:00:31.789000,0 days 00:00:43.115000,0 days 00:00:24.569000,1.0,SOFT,5.0,1
0 days 01:05:58.243000,RUS,3.0,0 days 00:01:39.725000,6.0,0 days 00:00:31.922000,0 days 00:00:43.261000,0 days 00:00:24.542000,1.0,SOFT,7.0,1
0 days 01:05:59.543000,GAS,3.0,0 days 00:01:39.968000,6.0,0 days 00:00:31.940000,0 days 00:00:43.366000,0 days 00:00:24.662000,1.0,SOFT,8.0,1
0 days 01:06:00.690000,ALO,3.0,0 days 00:01:40.226000,6.0,0 days 00:00:32.073000,0 days 00:00:43.487000,0 days 00:00:24.666000,1.0,SOFT,9.0,1
0 days 01:06:01.385000,OCO,3.0,0 days 00:01:40.248000,3.0,0 days 00:00:31.988000,0 days 00:00:43.503000,0 days 00:00:24.757000,1.0,SOFT,10.0,1
0 days 01:06:03.288000,ALB,3.0,0 days 00:01:40.664000,3.0,0 days 00:00:32.056000,0 days 00:00:43.928000,0 days 00:00:24.680000,1.0,SOFT,11.0,1
0 days 01:06:03.929000,TSU,3.0,0 days 00:01:40.618000,3.0,0 days 00:00:32.011000,0 days 00:00:43.881000,0 days 00:00:24.726000,1.0,SOFT,12.0,1
0 days 01:06:04.652000,MSC,3.0,0 days 00:01:40.747000,3.0,0 days 00:00:32.025000,0 days 00:00:43.733000,0 days 00:00:24.989000,1.0,SOFT,13.0,1
0 days 01:06:05.116000,BOT,3.0,0 days 00:01:40.732000,6.0,0 days 00:00:31.873000,0 days 00:00:43.805000,0 days 00:00:25.054000,1.0,SOFT,14.0,1
0 days 01:06:05.879000,HUL,3.0,0 days 00:01:40.638000,3.0,0 days 00:00:32.169000,0 days 00:00:43.665000,0 days 00:00:24.804000,1.0,SOFT,15.0,1
0 days 01:06:06.562000,STR,3.0,0 days 00:01:40.887000,3.0,0 days 00:00:32.067000,0 days 00:00:43.767000,0 days 00:00:25.053000,1.0,SOFT,16.0,1
0 days 01:06:07.471000,NOR,3.0,0 days 00:01:41.785000,3.0,0 days 00:00:32.884000,0 days 00:00:44.070000,0 days 00:00:24.831000,1.0,MEDIUM,18.0,1
0 days 01:06:07.707000,ZHO,3.0,0 days 00:01:40.183000,3.0,0 days 00:00:31.952000,0 days 00:00:43.469000,0 days 00:00:24.762000,1.0,SOFT,17.0,1
0 days 01:06:08.536000,LAT,3.0,0 days 00:01:41.668000,3.0,0 days 00:00:32.233000,0 days 00:00:44.635000,0 days 00:00:24.800000,1.0,SOFT,19.0,1
0 days 01:06:09.295000,RIC,3.0,0 days 00:01:41.711000,3.0,0 days 00:00:32.240000,0 days 00:00:44.366000,0 days 00:00:25.105000,1.0,MEDIUM,20.0,1
0 days 01:07:30.299000,LEC,4.0,0 days 00:01:38.414000,4.0,0 days 00:00:31.619000,0 days 00:00:42.482000,0 days 00:00:24.313000,1.0,SOFT,1.0,1
0 days 01:07:31.577000,VER,4.0,0 days 00:01:38.566000,7.0,0 days 00:00:31.342000,0 days 00:00:42.674000,0 days 00:00:24.550000,1.0,SOFT,2.0,1
0 days 01:07:33.808000,SAI,4.0,0 days 00:01:38.923000,7.0,0 days 00:00:31.772000,0 days 00:00:42.712000,0 days 00:00:24.439000,1.0,SOFT,3.0,1
0 days 01:07:34.736000,HAM,4.0,0 days 00:01:38.892000,6.0,0 days 00:00:31.388000,0 days 00:00:42.990000,0 days 00:00:24.514000,1.0,SOFT,4.0,1
0 days 01:07:36.662000,PER,4.0,0 days 00:01:38.741000,7.0,0 days 00:00:31.361000,0 days 00:00:42.855000,0 days 00:00:24.525000,1.0,SOFT,5.0,1
0 days 01:07:37.654000,MAG,4.0,0 days 00:01:39.642000,4.0,0 days 00:00:31.476000,0 days 00:00:43.435000,0 days 00:00:24.731000,1.0,SOFT,6.0,1
0 days 01:07:37.968000,RUS,4.0,0 days 00:01:39.772000,7.0,0 days 00:00:31.847000,0 days 00:00:43.272000,0 days 00:00:24.653000,1.0,SOFT,7.0,1
0 days 01:07:39.511000,GAS,4.0,0 days 00:01:40.158000,7.0,0 days 00:00:31.770000,0 days 00:00:43.681000,0 days 00:00:24.707000,1.0,SOFT,8.0,1
0 days 01:07:40.916000,ALO,4.0,0 days 00:01:40.097000,7.0,0 days 00:00:32.043000,0 days 00:00:43.300000,0 days 00:00:24.754000,1.0,SOFT,9.0,1
0 days 01:07:41.633000,OCO,4.0,0 days 00:01:40.209000,4.0,0 days 00:00:31.797000,0 days 00:00:43.662000,0 days 00:00:24.750000,1.0,SOFT,10.0,1
0 days 01:07:43.952000,ALB,4.0,0 days 00:01:41.126000,4.0,0 days 00:00:32.050000,0 days 00:00:44.161000,0 days 00:00:24.915000,1.0,SOFT,11.0,1
0 days 01:07:44.547000,TSU,4.0,0 days 00:01:40.958000,4.0,0 days 00:00:31.728000,0 days 00:00:44.250000,0 days 00:00:24.980000,1.0,SOFT,12.0,1
0 days 01:07:45.399000,MSC,4.0,0 days 00:01:41.163000,4.0,0 days 00:00:31.717000,0 days 00:00:44.474000,0 days 00:00:24.972000,1.0,SOFT,13.0,1
0 days 01:07:45.848000,BOT,4.0,0 days 00:01:41.127000,7.0,0 days 00:00:31.580000,0 days 00:00:44.511000,0 days 00:00:25.036000,1.0,SOFT,14.0,1
0 days 01:07:46.517000,HUL,4.0,0 days 00:01:41.189000,4.0,0 days 00:00:31.867000,0 days 00:00:44.138000,0 days 00:00:25.184000,1.0,SOFT,15.0,1
0 days 01:07:47.449000,STR,4.0,0 days 00:01:41.931000,4.0,0 days 00:00:32.084000,0 days 00:00:44.631000,0 days 00:00:25.216000,1.0,SOFT,17.0,1
0 days 01:07:47.890000,ZHO,4.0,0 days 00:01:40.393000,4.0,0 days 00:00:31.521000,0 days 00:00:44.156000,0 days 00:00:24.716000,1.0,SOFT,16.0,1
0 days 01:07:49.256000,NOR,4.0,0 days 00:01:41.459000,4.0,0 days 00:00:32.489000,0 days 00:00:43.946000,0 days 00:00:25.024000,1.0,MEDIUM,18.0,1
0 days 01:07:50.204000,LAT,4.0,0 days 00:01:41.947000,4.0,0 days 00:00:32.094000,0 days 00:00:44.931000,0 days 00:00:24.922000,1.0,SOFT,19.0,1
0 days 01:07:51.006000,RIC,4.0,0 days 00:01:41.803000,4.0,0 days 00:00:32.089000,0 days 00:00:44.512000,0 days 00:00:25.202000,1.0,MEDIUM,20.0,1
0 days 01:09:08.713000,LEC,5.0,0 days 00:01:38.471000,5.0,0 days 00:00:31.590000,0 days 00:00:42.565000,0 days 00:00:24.316000,1.0,SOFT,1.0,1
0 days 01:09:10.143000,VER,5.0,0 days 00:01:38.877000,8.0,0 days 00:00:31.498000,0 days 00:00:42.854000,0 days 00:00:24.525000,1.0,SOFT,2.0,1
0 days 01:09:12.731000,SAI,5.0,0 days 00:01:39.101000,8.0,0 days 00:00:31.717000,0 days 00:00:42.786000,0 days 00:00:24.598000,1.0,SOFT,3.0,1
0 days 01:09:13.628000,HAM,5.0,0 days 00:01:38.923000,7.0,0 days 00:00:31.550000,0 days 00:00:42.893000,0 days 00:00:24.480000,1.0,SOFT,4.0,1
0 days 01:09:15.403000,PER,5.0,0 days 00:01:38.861000,8.0,0 days 00:00:31.357000,0 days 00:00:42.876000,0 days 00:00:24.628000,1.0,SOFT,5.0,1
0 days 01:09:17.296000,MAG,5.0,0 days 00:01:41.169000,5.0,0 days 00:00:32.532000,0 days 00:00:43.740000,0 days 00:00:24.897000,1.0,SOFT,7.0,1
0 days 01:09:17.740000,RUS,5.0,0 days 00:01:39.041000,8.0,0 days 00:00:31.442000,0 days 00:00:43.186000,0 days 00:00:24.413000,1.0,SOFT,6.0,1
0 days 01:09:19.669000,GAS,5.0,0 days 00:01:40.249000,8.0,0 days 00:00:31.849000,0 days 00:00:43.679000,0 days 00:00:24.721000,1.0,SOFT,8.0,1
0 days 01:09:21.013000,ALO,5.0,0 days 00:01:40.465000,8.0,0 days 00:00:32.045000,0 days 00:00:43.554000,0 days 00:00:24.866000,1.0,SOFT,9.0,1
0 days 01:09:21.842000,OCO,5.0,0 days 00:01:40.483000,5.0,0 days 00:00:31.859000,0 days 00:00:43.773000,0 days 00:00:24.851000,1.0,SOFT,10.0,1
0 days 01:09:25.078000,ALB,5.0,0 days 00:01:42.303000,5.0,0 days 00:00:32.792000,0 days 00:00:44.560000,0 days 00:00:24.951000,1.0,SOFT,12.0,1
0 days 01:09:25.505000,TSU,5.0,0 days 00:01:40.363000,5.0,0 days 00:00:31.893000,0 days 00:00:43.685000,0 days 00:00:24.785000,1.0,SOFT,11.0,1
0 days 01:09:26.562000,MSC,5.0,0 days 00:01:42.049000,5.0,0 days 00:00:32.227000,0 days 00:00:44.688000,0 days 00:00:25.134000,1.0,SOFT,13.0,1
0 days 01:09:26.975000,BOT,5.0,0 days 00:01:41.817000,8.0,0 days 00:00:31.834000,0 days 00:00:45.160000,0 days 00:00:24.823000,1.0,SOFT,14.0,1
0 days 01:09:27.706000,HUL,5.0,0 days 00:01:42.490000,5.0,0 days 00:00:31.978000,0 days 00:00:44.753000,0 days 00:00:25.759000,1.0,SOFT,16.0,1
0 days 01:09:28.283000,ZHO,5.0,0 days 00:01:41.574000,5.0,0 days 00:00:31.711000,0 days 00:00:44.889000,0 days 00:00:24.974000,1.0,SOFT,15.0,1
0 days 01:09:29.380000,STR,5.0,0 days 00:01:41.715000,5.0,0 days 00:00:31.953000,0 days 00:00:44.456000,0 days 00:00:25.306000,1.0,SOFT,17.0,1
0 days 01:09:30.715000,NOR,5.0,0 days 00:01:41.713000,5.0,0 days 00:00:32.330000,0 days 00:00:44.248000,0 days 00:00:25.135000,1.0,MEDIUM,18.0,1
0 days 01:09:32.151000,LAT,5.0,0 days 00:01:41.678000,5.0,0 days 00:00:32.221000,0 days 00:00:44.599000,0 days 00:00:24.858000,1.0,SOFT,19.0,1
0 days 01:09:32.809000,RIC,5.0,0 days 00:01:41.818000,5.0,0 days 00:00:32.162000,0 days 00:00:44.451000,0 days 00:00:25.205000,1.0,MEDIUM,20.0,1
0 days 01:10:47.184000,LEC,6.0,0 days 00:01:38.712000,6.0,0 days 00:00:31.627000,0 days 00:00:42.652000,0 days 00:00:24.433000,1.0,SOFT,1.0,1
0 days 01:10:49.020000,VER,6.0,0 days 00:01:38.940000,9.0,0 days 00:00:31.572000,0 days 00:00:42.759000,0 days 00:00:24.609000,1.0,SOFT,2.0,1
0 days 01:10:51.832000,SAI,6.0,0 days 00:01:39.594000,9.0,0 days 00:00:31.843000,0 days 00:00:43.200000,0 days 00:00:24.551000,1.0,SOFT,3.0,1
0 days 01:10:52.551000,HAM,6.0,0 days 00:01:39.707000,8.0,0 days 00:00:31.624000,0 days 00:00:43.248000,0 days 00:00:24.835000,1.0,SOFT,4.0,1
0 days 01:10:54.264000,PER,6.0,0 days 00:01:39.218000,9.0,0 days 00:00:31.531000,0 days 00:00:43.144000,0 days 00:00:24.543000,1.0,SOFT,5.0,1
0 days 01:10:56.781000,RUS,6.0,0 days 00:01:39.605000,9.0,0 days 00:00:31.886000,0 days 00:00:43.349000,0 days 00:00:24.370000,1.0,SOFT,6.0,1
0 days 01:10:58.465000,MAG,6.0,0 days 00:01:40.338000,6.0,0 days 00:00:31.907000,0 days 00:00:43.641000,0 days 00:00:24.790000,1.0,SOFT,7.0,1
0 days 01:10:59.918000,GAS,6.0,0 days 00:01:40.474000,9.0,0 days 00:00:31.986000,0 days 00:00:43.748000,0 days 00:00:24.740000,1.0,SOFT,8.0,1
0 days 01:11:01.478000,ALO,6.0,0 days 00:01:40.658000,9.0,0 days 00:00:32.105000,0 days 00:00:43.625000,0 days 00:00:24.928000,1.0,SOFT,9.0,1
0 days 01:11:02.325000,OCO,6.0,0 days 00:01:40.558000,6.0,0 days 00:00:31.866000,0 days 00:00:43.869000,0 days 00:00:24.823000,1.0,SOFT,10.0,1
0 days 01:11:05.868000,TSU,6.0,0 days 00:01:40.611000,6.0,0 days 00:00:32.168000,0 days 00:00:43.564000,0 days 00:00:24.879000,1.0,SOFT,11.0,1
0 days 01:11:07.381000,ALB,6.0,0 days 00:01:41.708000,6.0,0 days 00:00:32.220000,0 days 00:00:44.522000,0 days 00:00:24.966000,1.0,SOFT,12.0,1
0 days 01:11:08.611000,MSC,6.0,0 days 00:01:42.447000,6.0,0 days 00:00:32.724000,0 days 00:00:44.443000,0 days 00:00:25.280000,1.0,SOFT,14.0,1
0 days 01:11:08.792000,BOT,6.0,0 days 00:01:41.003000,9.0,0 days 00:00:31.844000,0 days 00:00:44.146000,0 days 00:00:25.013000,1.0,SOFT,13.0,1
0 days 01:11:09.857000,ZHO,6.0,0 days 00:01:41.461000,6.0,0 days 00:00:31.739000,0 days 00:00:44.486000,0 days 00:00:25.236000,1.0,SOFT,15.0,1
0 days 01:11:10.196000,HUL,6.0,0 days 00:01:41.995000,6.0,0 days 00:00:32.187000,0 days 00:00:44.488000,0 days 00:00:25.320000,1.0,SOFT,16.0,1
0 days 01:11:11.095000,STR,6.0,0 days 00:01:41.897000,6.0,0 days 00:00:32.385000,0 days 00:00:44.303000,0 days 00:00:25.209000,1.0,SOFT,17.0,1
0 days 01:11:12.428000,NOR,6.0,0 days 00:01:41.658000,6.0,0 days 00:00:32.307000,0 days 00:00:44.205000,0 days 00:00:25.146000,1.0,MEDIUM,18.0,1
0 days 01:11:13.829000,LAT,6.0,0 days 00:01:42.945000,6.0,0 days 00:00:32.246000,0 days 00:00:45.124000,0 days 00:00:25.575000,1.0,SOFT,20.0,1
0 days 01:11:14.627000,RIC,6.0,0 days 00:01:41.770000,6.0,0 days 00:00:31.990000,0 days 00:00:44.665000,0 days 00:00:25.115000,1.0,MEDIUM,19.0,1
0 days 01:12:25.896000,LEC,7.0,0 days 00:01:38.835000,7.0,0 days 00:00:31.589000,0 days 00:00:42.750000,0 days 00:00:24.496000,1.0,SOFT,1.0,1
0 days 01:12:27.960000,VER,7.0,0 days 00:01:39.062000,10.0,0 days 00:00:31.637000,0 days 00:00:42.845000,0 days 00:00:24.580000,1.0,SOFT,2.0,1
0 days 01:12:31.426000,SAI,7.0,0 days 00:01:39.588000,10.0,0 days 00:00:31.856000,0 days 00:00:43.066000,0 days 00:00:24.666000,1.0,SOFT,3.0,1
0 days 01:12:32.258000,HAM,7.0,0 days 00:01:39.682000,9.0,0 days 00:00:31.626000,0 days 00:00:43.305000,0 days 00:00:24.751000,1.0,SOFT,4.0,1
0 days 01:12:33.482000,PER,7.0,0 days 00:01:39.264000,10.0,0 days 00:00:31.437000,0 days 00:00:43.135000,0 days 00:00:24.692000,1.0,SOFT,5.0,1
0 days 01:12:36.386000,RUS,7.0,0 days 00:01:39.934000,10.0,0 days 00:00:31.835000,0 days 00:00:43.633000,0 days 00:00:24.466000,1.0,SOFT,6.0,1
0 days 01:12:38.803000,MAG,7.0,0 days 00:01:40.555000,7.0,0 days 00:00:32.020000,0 days 00:00:43.659000,0 days 00:00:24.876000,1.0,SOFT,7.0,1
0 days 01:12:40.392000,GAS,7.0,0 days 00:01:40.433000,10.0,0 days 00:00:31.942000,0 days 00:00:43.660000,0 days 00:00:24.831000,1.0,SOFT,8.0,1
0 days 01:12:42.136000,ALO,7.0,0 days 00:01:40.823000,10.0,0 days 00:00:32.196000,0 days 00:00:43.680000,0 days 00:00:24.947000,1.0,SOFT,9.0,1
0 days 01:12:42.883000,OCO,7.0,0 days 00:01:40.782000,7.0,0 days 00:00:31.875000,0 days 00:00:43.929000,0 days 00:00:24.978000,1.0,SOFT,10.0,1
0 days 01:12:46.479000,TSU,7.0,0 days 00:01:40.754000,7.0,0 days 00:00:32.067000,0 days 00:00:43.869000,0 days 00:00:24.818000,1.0,SOFT,11.0,1
0 days 01:12:49.089000,ALB,7.0,0 days 00:01:41.561000,7.0,0 days 00:00:32.192000,0 days 00:00:44.463000,0 days 00:00:24.906000,1.0,SOFT,12.0,1
0 days 01:12:49.795000,BOT,7.0,0 days 00:01:41.287000,10.0,0 days 00:00:31.854000,0 days 00:00:44.420000,0 days 00:00:25.013000,1.0,SOFT,13.0,1
0 days 01:12:51.058000,MSC,7.0,0 days 00:01:42.512000,7.0,0 days 00:00:32.498000,0 days 00:00:44.723000,0 days 00:00:25.291000,1.0,SOFT,15.0,1
0 days 01:12:51.318000,ZHO,7.0,0 days 00:01:40.620000,7.0,0 days 00:00:31.818000,0 days 00:00:43.943000,0 days 00:00:24.859000,1.0,SOFT,14.0,1
0 days 01:12:52.191000,HUL,7.0,0 days 00:01:41.912000,7.0,0 days 00:00:32.390000,0 days 00:00:44.318000,0 days 00:00:25.204000,1.0,SOFT,16.0,1
0 days 01:12:52.992000,STR,7.0,0 days 00:01:41.827000,7.0,0 days 00:00:32.307000,0 days 00:00:44.478000,0 days 00:00:25.042000,1.0,SOFT,17.0,1
0 days 01:12:54.086000,NOR,7.0,0 days 00:01:42.192000,7.0,0 days 00:00:32.626000,0 days 00:00:44.439000,0 days 00:00:25.127000,1.0,MEDIUM,18.0,1
0 days 01:12:56.397000,RIC,7.0,0 days 00:01:43.137000,7.0,0 days 00:00:32.521000,0 days 00:00:45.514000,0 days 00:00:25.102000,1.0,MEDIUM,20.0,1
0 days 01:12:56.774000,LAT,7.0,0 days 00:01:42.065000,7.0,0 days 00:00:32.146000,0 days 00:00:44.962000,0 days 00:00:24.957000,1.0,SOFT,19.0,1
0 days 01:14:04.731000,LEC,8.0,0 days 00:01:38.951000,8.0,0 days 00:00:31.744000,0 days 00:00:42.811000,0 days 00:00:24.396000,1.0,SOFT,1.0,1
0 days 01:14:07.022000,VER,8.0,0 days 00:01:39.092000,11.0,0 days 00:00:31.616000,0 days 00:00:42.875000,0 days 00:00:24.601000,1.0,SOFT,2.0,1
0 days 01:14:11.014000,SAI,8.0,0 days 00:01:39.275000,11.0,0 days 00:00:31.760000,0 days 00:00:42.898000,0 days 00:00:24.617000,1.0,SOFT,3.0,1
0 days 01:14:11.940000,HAM,8.0,0 days 00:01:39.758000,10.0,0 days 00:00:31.563000,0 days 00:00:43.561000,0 days 00:00:24.634000,1.0,SOFT,4.0,1
0 days 01:14:12.746000,PER,8.0,0 days 00:01:39.825000,11.0,0 days 00:00:31.287000,0 days 00:00:43.774000,0 days 00:00:24.764000,1.0,SOFT,5.0,1
0 days 01:14:16.320000,RUS,8.0,0 days 00:01:39.729000,11.0,0 days 00:00:31.948000,0 days 00:00:43.367000,0 days 00:00:24.414000,1.0,SOFT,6.0,1
0 days 01:14:19.358000,MAG,8.0,0 days 00:01:40.451000,8.0,0 days 00:00:32.022000,0 days 00:00:43.657000,0 days 00:00:24.772000,1.0,SOFT,7.0,1
0 days 01:14:20.825000,GAS,8.0,0 days 00:01:40.684000,11.0,0 days 00:00:32.096000,0 days 00:00:43.852000,0 days 00:00:24.736000,1.0,SOFT,8.0,1
0 days 01:14:22.959000,ALO,8.0,0 days 00:01:42.371000,11.0,0 days 00:00:32.863000,0 days 00:00:44.324000,0 days 00:00:25.184000,1.0,SOFT,10.0,1
0 days 01:14:23.665000,OCO,8.0,0 days 00:01:40.442000,8.0,0 days 00:00:31.839000,0 days 00:00:43.773000,0 days 00:00:24.830000,1.0,SOFT,9.0,1
0 days 01:14:27.233000,TSU,8.0,0 days 00:01:41.351000,8.0,0 days 00:00:32.046000,0 days 00:00:44.436000,0 days 00:00:24.869000,1.0,SOFT,11.0,1
0 days 01:14:30.650000,ALB,8.0,0 days 00:01:43.097000,8.0,0 days 00:00:32.585000,0 days 00:00:45.304000,0 days 00:00:25.208000,1.0,SOFT,13.0,1
0 days 01:14:31.082000,BOT,8.0,0 days 00:01:41.606000,11.0,0 days 00:00:32.327000,0 days 00:00:44.387000,0 days 00:00:24.892000,1.0,SOFT,12.0,1
0 days 01:14:31.938000,ZHO,8.0,0 days 00:01:42.110000,8.0,0 days 00:00:31.783000,0 days 00:00:45.055000,0 days 00:00:25.272000,1.0,SOFT,14.0,1
0 days 01:14:33.570000,MSC,8.0,0 days 00:01:42.304000,8.0,0 days 00:00:32.420000,0 days 00:00:44.606000,0 days 00:00:25.278000,1.0,SOFT,15.0,1
0 days 01:14:34.103000,HUL,8.0,0 days 00:01:42.177000,8.0,0 days 00:00:32.294000,0 days 00:00:44.683000,0 days 00:00:25.200000,1.0,SOFT,16.0,1
0 days 01:14:34.819000,STR,8.0,0 days 00:01:42.174000,8.0,0 days 00:00:31.962000,0 days 00:00:44.822000,0 days 00:00:25.390000,1.0,SOFT,17.0,1
0 days 01:14:36.278000,NOR,8.0,0 days 00:01:41.860000,8.0,0 days 00:00:32.451000,0 days 00:00:44.318000,0 days 00:00:25.091000,1.0,MEDIUM,18.0,1
0 days 01:14:38.839000,LAT,8.0,0 days 00:01:41.931000,8.0,0 days 00:00:32.244000,0 days 00:00:44.627000,0 days 00:00:25.060000,1.0,SOFT,19.0,1
0 days 01:14:39.534000,RIC,8.0,0 days 00:01:41.894000,8.0,0 days 00:00:32.240000,0 days 00:00:44.498000,0 days 00:00:25.156000,1.0,MEDIUM,20.0,1
0 days 01:15:43.682000,LEC,9.0,0 days 00:01:38.807000,9.0,0 days 00:00:31.674000,0 days 00:00:42.665000,0 days 00:00:24.468000,1.0,SOFT,1.0,1
0 days 01:15:46.114000,VER,9.0,0 days 00:01:39.251000,12.0,0 days 00:00:31.625000,0 days 00:00:42.957000,0 days 00:00:24.669000,1.0,SOFT,2.0,1
0 days 01:15:50.289000,SAI,9.0,0 days 00:01:39.424000,12.0,0 days 00:00:31.740000,0 days 00:00:43.039000,0 days 00:00:24.645000,1.0,SOFT,3.0,1
0 days 01:15:51.698000,HAM,9.0,0 days 00:01:40.274000,11.0,0 days 00:00:32.131000,0 days 00:00:43.485000,0 days 00:00:24.658000,1.0,SOFT,4.0,1
0 days 01:15:52.571000,PER,9.0,0 days 00:01:40.215000,12.0,0 days 00:00:31.759000,0 days 00:00:43.742000,0 days 00:00:24.714000,1.0,SOFT,5.0,1
0 days 01:15:56.049000,RUS,9.0,0 days 00:01:40.158000,12.0,0 days 00:00:31.982000,0 days 00:00:43.490000,0 days 00:00:24.686000,1.0,SOFT,6.0,1
0 days 01:15:59.809000,MAG,9.0,0 days 00:01:40.756000,9.0,0 days 00:00:32.023000,0 days 00:00:43.863000,0 days 00:00:24.870000,1.0,SOFT,7.0,1
0 days 01:16:01.509000,GAS,9.0,0 days 00:01:40.844000,12.0,0 days 00:00:32.023000,0 days 00:00:43.971000,0 days 00:00:24.850000,1.0,SOFT,8.0,1
0 days 01:16:04.107000,OCO,9.0,0 days 00:01:40.819000,9.0,0 days 00:00:32.185000,0 days 00:00:43.735000,0 days 00:00:24.899000,1.0,SOFT,9.0,1
0 days 01:16:05.330000,ALO,9.0,0 days 00:01:41.448000,12.0,0 days 00:00:32.246000,0 days 00:00:44.097000,0 days 00:00:25.105000,1.0,SOFT,10.0,1
0 days 01:16:08.584000,TSU,9.0,0 days 00:01:40.900000,9.0,0 days 00:00:32.111000,0 days 00:00:43.924000,0 days 00:00:24.865000,1.0,SOFT,11.0,1
0 days 01:16:12.688000,BOT,9.0,0 days 00:01:40.586000,12.0,0 days 00:00:32.119000,0 days 00:00:43.609000,0 days 00:00:24.858000,1.0,SOFT,12.0,1
0 days 01:16:13.747000,ALB,9.0,0 days 00:01:42.149000,9.0,0 days 00:00:31.988000,0 days 00:00:44.929000,0 days 00:00:25.232000,1.0,SOFT,13.0,1
0 days 01:16:14.048000,ZHO,9.0,0 days 00:01:42.258000,9.0,0 days 00:00:32.041000,0 days 00:00:44.829000,0 days 00:00:25.388000,1.0,SOFT,14.0,1
0 days 01:16:15.874000,MSC,9.0,0 days 00:01:42.158000,9.0,0 days 00:00:32.372000,0 days 00:00:44.610000,0 days 00:00:25.176000,1.0,SOFT,15.0,1
0 days 01:16:16.280000,HUL,9.0,0 days 00:01:43.773000,9.0,0 days 00:00:33.813000,0 days 00:00:44.410000,0 days 00:00:25.550000,1.0,SOFT,17.0,1
0 days 01:16:16.993000,STR,9.0,0 days 00:01:41.557000,9.0,0 days 00:00:32.113000,0 days 00:00:44.241000,0 days 00:00:25.203000,1.0,SOFT,16.0,1
0 days 01:16:18.138000,NOR,9.0,0 days 00:01:42.492000,9.0,0 days 00:00:32.688000,0 days 00:00:44.627000,0 days 00:00:25.177000,1.0,MEDIUM,18.0,1
0 days 01:16:20.770000,LAT,9.0,0 days 00:01:42.473000,9.0,0 days 00:00:32.545000,0 days 00:00:44.868000,0 days 00:00:25.060000,1.0,SOFT,19.0,1
0 days 01:16:21.428000,RIC,9.0,0 days 00:01:42.746000,9.0,0 days 00:00:32.433000,0 days 00:00:45.033000,0 days 00:00:25.280000,1.0,MEDIUM,20.0,1
0 days 01:17:22.489000,LEC,10.0,0 days 00:01:39.123000,10.0,0 days 00:00:31.789000,0 days 00:00:42.769000,0 days 00:00:24.565000,1.0,SOFT,1.0,1
0 days 01:17:25.365000,VER,10.0,0 days 00:01:39.392000,13.0,0 days 00:00:31.736000,0 days 00:00:43.051000,0 days 00:00:24.605000,1.0,SOFT,2.0,1
0 days 01:17:29.713000,SAI,10.0,0 days 00:01:39.682000,13.0,0 days 00:00:31.863000,0 days 00:00:43.111000,0 days 00:00:24.708000,1.0,SOFT,3.0,1
0 days 01:17:31.972000,HAM,10.0,0 days 00:01:41.581000,12.0,0 days 00:00:32.647000,0 days 00:00:44.166000,0 days 00:00:24.768000,1.0,SOFT,5.0,1
0 days 01:17:32.786000,PER,10.0,0 days 00:01:39.806000,13.0,0 days 00:00:31.619000,0 days 00:00:43.537000,0 days 00:00:24.650000,1.0,SOFT,4.0,1
0 days 01:17:36.207000,RUS,10.0,0 days 00:01:40.236000,13.0,0 days 00:00:32.120000,0 days 00:00:43.550000,0 days 00:00:24.566000,1.0,SOFT,6.0,1
0 days 01:17:40.565000,MAG,10.0,0 days 00:01:41.195000,10.0,0 days 00:00:32.373000,0 days 00:00:43.910000,0 days 00:00:24.912000,1.0,SOFT,7.0,1
0 days 01:17:42.353000,GAS,10.0,0 days 00:01:40.981000,13.0,0 days 00:00:32.112000,0 days 00:00:44.021000,0 days 00:00:24.848000,1.0,SOFT,8.0,1
0 days 01:17:44.926000,OCO,10.0,0 days 00:01:40.992000,10.0,0 days 00:00:32.197000,0 days 00:00:43.724000,0 days 00:00:25.071000,1.0,SOFT,9.0,1
0 days 01:17:46.778000,ALO,10.0,0 days 00:01:41.873000,13.0,0 days 00:00:32.304000,0 days 00:00:44.451000,0 days 00:00:25.118000,1.0,SOFT,10.0,1
0 days 01:17:49.484000,TSU,10.0,0 days 00:01:41.182000,10.0,0 days 00:00:32.165000,0 days 00:00:44.131000,0 days 00:00:24.886000,1.0,SOFT,11.0,1
0 days 01:17:53.274000,BOT,10.0,0 days 00:01:40.788000,13.0,0 days 00:00:32.070000,0 days 00:00:43.871000,0 days 00:00:24.847000,1.0,SOFT,12.0,1
0 days 01:17:55.896000,ALB,10.0,0 days 00:01:43.500000,10.0,0 days 00:00:32.812000,0 days 00:00:45.530000,0 days 00:00:25.158000,1.0,SOFT,14.0,1
0 days 01:17:56.306000,ZHO,10.0,0 days 00:01:41.339000,10.0,0 days 00:00:32.323000,0 days 00:00:44.129000,0 days 00:00:24.887000,1.0,SOFT,13.0,1
0 days 01:17:58.032000,MSC,10.0,0 days 00:01:43.969000,10.0,0 days 00:00:32.754000,0 days 00:00:45.826000,0 days 00:00:25.389000,1.0,SOFT,16.0,1
0 days 01:17:58.550000,STR,10.0,0 days 00:01:42.350000,10.0,0 days 00:00:32.261000,0 days 00:00:44.915000,0 days 00:00:25.174000,1.0,SOFT,15.0,1
0 days 01:18:00.053000,HUL,10.0,0 days 00:01:43.228000,10.0,0 days 00:00:32.937000,0 days 00:00:44.748000,0 days 00:00:25.543000,1.0,SOFT,17.0,1
0 days 01:18:00.630000,NOR,10.0,0 days 00:01:43.420000,10.0,0 days 00:00:32.673000,0 days 00:00:45.397000,0 days 00:00:25.350000,1.0,MEDIUM,18.0,1
0 days 01:18:03.243000,LAT,10.0,0 days 00:01:42.678000,10.0,0 days 00:00:32.554000,0 days 00:00:45.019000,0 days 00:00:25.105000,1.0,SOFT,19.0,1
0 days 01:18:04.174000,RIC,10.0,0 days 00:01:42.777000,10.0,0 days 00:00:32.518000,0 days 00:00:44.801000,0 days 00:00:25.458000,1.0,MEDIUM,20.0,1
0 days 01:19:01.612000,LEC,11.0,0 days 00:01:39.306000,11.0,0 days 00:00:31.828000,0 days 00:00:42.940000,0 days 00:00:24.538000,1.0,SOFT,1.0,1
0 days 01:19:04.757000,VER,11.0,0 days 00:01:39.479000,14.0,0 days 00:00:31.749000,0 days 00:00:43.090000,0 days 00:00:24.640000,1.0,SOFT,2.0,1
0 days 01:19:09.395000,SAI,11.0,0 days 00:01:39.942000,14.0,0 days 00:00:31.950000,0 days 00:00:43.298000,0 days 00:00:24.694000,1.0,SOFT,3.0,1
0 days 01:19:12.592000,PER,11.0,0 days 00:01:39.931000,14.0,0 days 00:00:31.796000,0 days 00:00:43.358000,0 days 00:00:24.777000,1.0,SOFT,4.0,1
0 days 01:19:13.553000,HAM,11.0,0 days 00:01:42.945000,13.0,0 days 00:00:31.719000,0 days 00:00:43.894000,0 days 00:00:27.332000,1.0,SOFT,5.0,1
0 days 01:19:16.443000,RUS,11.0,0 days 00:01:40.358000,14.0,0 days 00:00:32.136000,0 days 00:00:43.600000,0 days 00:00:24.622000,1.0,SOFT,6.0,1
0 days 01:19:21.760000,MAG,11.0,0 days 00:01:41.064000,11.0,0 days 00:00:32.254000,0 days 00:00:43.940000,0 days 00:00:24.870000,1.0,SOFT,7.0,1
0 days 01:19:23.334000,GAS,11.0,0 days 00:01:41.089000,14.0,0 days 00:00:32.157000,0 days 00:00:44.084000,0 days 00:00:24.848000,1.0,SOFT,8.0,1
0 days 01:19:25.918000,OCO,11.0,0 days 00:01:41.082000,11.0,0 days 00:00:32.165000,0 days 00:00:43.950000,0 days 00:00:24.967000,1.0,SOFT,9.0,1
0 days 01:19:28.651000,ALO,11.0,0 days 00:01:44.265000,14.0,0 days 00:00:32.531000,0 days 00:00:44.105000,0 days 00:00:27.629000,1.0,SOFT,11.0,1
0 days 01:19:30.666000,TSU,11.0,0 days 00:01:41.313000,11.0,0 days 00:00:32.236000,0 days 00:00:44.181000,0 days 00:00:24.896000,1.0,SOFT,10.0,1
0 days 01:19:34.062000,BOT,11.0,0 days 00:01:41.075000,14.0,0 days 00:00:32.278000,0 days 00:00:43.890000,0 days 00:00:24.907000,1.0,SOFT,12.0,1
0 days 01:19:37.645000,ZHO,11.0,0 days 00:01:41.057000,11.0,0 days 00:00:32.211000,0 days 00:00:43.866000,0 days 00:00:24.980000,1.0,SOFT,13.0,1
0 days 01:19:39.396000,ALB,11.0,0 days 00:01:42.588000,11.0,0 days 00:00:32.541000,0 days 00:00:44.944000,0 days 00:00:25.103000,1.0,SOFT,14.0,1
0 days 01:19:40.900000,STR,11.0,0 days 00:01:42.343000,11.0,0 days 00:00:32.581000,0 days 00:00:44.481000,0 days 00:00:25.281000,1.0,SOFT,15.0,1
0 days 01:19:42.001000,MSC,11.0,0 days 00:01:42.809000,11.0,0 days 00:00:32.206000,0 days 00:00:45.048000,0 days 00:00:25.555000,1.0,SOFT,16.0,1
0 days 01:19:43.281000,HUL,11.0,0 days 00:01:42.603000,11.0,0 days 00:00:32.690000,0 days 00:00:44.482000,0 days 00:00:25.431000,1.0,SOFT,17.0,1
0 days 01:19:44.050000,NOR,11.0,0 days 00:01:42.833000,11.0,0 days 00:00:32.671000,0 days 00:00:44.874000,0 days 00:00:25.288000,1.0,MEDIUM,18.0,1
0 days 01:19:45.921000,LAT,11.0,0 days 00:01:42.822000,11.0,0 days 00:00:32.678000,0 days 00:00:45.049000,0 days 00:00:25.095000,1.0,SOFT,19.0,1
0 days 01:19:46.951000,RIC,11.0,0 days 00:01:42.641000,11.0,0 days 00:00:32.439000,0 days 00:00:44.877000,0 days 00:00:25.325000,1.0,MEDIUM,20.0,1
0 days 01:20:40.918000,LEC,12.0,0 days 00:01:39.256000,12.0,0 days 00:00:31.879000,0 days 00:00:42.818000,0 days 00:00:24.559000,1.0,SOFT,1.0,1
0 days 01:20:44.236000,VER,12.0,0 days 00:01:39.410000,15.0,0 days 00:00:31.702000,0 days 00:00:43.076000,0 days 00:00:24.632000,1.0,SOFT,2.0,1
0 days 01:20:49.337000,SAI,12.0,0 days 00:01:40.097000,15.0,0 days 00:00:32.035000,0 days 00:00:43.299000,0 days 00:00:24.763000,1.0,SOFT,3.0,1
0 days 01:20:52.523000,PER,12.0,0 days 00:01:39.754000,15.0,0 days 00:00:31.655000,0 days 00:00:43.371000,0 days 00:00:24.728000,1.0,SOFT,4.0,1
0 days 01:20:56.498000,HAM,12.0,0 days 00:02:03.697000,2.0,0 days 00:00:55.967000,0 days 00:00:43.579000,0 days 00:00:24.151000,2.0,HARD,12.0,1
0 days 01:20:56.801000,RUS,12.0,0 days 00:01:40.215000,15.0,0 days 00:00:32.029000,0 days 00:00:43.569000,0 days 00:00:24.617000,1.0,SOFT,5.0,1
0 days 01:21:02.824000,MAG,12.0,0 days 00:01:41.370000,12.0,0 days 00:00:32.325000,0 days 00:00:44.113000,0 days 00:00:24.932000,1.0,SOFT,6.0,1
0 days 01:21:04.423000,GAS,12.0,0 days 00:01:41.347000,15.0,0 days 00:00:32.263000,0 days 00:00:44.217000,0 days 00:00:24.867000,1.0,SOFT,7.0,1
0 days 01:21:07,OCO,12.0,0 days 00:01:41.094000,12.0,0 days 00:00:32.200000,0 days 00:00:43.905000,0 days 00:00:24.989000,1.0,SOFT,8.0,1
0 days 01:21:11.979000,TSU,12.0,0 days 00:01:41.096000,12.0,0 days 00:00:32.149000,0 days 00:00:44.078000,0 days 00:00:24.869000,1.0,SOFT,9.0,1
0 days 01:21:12.916000,ALO,12.0,0 days 00:02:00.053000,1.0,0 days 00:00:53.203000,0 days 00:00:42.623000,0 days 00:00:24.227000,2.0,MEDIUM,20.0,1
0 days 01:21:15.137000,BOT,12.0,0 days 00:01:41.073000,15.0,0 days 00:00:32.169000,0 days 00:00:44.054000,0 days 00:00:24.850000,1.0,SOFT,10.0,1
0 days 01:21:18.702000,ZHO,12.0,0 days 00:01:41.281000,12.0,0 days 00:00:32.607000,0 days 00:00:43.919000,0 days 00:00:24.755000,1.0,SOFT,11.0,1
0 days 01:21:21.984000,ALB,12.0,0 days 00:01:42.505000,12.0,0 days 00:00:32.372000,0 days 00:00:45.021000,0 days 00:00:25.112000,1.0,SOFT,13.0,1
0 days 01:21:23.243000,STR,12.0,0 days 00:01:42.462000,12.0,0 days 00:00:32.664000,0 days 00:00:44.565000,0 days 00:00:25.233000,1.0,SOFT,14.0,1
0 days 01:21:24.810000,MSC,12.0,0 days 00:01:45.949000,12.0,0 days 00:00:32.666000,0 days 00:00:45.054000,0 days 00:00:28.229000,1.0,SOFT,17.0,1
0 days 01:21:25.884000,HUL,12.0,0 days 00:01:42.821000,12.0,0 days 00:00:32.603000,0 days 00:00:44.848000,0 days 00:00:25.370000,1.0,SOFT,15.0,1
0 days 01:21:26.883000,NOR,12.0,0 days 00:01:42.645000,12.0,0 days 00:00:32.498000,0 days 00:00:44.949000,0 days 00:00:25.198000,1.0,MEDIUM,16.0,1
0 days 01:21:28.743000,LAT,12.0,0 days 00:01:43.492000,12.0,0 days 00:00:32.440000,0 days 00:00:45.851000,0 days 00:00:25.201000,1.0,SOFT,19.0,1
0 days 01:21:29.592000,RIC,12.0,0 days 00:01:41.621000,12.0,0 days 00:00:32.151000,0 days 00:00:44.477000,0 days 00:00:24.993000,1.0,MEDIUM,18.0,1
0 days 01:22:20.174000,LEC,13.0,0 days 00:01:39.279000,13.0,0 days 00:00:31.805000,0 days 00:00:42.910000,0 days 00:00:24.564000,1.0,SOFT,1.0,1
0 days 01:22:23.646000,VER,13.0,0 days 00:01:39.534000,16.0,0 days 00:00:31.809000,0 days 00:00:43.082000,0 days 00:00:24.643000,1.0,SOFT,2.0,1
0 days 01:22:29.434000,SAI,13.0,0 days 00:01:40.165000,16.0,0 days 00:00:31.976000,0 days 00:00:43.396000,0 days 00:00:24.793000,1.0,SOFT,3.0,1
0 days 01:22:32.277000,PER,13.0,0 days 00:01:39.992000,16.0,0 days 00:00:31.863000,0 days 00:00:43.419000,0 days 00:00:24.710000,1.0,SOFT,4.0,1
0 days 01:22:37.016000,RUS,13.0,0 days 00:01:40.448000,16.0,0 days 00:00:32.296000,0 days 00:00:43.547000,0 days 00:00:24.605000,1.0,SOFT,5.0,1
0 days 01:22:44.194000,MAG,13.0,0 days 00:01:41.283000,13.0,0 days 00:00:32.301000,0 days 00:00:43.932000,0 days 00:00:25.050000,1.0,SOFT,6.0,1
0 days 01:22:45.770000,GAS,13.0,0 days 00:01:41.256000,16.0,0 days 00:00:32.221000,0 days 00:00:44.161000,0 days 00:00:24.874000,1.0,SOFT,7.0,1
0 days 01:22:48.094000,OCO,13.0,0 days 00:01:41.395000,13.0,0 days 00:00:32.362000,0 days 00:00:44.028000,0 days 00:00:25.005000,1.0,SOFT,8.0,1
0 days 01:22:53.075000,TSU,13.0,0 days 00:01:41.337000,13.0,0 days 00:00:32.190000,0 days 00:00:44.233000,0 days 00:00:24.914000,1.0,SOFT,9.0,1
0 days 01:22:56.210000,BOT,13.0,0 days 00:01:41.291000,16.0,0 days 00:00:32.088000,0 days 00:00:44.194000,0 days 00:00:25.009000,1.0,SOFT,10.0,1
0 days 01:22:59.983000,ZHO,13.0,0 days 00:01:41.400000,13.0,0 days 00:00:32.284000,0 days 00:00:44.259000,0 days 00:00:24.857000,1.0,SOFT,12.0,1
0 days 01:23:00.195000,HAM,13.0,0 days 00:01:39.330000,3.0,0 days 00:00:31.804000,0 days 00:00:43.286000,0 days 00:00:24.240000,2.0,HARD,11.0,1
0 days 01:23:04.489000,ALB,13.0,0 days 00:01:44.752000,13.0,0 days 00:00:32.390000,0 days 00:00:44.742000,0 days 00:00:27.620000,1.0,SOFT,14.0,1
0 days 01:23:05.705000,STR,13.0,0 days 00:01:42.235000,13.0,0 days 00:00:32.616000,0 days 00:00:44.465000,0 days 00:00:25.154000,1.0,SOFT,13.0,1
0 days 01:23:08.705000,HUL,13.0,0 days 00:01:41.942000,13.0,0 days 00:00:32.217000,0 days 00:00:44.376000,0 days 00:00:25.349000,1.0,SOFT,15.0,1
0 days 01:23:09.528000,NOR,13.0,0 days 00:01:42.041000,13.0,0 days 00:00:32.266000,0 days 00:00:44.656000,0 days 00:00:25.119000,1.0,MEDIUM,16.0,1
0 days 01:23:10.759000,MSC,13.0,0 days 00:01:59.469000,1.0,0 days 00:00:53.125000,0 days 00:00:42.221000,0 days 00:00:24.123000,2.0,MEDIUM,20.0,1
0 days 01:23:11.213000,RIC,13.0,0 days 00:01:42.461000,13.0,0 days 00:00:32.561000,0 days 00:00:44.647000,0 days 00:00:25.253000,1.0,MEDIUM,18.0,1
0 days 01:23:12.235000,LAT,13.0,0 days 00:01:43.360000,13.0,0 days 00:00:32.647000,0 days 00:00:45.488000,0 days 00:00:25.225000,1.0,SOFT,19.0,1
0 days 01:23:12.969000,ALO,13.0,0 days 00:01:39.050000,2.0,0 days 00:00:31.641000,0 days 00:00:43.009000,0 days 00:00:24.400000,2.0,MEDIUM,17.0,1
0 days 01:23:59.453000,LEC,14.0,0 days 00:01:39.629000,14.0,0 days 00:00:31.939000,0 days 00:00:43.019000,0 days 00:00:24.671000,1.0,SOFT,1.0,1
0 days 01:24:03.180000,VER,14.0,0 days 00:01:42.050000,17.0,0 days 00:00:31.831000,0 days 00:00:43.137000,0 days 00:00:27.082000,1.0,SOFT,2.0,1
0 days 01:24:09.599000,SAI,14.0,0 days 00:01:43.029000,17.0,0 days 00:00:32.018000,0 days 00:00:43.375000,0 days 00:00:27.636000,1.0,SOFT,4.0,12
0 days 01:24:12.269000,PER,14.0,0 days 00:01:40.035000,17.0,0 days 00:00:31.844000,0 days 00:00:43.364000,0 days 00:00:24.827000,1.0,SOFT,3.0,12
0 days 01:24:17.464000,RUS,14.0,0 days 00:01:40.409000,17.0,0 days 00:00:32.195000,0 days 00:00:43.463000,0 days 00:00:24.751000,1.0,SOFT,5.0,12
0 days 01:24:25.477000,MAG,14.0,0 days 00:01:44.244000,14.0,0 days 00:00:32.181000,0 days 00:00:44.096000,0 days 00:00:27.967000,1.0,SOFT,6.0,12
0 days 01:24:27.026000,GAS,14.0,0 days 00:01:44.005000,17.0,0 days 00:00:32.311000,0 days 00:00:44.130000,0 days 00:00:27.564000,1.0,SOFT,7.0,12
0 days 01:24:29.489000,OCO,14.0,0 days 00:01:44.080000,14.0,0 days 00:00:32.216000,0 days 00:00:44.050000,0 days 00:00:27.814000,1.0,SOFT,8.0,12
0 days 01:24:34.412000,TSU,14.0,0 days 00:01:41.352000,14.0,0 days 00:00:32.235000,0 days 00:00:44.156000,0 days 00:00:24.961000,1.0,SOFT,9.0,12
0 days 01:24:37.501000,BOT,14.0,0 days 00:01:43.736000,17.0,0 days 00:00:32.111000,0 days 00:00:44.071000,0 days 00:00:27.554000,1.0,SOFT,11.0,12
0 days 01:24:39.525000,HAM,14.0,0 days 00:01:39.309000,4.0,0 days 00:00:31.687000,0 days 00:00:42.979000,0 days 00:00:24.643000,2.0,HARD,10.0,12
0 days 01:24:41.383000,ZHO,14.0,0 days 00:01:41.185000,14.0,0 days 00:00:32.148000,0 days 00:00:44.044000,0 days 00:00:24.993000,1.0,SOFT,12.0,12
0 days 01:24:47.940000,STR,14.0,0 days 00:01:41.803000,14.0,0 days 00:00:32.472000,0 days 00:00:44.108000,0 days 00:00:25.223000,1.0,SOFT,13.0,12
0 days 01:24:49.241000,ALB,14.0,0 days 00:02:01.075000,1.0,0 days 00:00:53.032000,0 days 00:00:43.743000,0 days 00:00:24.300000,2.0,MEDIUM,20.0,12
0 days 01:24:50.647000,HUL,14.0,0 days 00:01:42.959000,14.0,0 days 00:00:32.717000,0 days 00:00:44.834000,0 days 00:00:25.408000,1.0,SOFT,15.0,12
0 days 01:24:51.569000,NOR,14.0,0 days 00:01:42.794000,14.0,0 days 00:00:32.456000,0 days 00:00:45.125000,0 days 00:00:25.213000,1.0,MEDIUM,16.0,12
0 days 01:24:52.019000,ALO,14.0,0 days 00:01:39.704000,3.0,0 days 00:00:31.772000,0 days 00:00:43.480000,0 days 00:00:24.452000,2.0,MEDIUM,14.0,12
0 days 01:24:53.674000,RIC,14.0,0 days 00:01:42.375000,14.0,0 days 00:00:32.526000,0 days 00:00:44.700000,0 days 00:00:25.149000,1.0,MEDIUM,17.0,12
0 days 01:24:55.595000,LAT,14.0,0 days 00:01:45.315000,14.0,0 days 00:00:32.526000,0 days 00:00:45.248000,0 days 00:00:27.541000,1.0,SOFT,18.0,12
0 days 01:25:10.228000,MSC,14.0,0 days 00:01:38.179000,2.0,0 days 00:00:31.309000,0 days 00:00:42.646000,0 days 00:00:24.224000,2.0,MEDIUM,19.0,12
0 days 01:25:39.082000,LEC,15.0,0 days 00:01:42.041000,15.0,0 days 00:00:31.789000,0 days 00:00:43.159000,0 days 00:00:27.093000,1.0,SOFT,1.0,12
0 days 01:25:45.230000,VER,15.0,0 days 00:01:57.409000,1.0,0 days 00:00:52.162000,0 days 00:00:41.525000,0 days 00:00:23.722000,2.0,SOFT,4.0,12
0 days 01:25:52.304000,PER,15.0,0 days 00:01:42.445000,18.0,0 days 00:00:31.761000,0 days 00:00:43.441000,0 days 00:00:27.243000,1.0,SOFT,2.0,21
0 days 01:25:52.628000,SAI,15.0,0 days 00:01:58.327000,1.0,0 days 00:00:51.979000,0 days 00:00:42.279000,0 days 00:00:24.069000,2.0,SOFT,5.0,21
0 days 01:25:57.873000,RUS,15.0,0 days 00:01:43.097000,18.0,0 days 00:00:32.145000,0 days 00:00:43.634000,0 days 00:00:27.318000,1.0,SOFT,3.0,21
0 days 01:26:09.721000,MAG,15.0,0 days 00:01:59.764000,4.0,0 days 00:00:53.002000,0 days 00:00:42.461000,0 days 00:00:24.301000,2.0,SOFT,9.0,1
0 days 01:26:11.031000,GAS,15.0,0 days 00:02:01.397000,1.0,0 days 00:00:53.152000,0 days 00:00:43.562000,0 days 00:00:24.683000,2.0,MEDIUM,12.0,1
0 days 01:26:13.569000,OCO,15.0,0 days 00:02:05.634000,1.0,0 days 00:00:58.681000,0 days 00:00:42.722000,0 days 00:00:24.231000,2.0,MEDIUM,16.0,1
0 days 01:26:15.764000,TSU,15.0,0 days 00:01:43.687000,15.0,0 days 00:00:32.247000,0 days 00:00:44.162000,0 days 00:00:27.278000,1.0,SOFT,7.0,1
0 days 01:26:18.834000,HAM,15.0,0 days 00:01:38.587000,5.0,0 days 00:00:31.336000,0 days 00:00:42.890000,0 days 00:00:24.361000,2.0,HARD,6.0,1
0 days 01:26:21.237000,BOT,15.0,0 days 00:02:00.669000,1.0,0 days 00:00:53.665000,0 days 00:00:43.022000,0 days 00:00:23.982000,2.0,MEDIUM,17.0,1
0 days 01:26:22.568000,ZHO,15.0,0 days 00:01:43.106000,15.0,0 days 00:00:31.998000,0 days 00:00:43.903000,0 days 00:00:27.205000,1.0,SOFT,8.0,1
0 days 01:26:29.743000,STR,15.0,0 days 00:01:41.875000,15.0,0 days 00:00:32.419000,0 days 00:00:44.299000,0 days 00:00:25.157000,1.0,SOFT,10.0,1
0 days 01:26:31.723000,ALO,15.0,0 days 00:01:40.256000,4.0,0 days 00:00:32.146000,0 days 00:00:43.439000,0 days 00:00:24.671000,2.0,MEDIUM,11.0,1
0 days 01:26:33.606000,HUL,15.0,0 days 00:01:42.819000,15.0,0 days 00:00:32.711000,0 days 00:00:44.851000,0 days 00:00:25.257000,1.0,SOFT,13.0,1
0 days 01:26:34.363000,NOR,15.0,0 days 00:01:42.830000,15.0,0 days 00:00:32.595000,0 days 00:00:44.983000,0 days 00:00:25.252000,1.0,MEDIUM,14.0,1
0 days 01:26:36.049000,RIC,15.0,0 days 00:01:42.543000,15.0,0 days 00:00:32.542000,0 days 00:00:44.776000,0 days 00:00:25.225000,1.0,MEDIUM,15.0,1
0 days 01:26:40.910000,LAT,15.0,0 days 00:01:58.534000,1.0,0 days 00:00:52.011000,0 days 00:00:42.455000,0 days 00:00:24.068000,2.0,SOFT,20.0,1
0 days 01:26:48.407000,MSC,15.0,0 days 00:01:39.109000,3.0,0 days 00:00:31.499000,0 days 00:00:43.183000,0 days 00:00:24.427000,2.0,MEDIUM,18.0,1
0 days 01:26:50.316000,ALB,15.0,0 days 00:01:39.517000,2.0,0 days 00:00:31.615000,0 days 00:00:43.501000,0 days 00:00:24.401000,2.0,MEDIUM,19.0,1
0 days 01:27:21.123000,LEC,16.0,0 days 00:01:57.660000,4.0,0 days 00:00:52.159000,0 days 00:00:41.644000,0 days 00:00:23.857000,2.0,SOFT,1.0,1
0 days 01:27:34.749000,PER,16.0,0 days 00:01:58.858000,1.0,0 days 00:00:52.976000,0 days 00:00:41.991000,0 days 00:00:23.891000,2.0,MEDIUM,4.0,1
0 days 01:27:40.970000,RUS,16.0,0 days 00:02:02.370000,2.0,0 days 00:00:54.965000,0 days 00:00:43.244000,0 days 00:00:24.161000,2.0,HARD,6.0,1
0 days 01:27:42.639000,VER,16.0,0 days 00:01:36.905000,2.0,0 days 00:00:30.944000,0 days 00:00:41.970000,0 days 00:00:23.991000,2.0,SOFT,2.0,1
0 days 01:27:50.955000,SAI,16.0,0 days 00:01:37.477000,2.0,0 days 00:00:31.352000,0 days 00:00:42.085000,0 days 00:00:24.040000,2.0,SOFT,3.0,1
0 days 01:27:57.421000,HAM,16.0,0 days 00:01:38.236000,6.0,0 days 00:00:31.202000,0 days 00:00:42.844000,0 days 00:00:24.190000,2.0,HARD,5.0,1
0 days 01:27:59.451000,TSU,16.0,0 days 00:02:01.989000,1.0,0 days 00:00:54.089000,0 days 00:00:43.323000,0 days 00:00:24.577000,2.0,MEDIUM,14.0,1
0 days 01:28:05.674000,ZHO,16.0,0 days 00:02:01.722000,1.0,0 days 00:00:54.211000,0 days 00:00:43.182000,0 days 00:00:24.329000,2.0,MEDIUM,18.0,1
0 days 01:28:09.485000,MAG,16.0,0 days 00:01:37.968000,5.0,0 days 00:00:31.317000,0 days 00:00:42.477000,0 days 00:00:24.174000,2.0,SOFT,7.0,1
0 days 01:28:11.618000,STR,16.0,0 days 00:01:42.592000,16.0,0 days 00:00:32.711000,0 days 00:00:44.690000,0 days 00:00:25.191000,1.0,SOFT,10.0,1
0 days 01:28:11.979000,ALO,16.0,0 days 00:01:40.572000,5.0,0 days 00:00:31.432000,0 days 00:00:44.539000,0 days 00:00:24.601000,2.0,MEDIUM,9.0,1
0 days 01:28:12.428000,GAS,16.0,0 days 00:01:38.705000,2.0,0 days 00:00:31.029000,0 days 00:00:43.445000,0 days 00:00:24.231000,2.0,MEDIUM,8.0,1
0 days 01:28:16.425000,HUL,16.0,0 days 00:01:43.615000,16.0,0 days 00:00:32.731000,0 days 00:00:44.649000,0 days 00:00:26.235000,1.0,SOFT,12.0,1
0 days 01:28:17.193000,NOR,16.0,0 days 00:01:43.031000,16.0,0 days 00:00:32.498000,0 days 00:00:45.135000,0 days 00:00:25.398000,1.0,MEDIUM,13.0,1
0 days 01:28:18.592000,RIC,16.0,0 days 00:01:43.515000,16.0,0 days 00:00:32.772000,0 days 00:00:45.104000,0 days 00:00:25.639000,1.0,MEDIUM,15.0,1
0 days 01:28:19.203000,OCO,16.0,0 days 00:01:40.079000,2.0,0 days 00:00:31.610000,0 days 00:00:43.198000,0 days 00:00:25.271000,2.0,MEDIUM,11.0,1
0 days 01:28:21.906000,BOT,16.0,0 days 00:01:40.259000,2.0,0 days 00:00:31.791000,0 days 00:00:43.461000,0 days 00:00:25.007000,2.0,MEDIUM,16.0,1
0 days 01:28:27.516000,MSC,16.0,0 days 00:01:39.406000,4.0,0 days 00:00:31.914000,0 days 00:00:43.037000,0 days 00:00:24.455000,2.0,MEDIUM,17.0,1
0 days 01:28:29.833000,ALB,16.0,0 days 00:01:40.164000,3.0,0 days 00:00:31.870000,0 days 00:00:43.810000,0 days 00:00:24.484000,2.0,MEDIUM,19.0,1
0 days 01:28:39.444000,LAT,16.0,0 days 00:01:39.239000,2.0,0 days 00:00:31.423000,0 days 00:00:43.445000,0 days 00:00:24.371000,2.0,SOFT,20.0,1
0 days 01:29:18.783000,LEC,17.0,0 days 00:01:37.520000,5.0,0 days 00:00:31.454000,0 days 00:00:42.077000,0 days 00:00:23.989000,2.0,SOFT,1.0,1
0 days 01:29:19.544000,VER,17.0,0 days 00:01:37.587000,3.0,0 days 00:00:30.898000,0 days 00:00:42.382000,0 days 00:00:24.307000,2.0,SOFT,2.0,1
0 days 01:29:28.432000,SAI,17.0,0 days 00:01:37.172000,3.0,0 days 00:00:31.245000,0 days 00:00:41.899000,0 days 00:00:24.028000,2.0,SOFT,3.0,1
0 days 01:29:33.607000,PER,17.0,0 days 00:01:36.634000,2.0,0 days 00:00:31.025000,0 days 00:00:41.657000,0 days 00:00:23.952000,2.0,MEDIUM,4.0,1
0 days 01:29:35.657000,HAM,17.0,0 days 00:01:38.644000,7.0,0 days 00:00:31.622000,0 days 00:00:42.748000,0 days 00:00:24.274000,2.0,HARD,5.0,1
0 days 01:29:43.340000,RUS,17.0,0 days 00:01:38.089000,3.0,0 days 00:00:31.612000,0 days 00:00:42.364000,0 days 00:00:24.113000,2.0,HARD,6.0,1
0 days 01:29:47.453000,MAG,17.0,0 days 00:01:38.216000,6.0,0 days 00:00:31.304000,0 days 00:00:42.666000,0 days 00:00:24.246000,2.0,SOFT,7.0,1
0 days 01:29:51.133000,GAS,17.0,0 days 00:01:38.868000,3.0,0 days 00:00:31.602000,0 days 00:00:42.982000,0 days 00:00:24.284000,2.0,MEDIUM,8.0,1
0 days 01:29:52.551000,ALO,17.0,0 days 00:01:39.434000,6.0,0 days 00:00:31.784000,0 days 00:00:43.161000,0 days 00:00:24.489000,2.0,MEDIUM,9.0,1
0 days 01:29:54.210000,STR,17.0,0 days 00:01:41.858000,17.0,0 days 00:00:32.588000,0 days 00:00:44.184000,0 days 00:00:25.086000,1.0,SOFT,10.0,1
0 days 01:29:59.282000,OCO,17.0,0 days 00:01:38.820000,3.0,0 days 00:00:31.656000,0 days 00:00:42.755000,0 days 00:00:24.409000,2.0,MEDIUM,11.0,1
0 days 01:30:00.040000,HUL,17.0,0 days 00:01:44.450000,17.0,0 days 00:00:32.781000,0 days 00:00:46.158000,0 days 00:00:25.511000,1.0,SOFT,15.0,1
0 days 01:30:00.224000,NOR,17.0,0 days 00:01:43.396000,17.0,0 days 00:00:32.525000,0 days 00:00:45.512000,0 days 00:00:25.359000,1.0,MEDIUM,14.0,1
0 days 01:30:01.440000,TSU,17.0,0 days 00:01:39.939000,2.0,0 days 00:00:31.704000,0 days 00:00:43.760000,0 days 00:00:24.475000,2.0,MEDIUM,12.0,1
0 days 01:30:02.107000,RIC,17.0,0 days 00:01:46.215000,17.0,0 days 00:00:32.743000,0 days 00:00:45.284000,0 days 00:00:28.188000,1.0,MEDIUM,18.0,1
0 days 01:30:02.165000,BOT,17.0,0 days 00:01:40.103000,3.0,0 days 00:00:31.555000,0 days 00:00:44.168000,0 days 00:00:24.380000,2.0,MEDIUM,13.0,1
0 days 01:30:06.922000,MSC,17.0,0 days 00:01:40.565000,5.0,0 days 00:00:32.058000,0 days 00:00:43.618000,0 days 00:00:24.889000,2.0,MEDIUM,17.0,1
0 days 01:30:07.396000,ZHO,17.0,0 days 00:01:38.348000,2.0,0 days 00:00:31.350000,0 days 00:00:42.556000,0 days 00:00:24.442000,2.0,MEDIUM,16.0,1
0 days 01:30:09.997000,ALB,17.0,0 days 00:01:40.265000,4.0,0 days 00:00:31.911000,0 days 00:00:43.769000,0 days 00:00:24.585000,2.0,MEDIUM,19.0,1
0 days 01:30:18.683000,LAT,17.0,0 days 00:01:39.655000,3.0,0 days 00:00:31.532000,0 days 00:00:43.704000,0 days 00:00:24.419000,2.0,SOFT,20.0,1
0 days 01:30:56.303000,LEC,18.0,0 days 00:01:37.634000,6.0,0 days 00:00:31.582000,0 days 00:00:42.018000,0 days 00:00:24.034000,2.0,SOFT,1.0,1
0 days 01:30:57.131000,VER,18.0,0 days 00:01:37.717000,4.0,0 days 00:00:30.951000,0 days 00:00:42.567000,0 days 00:00:24.199000,2.0,SOFT,2.0,1
0 days 01:31:05.604000,SAI,18.0,0 days 00:01:37.561000,4.0,0 days 00:00:31.282000,0 days 00:00:42.239000,0 days 00:00:24.040000,2.0,SOFT,3.0,1
0 days 01:31:10.241000,PER,18.0,0 days 00:01:36.852000,3.0,0 days 00:00:31.103000,0 days 00:00:41.784000,0 days 00:00:23.965000,2.0,MEDIUM,4.0,1
0 days 01:31:14.301000,HAM,18.0,0 days 00:01:38.368000,8.0,0 days 00:00:31.653000,0 days 00:00:42.526000,0 days 00:00:24.189000,2.0,HARD,5.0,1
0 days 01:31:21.429000,RUS,18.0,0 days 00:01:38.114000,4.0,0 days 00:00:31.601000,0 days 00:00:42.372000,0 days 00:00:24.141000,2.0,HARD,6.0,1
0 days 01:31:25.669000,MAG,18.0,0 days 00:01:38.442000,7.0,0 days 00:00:31.331000,0 days 00:00:42.729000,0 days 00:00:24.382000,2.0,SOFT,7.0,1
0 days 01:31:30.001000,GAS,18.0,0 days 00:01:38.888000,4.0,0 days 00:00:31.560000,0 days 00:00:42.964000,0 days 00:00:24.364000,2.0,MEDIUM,8.0,1
0 days 01:31:31.985000,ALO,18.0,0 days 00:01:39.809000,7.0,0 days 00:00:31.857000,0 days 00:00:43.465000,0 days 00:00:24.487000,2.0,MEDIUM,9.0,1
0 days 01:31:36.068000,STR,18.0,0 days 00:01:44.384000,18.0,0 days 00:00:32.402000,0 days 00:00:44.201000,0 days 00:00:27.781000,1.0,SOFT,12.0,1
0 days 01:31:38.102000,OCO,18.0,0 days 00:01:40.025000,4.0,0 days 00:00:31.644000,0 days 00:00:43.282000,0 days 00:00:25.099000,2.0,MEDIUM,10.0,1
0 days 01:31:41.379000,TSU,18.0,0 days 00:01:38.760000,3.0,0 days 00:00:31.499000,0 days 00:00:42.917000,0 days 00:00:24.344000,2.0,MEDIUM,11.0,1
0 days 01:31:42.268000,BOT,18.0,0 days 00:01:38.901000,4.0,0 days 00:00:31.400000,0 days 00:00:43.132000,0 days 00:00:24.369000,2.0,MEDIUM,13.0,1
0 days 01:31:43.620000,NOR,18.0,0 days 00:01:41.828000,18.0,0 days 00:00:32.292000,0 days 00:00:44.390000,0 days 00:00:25.146000,1.0,MEDIUM,14.0,1
0 days 01:31:44.490000,HUL,18.0,0 days 00:01:43.590000,18.0,0 days 00:00:32.618000,0 days 00:00:45.027000,0 days 00:00:25.945000,1.0,SOFT,17.0,1
0 days 01:31:45.744000,ZHO,18.0,0 days 00:01:39.814000,3.0,0 days 00:00:31.324000,0 days 00:00:43.648000,0 days 00:00:24.842000,2.0,MEDIUM,15.0,1
0 days 01:31:47.487000,MSC,18.0,0 days 00:01:39.878000,6.0,0 days 00:00:31.736000,0 days 00:00:43.371000,0 days 00:00:24.771000,2.0,MEDIUM,16.0,1
0 days 01:31:48.322000,RIC,18.0,0 days 00:02:00.056000,1.0,0 days 00:00:52.764000,0 days 00:00:42.893000,0 days 00:00:24.399000,2.0,SOFT,20.0,1
0 days 01:31:50.262000,ALB,18.0,0 days 00:01:40.225000,5.0,0 days 00:00:31.863000,0 days 00:00:43.823000,0 days 00:00:24.539000,2.0,MEDIUM,18.0,1
0 days 01:31:58.338000,LAT,18.0,0 days 00:01:40.272000,4.0,0 days 00:00:31.660000,0 days 00:00:44.066000,0 days 00:00:24.546000,2.0,SOFT,19.0,1
0 days 01:32:33.937000,LEC,19.0,0 days 00:01:37.408000,7.0,0 days 00:00:31.456000,0 days 00:00:41.903000,0 days 00:00:24.049000,2.0,SOFT,1.0,1
0 days 01:32:34.848000,VER,19.0,0 days 00:01:37.728000,5.0,0 days 00:00:31.192000,0 days 00:00:42.236000,0 days 00:00:24.300000,2.0,SOFT,2.0,1
0 days 01:32:43.165000,SAI,19.0,0 days 00:01:37.581000,5.0,0 days 00:00:31.325000,0 days 00:00:42.099000,0 days 00:00:24.157000,2.0,SOFT,3.0,1
0 days 01:32:47.093000,PER,19.0,0 days 00:01:37.214000,4.0,0 days 00:00:31.154000,0 days 00:00:41.979000,0 days 00:00:24.081000,2.0,MEDIUM,4.0,1
0 days 01:32:52.669000,HAM,19.0,0 days 00:01:38.393000,9.0,0 days 00:00:31.608000,0 days 00:00:42.569000,0 days 00:00:24.216000,2.0,HARD,5.0,1
0 days 01:32:59.543000,RUS,19.0,0 days 00:01:38.307000,5.0,0 days 00:00:31.635000,0 days 00:00:42.554000,0 days 00:00:24.118000,2.0,HARD,6.0,1
0 days 01:33:04.111000,MAG,19.0,0 days 00:01:38.539000,8.0,0 days 00:00:31.375000,0 days 00:00:42.825000,0 days 00:00:24.339000,2.0,SOFT,7.0,1
0 days 01:33:08.889000,GAS,19.0,0 days 00:01:39.416000,5.0,0 days 00:00:31.764000,0 days 00:00:43.257000,0 days 00:00:24.395000,2.0,MEDIUM,8.0,1
0 days 01:33:11.794000,ALO,19.0,0 days 00:01:39.785000,8.0,0 days 00:00:31.849000,0 days 00:00:43.369000,0 days 00:00:24.567000,2.0,MEDIUM,9.0,1
0 days 01:33:18.127000,OCO,19.0,0 days 00:01:38.442000,5.0,0 days 00:00:31.216000,0 days 00:00:42.784000,0 days 00:00:24.442000,2.0,MEDIUM,10.0,1
0 days 01:33:20.139000,TSU,19.0,0 days 00:01:39.011000,4.0,0 days 00:00:31.683000,0 days 00:00:42.935000,0 days 00:00:24.393000,2.0,MEDIUM,11.0,1
0 days 01:33:20.452000,STR,19.0,0 days 00:02:00.651000,1.0,0 days 00:00:53.526000,0 days 00:00:42.757000,0 days 00:00:24.368000,2.0,SOFT,19.0,1
0 days 01:33:21.169000,BOT,19.0,0 days 00:01:38.831000,5.0,0 days 00:00:31.481000,0 days 00:00:42.969000,0 days 00:00:24.381000,2.0,MEDIUM,12.0,1
0 days 01:33:25.448000,NOR,19.0,0 days 00:01:43.166000,19.0,0 days 00:00:32.622000,0 days 00:00:45.144000,0 days 00:00:25.400000,1.0,MEDIUM,15.0,1
0 days 01:33:25.558000,ZHO,19.0,0 days 00:01:38.630000,4.0,0 days 00:00:31.146000,0 days 00:00:43.220000,0 days 00:00:24.264000,2.0,MEDIUM,13.0,1
0 days 01:33:27.365000,MSC,19.0,0 days 00:01:40.091000,7.0,0 days 00:00:31.765000,0 days 00:00:43.614000,0 days 00:00:24.712000,2.0,MEDIUM,14.0,1
0 days 01:33:28.080000,HUL,19.0,0 days 00:01:45.242000,19.0,0 days 00:00:32.536000,0 days 00:00:44.833000,0 days 00:00:27.873000,1.0,SOFT,17.0,1
0 days 01:33:30.487000,ALB,19.0,0 days 00:01:40.800000,6.0,0 days 00:00:31.880000,0 days 00:00:44.143000,0 days 00:00:24.777000,2.0,MEDIUM,16.0,1
0 days 01:33:38.610000,LAT,19.0,0 days 00:01:40.245000,5.0,0 days 00:00:31.605000,0 days 00:00:44.104000,0 days 00:00:24.536000,2.0,SOFT,18.0,1
0 days 01:33:48.378000,RIC,19.0,0 days 00:01:39.374000,2.0,0 days 00:00:31.779000,0 days 00:00:43.192000,0 days 00:00:24.403000,2.0,SOFT,20.0,1
0 days 01:34:11.345000,LEC,20.0,0 days 00:01:37.562000,8.0,0 days 00:00:31.353000,0 days 00:00:42.110000,0 days 00:00:24.099000,2.0,SOFT,1.0,1
0 days 01:34:12.576000,VER,20.0,0 days 00:01:38.257000,6.0,0 days 00:00:31.433000,0 days 00:00:42.521000,0 days 00:00:24.303000,2.0,SOFT,2.0,1
0 days 01:34:20.746000,SAI,20.0,0 days 00:01:38.059000,6.0,0 days 00:00:31.438000,0 days 00:00:42.374000,0 days 00:00:24.247000,2.0,SOFT,3.0,1
0 days 01:34:24.307000,PER,20.0,0 days 00:01:37.532000,5.0,0 days 00:00:31.247000,0 days 00:00:42.166000,0 days 00:00:24.119000,2.0,MEDIUM,4.0,1
0 days 01:34:31.062000,HAM,20.0,0 days 00:01:38.606000,10.0,0 days 00:00:31.745000,0 days 00:00:42.605000,0 days 00:00:24.256000,2.0,HARD,5.0,1
0 days 01:34:37.850000,RUS,20.0,0 days 00:01:38.148000,6.0,0 days 00:00:31.567000,0 days 00:00:42.492000,0 days 00:00:24.089000,2.0,HARD,6.0,1
0 days 01:34:42.650000,MAG,20.0,0 days 00:01:38.883000,9.0,0 days 00:00:31.414000,0 days 00:00:43.021000,0 days 00:00:24.448000,2.0,SOFT,7.0,1
0 days 01:34:48.305000,GAS,20.0,0 days 00:01:39.134000,6.0,0 days 00:00:31.650000,0 days 00:00:43.006000,0 days 00:00:24.478000,2.0,MEDIUM,8.0,1
0 days 01:34:51.579000,ALO,20.0,0 days 00:01:39.874000,9.0,0 days 00:00:31.875000,0 days 00:00:43.342000,0 days 00:00:24.657000,2.0,MEDIUM,9.0,1
0 days 01:34:56.569000,OCO,20.0,0 days 00:01:38.917000,6.0,0 days 00:00:31.651000,0 days 00:00:42.804000,0 days 00:00:24.462000,2.0,MEDIUM,10.0,1
0 days 01:34:59.150000,TSU,20.0,0 days 00:01:39.069000,5.0,0 days 00:00:31.607000,0 days 00:00:43.035000,0 days 00:00:24.427000,2.0,MEDIUM,11.0,1
0 days 01:35:00,BOT,20.0,0 days 00:01:38.960000,6.0,0 days 00:00:31.144000,0 days 00:00:43.360000,0 days 00:00:24.456000,2.0,MEDIUM,12.0,1
0 days 01:35:04.188000,ZHO,20.0,0 days 00:01:38.954000,5.0,0 days 00:00:31.582000,0 days 00:00:43.071000,0 days 00:00:24.301000,2.0,MEDIUM,13.0,1
0 days 01:35:07.456000,MSC,20.0,0 days 00:01:39.295000,8.0,0 days 00:00:31.715000,0 days 00:00:43.064000,0 days 00:00:24.516000,2.0,MEDIUM,14.0,1
0 days 01:35:08.614000,NOR,20.0,0 days 00:01:41.881000,20.0,0 days 00:00:32.174000,0 days 00:00:44.523000,0 days 00:00:25.184000,1.0,MEDIUM,15.0,1
0 days 01:35:11.287000,ALB,20.0,0 days 00:01:40.239000,7.0,0 days 00:00:31.663000,0 days 00:00:43.927000,0 days 00:00:24.649000,2.0,MEDIUM,16.0,1
0 days 01:35:13.322000,HUL,20.0,0 days 00:02:03.711000,1.0,0 days 00:00:55.094000,0 days 00:00:43.555000,0 days 00:00:25.062000,2.0,SOFT,20.0,1
0 days 01:35:18.855000,LAT,20.0,0 days 00:01:40.489000,6.0,0 days 00:00:31.798000,0 days 00:00:44.079000,0 days 00:00:24.612000,2.0,SOFT,17.0,1
0 days 01:35:21.103000,STR,20.0,0 days 00:01:38.940000,2.0,0 days 00:00:31.605000,0 days 00:00:42.987000,0 days 00:00:24.348000,2.0,SOFT,18.0,1
0 days 01:35:27.752000,RIC,20.0,0 days 00:01:39.349000,3.0,0 days 00:00:31.874000,0 days 00:00:42.971000,0 days 00:00:24.504000,2.0,SOFT,19.0,1
0 days 01:35:48.907000,LEC,21.0,0 days 00:01:37.807000,9.0,0 days 00:00:31.418000,0 days 00:00:42.200000,0 days 00:00:24.189000,2.0,SOFT,1.0,1
0 days 01:35:50.833000,VER,21.0,0 days 00:01:38.294000,7.0,0 days 00:00:31.331000,0 days 00:00:42.577000,0 days 00:00:24.386000,2.0,SOFT,2.0,1
0 days 01:35:58.805000,SAI,21.0,0 days 00:01:37.721000,7.0,0 days 00:00:31.362000,0 days 00:00:42.194000,0 days 00:00:24.165000,2.0,SOFT,3.0,1
0 days 01:36:01.839000,PER,21.0,0 days 00:01:37.629000,6.0,0 days 00:00:31.214000,0 days 00:00:42.197000,0 days 00:00:24.218000,2.0,MEDIUM,4.0,1
0 days 01:36:09.668000,HAM,21.0,0 days 00:01:38.542000,11.0,0 days 00:00:31.613000,0 days 00:00:42.646000,0 days 00:00:24.283000,2.0,HARD,5.0,1
0 days 01:36:15.998000,RUS,21.0,0 days 00:01:38.633000,7.0,0 days 00:00:31.647000,0 days 00:00:42.834000,0 days 00:00:24.152000,2.0,HARD,6.0,1
0 days 01:36:21.533000,MAG,21.0,0 days 00:01:38.859000,10.0,0 days 00:00:31.513000,0 days 00:00:42.885000,0 days 00:00:24.461000,2.0,SOFT,7.0,1
0 days 01:36:27.439000,GAS,21.0,0 days 00:01:39.083000,7.0,0 days 00:00:31.628000,0 days 00:00:43.073000,0 days 00:00:24.382000,2.0,MEDIUM,8.0,1
0 days 01:36:31.453000,ALO,21.0,0 days 00:01:40.087000,10.0,0 days 00:00:32.038000,0 days 00:00:43.401000,0 days 00:00:24.648000,2.0,MEDIUM,9.0,1
0 days 01:36:35.486000,OCO,21.0,0 days 00:01:39.183000,7.0,0 days 00:00:31.777000,0 days 00:00:42.936000,0 days 00:00:24.470000,2.0,MEDIUM,10.0,1
0 days 01:36:38.219000,TSU,21.0,0 days 00:01:39.294000,6.0,0 days 00:00:31.850000,0 days 00:00:43.042000,0 days 00:00:24.402000,2.0,MEDIUM,11.0,1
0 days 01:36:38.960000,BOT,21.0,0 days 00:01:39.279000,7.0,0 days 00:00:31.452000,0 days 00:00:43.390000,0 days 00:00:24.437000,2.0,MEDIUM,12.0,1
0 days 01:36:43.142000,ZHO,21.0,0 days 00:01:39.047000,6.0,0 days 00:00:31.642000,0 days 00:00:43.123000,0 days 00:00:24.282000,2.0,MEDIUM,13.0,1
0 days 01:36:46.751000,MSC,21.0,0 days 00:01:39.816000,9.0,0 days 00:00:31.792000,0 days 00:00:43.426000,0 days 00:00:24.598000,2.0,MEDIUM,14.0,1
0 days 01:36:50.495000,NOR,21.0,0 days 00:01:41.816000,21.0,0 days 00:00:32.574000,0 days 00:00:44.184000,0 days 00:00:25.058000,1.0,MEDIUM,15.0,1
0 days 01:36:51.526000,ALB,21.0,0 days 00:01:41.181000,8.0,0 days 00:00:31.952000,0 days 00:00:44.364000,0 days 00:00:24.865000,2.0,MEDIUM,16.0,1
0 days 01:36:59.344000,LAT,21.0,0 days 00:01:41.735000,7.0,0 days 00:00:32.242000,0 days 00:00:44.772000,0 days 00:00:24.721000,2.0,SOFT,18.0,1
0 days 01:37:00.043000,STR,21.0,0 days 00:01:38.713000,3.0,0 days 00:00:31.143000,0 days 00:00:43.177000,0 days 00:00:24.393000,2.0,SOFT,17.0,1
0 days 01:37:07.101000,RIC,21.0,0 days 00:01:39.722000,4.0,0 days 00:00:32.063000,0 days 00:00:43.160000,0 days 00:00:24.499000,2.0,SOFT,19.0,1
0 days 01:37:17.033000,HUL,21.0,0 days 00:01:39.180000,2.0,0 days 00:00:31.785000,0 days 00:00:42.707000,0 days 00:00:24.688000,2.0,SOFT,20.0,1
0 days 01:37:26.714000,LEC,22.0,0 days 00:01:37.752000,10.0,0 days 00:00:31.408000,0 days 00:00:42.205000,0 days 00:00:24.139000,2.0,SOFT,1.0,1
0 days 01:37:29.127000,VER,22.0,0 days 00:01:38.243000,8.0,0 days 00:00:31.350000,0 days 00:00:42.566000,0 days 00:00:24.327000,2.0,SOFT,2.0,1
0 days 01:37:36.526000,SAI,22.0,0 days 00:01:37.914000,8.0,0 days 00:00:31.466000,0 days 00:00:42.285000,0 days 00:00:24.163000,2.0,SOFT,3.0,1
0 days 01:37:39.468000,PER,22.0,0 days 00:01:37.862000,7.0,0 days 00:00:31.232000,0 days 00:00:42.361000,0 days 00:00:24.269000,2.0,MEDIUM,4.0,1
0 days 01:37:48.210000,HAM,22.0,0 days 00:01:39.407000,12.0,0 days 00:00:31.838000,0 days 00:00:43.306000,0 days 00:00:24.263000,2.0,HARD,5.0,1
0 days 01:37:54.631000,RUS,22.0,0 days 00:01:38.567000,8.0,0 days 00:00:31.720000,0 days 00:00:42.664000,0 days 00:00:24.183000,2.0,HARD,6.0,1
0 days 01:38:00.392000,MAG,22.0,0 days 00:01:39.058000,11.0,0 days 00:00:31.497000,0 days 00:00:43.091000,0 days 00:00:24.470000,2.0,SOFT,7.0,1
0 days 01:38:06.522000,GAS,22.0,0 days 00:01:39.152000,8.0,0 days 00:00:31.613000,0 days 00:00:43.180000,0 days 00:00:24.359000,2.0,MEDIUM,8.0,1
0 days 01:38:11.540000,ALO,22.0,0 days 00:01:40.504000,11.0,0 days 00:00:32.011000,0 days 00:00:43.827000,0 days 00:00:24.666000,2.0,MEDIUM,9.0,1
0 days 01:38:14.669000,OCO,22.0,0 days 00:01:39.304000,8.0,0 days 00:00:31.643000,0 days 00:00:43.154000,0 days 00:00:24.507000,2.0,MEDIUM,10.0,1
0 days 01:38:17.513000,TSU,22.0,0 days 00:01:39.574000,7.0,0 days 00:00:31.860000,0 days 00:00:43.185000,0 days 00:00:24.529000,2.0,MEDIUM,11.0,1
0 days 01:38:18.239000,BOT,22.0,0 days 00:01:39.774000,8.0,0 days 00:00:31.693000,0 days 00:00:43.556000,0 days 00:00:24.525000,2.0,MEDIUM,12.0,1
0 days 01:38:22.189000,ZHO,22.0,0 days 00:01:39.351000,7.0,0 days 00:00:31.632000,0 days 00:00:43.307000,0 days 00:00:24.412000,2.0,MEDIUM,13.0,1
0 days 01:38:26.567000,MSC,22.0,0 days 00:01:39.964000,10.0,0 days 00:00:31.788000,0 days 00:00:43.557000,0 days 00:00:24.619000,2.0,MEDIUM,14.0,1
0 days 01:38:32.311000,NOR,22.0,0 days 00:01:42.876000,22.0,0 days 00:00:33.060000,0 days 00:00:44.638000,0 days 00:00:25.178000,1.0,MEDIUM,16.0,1
0 days 01:38:32.707000,ALB,22.0,0 days 00:01:40.816000,9.0,0 days 00:00:31.982000,0 days 00:00:44.142000,0 days 00:00:24.692000,2.0,MEDIUM,15.0,1
0 days 01:38:38.756000,STR,22.0,0 days 00:01:39.655000,4.0,0 days 00:00:32.038000,0 days 00:00:43.112000,0 days 00:00:24.505000,2.0,SOFT,17.0,1
0 days 01:38:41.079000,LAT,22.0,0 days 00:01:41.036000,8.0,0 days 00:00:32.029000,0 days 00:00:44.222000,0 days 00:00:24.785000,2.0,SOFT,18.0,1
0 days 01:38:46.823000,RIC,22.0,0 days 00:01:39.715000,5.0,0 days 00:00:31.901000,0 days 00:00:43.259000,0 days 00:00:24.555000,2.0,SOFT,19.0,1
0 days 01:38:56.213000,HUL,22.0,0 days 00:01:39.307000,3.0,0 days 00:00:31.668000,0 days 00:00:42.978000,0 days 00:00:24.661000,2.0,SOFT,20.0,1
0 days 01:39:04.466000,LEC,23.0,0 days 00:01:37.774000,11.0,0 days 00:00:31.385000,0 days 00:00:42.194000,0 days 00:00:24.195000,2.0,SOFT,1.0,1
0 days 01:39:07.370000,VER,23.0,0 days 00:01:38.091000,9.0,0 days 00:00:31.240000,0 days 00:00:42.458000,0 days 00:00:24.393000,2.0,SOFT,2.0,1
0 days 01:39:14.440000,SAI,23.0,0 days 00:01:38.244000,9.0,0 days 00:00:31.429000,0 days 00:00:42.500000,0 days 00:00:24.315000,2.0,SOFT,3.0,1
0 days 01:39:17.330000,PER,23.0,0 days 00:01:37.960000,8.0,0 days 00:00:31.230000,0 days 00:00:42.415000,0 days 00:00:24.315000,2.0,MEDIUM,4.0,1
0 days 01:39:27.617000,HAM,23.0,0 days 00:01:39.109000,13.0,0 days 00:00:31.789000,0 days 00:00:42.960000,0 days 00:00:24.360000,2.0,HARD,5.0,1
0 days 01:39:33.198000,RUS,23.0,0 days 00:01:38.896000,9.0,0 days 00:00:31.749000,0 days 00:00:42.851000,0 days 00:00:24.296000,2.0,HARD,6.0,1
0 days 01:39:39.450000,MAG,23.0,0 days 00:01:39.120000,12.0,0 days 00:00:31.578000,0 days 00:00:43.021000,0 days 00:00:24.521000,2.0,SOFT,7.0,1
0 days 01:39:45.674000,GAS,23.0,0 days 00:01:39.310000,9.0,0 days 00:00:31.742000,0 days 00:00:43.158000,0 days 00:00:24.410000,2.0,MEDIUM,8.0,1
0 days 01:39:52.044000,ALO,23.0,0 days 00:01:39.922000,12.0,0 days 00:00:31.933000,0 days 00:00:43.250000,0 days 00:00:24.739000,2.0,MEDIUM,9.0,1
0 days 01:39:53.973000,OCO,23.0,0 days 00:01:39.495000,9.0,0 days 00:00:31.793000,0 days 00:00:43.170000,0 days 00:00:24.532000,2.0,MEDIUM,10.0,1
0 days 01:39:57.087000,TSU,23.0,0 days 00:01:39.569000,8.0,0 days 00:00:31.764000,0 days 00:00:43.230000,0 days 00:00:24.575000,2.0,MEDIUM,11.0,1
0 days 01:39:58.013000,BOT,23.0,0 days 00:01:39.339000,9.0,0 days 00:00:31.430000,0 days 00:00:43.424000,0 days 00:00:24.485000,2.0,MEDIUM,12.0,1
0 days 01:40:01.540000,ZHO,23.0,0 days 00:01:39.304000,8.0,0 days 00:00:31.557000,0 days 00:00:43.228000,0 days 00:00:24.519000,2.0,MEDIUM,13.0,1
0 days 01:40:06.531000,MSC,23.0,0 days 00:01:40.636000,11.0,0 days 00:00:31.798000,0 days 00:00:44.159000,0 days 00:00:24.679000,2.0,MEDIUM,14.0,1
0 days 01:40:13.523000,ALB,23.0,0 days 00:01:40.736000,10.0,0 days 00:00:32.003000,0 days 00:00:44.164000,0 days 00:00:24.569000,2.0,MEDIUM,15.0,1
0 days 01:40:15.187000,NOR,23.0,0 days 00:01:42.186000,23.0,0 days 00:00:32.498000,0 days 00:00:44.387000,0 days 00:00:25.301000,1.0,MEDIUM,16.0,1
0 days 01:40:18.411000,STR,23.0,0 days 00:01:39.811000,5.0,0 days 00:00:32.061000,0 days 00:00:43.089000,0 days 00:00:24.661000,2.0,SOFT,17.0,1
0 days 01:40:22.115000,LAT,23.0,0 days 00:01:41.284000,9.0,0 days 00:00:32.014000,0 days 00:00:44.518000,0 days 00:00:24.752000,2.0,SOFT,18.0,1
0 days 01:40:26.538000,RIC,23.0,0 days 00:01:39.832000,6.0,0 days 00:00:31.938000,0 days 00:00:43.260000,0 days 00:00:24.634000,2.0,SOFT,19.0,1
0 days 01:40:35.520000,HUL,23.0,0 days 00:01:39.220000,4.0,0 days 00:00:31.699000,0 days 00:00:42.944000,0 days 00:00:24.577000,2.0,SOFT,20.0,1
0 days 01:40:42.240000,LEC,24.0,0 days 00:01:37.913000,12.0,0 days 00:00:31.367000,0 days 00:00:42.316000,0 days 00:00:24.230000,2.0,SOFT,1.0,1
0 days 01:40:45.461000,VER,24.0,0 days 00:01:38.187000,10.0,0 days 00:00:31.187000,0 days 00:00:42.582000,0 days 00:00:24.418000,2.0,SOFT,2.0,1
0 days 01:40:52.684000,SAI,24.0,0 days 00:01:38.242000,10.0,0 days 00:00:31.349000,0 days 00:00:42.624000,0 days 00:00:24.269000,2.0,SOFT,3.0,1
0 days 01:40:55.290000,PER,24.0,0 days 00:01:38.155000,9.0,0 days 00:00:31.242000,0 days 00:00:42.588000,0 days 00:00:24.325000,2.0,MEDIUM,4.0,1
0 days 01:41:06.726000,HAM,24.0,0 days 00:01:39.342000,14.0,0 days 00:00:31.806000,0 days 00:00:43.176000,0 days 00:00:24.360000,2.0,HARD,5.0,1
0 days 01:41:12.094000,RUS,24.0,0 days 00:01:39.286000,10.0,0 days 00:00:31.713000,0 days 00:00:43.254000,0 days 00:00:24.319000,2.0,HARD,6.0,1
0 days 01:41:18.570000,MAG,24.0,0 days 00:01:39.384000,13.0,0 days 00:00:31.594000,0 days 00:00:43.343000,0 days 00:00:24.447000,2.0,SOFT,7.0,1
0 days 01:41:24.984000,GAS,24.0,0 days 00:01:39.363000,10.0,0 days 00:00:31.692000,0 days 00:00:43.182000,0 days 00:00:24.489000,2.0,MEDIUM,8.0,1
0 days 01:41:31.966000,ALO,24.0,0 days 00:01:40.496000,13.0,0 days 00:00:32.115000,0 days 00:00:43.613000,0 days 00:00:24.768000,2.0,MEDIUM,9.0,1
0 days 01:41:33.468000,OCO,24.0,0 days 00:01:39.886000,10.0,0 days 00:00:31.818000,0 days 00:00:43.461000,0 days 00:00:24.607000,2.0,MEDIUM,10.0,1
0 days 01:41:36.656000,TSU,24.0,0 days 00:01:39.576000,9.0,0 days 00:00:31.775000,0 days 00:00:43.264000,0 days 00:00:24.537000,2.0,MEDIUM,11.0,1
0 days 01:41:37.352000,BOT,24.0,0 days 00:01:39.650000,10.0,0 days 00:00:31.517000,0 days 00:00:43.545000,0 days 00:00:24.588000,2.0,MEDIUM,12.0,1
0 days 01:41:40.844000,ZHO,24.0,0 days 00:01:39.582000,9.0,0 days 00:00:31.611000,0 days 00:00:43.427000,0 days 00:00:24.544000,2.0,MEDIUM,13.0,1
0 days 01:41:47.167000,MSC,24.0,0 days 00:01:40.154000,12.0,0 days 00:00:31.807000,0 days 00:00:43.639000,0 days 00:00:24.708000,2.0,MEDIUM,14.0,1
0 days 01:41:54.259000,ALB,24.0,0 days 00:01:40.669000,11.0,0 days 00:00:31.949000,0 days 00:00:44.039000,0 days 00:00:24.681000,2.0,MEDIUM,15.0,1
0 days 01:41:57.373000,NOR,24.0,0 days 00:01:45.759000,24.0,0 days 00:00:32.608000,0 days 00:00:45.134000,0 days 00:00:28.017000,1.0,MEDIUM,17.0,1
0 days 01:41:58.222000,STR,24.0,0 days 00:01:39.887000,6.0,0 days 00:00:31.761000,0 days 00:00:43.578000,0 days 00:00:24.548000,2.0,SOFT,16.0,1
0 days 01:42:03.399000,LAT,24.0,0 days 00:01:41.118000,10.0,0 days 00:00:32.004000,0 days 00:00:44.502000,0 days 00:00:24.612000,2.0,SOFT,18.0,1
0 days 01:42:06.370000,RIC,24.0,0 days 00:01:40.273000,7.0,0 days 00:00:32.014000,0 days 00:00:43.434000,0 days 00:00:24.825000,2.0,SOFT,19.0,1
0 days 01:42:14.740000,HUL,24.0,0 days 00:01:39.307000,5.0,0 days 00:00:31.748000,0 days 00:00:42.898000,0 days 00:00:24.661000,2.0,SOFT,20.0,1
0 days 01:42:20.153000,LEC,25.0,0 days 00:01:38.061000,13.0,0 days 00:00:31.403000,0 days 00:00:42.332000,0 days 00:00:24.326000,2.0,SOFT,1.0,1
0 days 01:42:23.648000,VER,25.0,0 days 00:01:38.372000,11.0,0 days 00:00:31.252000,0 days 00:00:42.743000,0 days 00:00:24.377000,2.0,SOFT,2.0,1
0 days 01:42:30.926000,SAI,25.0,0 days 00:01:38.264000,11.0,0 days 00:00:31.499000,0 days 00:00:42.541000,0 days 00:00:24.224000,2.0,SOFT,3.0,1
0 days 01:42:33.445000,PER,25.0,0 days 00:01:38.419000,10.0,0 days 00:00:31.427000,0 days 00:00:42.692000,0 days 00:00:24.300000,2.0,MEDIUM,4.0,1
0 days 01:42:46.068000,HAM,25.0,0 days 00:01:39.186000,15.0,0 days 00:00:31.782000,0 days 00:00:43.019000,0 days 00:00:24.385000,2.0,HARD,5.0,1
0 days 01:42:51.380000,RUS,25.0,0 days 00:01:39.165000,11.0,0 days 00:00:31.819000,0 days 00:00:43.058000,0 days 00:00:24.288000,2.0,HARD,6.0,1
0 days 01:42:57.954000,MAG,25.0,0 days 00:01:39.520000,14.0,0 days 00:00:31.716000,0 days 00:00:43.312000,0 days 00:00:24.492000,2.0,SOFT,7.0,1
0 days 01:43:04.347000,GAS,25.0,0 days 00:01:39.485000,11.0,0 days 00:00:31.675000,0 days 00:00:43.389000,0 days 00:00:24.421000,2.0,MEDIUM,8.0,1
0 days 01:43:12.462000,ALO,25.0,0 days 00:01:42.836000,14.0,0 days 00:00:31.989000,0 days 00:00:43.790000,0 days 00:00:27.057000,2.0,MEDIUM,10.0,1
0 days 01:43:13.354000,OCO,25.0,0 days 00:01:40.278000,11.0,0 days 00:00:31.551000,0 days 00:00:43.891000,0 days 00:00:24.836000,2.0,MEDIUM,9.0,1
0 days 01:43:16.232000,TSU,25.0,0 days 00:01:40.376000,10.0,0 days 00:00:32.025000,0 days 00:00:43.836000,0 days 00:00:24.515000,2.0,MEDIUM,11.0,1
0 days 01:43:17.002000,BOT,25.0,0 days 00:01:40.341000,11.0,0 days 00:00:31.287000,0 days 00:00:44.460000,0 days 00:00:24.594000,2.0,MEDIUM,12.0,1
0 days 01:43:20.426000,ZHO,25.0,0 days 00:01:39.849000,10.0,0 days 00:00:31.680000,0 days 00:00:43.516000,0 days 00:00:24.653000,2.0,MEDIUM,13.0,1
0 days 01:43:27.321000,MSC,25.0,0 days 00:01:40.620000,13.0,0 days 00:00:31.925000,0 days 00:00:43.806000,0 days 00:00:24.889000,2.0,MEDIUM,14.0,1
0 days 01:43:34.928000,ALB,25.0,0 days 00:01:41.032000,12.0,0 days 00:00:32.094000,0 days 00:00:44.267000,0 days 00:00:24.671000,2.0,MEDIUM,15.0,1
0 days 01:43:38.109000,STR,25.0,0 days 00:01:39.774000,7.0,0 days 00:00:31.961000,0 days 00:00:43.215000,0 days 00:00:24.598000,2.0,SOFT,16.0,1
0 days 01:43:43.132000,NOR,25.0,0 days 00:02:02.145000,1.0,0 days 00:00:53.614000,0 days 00:00:44.056000,0 days 00:00:24.475000,2.0,HARD,20.0,1
0 days 01:43:44.517000,LAT,25.0,0 days 00:01:41.031000,11.0,0 days 00:00:31.962000,0 days 00:00:44.366000,0 days 00:00:24.703000,2.0,SOFT,17.0,1
0 days 01:43:46.643000,RIC,25.0,0 days 00:01:40.367000,8.0,0 days 00:00:32.128000,0 days 00:00:43.487000,0 days 00:00:24.752000,2.0,SOFT,18.0,1
0 days 01:43:54.047000,HUL,25.0,0 days 00:01:39.689000,6.0,0 days 00:00:31.910000,0 days 00:00:43.084000,0 days 00:00:24.695000,2.0,SOFT,19.0,1
0 days 01:43:58.214000,LEC,26.0,0 days 00:01:38.371000,14.0,0 days 00:00:31.469000,0 days 00:00:42.480000,0 days 00:00:24.422000,2.0,SOFT,1.0,1
0 days 01:44:02.020000,VER,26.0,0 days 00:01:38.476000,12.0,0 days 00:00:31.444000,0 days 00:00:42.584000,0 days 00:00:24.448000,2.0,SOFT,2.0,1
0 days 01:44:09.190000,SAI,26.0,0 days 00:01:38.444000,12.0,0 days 00:00:31.566000,0 days 00:00:42.579000,0 days 00:00:24.299000,2.0,SOFT,3.0,1
0 days 01:44:11.864000,PER,26.0,0 days 00:01:38.693000,11.0,0 days 00:00:31.468000,0 days 00:00:42.851000,0 days 00:00:24.374000,2.0,MEDIUM,4.0,1
0 days 01:44:25.254000,HAM,26.0,0 days 00:01:39.255000,16.0,0 days 00:00:31.850000,0 days 00:00:43.044000,0 days 00:00:24.361000,2.0,HARD,5.0,1
0 days 01:44:30.545000,RUS,26.0,0 days 00:01:39.306000,12.0,0 days 00:00:31.918000,0 days 00:00:43.127000,0 days 00:00:24.261000,2.0,HARD,6.0,1
0 days 01:44:37.474000,MAG,26.0,0 days 00:01:39.756000,15.0,0 days 00:00:31.767000,0 days 00:00:43.429000,0 days 00:00:24.560000,2.0,SOFT,7.0,1
0 days 01:44:43.832000,GAS,26.0,0 days 00:01:39.513000,12.0,0 days 00:00:31.699000,0 days 00:00:43.271000,0 days 00:00:24.543000,2.0,MEDIUM,8.0,1
0 days 01:44:53.632000,OCO,26.0,0 days 00:01:39.188000,12.0,0 days 00:00:31.400000,0 days 00:00:43.185000,0 days 00:00:24.603000,2.0,MEDIUM,9.0,1
0 days 01:44:55.298000,ALO,26.0,0 days 00:02:00.922000,1.0,0 days 00:00:53.394000,0 days 00:00:43.439000,0 days 00:00:24.089000,3.0,HARD,14.0,1
0 days 01:44:56.608000,TSU,26.0,0 days 00:01:39.871000,11.0,0 days 00:00:31.866000,0 days 00:00:43.392000,0 days 00:00:24.613000,2.0,MEDIUM,10.0,1
0 days 01:44:57.343000,BOT,26.0,0 days 00:01:39.777000,12.0,0 days 00:00:31.486000,0 days 00:00:43.696000,0 days 00:00:24.595000,2.0,MEDIUM,11.0,1
0 days 01:45:00.275000,ZHO,26.0,0 days 00:01:39.742000,11.0,0 days 00:00:31.677000,0 days 00:00:43.524000,0 days 00:00:24.541000,2.0,MEDIUM,12.0,1
0 days 01:45:07.941000,MSC,26.0,0 days 00:01:40.547000,14.0,0 days 00:00:31.835000,0 days 00:00:43.898000,0 days 00:00:24.814000,2.0,MEDIUM,13.0,1
0 days 01:45:15.960000,ALB,26.0,0 days 00:01:41.628000,13.0,0 days 00:00:32.172000,0 days 00:00:44.583000,0 days 00:00:24.873000,2.0,MEDIUM,15.0,1
0 days 01:45:17.883000,STR,26.0,0 days 00:01:40.445000,8.0,0 days 00:00:32.097000,0 days 00:00:43.726000,0 days 00:00:24.622000,2.0,SOFT,16.0,1
0 days 01:45:25.548000,LAT,26.0,0 days 00:01:41.161000,12.0,0 days 00:00:31.975000,0 days 00:00:44.510000,0 days 00:00:24.676000,2.0,SOFT,17.0,1
0 days 01:45:27.010000,RIC,26.0,0 days 00:01:40.521000,9.0,0 days 00:00:32.095000,0 days 00:00:43.688000,0 days 00:00:24.738000,2.0,SOFT,18.0,1
0 days 01:45:33.736000,HUL,26.0,0 days 00:01:39.506000,7.0,0 days 00:00:31.768000,0 days 00:00:43.054000,0 days 00:00:24.684000,2.0,SOFT,19.0,1
0 days 01:45:36.585000,LEC,27.0,0 days 00:01:38.785000,15.0,0 days 00:00:31.632000,0 days 00:00:42.717000,0 days 00:00:24.436000,2.0,SOFT,1.0,1
0 days 01:45:40.496000,VER,27.0,0 days 00:01:38.823000,13.0,0 days 00:00:31.415000,0 days 00:00:42.870000,0 days 00:00:24.538000,2.0,SOFT,2.0,1
0 days 01:45:45.277000,NOR,26.0,0 days 00:01:39.351000,2.0,0 days 00:00:31.774000,0 days 00:00:43.335000,0 days 00:00:24.242000,2.0,HARD,20.0,1
0 days 01:45:47.634000,SAI,27.0,0 days 00:01:38.846000,13.0,0 days 00:00:31.472000,0 days 00:00:42.952000,0 days 00:00:24.422000,2.0,SOFT,3.0,1
0 days 01:45:50.557000,PER,27.0,0 days 00:01:38.563000,12.0,0 days 00:00:31.449000,0 days 00:00:42.795000,0 days 00:00:24.319000,2.0,MEDIUM,4.0,1
0 days 01:46:04.509000,HAM,27.0,0 days 00:01:41.666000,17.0,0 days 00:00:31.858000,0 days 00:00:42.924000,0 days 00:00:26.884000,2.0,HARD,5.0,1
0 days 01:46:09.851000,RUS,27.0,0 days 00:01:39.096000,13.0,0 days 00:00:31.742000,0 days 00:00:43.145000,0 days 00:00:24.209000,2.0,HARD,6.0,1
0 days 01:46:17.230000,MAG,27.0,0 days 00:01:39.796000,16.0,0 days 00:00:31.689000,0 days 00:00:43.475000,0 days 00:00:24.632000,2.0,SOFT,7.0,1
0 days 01:46:23.345000,GAS,27.0,0 days 00:01:39.919000,13.0,0 days 00:00:32.171000,0 days 00:00:43.305000,0 days 00:00:24.443000,2.0,MEDIUM,8.0,1
0 days 01:46:32.820000,OCO,27.0,0 days 00:01:39.789000,13.0,0 days 00:00:31.790000,0 days 00:00:43.398000,0 days 00:00:24.601000,2.0,MEDIUM,9.0,1
0 days 01:46:36.479000,TSU,27.0,0 days 00:01:40.325000,12.0,0 days 00:00:32.076000,0 days 00:00:43.720000,0 days 00:00:24.529000,2.0,MEDIUM,10.0,1
0 days 01:46:37.120000,BOT,27.0,0 days 00:01:40.338000,13.0,0 days 00:00:31.606000,0 days 00:00:44.124000,0 days 00:00:24.608000,2.0,MEDIUM,11.0,1
0 days 01:46:40.017000,ZHO,27.0,0 days 00:01:40.070000,12.0,0 days 00:00:31.905000,0 days 00:00:43.608000,0 days 00:00:24.557000,2.0,MEDIUM,12.0,1
0 days 01:46:48.488000,MSC,27.0,0 days 00:01:40.987000,15.0,0 days 00:00:32.114000,0 days 00:00:43.927000,0 days 00:00:24.946000,2.0,MEDIUM,13.0,1
0 days 01:46:56.220000,ALO,27.0,0 days 00:01:37.995000,2.0,0 days 00:00:31.537000,0 days 00:00:42.402000,0 days 00:00:24.056000,3.0,HARD,14.0,1
0 days 01:46:57.588000,ALB,27.0,0 days 00:01:42.053000,14.0,0 days 00:00:32.127000,0 days 00:00:45.057000,0 days 00:00:24.869000,2.0,MEDIUM,16.0,1
0 days 01:46:58.328000,STR,27.0,0 days 00:01:40.371000,9.0,0 days 00:00:31.496000,0 days 00:00:44.315000,0 days 00:00:24.560000,2.0,SOFT,15.0,1
0 days 01:47:06.709000,LAT,27.0,0 days 00:01:41.182000,13.0,0 days 00:00:32.091000,0 days 00:00:44.290000,0 days 00:00:24.801000,2.0,SOFT,17.0,1
0 days 01:47:07.531000,RIC,27.0,0 days 00:01:40.869000,10.0,0 days 00:00:31.812000,0 days 00:00:44.233000,0 days 00:00:24.824000,2.0,SOFT,18.0,1
0 days 01:47:13.242000,HUL,27.0,0 days 00:01:39.840000,8.0,0 days 00:00:31.794000,0 days 00:00:43.300000,0 days 00:00:24.746000,2.0,SOFT,19.0,1
0 days 01:47:15.370000,LEC,28.0,0 days 00:01:39.051000,16.0,0 days 00:00:31.676000,0 days 00:00:42.876000,0 days 00:00:24.499000,2.0,SOFT,1.0,1
0 days 01:47:19.319000,VER,28.0,0 days 00:01:38.782000,14.0,0 days 00:00:31.496000,0 days 00:00:42.824000,0 days 00:00:24.462000,2.0,SOFT,2.0,1
0 days 01:47:24.628000,NOR,27.0,0 days 00:01:39.175000,3.0,0 days 00:00:31.574000,0 days 00:00:43.171000,0 days 00:00:24.430000,2.0,HARD,20.0,1
0 days 01:47:26.480000,SAI,28.0,0 days 00:01:38.729000,14.0,0 days 00:00:31.566000,0 days 00:00:42.808000,0 days 00:00:24.355000,2.0,SOFT,3.0,1
0 days 01:47:29.120000,PER,28.0,0 days 00:01:38.697000,13.0,0 days 00:00:31.480000,0 days 00:00:42.886000,0 days 00:00:24.331000,2.0,MEDIUM,4.0,1
0 days 01:47:46.175000,HAM,28.0,0 days 00:02:01.276000,1.0,0 days 00:00:54.614000,0 days 00:00:42.743000,0 days 00:00:23.919000,3.0,MEDIUM,8.0,1
0 days 01:47:48.947000,RUS,28.0,0 days 00:01:39.297000,14.0,0 days 00:00:31.798000,0 days 00:00:43.122000,0 days 00:00:24.377000,2.0,HARD,5.0,1
0 days 01:47:57.026000,MAG,28.0,0 days 00:01:39.774000,17.0,0 days 00:00:31.751000,0 days 00:00:43.434000,0 days 00:00:24.589000,2.0,SOFT,6.0,1
0 days 01:48:03.264000,GAS,28.0,0 days 00:01:39.665000,14.0,0 days 00:00:31.776000,0 days 00:00:43.439000,0 days 00:00:24.450000,2.0,MEDIUM,7.0,1
0 days 01:48:12.609000,OCO,28.0,0 days 00:01:39.766000,14.0,0 days 00:00:31.870000,0 days 00:00:43.323000,0 days 00:00:24.573000,2.0,MEDIUM,9.0,1
0 days 01:48:16.804000,TSU,28.0,0 days 00:01:39.952000,13.0,0 days 00:00:31.818000,0 days 00:00:43.444000,0 days 00:00:24.690000,2.0,MEDIUM,10.0,1
0 days 01:48:17.458000,BOT,28.0,0 days 00:01:39.880000,14.0,0 days 00:00:31.534000,0 days 00:00:43.745000,0 days 00:00:24.601000,2.0,MEDIUM,11.0,1
0 days 01:48:20.087000,ZHO,28.0,0 days 00:01:40.004000,13.0,0 days 00:00:31.826000,0 days 00:00:43.577000,0 days 00:00:24.601000,2.0,MEDIUM,12.0,1
0 days 01:48:29.475000,MSC,28.0,0 days 00:01:40.690000,16.0,0 days 00:00:31.914000,0 days 00:00:43.870000,0 days 00:00:24.906000,2.0,MEDIUM,13.0,1
0 days 01:48:34.215000,ALO,28.0,0 days 00:01:38.908000,3.0,0 days 00:00:31.621000,0 days 00:00:43.090000,0 days 00:00:24.197000,3.0,HARD,14.0,1
0 days 01:48:38.699000,STR,28.0,0 days 00:01:40.181000,10.0,0 days 00:00:32.029000,0 days 00:00:43.474000,0 days 00:00:24.678000,2.0,SOFT,15.0,1
0 days 01:48:39.641000,ALB,28.0,0 days 00:01:41.355000,15.0,0 days 00:00:32.097000,0 days 00:00:44.381000,0 days 00:00:24.877000,2.0,MEDIUM,16.0,1
0 days 01:48:47.891000,LAT,28.0,0 days 00:01:42.810000,14.0,0 days 00:00:32.511000,0 days 00:00:45.298000,0 days 00:00:25.001000,2.0,SOFT,18.0,1
0 days 01:48:48.400000,RIC,28.0,0 days 00:01:41.188000,11.0,0 days 00:00:32.149000,0 days 00:00:44.301000,0 days 00:00:24.738000,2.0,SOFT,17.0,1
0 days 01:48:53.082000,HUL,28.0,0 days 00:01:42.651000,9.0,0 days 00:00:33.836000,0 days 00:00:43.938000,0 days 00:00:24.877000,2.0,SOFT,19.0,1
0 days 01:48:54.421000,LEC,29.0,0 days 00:01:38.887000,17.0,0 days 00:00:31.633000,0 days 00:00:42.753000,0 days 00:00:24.501000,2.0,SOFT,1.0,1
0 days 01:48:58.101000,VER,29.0,0 days 00:01:39.384000,15.0,0 days 00:00:31.569000,0 days 00:00:43.286000,0 days 00:00:24.529000,2.0,SOFT,2.0,1
0 days 01:49:03.803000,NOR,28.0,0 days 00:01:39.042000,4.0,0 days 00:00:31.591000,0 days 00:00:42.819000,0 days 00:00:24.632000,2.0,HARD,20.0,1
0 days 01:49:05.209000,SAI,29.0,0 days 00:01:38.953000,15.0,0 days 00:00:31.548000,0 days 00:00:42.970000,0 days 00:00:24.435000,2.0,SOFT,3.0,1
0 days 01:49:07.817000,PER,29.0,0 days 00:01:38.990000,14.0,0 days 00:00:31.516000,0 days 00:00:43.055000,0 days 00:00:24.419000,2.0,MEDIUM,4.0,1
0 days 01:49:28.244000,RUS,29.0,0 days 00:01:39.274000,15.0,0 days 00:00:31.826000,0 days 00:00:43.092000,0 days 00:00:24.356000,2.0,HARD,5.0,1
0 days 01:49:36.800000,MAG,29.0,0 days 00:01:39.984000,18.0,0 days 00:00:31.831000,0 days 00:00:43.455000,0 days 00:00:24.698000,2.0,SOFT,6.0,1
0 days 01:49:42.929000,GAS,29.0,0 days 00:01:39.677000,15.0,0 days 00:00:31.863000,0 days 00:00:43.331000,0 days 00:00:24.483000,2.0,MEDIUM,7.0,1
0 days 01:49:47.451000,HAM,29.0,0 days 00:01:37.871000,2.0,0 days 00:00:31.451000,0 days 00:00:42.614000,0 days 00:00:23.806000,3.0,MEDIUM,8.0,1
0 days 01:49:52.375000,OCO,29.0,0 days 00:01:39.877000,15.0,0 days 00:00:31.823000,0 days 00:00:43.422000,0 days 00:00:24.632000,2.0,MEDIUM,9.0,1
0 days 01:49:56.756000,TSU,29.0,0 days 00:01:42.805000,14.0,0 days 00:00:32.195000,0 days 00:00:43.718000,0 days 00:00:26.892000,2.0,MEDIUM,11.0,1
0 days 01:49:57.338000,BOT,29.0,0 days 00:01:40.641000,15.0,0 days 00:00:31.811000,0 days 00:00:44.094000,0 days 00:00:24.736000,2.0,MEDIUM,10.0,1
0 days 01:50:00.091000,ZHO,29.0,0 days 00:01:40.446000,14.0,0 days 00:00:32.024000,0 days 00:00:43.746000,0 days 00:00:24.676000,2.0,MEDIUM,12.0,1
0 days 01:50:10.165000,MSC,29.0,0 days 00:01:40.919000,17.0,0 days 00:00:32.025000,0 days 00:00:43.842000,0 days 00:00:25.052000,2.0,MEDIUM,13.0,1
0 days 01:50:13.123000,ALO,29.0,0 days 00:01:38.680000,4.0,0 days 00:00:31.615000,0 days 00:00:42.799000,0 days 00:00:24.266000,3.0,HARD,14.0,1
0 days 01:50:18.880000,STR,29.0,0 days 00:01:40.054000,11.0,0 days 00:00:32.102000,0 days 00:00:43.343000,0 days 00:00:24.609000,2.0,SOFT,15.0,1
0 days 01:50:20.996000,ALB,29.0,0 days 00:01:41.505000,16.0,0 days 00:00:32.110000,0 days 00:00:44.662000,0 days 00:00:24.733000,2.0,MEDIUM,16.0,1
0 days 01:50:29.588000,RIC,29.0,0 days 00:01:40.627000,12.0,0 days 00:00:32.155000,0 days 00:00:43.693000,0 days 00:00:24.779000,2.0,SOFT,17.0,1
0 days 01:50:30.701000,LAT,29.0,0 days 00:01:42.572000,15.0,0 days 00:00:31.900000,0 days 00:00:44.618000,0 days 00:00:26.054000,2.0,SOFT,18.0,1
0 days 01:50:33.308000,LEC,30.0,0 days 00:01:39.354000,18.0,0 days 00:00:31.675000,0 days 00:00:43.019000,0 days 00:00:24.660000,2.0,SOFT,1.0,1
0 days 01:50:35.733000,HUL,29.0,0 days 00:01:42.181000,10.0,0 days 00:00:32.095000,0 days 00:00:45.199000,0 days 00:00:24.887000,2.0,SOFT,19.0,1
0 days 01:50:37.485000,VER,30.0,0 days 00:01:41.537000,16.0,0 days 00:00:31.548000,0 days 00:00:43.074000,0 days 00:00:26.915000,2.0,SOFT,2.0,1
0 days 01:50:42.845000,NOR,29.0,0 days 00:01:38.874000,5.0,0 days 00:00:31.563000,0 days 00:00:42.811000,0 days 00:00:24.500000,2.0,HARD,20.0,1
0 days 01:50:44.162000,SAI,30.0,0 days 00:01:39.004000,16.0,0 days 00:00:31.729000,0 days 00:00:42.780000,0 days 00:00:24.495000,2.0,SOFT,3.0,1
0 days 01:50:46.807000,PER,30.0,0 days 00:01:38.879000,15.0,0 days 00:00:31.547000,0 days 00:00:42.883000,0 days 00:00:24.449000,2.0,MEDIUM,4.0,1
0 days 01:51:07.518000,RUS,30.0,0 days 00:01:39.454000,16.0,0 days 00:00:31.881000,0 days 00:00:43.186000,0 days 00:00:24.387000,2.0,HARD,5.0,1
0 days 01:51:16.784000,MAG,30.0,0 days 00:01:40.174000,19.0,0 days 00:00:31.792000,0 days 00:00:43.683000,0 days 00:00:24.699000,2.0,SOFT,6.0,1
0 days 01:51:22.606000,GAS,30.0,0 days 00:01:39.800000,16.0,0 days 00:00:31.846000,0 days 00:00:43.318000,0 days 00:00:24.636000,2.0,MEDIUM,7.0,1
0 days 01:51:25.322000,HAM,30.0,0 days 00:01:37.506000,3.0,0 days 00:00:31.095000,0 days 00:00:42.480000,0 days 00:00:23.931000,3.0,MEDIUM,8.0,1
0 days 01:51:32.252000,OCO,30.0,0 days 00:01:42.618000,16.0,0 days 00:00:31.815000,0 days 00:00:43.407000,0 days 00:00:27.396000,2.0,MEDIUM,9.0,1
0 days 01:51:37.979000,BOT,30.0,0 days 00:01:39.268000,16.0,0 days 00:00:31.513000,0 days 00:00:43.314000,0 days 00:00:24.441000,2.0,MEDIUM,10.0,1
0 days 01:51:39.561000,TSU,30.0,0 days 00:01:59.210000,1.0,0 days 00:00:51.913000,0 days 00:00:43.166000,0 days 00:00:24.131000,3.0,SOFT,14.0,1
0 days 01:51:40.537000,ZHO,30.0,0 days 00:01:39.836000,15.0,0 days 00:00:31.752000,0 days 00:00:43.568000,0 days 00:00:24.516000,2.0,MEDIUM,11.0,1
0 days 01:51:51.084000,MSC,30.0,0 days 00:01:41.606000,18.0,0 days 00:00:32.330000,0 days 00:00:44.362000,0 days 00:00:24.914000,2.0,MEDIUM,13.0,1
0 days 01:51:51.803000,ALO,30.0,0 days 00:01:38.626000,5.0,0 days 00:00:31.410000,0 days 00:00:42.884000,0 days 00:00:24.332000,3.0,HARD,12.0,1
0 days 01:51:58.934000,STR,30.0,0 days 00:01:40.850000,12.0,0 days 00:00:32.192000,0 days 00:00:43.771000,0 days 00:00:24.887000,2.0,SOFT,15.0,1
0 days 01:52:02.501000,ALB,30.0,0 days 00:01:41.020000,17.0,0 days 00:00:32.037000,0 days 00:00:44.231000,0 days 00:00:24.752000,2.0,MEDIUM,16.0,1
0 days 01:52:10.215000,RIC,30.0,0 days 00:01:40.647000,13.0,0 days 00:00:32.077000,0 days 00:00:43.702000,0 days 00:00:24.868000,2.0,SOFT,17.0,1
0 days 01:52:12.662000,LEC,31.0,0 days 00:01:41.545000,19.0,0 days 00:00:31.577000,0 days 00:00:42.878000,0 days 00:00:27.090000,2.0,SOFT,1.0,1
0 days 01:52:13.273000,LAT,30.0,0 days 00:01:42.106000,16.0,0 days 00:00:32.405000,0 days 00:00:44.718000,0 days 00:00:24.983000,2.0,SOFT,18.0,1
0 days 01:52:17.914000,HUL,30.0,0 days 00:01:40.483000,11.0,0 days 00:00:31.927000,0 days 00:00:43.709000,0 days 00:00:24.847000,2.0,SOFT,19.0,1
0 days 01:52:19.022000,VER,31.0,0 days 00:01:57.239000,1.0,0 days 00:00:52.026000,0 days 00:00:41.486000,0 days 00:00:23.727000,3.0,MEDIUM,4.0,1
0 days 01:52:21.719000,NOR,30.0,0 days 00:01:39.184000,6.0,0 days 00:00:31.749000,0 days 00:00:43.001000,0 days 00:00:24.434000,2.0,HARD,20.0,1
0 days 01:52:23.166000,SAI,31.0,0 days 00:01:39.105000,17.0,0 days 00:00:31.640000,0 days 00:00:42.870000,0 days 00:00:24.595000,2.0,SOFT,2.0,1
0 days 01:52:25.686000,PER,31.0,0 days 00:01:39.292000,16.0,0 days 00:00:31.717000,0 days 00:00:43.018000,0 days 00:00:24.557000,2.0,MEDIUM,3.0,1
0 days 01:52:46.972000,RUS,31.0,0 days 00:01:39.438000,17.0,0 days 00:00:31.884000,0 days 00:00:43.111000,0 days 00:00:24.443000,2.0,HARD,5.0,1
0 days 01:52:56.958000,MAG,31.0,0 days 00:01:40.233000,20.0,0 days 00:00:31.887000,0 days 00:00:43.561000,0 days 00:00:24.785000,2.0,SOFT,6.0,1
0 days 01:53:02.406000,GAS,31.0,0 days 00:01:40.874000,17.0,0 days 00:00:32.457000,0 days 00:00:43.773000,0 days 00:00:24.644000,2.0,MEDIUM,8.0,1
0 days 01:53:02.828000,HAM,31.0,0 days 00:01:36.660000,4.0,0 days 00:00:30.999000,0 days 00:00:41.876000,0 days 00:00:23.785000,3.0,MEDIUM,7.0,1
0 days 01:53:14.870000,OCO,31.0,0 days 00:02:00.824000,1.0,0 days 00:00:53.656000,0 days 00:00:43.028000,0 days 00:00:24.140000,3.0,HARD,13.0,1
0 days 01:53:17.247000,BOT,31.0,0 days 00:01:39.806000,17.0,0 days 00:00:31.722000,0 days 00:00:43.495000,0 days 00:00:24.589000,2.0,MEDIUM,9.0,1
0 days 01:53:20.373000,ZHO,31.0,0 days 00:01:39.748000,16.0,0 days 00:00:31.898000,0 days 00:00:43.268000,0 days 00:00:24.582000,2.0,MEDIUM,10.0,1
0 days 01:53:30.429000,ALO,31.0,0 days 00:01:38.958000,6.0,0 days 00:00:31.833000,0 days 00:00:42.805000,0 days 00:00:24.320000,3.0,HARD,11.0,1
0 days 01:53:32.690000,MSC,31.0,0 days 00:01:40.914000,19.0,0 days 00:00:32.081000,0 days 00:00:43.960000,0 days 00:00:24.873000,2.0,MEDIUM,12.0,1
0 days 01:53:38.771000,TSU,31.0,0 days 00:01:38.722000,2.0,0 days 00:00:31.620000,0 days 00:00:42.914000,0 days 00:00:24.188000,3.0,SOFT,14.0,1
0 days 01:53:39.784000,STR,31.0,0 days 00:01:40.855000,13.0,0 days 00:00:31.645000,0 days 00:00:44.499000,0 days 00:00:24.711000,2.0,SOFT,15.0,1
0 days 01:53:43.521000,ALB,31.0,0 days 00:01:41.230000,18.0,0 days 00:00:32.091000,0 days 00:00:44.371000,0 days 00:00:24.768000,2.0,MEDIUM,16.0,1
0 days 01:53:50.862000,RIC,31.0,0 days 00:01:40.631000,14.0,0 days 00:00:32.152000,0 days 00:00:43.744000,0 days 00:00:24.735000,2.0,SOFT,17.0,1
0 days 01:53:54.207000,LEC,32.0,0 days 00:01:56.325000,1.0,0 days 00:00:51.729000,0 days 00:00:40.914000,0 days 00:00:23.682000,3.0,MEDIUM,3.0,1
0 days 01:53:55.379000,LAT,31.0,0 days 00:01:41.888000,17.0,0 days 00:00:32.192000,0 days 00:00:44.701000,0 days 00:00:24.995000,2.0,SOFT,18.0,1
0 days 01:53:58.397000,HUL,31.0,0 days 00:01:40.473000,12.0,0 days 00:00:32.076000,0 days 00:00:43.585000,0 days 00:00:24.812000,2.0,SOFT,19.0,1
0 days 01:54:00.903000,NOR,31.0,0 days 00:01:39.251000,7.0,0 days 00:00:31.788000,0 days 00:00:43.052000,0 days 00:00:24.411000,2.0,HARD,20.0,1
0 days 01:54:02.271000,SAI,32.0,0 days 00:01:39.386000,18.0,0 days 00:00:31.697000,0 days 00:00:43.053000,0 days 00:00:24.636000,2.0,SOFT,1.0,1
0 days 01:54:04.978000,PER,32.0,0 days 00:01:39.222000,17.0,0 days 00:00:31.631000,0 days 00:00:43.057000,0 days 00:00:24.534000,2.0,MEDIUM,2.0,1
0 days 01:54:16.261000,VER,32.0,0 days 00:01:36.527000,2.0,0 days 00:00:30.783000,0 days 00:00:41.843000,0 days 00:00:23.901000,3.0,MEDIUM,4.0,1
0 days 01:54:26.410000,RUS,32.0,0 days 00:01:39.738000,18.0,0 days 00:00:31.984000,0 days 00:00:43.333000,0 days 00:00:24.421000,2.0,HARD,5.0,1
0 days 01:54:37.191000,MAG,32.0,0 days 00:01:40.522000,21.0,0 days 00:00:31.975000,0 days 00:00:43.722000,0 days 00:00:24.825000,2.0,SOFT,6.0,1
0 days 01:54:39.488000,HAM,32.0,0 days 00:01:38.290000,5.0,0 days 00:00:31.152000,0 days 00:00:42.667000,0 days 00:00:24.471000,3.0,MEDIUM,7.0,1
0 days 01:54:43.280000,GAS,32.0,0 days 00:01:42.305000,18.0,0 days 00:00:31.928000,0 days 00:00:43.438000,0 days 00:00:26.939000,2.0,MEDIUM,8.0,1
0 days 01:54:57.053000,BOT,32.0,0 days 00:01:39.650000,18.0,0 days 00:00:31.779000,0 days 00:00:43.340000,0 days 00:00:24.531000,2.0,MEDIUM,9.0,1
0 days 01:55:00.121000,ZHO,32.0,0 days 00:01:39.814000,17.0,0 days 00:00:31.813000,0 days 00:00:43.446000,0 days 00:00:24.555000,2.0,MEDIUM,10.0,1
0 days 01:55:09.387000,ALO,32.0,0 days 00:01:39.153000,7.0,0 days 00:00:31.722000,0 days 00:00:43.088000,0 days 00:00:24.343000,3.0,HARD,11.0,1
0 days 01:55:13.604000,MSC,32.0,0 days 00:01:40.916000,20.0,0 days 00:00:32.043000,0 days 00:00:43.766000,0 days 00:00:25.107000,2.0,MEDIUM,13.0,1
0 days 01:55:15.694000,OCO,32.0,0 days 00:01:38.298000,2.0,0 days 00:00:31.366000,0 days 00:00:42.640000,0 days 00:00:24.292000,3.0,HARD,12.0,1
0 days 01:55:17.493000,TSU,32.0,0 days 00:01:37.885000,3.0,0 days 00:00:31.402000,0 days 00:00:42.469000,0 days 00:00:24.014000,3.0,SOFT,14.0,1
0 days 01:55:20.639000,STR,32.0,0 days 00:01:40.037000,14.0,0 days 00:00:31.984000,0 days 00:00:43.319000,0 days 00:00:24.734000,2.0,SOFT,15.0,1
0 days 01:55:24.751000,ALB,32.0,0 days 00:01:41.241000,19.0,0 days 00:00:32.123000,0 days 00:00:44.467000,0 days 00:00:24.651000,2.0,MEDIUM,16.0,1
0 days 01:55:31.493000,RIC,32.0,0 days 00:01:40.686000,15.0,0 days 00:00:32.144000,0 days 00:00:43.691000,0 days 00:00:24.851000,2.0,SOFT,17.0,1
0 days 01:55:37.267000,LAT,32.0,0 days 00:01:44.577000,18.0,0 days 00:00:32.282000,0 days 00:00:44.715000,0 days 00:00:27.580000,2.0,SOFT,20.0,1
0 days 01:55:38.870000,HUL,32.0,0 days 00:01:41.036000,13.0,0 days 00:00:32.092000,0 days 00:00:43.776000,0 days 00:00:25.168000,2.0,SOFT,18.0,1
0 days 01:55:40.154000,NOR,32.0,0 days 00:01:41.449000,8.0,0 days 00:00:31.781000,0 days 00:00:43.408000,0 days 00:00:26.260000,2.0,HARD,19.0,1
0 days 01:55:41.657000,SAI,33.0,0 days 00:01:41.915000,19.0,0 days 00:00:31.709000,0 days 00:00:43.133000,0 days 00:00:27.073000,2.0,SOFT,1.0,1
0 days 01:55:44.200000,PER,33.0,0 days 00:01:41.868000,18.0,0 days 00:00:31.657000,0 days 00:00:43.109000,0 days 00:00:27.102000,2.0,MEDIUM,2.0,1
0 days 01:55:50.532000,LEC,33.0,0 days 00:01:36.674000,2.0,0 days 00:00:31.116000,0 days 00:00:41.828000,0 days 00:00:23.730000,3.0,MEDIUM,3.0,1
0 days 01:55:52.788000,VER,33.0,0 days 00:01:36.347000,3.0,0 days 00:00:30.817000,0 days 00:00:41.723000,0 days 00:00:23.807000,3.0,MEDIUM,4.0,1
0 days 01:56:06.148000,RUS,33.0,0 days 00:01:41.830000,19.0,0 days 00:00:31.848000,0 days 00:00:43.364000,0 days 00:00:26.618000,2.0,HARD,5.0,1
0 days 01:56:17.713000,MAG,33.0,0 days 00:01:40.523000,22.0,0 days 00:00:32.068000,0 days 00:00:43.601000,0 days 00:00:24.854000,2.0,SOFT,7.0,1
0 days 01:56:17.778000,HAM,33.0,0 days 00:01:37.085000,6.0,0 days 00:00:30.938000,0 days 00:00:42.113000,0 days 00:00:24.034000,3.0,MEDIUM,6.0,1
0 days 01:56:25.585000,GAS,33.0,0 days 00:02:00.808000,1.0,0 days 00:00:54.323000,0 days 00:00:42.453000,0 days 00:00:24.032000,3.0,HARD,10.0,1
0 days 01:56:36.703000,BOT,33.0,0 days 00:01:39.815000,19.0,0 days 00:00:31.884000,0 days 00:00:43.478000,0 days 00:00:24.453000,2.0,MEDIUM,8.0,1
0 days 01:56:39.935000,ZHO,33.0,0 days 00:01:39.842000,18.0,0 days 00:00:31.825000,0 days 00:00:43.491000,0 days 00:00:24.526000,2.0,MEDIUM,9.0,1
0 days 01:56:48.540000,ALO,33.0,0 days 00:01:39.686000,8.0,0 days 00:00:31.906000,0 days 00:00:43.345000,0 days 00:00:24.435000,3.0,HARD,11.0,1
0 days 01:56:53.992000,OCO,33.0,0 days 00:01:38.110000,3.0,0 days 00:00:31.410000,0 days 00:00:42.533000,0 days 00:00:24.167000,3.0,HARD,12.0,1
0 days 01:56:54.520000,MSC,33.0,0 days 00:01:41.340000,21.0,0 days 00:00:31.658000,0 days 00:00:44.470000,0 days 00:00:25.212000,2.0,MEDIUM,14.0,1
0 days 01:56:55.378000,TSU,33.0,0 days 00:01:38.980000,4.0,0 days 00:00:31.378000,0 days 00:00:43.257000,0 days 00:00:24.345000,3.0,SOFT,13.0,1
0 days 01:57:00.676000,STR,33.0,0 days 00:01:40.347000,15.0,0 days 00:00:32.008000,0 days 00:00:43.658000,0 days 00:00:24.681000,2.0,SOFT,15.0,1
0 days 01:57:05.992000,ALB,33.0,0 days 00:01:40.863000,20.0,0 days 00:00:32.078000,0 days 00:00:44.115000,0 days 00:00:24.670000,2.0,MEDIUM,16.0,1
0 days 01:57:12.179000,RIC,33.0,0 days 00:01:43.359000,16.0,0 days 00:00:32.148000,0 days 00:00:43.679000,0 days 00:00:27.532000,2.0,SOFT,17.0,1
0 days 01:57:19.906000,HUL,33.0,0 days 00:01:40.070000,14.0,0 days 00:00:31.820000,0 days 00:00:43.401000,0 days 00:00:24.849000,2.0,SOFT,18.0,1
0 days 01:57:21.603000,NOR,33.0,0 days 00:01:39.161000,9.0,0 days 00:00:31.499000,0 days 00:00:43.173000,0 days 00:00:24.489000,2.0,HARD,19.0,1
0 days 01:57:21.844000,LAT,33.0,0 days 00:02:03.320000,1.0,0 days 00:00:54.126000,0 days 00:00:44.651000,0 days 00:00:24.543000,3.0,MEDIUM,20.0,1
0 days 01:57:23.572000,SAI,34.0,0 days 00:01:57.101000,1.0,0 days 00:00:51.627000,0 days 00:00:41.766000,0 days 00:00:23.708000,3.0,MEDIUM,3.0,1
0 days 01:57:26.068000,PER,34.0,0 days 00:01:57.056000,4.0,0 days 00:00:51.600000,0 days 00:00:41.774000,0 days 00:00:23.682000,3.0,SOFT,4.0,1
0 days 01:57:27.206000,LEC,34.0,0 days 00:01:36.399000,3.0,0 days 00:00:31.066000,0 days 00:00:41.620000,0 days 00:00:23.713000,3.0,MEDIUM,1.0,1
0 days 01:57:29.135000,VER,34.0,0 days 00:01:36.384000,4.0,0 days 00:00:30.720000,0 days 00:00:41.701000,0 days 00:00:23.963000,3.0,MEDIUM,2.0,1
0 days 01:57:47.978000,RUS,34.0,0 days 00:01:59.638000,1.0,0 days 00:00:53.191000,0 days 00:00:42.596000,0 days 00:00:23.851000,3.0,MEDIUM,7.0,1
0 days 01:57:54.863000,HAM,34.0,0 days 00:01:37.593000,7.0,0 days 00:00:31.359000,0 days 00:00:42.193000,0 days 00:00:24.041000,3.0,MEDIUM,5.0,1
0 days 01:57:58.236000,MAG,34.0,0 days 00:01:43.256000,23.0,0 days 00:00:31.980000,0 days 00:00:43.754000,0 days 00:00:27.522000,2.0,SOFT,6.0,1
0 days 01:58:16.518000,BOT,34.0,0 days 00:01:39.739000,20.0,0 days 00:00:31.813000,0 days 00:00:43.413000,0 days 00:00:24.513000,2.0,MEDIUM,8.0,1
0 days 01:58:19.777000,ZHO,34.0,0 days 00:01:39.851000,19.0,0 days 00:00:31.845000,0 days 00:00:43.403000,0 days 00:00:24.603000,2.0,MEDIUM,9.0,1
0 days 01:58:26.393000,GAS,34.0,0 days 00:01:37.324000,2.0,0 days 00:00:31.172000,0 days 00:00:42.224000,0 days 00:00:23.928000,3.0,HARD,10.0,1
0 days 01:58:28.226000,ALO,34.0,0 days 00:01:39.208000,9.0,0 days 00:00:31.777000,0 days 00:00:43.026000,0 days 00:00:24.405000,3.0,HARD,11.0,1
0 days 01:58:32.102000,OCO,34.0,0 days 00:01:38.155000,4.0,0 days 00:00:31.416000,0 days 00:00:42.577000,0 days 00:00:24.162000,3.0,HARD,12.0,1
0 days 01:58:34.358000,TSU,34.0,0 days 00:01:38.484000,5.0,0 days 00:00:31.536000,0 days 00:00:42.733000,0 days 00:00:24.215000,3.0,SOFT,13.0,1
0 days 01:58:35.860000,MSC,34.0,0 days 00:01:41.178000,22.0,0 days 00:00:32.140000,0 days 00:00:44.136000,0 days 00:00:24.902000,2.0,MEDIUM,14.0,1
0 days 01:58:41.023000,STR,34.0,0 days 00:01:40.363000,16.0,0 days 00:00:32.093000,0 days 00:00:43.545000,0 days 00:00:24.725000,2.0,SOFT,15.0,1
0 days 01:58:46.855000,ALB,34.0,0 days 00:01:41.203000,21.0,0 days 00:00:32.206000,0 days 00:00:44.251000,0 days 00:00:24.746000,2.0,MEDIUM,16.0,1
0 days 01:58:55.538000,RIC,34.0,0 days 00:02:02.850000,1.0,0 days 00:00:53.498000,0 days 00:00:43.777000,0 days 00:00:25.575000,3.0,HARD,19.0,1
0 days 01:58:59.976000,HUL,34.0,0 days 00:01:44.369000,15.0,0 days 00:00:32.515000,0 days 00:00:46.993000,0 days 00:00:24.861000,2.0,SOFT,18.0,1
0 days 01:59:00.764000,NOR,34.0,0 days 00:01:40.104000,10.0,0 days 00:00:31.516000,0 days 00:00:43.038000,0 days 00:00:25.550000,2.0,HARD,17.0,1
0 days 01:59:03.605000,LEC,35.0,0 days 00:01:36.501000,4.0,0 days 00:00:30.873000,0 days 00:00:41.843000,0 days 00:00:23.785000,3.0,MEDIUM,1.0,1
0 days 01:59:05.519000,VER,35.0,0 days 00:01:36.731000,5.0,0 days 00:00:30.946000,0 days 00:00:41.892000,0 days 00:00:23.893000,3.0,MEDIUM,2.0,1
0 days 01:59:20.673000,SAI,35.0,0 days 00:01:36.454000,2.0,0 days 00:00:31.026000,0 days 00:00:41.681000,0 days 00:00:23.747000,3.0,MEDIUM,3.0,1
0 days 01:59:23.124000,PER,35.0,0 days 00:01:36.302000,5.0,0 days 00:00:30.876000,0 days 00:00:41.565000,0 days 00:00:23.861000,3.0,SOFT,4.0,1
0 days 01:59:25.164000,LAT,34.0,0 days 00:01:39.285000,2.0,0 days 00:00:31.413000,0 days 00:00:43.466000,0 days 00:00:24.406000,3.0,MEDIUM,20.0,1
0 days 01:59:32.456000,HAM,35.0,0 days 00:01:37.470000,8.0,0 days 00:00:31.399000,0 days 00:00:42.155000,0 days 00:00:23.916000,3.0,MEDIUM,5.0,1
0 days 01:59:41.492000,MAG,35.0,0 days 00:02:00.375000,1.0,0 days 00:00:53.724000,0 days 00:00:42.583000,0 days 00:00:24.068000,3.0,MEDIUM,10.0,1
0 days 01:59:47.616000,RUS,35.0,0 days 00:01:37.216000,2.0,0 days 00:00:31.222000,0 days 00:00:42.276000,0 days 00:00:23.718000,3.0,MEDIUM,6.0,1
0 days 01:59:56.257000,BOT,35.0,0 days 00:01:39.619000,21.0,0 days 00:00:31.777000,0 days 00:00:43.359000,0 days 00:00:24.483000,2.0,MEDIUM,7.0,1
0 days 01:59:59.628000,ZHO,35.0,0 days 00:01:39.954000,20.0,0 days 00:00:31.868000,0 days 00:00:43.454000,0 days 00:00:24.632000,2.0,MEDIUM,8.0,1
0 days 02:00:03.717000,GAS,35.0,0 days 00:01:37.540000,3.0,0 days 00:00:31.280000,0 days 00:00:42.286000,0 days 00:00:23.974000,3.0,HARD,9.0,1
0 days 02:00:07.434000,ALO,35.0,0 days 00:01:39.214000,10.0,0 days 00:00:31.782000,0 days 00:00:43.037000,0 days 00:00:24.395000,3.0,HARD,11.0,1
0 days 02:00:10.257000,OCO,35.0,0 days 00:01:38.307000,5.0,0 days 00:00:31.375000,0 days 00:00:42.778000,0 days 00:00:24.154000,3.0,HARD,12.0,1
0 days 02:00:12.842000,TSU,35.0,0 days 00:01:38.523000,6.0,0 days 00:00:31.463000,0 days 00:00:42.766000,0 days 00:00:24.294000,3.0,SOFT,13.0,1
0 days 02:00:17.038000,MSC,35.0,0 days 00:01:43.748000,23.0,0 days 00:00:32.192000,0 days 00:00:44.027000,0 days 00:00:27.529000,2.0,MEDIUM,14.0,1
0 days 02:00:21.386000,STR,35.0,0 days 00:01:40.452000,17.0,0 days 00:00:32.140000,0 days 00:00:43.547000,0 days 00:00:24.765000,2.0,SOFT,15.0,1
0 days 02:00:28.058000,ALB,35.0,0 days 00:01:43.965000,22.0,0 days 00:00:32.119000,0 days 00:00:44.309000,0 days 00:00:27.537000,2.0,MEDIUM,16.0,1
0 days 02:00:40.106000,LEC,36.0,0 days 00:01:36.561000,5.0,0 days 00:00:31.076000,0 days 00:00:41.698000,0 days 00:00:23.787000,3.0,MEDIUM,1.0,1
0 days 02:00:40.868000,NOR,35.0,0 days 00:01:40.844000,11.0,0 days 00:00:32.726000,0 days 00:00:43.530000,0 days 00:00:24.588000,2.0,HARD,17.0,1
0 days 02:00:42.250000,VER,36.0,0 days 00:01:36.920000,6.0,0 days 00:00:30.961000,0 days 00:00:41.889000,0 days 00:00:24.070000,3.0,MEDIUM,2.0,1
0 days 02:00:44.345000,HUL,35.0,0 days 00:01:40.815000,16.0,0 days 00:00:32.075000,0 days 00:00:43.884000,0 days 00:00:24.856000,2.0,SOFT,18.0,1
0 days 02:00:57.127000,SAI,36.0,0 days 00:01:36.600000,3.0,0 days 00:00:31.074000,0 days 00:00:41.756000,0 days 00:00:23.770000,3.0,MEDIUM,3.0,1
0 days 02:00:58.388000,RIC,35.0,0 days 00:01:40.424000,2.0,0 days 00:00:32.850000,0 days 00:00:43.162000,0 days 00:00:24.412000,3.0,HARD,19.0,1
0 days 02:00:59.426000,PER,36.0,0 days 00:01:36.511000,6.0,0 days 00:00:30.992000,0 days 00:00:41.679000,0 days 00:00:23.840000,3.0,SOFT,4.0,1
0 days 02:01:04.449000,LAT,35.0,0 days 00:01:39.763000,3.0,0 days 00:00:31.564000,0 days 00:00:43.791000,0 days 00:00:24.408000,3.0,MEDIUM,20.0,1
0 days 02:01:09.926000,HAM,36.0,0 days 00:01:37.660000,9.0,0 days 00:00:31.360000,0 days 00:00:42.408000,0 days 00:00:23.892000,3.0,MEDIUM,5.0,1
0 days 02:01:24.832000,RUS,36.0,0 days 00:01:37.527000,3.0,0 days 00:00:31.350000,0 days 00:00:42.457000,0 days 00:00:23.720000,3.0,MEDIUM,6.0,1
0 days 02:01:35.876000,BOT,36.0,0 days 00:01:42.299000,22.0,0 days 00:00:31.811000,0 days 00:00:43.453000,0 days 00:00:27.035000,2.0,MEDIUM,7.0,1
0 days 02:01:39.582000,ZHO,36.0,0 days 00:01:40.185000,21.0,0 days 00:00:31.896000,0 days 00:00:43.529000,0 days 00:00:24.760000,2.0,MEDIUM,8.0,1
0 days 02:01:41.257000,GAS,36.0,0 days 00:01:39.827000,4.0,0 days 00:00:32.403000,0 days 00:00:43.205000,0 days 00:00:24.219000,3.0,HARD,10.0,1
0 days 02:01:41.867000,MAG,36.0,0 days 00:01:37.941000,2.0,0 days 00:00:31.265000,0 days 00:00:42.361000,0 days 00:00:24.315000,3.0,MEDIUM,9.0,1
0 days 02:01:46.648000,ALO,36.0,0 days 00:01:39.389000,11.0,0 days 00:00:31.840000,0 days 00:00:43.098000,0 days 00:00:24.451000,3.0,HARD,11.0,1
0 days 02:01:48.564000,OCO,36.0,0 days 00:01:38.515000,6.0,0 days 00:00:31.497000,0 days 00:00:42.703000,0 days 00:00:24.315000,3.0,HARD,12.0,1
0 days 02:01:51.365000,TSU,36.0,0 days 00:01:38.647000,7.0,0 days 00:00:31.518000,0 days 00:00:42.859000,0 days 00:00:24.270000,3.0,SOFT,13.0,1
0 days 02:02:00.786000,MSC,36.0,0 days 00:01:58.500000,3.0,0 days 00:00:52.783000,0 days 00:00:41.848000,0 days 00:00:23.869000,3.0,SOFT,15.0,1
0 days 02:02:01.838000,STR,36.0,0 days 00:01:40.484000,18.0,0 days 00:00:32.043000,0 days 00:00:43.599000,0 days 00:00:24.842000,2.0,SOFT,14.0,1
0 days 02:02:12.023000,ALB,36.0,0 days 00:02:03.311000,3.0,0 days 00:00:54.336000,0 days 00:00:44.615000,0 days 00:00:24.360000,3.0,MEDIUM,18.0,1
0 days 02:02:16.667000,LEC,37.0,0 days 00:01:36.663000,6.0,0 days 00:00:31.145000,0 days 00:00:41.699000,0 days 00:00:23.819000,3.0,MEDIUM,1.0,1
0 days 02:02:19.170000,VER,37.0,0 days 00:01:36.962000,7.0,0 days 00:00:30.907000,0 days 00:00:42.037000,0 days 00:00:24.018000,3.0,MEDIUM,2.0,1
0 days 02:02:21.712000,NOR,36.0,0 days 00:01:40.766000,12.0,0 days 00:00:32.944000,0 days 00:00:43.347000,0 days 00:00:24.475000,2.0,HARD,16.0,1
0 days 02:02:25.160000,HUL,36.0,0 days 00:01:40.658000,17.0,0 days 00:00:32.011000,0 days 00:00:43.769000,0 days 00:00:24.878000,2.0,SOFT,17.0,1
0 days 02:02:33.727000,SAI,37.0,0 days 00:01:36.893000,4.0,0 days 00:00:31.247000,0 days 00:00:41.877000,0 days 00:00:23.769000,3.0,MEDIUM,3.0,1
0 days 02:02:35.937000,PER,37.0,0 days 00:01:37.119000,7.0,0 days 00:00:31.087000,0 days 00:00:42.061000,0 days 00:00:23.971000,3.0,SOFT,4.0,1
0 days 02:02:38.812000,RIC,36.0,0 days 00:01:38.927000,3.0,0 days 00:00:31.745000,0 days 00:00:42.878000,0 days 00:00:24.304000,3.0,HARD,19.0,1
0 days 02:02:44.212000,LAT,36.0,0 days 00:01:39.455000,4.0,0 days 00:00:31.705000,0 days 00:00:43.503000,0 days 00:00:24.247000,3.0,MEDIUM,20.0,1
0 days 02:02:47.586000,HAM,37.0,0 days 00:01:37.771000,10.0,0 days 00:00:31.436000,0 days 00:00:42.307000,0 days 00:00:24.028000,3.0,MEDIUM,5.0,1
0 days 02:03:02.359000,RUS,37.0,0 days 00:01:37.753000,4.0,0 days 00:00:31.356000,0 days 00:00:42.594000,0 days 00:00:23.803000,3.0,MEDIUM,6.0,1
0 days 02:03:18.175000,BOT,37.0,0 days 00:01:58.899000,1.0,0 days 00:00:52.737000,0 days 00:00:42.340000,0 days 00:00:23.822000,3.0,MEDIUM,13.0,1
0 days 02:03:19.767000,ZHO,37.0,0 days 00:01:42.700000,22.0,0 days 00:00:32.040000,0 days 00:00:43.599000,0 days 00:00:27.061000,2.0,MEDIUM,9.0,1
0 days 02:03:19.808000,MAG,37.0,0 days 00:01:36.903000,3.0,0 days 00:00:30.850000,0 days 00:00:42.158000,0 days 00:00:23.895000,3.0,MEDIUM,7.0,1
0 days 02:03:21.084000,GAS,37.0,0 days 00:01:39.596000,5.0,0 days 00:00:31.695000,0 days 00:00:43.155000,0 days 00:00:24.746000,3.0,HARD,8.0,1
0 days 02:03:26.037000,ALO,37.0,0 days 00:01:39.426000,12.0,0 days 00:00:31.847000,0 days 00:00:43.040000,0 days 00:00:24.539000,3.0,HARD,10.0,1
0 days 02:03:27.079000,OCO,37.0,0 days 00:01:38.851000,7.0,0 days 00:00:31.358000,0 days 00:00:43.278000,0 days 00:00:24.215000,3.0,HARD,11.0,1
0 days 02:03:30.012000,TSU,37.0,0 days 00:01:38.289000,8.0,0 days 00:00:31.479000,0 days 00:00:42.578000,0 days 00:00:24.232000,3.0,SOFT,12.0,1
0 days 02:03:42.322000,STR,37.0,0 days 00:01:40.487000,19.0,0 days 00:00:32,0 days 00:00:43.701000,0 days 00:00:24.786000,2.0,SOFT,14.0,1
0 days 02:03:53.330000,LEC,38.0,0 days 00:01:36.623000,7.0,0 days 00:00:31.081000,0 days 00:00:41.761000,0 days 00:00:23.781000,3.0,MEDIUM,1.0,1
0 days 02:03:56.132000,VER,38.0,0 days 00:01:36.898000,8.0,0 days 00:00:30.949000,0 days 00:00:41.961000,0 days 00:00:23.988000,3.0,MEDIUM,2.0,1
0 days 02:03:59.286000,MSC,37.0,0 days 00:01:36.956000,4.0,0 days 00:00:31.048000,0 days 00:00:41.912000,0 days 00:00:23.996000,3.0,SOFT,15.0,1
0 days 02:04:02.478000,NOR,37.0,0 days 00:01:39.657000,13.0,0 days 00:00:31.920000,0 days 00:00:43.275000,0 days 00:00:24.462000,2.0,HARD,16.0,1
0 days 02:04:05.818000,HUL,37.0,0 days 00:01:43.481000,18.0,0 days 00:00:32.079000,0 days 00:00:43.799000,0 days 00:00:27.603000,2.0,SOFT,17.0,1
0 days 02:04:10.620000,SAI,38.0,0 days 00:01:37.012000,5.0,0 days 00:00:31.159000,0 days 00:00:42.025000,0 days 00:00:23.828000,3.0,MEDIUM,3.0,1
0 days 02:04:13.056000,PER,38.0,0 days 00:01:36.755000,8.0,0 days 00:00:30.930000,0 days 00:00:41.873000,0 days 00:00:23.952000,3.0,SOFT,4.0,1
0 days 02:04:15.334000,ALB,37.0,0 days 00:01:39.165000,4.0,0 days 00:00:31.836000,0 days 00:00:43.213000,0 days 00:00:24.116000,3.0,MEDIUM,18.0,1
0 days 02:04:17.739000,RIC,37.0,0 days 00:01:38.988000,4.0,0 days 00:00:31.687000,0 days 00:00:42.942000,0 days 00:00:24.359000,3.0,HARD,19.0,1
0 days 02:04:23.667000,LAT,37.0,0 days 00:01:41.384000,5.0,0 days 00:00:31.576000,0 days 00:00:45.231000,0 days 00:00:24.577000,3.0,MEDIUM,20.0,1
0 days 02:04:25.357000,HAM,38.0,0 days 00:01:37.942000,11.0,0 days 00:00:31.380000,0 days 00:00:42.490000,0 days 00:00:24.072000,3.0,MEDIUM,5.0,1
0 days 02:04:40.112000,RUS,38.0,0 days 00:01:37.792000,5.0,0 days 00:00:31.434000,0 days 00:00:42.463000,0 days 00:00:23.895000,3.0,MEDIUM,6.0,1
0 days 02:04:56.711000,MAG,38.0,0 days 00:01:37.636000,4.0,0 days 00:00:31.249000,0 days 00:00:42.371000,0 days 00:00:24.016000,3.0,MEDIUM,7.0,1
0 days 02:05:00.680000,GAS,38.0,0 days 00:01:38.221000,6.0,0 days 00:00:31.087000,0 days 00:00:42.988000,0 days 00:00:24.146000,3.0,HARD,8.0,1
0 days 02:05:02.467000,ZHO,38.0,0 days 00:02:00.031000,1.0,0 days 00:00:53.275000,0 days 00:00:42.809000,0 days 00:00:23.947000,3.0,MEDIUM,13.0,1
0 days 02:05:05.463000,ALO,38.0,0 days 00:01:40.034000,13.0,0 days 00:00:32.059000,0 days 00:00:43.299000,0 days 00:00:24.676000,3.0,HARD,10.0,1
0 days 02:05:05.930000,OCO,38.0,0 days 00:01:38.210000,8.0,0 days 00:00:31.134000,0 days 00:00:42.852000,0 days 00:00:24.224000,3.0,HARD,9.0,1
0 days 02:05:08.301000,TSU,38.0,0 days 00:01:38.713000,9.0,0 days 00:00:31.474000,0 days 00:00:42.893000,0 days 00:00:24.346000,3.0,SOFT,11.0,1
0 days 02:05:17.074000,BOT,38.0,0 days 00:01:36.641000,2.0,0 days 00:00:30.948000,0 days 00:00:41.820000,0 days 00:00:23.873000,3.0,MEDIUM,12.0,1
0 days 02:05:22.809000,STR,38.0,0 days 00:01:43.895000,20.0,0 days 00:00:32.164000,0 days 00:00:44.277000,0 days 00:00:27.454000,2.0,SOFT,14.0,1
0 days 02:05:29.953000,LEC,39.0,0 days 00:01:36.939000,8.0,0 days 00:00:31.213000,0 days 00:00:41.797000,0 days 00:00:23.929000,3.0,MEDIUM,1.0,1
0 days 02:05:33.030000,VER,39.0,0 days 00:01:37.255000,9.0,0 days 00:00:31.111000,0 days 00:00:42.043000,0 days 00:00:24.101000,3.0,MEDIUM,2.0,1
0 days 02:05:36.242000,MSC,38.0,0 days 00:01:37.176000,5.0,0 days 00:00:31.130000,0 days 00:00:42.019000,0 days 00:00:24.027000,3.0,SOFT,15.0,1
0 days 02:05:42.135000,NOR,38.0,0 days 00:01:39.679000,14.0,0 days 00:00:31.911000,0 days 00:00:43.163000,0 days 00:00:24.605000,2.0,HARD,16.0,1
0 days 02:05:47.632000,SAI,39.0,0 days 00:01:37.044000,6.0,0 days 00:00:31.104000,0 days 00:00:42.068000,0 days 00:00:23.872000,3.0,MEDIUM,3.0,1
0 days 02:05:49.299000,HUL,38.0,0 days 00:02:02.368000,1.0,0 days 00:00:54.510000,0 days 00:00:43.339000,0 days 00:00:24.519000,3.0,MEDIUM,20.0,1
0 days 02:05:49.811000,PER,39.0,0 days 00:01:36.987000,9.0,0 days 00:00:30.955000,0 days 00:00:41.949000,0 days 00:00:24.083000,3.0,SOFT,4.0,1
0 days 02:05:54.499000,ALB,38.0,0 days 00:01:39.127000,5.0,0 days 00:00:31.632000,0 days 00:00:43.295000,0 days 00:00:24.200000,3.0,MEDIUM,17.0,1
0 days 02:05:56.727000,RIC,38.0,0 days 00:01:39.146000,5.0,0 days 00:00:31.768000,0 days 00:00:42.985000,0 days 00:00:24.393000,3.0,HARD,18.0,1
0 days 02:06:03.299000,HAM,39.0,0 days 00:01:37.668000,12.0,0 days 00:00:31.394000,0 days 00:00:42.258000,0 days 00:00:24.016000,3.0,MEDIUM,5.0,1
0 days 02:06:05.051000,LAT,38.0,0 days 00:01:39.891000,6.0,0 days 00:00:31.653000,0 days 00:00:43.986000,0 days 00:00:24.252000,3.0,MEDIUM,19.0,1
0 days 02:06:17.904000,RUS,39.0,0 days 00:01:37.721000,6.0,0 days 00:00:31.398000,0 days 00:00:42.451000,0 days 00:00:23.872000,3.0,MEDIUM,6.0,1
0 days 02:06:34.347000,MAG,39.0,0 days 00:01:37.566000,5.0,0 days 00:00:31.286000,0 days 00:00:42.309000,0 days 00:00:23.971000,3.0,MEDIUM,7.0,1
0 days 02:06:38.901000,GAS,39.0,0 days 00:01:38.552000,7.0,0 days 00:00:31.608000,0 days 00:00:42.857000,0 days 00:00:24.087000,3.0,HARD,8.0,1
0 days 02:06:44.140000,OCO,39.0,0 days 00:01:38.612000,9.0,0 days 00:00:31.526000,0 days 00:00:42.833000,0 days 00:00:24.253000,3.0,HARD,9.0,1
0 days 02:06:45.497000,ALO,39.0,0 days 00:01:40.009000,14.0,0 days 00:00:31.896000,0 days 00:00:43.590000,0 days 00:00:24.523000,3.0,HARD,10.0,1
0 days 02:06:47.014000,TSU,39.0,0 days 00:01:38.912000,10.0,0 days 00:00:31.454000,0 days 00:00:43.067000,0 days 00:00:24.391000,3.0,SOFT,11.0,1
0 days 02:06:53.715000,BOT,39.0,0 days 00:01:37.067000,3.0,0 days 00:00:31.053000,0 days 00:00:42.123000,0 days 00:00:23.891000,3.0,MEDIUM,12.0,1
0 days 02:07:02.498000,ZHO,39.0,0 days 00:01:36.685000,2.0,0 days 00:00:31.037000,0 days 00:00:41.864000,0 days 00:00:23.784000,3.0,MEDIUM,13.0,1
0 days 02:07:06.704000,STR,39.0,0 days 00:02:01.514000,1.0,0 days 00:00:55.198000,0 days 00:00:42.219000,0 days 00:00:24.097000,3.0,MEDIUM,16.0,1
0 days 02:07:06.892000,LEC,40.0,0 days 00:01:36.807000,9.0,0 days 00:00:31.091000,0 days 00:00:41.824000,0 days 00:00:23.892000,3.0,MEDIUM,1.0,1
0 days 02:07:10.285000,VER,40.0,0 days 00:01:37.308000,10.0,0 days 00:00:31.099000,0 days 00:00:42.070000,0 days 00:00:24.139000,3.0,MEDIUM,2.0,1
0 days 02:07:13.418000,MSC,39.0,0 days 00:01:37.433000,6.0,0 days 00:00:31.077000,0 days 00:00:42.165000,0 days 00:00:24.191000,3.0,SOFT,14.0,1
0 days 02:07:21.814000,NOR,39.0,0 days 00:01:39.677000,15.0,0 days 00:00:31.938000,0 days 00:00:43.099000,0 days 00:00:24.640000,2.0,HARD,15.0,1
0 days 02:07:24.676000,SAI,40.0,0 days 00:01:37.271000,7.0,0 days 00:00:31.262000,0 days 00:00:42.065000,0 days 00:00:23.944000,3.0,MEDIUM,3.0,1
0 days 02:07:26.798000,PER,40.0,0 days 00:01:37.178000,10.0,0 days 00:00:31.155000,0 days 00:00:41.999000,0 days 00:00:24.024000,3.0,SOFT,4.0,1
0 days 02:07:33.626000,ALB,39.0,0 days 00:01:39.025000,6.0,0 days 00:00:31.639000,0 days 00:00:43.230000,0 days 00:00:24.156000,3.0,MEDIUM,17.0,1
0 days 02:07:35.873000,RIC,39.0,0 days 00:01:39.320000,6.0,0 days 00:00:31.847000,0 days 00:00:43.053000,0 days 00:00:24.420000,3.0,HARD,18.0,1
0 days 02:07:40.967000,HAM,40.0,0 days 00:01:37.898000,13.0,0 days 00:00:31.549000,0 days 00:00:42.349000,0 days 00:00:24,3.0,MEDIUM,5.0,1
0 days 02:07:44.942000,LAT,39.0,0 days 00:01:40.258000,7.0,0 days 00:00:31.770000,0 days 00:00:44.094000,0 days 00:00:24.394000,3.0,MEDIUM,19.0,1
0 days 02:07:51.667000,HUL,39.0,0 days 00:01:38.819000,2.0,0 days 00:00:31.577000,0 days 00:00:42.850000,0 days 00:00:24.392000,3.0,MEDIUM,20.0,1
0 days 02:07:55.625000,RUS,40.0,0 days 00:01:37.790000,7.0,0 days 00:00:31.423000,0 days 00:00:42.359000,0 days 00:00:24.008000,3.0,MEDIUM,6.0,1
0 days 02:08:11.913000,MAG,40.0,0 days 00:01:37.901000,6.0,0 days 00:00:31.372000,0 days 00:00:42.433000,0 days 00:00:24.096000,3.0,MEDIUM,7.0,1
0 days 02:08:17.453000,GAS,40.0,0 days 00:01:38.204000,8.0,0 days 00:00:31.492000,0 days 00:00:42.613000,0 days 00:00:24.099000,3.0,HARD,8.0,1
0 days 02:08:22.752000,OCO,40.0,0 days 00:01:38.641000,10.0,0 days 00:00:31.431000,0 days 00:00:42.877000,0 days 00:00:24.333000,3.0,HARD,9.0,1
0 days 02:08:25.506000,ALO,40.0,0 days 00:01:40.295000,15.0,0 days 00:00:32.088000,0 days 00:00:43.517000,0 days 00:00:24.690000,3.0,HARD,11.0,1
0 days 02:08:25.926000,TSU,40.0,0 days 00:01:38.377000,11.0,0 days 00:00:31.222000,0 days 00:00:42.844000,0 days 00:00:24.311000,3.0,SOFT,10.0,1
0 days 02:08:30.782000,BOT,40.0,0 days 00:01:37.497000,4.0,0 days 00:00:31.215000,0 days 00:00:42.389000,0 days 00:00:23.893000,3.0,MEDIUM,12.0,1
0 days 02:08:39.183000,ZHO,40.0,0 days 00:01:36.742000,3.0,0 days 00:00:31.052000,0 days 00:00:41.928000,0 days 00:00:23.762000,3.0,MEDIUM,13.0,1
0 days 02:08:43.699000,LEC,41.0,0 days 00:01:37.044000,10.0,0 days 00:00:31.241000,0 days 00:00:41.922000,0 days 00:00:23.881000,3.0,MEDIUM,1.0,1
0 days 02:08:47.593000,VER,41.0,0 days 00:01:37.284000,11.0,0 days 00:00:31.044000,0 days 00:00:42.055000,0 days 00:00:24.185000,3.0,MEDIUM,2.0,1
0 days 02:08:50.851000,MSC,40.0,0 days 00:01:37.947000,7.0,0 days 00:00:31.184000,0 days 00:00:42.585000,0 days 00:00:24.178000,3.0,SOFT,14.0,1
0 days 02:09:01.491000,NOR,40.0,0 days 00:01:41.799000,16.0,0 days 00:00:32.527000,0 days 00:00:44.625000,0 days 00:00:24.647000,2.0,HARD,15.0,1
0 days 02:09:01.947000,SAI,41.0,0 days 00:01:36.771000,8.0,0 days 00:00:30.801000,0 days 00:00:42.078000,0 days 00:00:23.892000,3.0,MEDIUM,3.0,1
0 days 02:09:03.976000,PER,41.0,0 days 00:01:37.639000,11.0,0 days 00:00:31.155000,0 days 00:00:42.332000,0 days 00:00:24.152000,3.0,SOFT,4.0,1
0 days 02:09:08.218000,STR,40.0,0 days 00:01:37.861000,2.0,0 days 00:00:31.321000,0 days 00:00:42.388000,0 days 00:00:24.152000,3.0,MEDIUM,16.0,1
0 days 02:09:12.651000,ALB,40.0,0 days 00:01:39.140000,7.0,0 days 00:00:31.583000,0 days 00:00:43.330000,0 days 00:00:24.227000,3.0,MEDIUM,17.0,1
0 days 02:09:15.193000,RIC,40.0,0 days 00:01:39.157000,7.0,0 days 00:00:31.706000,0 days 00:00:42.994000,0 days 00:00:24.457000,3.0,HARD,18.0,1
0 days 02:09:18.865000,HAM,41.0,0 days 00:01:37.912000,14.0,0 days 00:00:31.442000,0 days 00:00:42.391000,0 days 00:00:24.079000,3.0,MEDIUM,5.0,1
0 days 02:09:25.200000,LAT,40.0,0 days 00:01:40.219000,8.0,0 days 00:00:31.895000,0 days 00:00:43.950000,0 days 00:00:24.374000,3.0,MEDIUM,19.0,1
0 days 02:09:30.486000,HUL,40.0,0 days 00:01:38.751000,3.0,0 days 00:00:31.610000,0 days 00:00:42.895000,0 days 00:00:24.246000,3.0,MEDIUM,20.0,1
0 days 02:09:33.415000,RUS,41.0,0 days 00:01:37.783000,8.0,0 days 00:00:31.393000,0 days 00:00:42.415000,0 days 00:00:23.975000,3.0,MEDIUM,6.0,1
0 days 02:09:49.814000,MAG,41.0,0 days 00:01:37.726000,7.0,0 days 00:00:31.194000,0 days 00:00:42.463000,0 days 00:00:24.069000,3.0,MEDIUM,7.0,1
0 days 02:09:55.657000,GAS,41.0,0 days 00:01:38.301000,9.0,0 days 00:00:31.523000,0 days 00:00:42.621000,0 days 00:00:24.157000,3.0,HARD,8.0,1
0 days 02:10:01.393000,OCO,41.0,0 days 00:01:38.584000,11.0,0 days 00:00:31.544000,0 days 00:00:42.785000,0 days 00:00:24.255000,3.0,HARD,9.0,1
0 days 02:10:04.303000,TSU,41.0,0 days 00:01:38.693000,12.0,0 days 00:00:31.546000,0 days 00:00:42.841000,0 days 00:00:24.306000,3.0,SOFT,10.0,1
0 days 02:10:05.801000,ALO,41.0,0 days 00:01:39.854000,16.0,0 days 00:00:31.903000,0 days 00:00:43.357000,0 days 00:00:24.594000,3.0,HARD,11.0,1
0 days 02:10:08.279000,BOT,41.0,0 days 00:01:37.687000,5.0,0 days 00:00:31.285000,0 days 00:00:42.539000,0 days 00:00:23.863000,3.0,MEDIUM,12.0,1
0 days 02:10:15.925000,ZHO,41.0,0 days 00:01:36.745000,4.0,0 days 00:00:31.007000,0 days 00:00:41.881000,0 days 00:00:23.857000,3.0,MEDIUM,13.0,1
0 days 02:10:20.743000,LEC,42.0,0 days 00:01:37.040000,11.0,0 days 00:00:31.086000,0 days 00:00:41.956000,0 days 00:00:23.998000,3.0,MEDIUM,1.0,1
0 days 02:10:24.877000,VER,42.0,0 days 00:01:37.855000,12.0,0 days 00:00:31.209000,0 days 00:00:42.500000,0 days 00:00:24.146000,3.0,MEDIUM,2.0,1
0 days 02:10:28.798000,MSC,41.0,0 days 00:01:38.182000,8.0,0 days 00:00:31.285000,0 days 00:00:42.802000,0 days 00:00:24.095000,3.0,SOFT,14.0,1
0 days 02:10:38.718000,SAI,42.0,0 days 00:01:37.269000,9.0,0 days 00:00:31.255000,0 days 00:00:42.074000,0 days 00:00:23.940000,3.0,MEDIUM,3.0,1
0 days 02:10:41.615000,PER,42.0,0 days 00:01:37.255000,12.0,0 days 00:00:31.085000,0 days 00:00:42.139000,0 days 00:00:24.031000,3.0,SOFT,4.0,1
0 days 02:10:43.290000,NOR,41.0,0 days 00:01:42.153000,17.0,0 days 00:00:31.959000,0 days 00:00:43.316000,0 days 00:00:26.878000,2.0,HARD,16.0,1
0 days 02:10:46.079000,STR,41.0,0 days 00:01:38.363000,3.0,0 days 00:00:31.479000,0 days 00:00:42.567000,0 days 00:00:24.317000,3.0,MEDIUM,15.0,1
0 days 02:10:51.791000,ALB,41.0,0 days 00:01:39.285000,8.0,0 days 00:00:31.730000,0 days 00:00:43.337000,0 days 00:00:24.218000,3.0,MEDIUM,17.0,1
0 days 02:10:54.350000,RIC,41.0,0 days 00:01:39.054000,8.0,0 days 00:00:31.708000,0 days 00:00:42.895000,0 days 00:00:24.451000,3.0,HARD,18.0,1
0 days 02:10:56.777000,HAM,42.0,0 days 00:01:38.422000,15.0,0 days 00:00:31.422000,0 days 00:00:42.733000,0 days 00:00:24.267000,3.0,MEDIUM,5.0,1
0 days 02:11:05.419000,LAT,41.0,0 days 00:01:39.797000,9.0,0 days 00:00:31.644000,0 days 00:00:43.788000,0 days 00:00:24.365000,3.0,MEDIUM,19.0,1
0 days 02:11:09.237000,HUL,41.0,0 days 00:01:38.361000,4.0,0 days 00:00:31.480000,0 days 00:00:42.576000,0 days 00:00:24.305000,3.0,MEDIUM,20.0,1
0 days 02:11:11.198000,RUS,42.0,0 days 00:01:38.111000,9.0,0 days 00:00:31.455000,0 days 00:00:42.540000,0 days 00:00:24.116000,3.0,MEDIUM,6.0,1
0 days 02:11:27.540000,MAG,42.0,0 days 00:01:38.006000,8.0,0 days 00:00:31.380000,0 days 00:00:42.510000,0 days 00:00:24.116000,3.0,MEDIUM,7.0,1
0 days 02:11:33.958000,GAS,42.0,0 days 00:01:38.329000,10.0,0 days 00:00:31.453000,0 days 00:00:42.692000,0 days 00:00:24.184000,3.0,HARD,8.0,1
0 days 02:11:39.977000,OCO,42.0,0 days 00:01:39.064000,12.0,0 days 00:00:31.610000,0 days 00:00:43.112000,0 days 00:00:24.342000,3.0,HARD,9.0,1
0 days 02:11:42.996000,TSU,42.0,0 days 00:01:38.772000,13.0,0 days 00:00:31.503000,0 days 00:00:42.906000,0 days 00:00:24.363000,3.0,SOFT,10.0,1
0 days 02:11:45.655000,ALO,42.0,0 days 00:01:42.925000,17.0,0 days 00:00:31.981000,0 days 00:00:43.665000,0 days 00:00:27.279000,3.0,HARD,12.0,1
0 days 02:11:45.966000,BOT,42.0,0 days 00:01:37.498000,6.0,0 days 00:00:30.832000,0 days 00:00:42.638000,0 days 00:00:24.028000,3.0,MEDIUM,11.0,1
0 days 02:11:52.670000,ZHO,42.0,0 days 00:01:37.522000,5.0,0 days 00:00:31.161000,0 days 00:00:42.455000,0 days 00:00:23.906000,3.0,MEDIUM,13.0,1
0 days 02:11:57.783000,LEC,43.0,0 days 00:01:37.346000,12.0,0 days 00:00:31.339000,0 days 00:00:42.123000,0 days 00:00:23.884000,3.0,MEDIUM,1.0,1
0 days 02:12:02.732000,VER,43.0,0 days 00:01:39.787000,13.0,0 days 00:00:31.188000,0 days 00:00:42.249000,0 days 00:00:26.350000,3.0,MEDIUM,2.0,1
0 days 02:12:06.980000,MSC,42.0,0 days 00:01:37.957000,9.0,0 days 00:00:31.213000,0 days 00:00:42.505000,0 days 00:00:24.239000,3.0,SOFT,14.0,1
0 days 02:12:15.987000,SAI,43.0,0 days 00:01:37.260000,10.0,0 days 00:00:31.226000,0 days 00:00:42.052000,0 days 00:00:23.982000,3.0,MEDIUM,3.0,1
0 days 02:12:18.870000,PER,43.0,0 days 00:01:40.228000,13.0,0 days 00:00:31.173000,0 days 00:00:42.250000,0 days 00:00:26.805000,3.0,SOFT,4.0,1
0 days 02:12:24.442000,STR,42.0,0 days 00:01:38.127000,4.0,0 days 00:00:31.439000,0 days 00:00:42.653000,0 days 00:00:24.035000,3.0,MEDIUM,15.0,1
0 days 02:12:25.443000,NOR,42.0,0 days 00:02:00.713000,1.0,0 days 00:00:54.382000,0 days 00:00:42.556000,0 days 00:00:23.775000,3.0,SOFT,19.0,1
0 days 02:12:31.076000,ALB,42.0,0 days 00:01:39.255000,9.0,0 days 00:00:31.622000,0 days 00:00:43.307000,0 days 00:00:24.326000,3.0,MEDIUM,16.0,1
0 days 02:12:33.404000,RIC,42.0,0 days 00:01:41.069000,9.0,0 days 00:00:31.864000,0 days 00:00:44.804000,0 days 00:00:24.401000,3.0,HARD,17.0,1
0 days 02:12:35.199000,HAM,43.0,0 days 00:01:38.205000,16.0,0 days 00:00:31.506000,0 days 00:00:42.631000,0 days 00:00:24.068000,3.0,MEDIUM,5.0,1
0 days 02:12:45.216000,LAT,42.0,0 days 00:01:39.937000,10.0,0 days 00:00:31.644000,0 days 00:00:43.934000,0 days 00:00:24.359000,3.0,MEDIUM,18.0,1
0 days 02:12:47.598000,HUL,42.0,0 days 00:01:39.671000,5.0,0 days 00:00:31.670000,0 days 00:00:43.439000,0 days 00:00:24.562000,3.0,MEDIUM,20.0,1
0 days 02:12:49.309000,RUS,43.0,0 days 00:01:38.747000,10.0,0 days 00:00:31.454000,0 days 00:00:43.141000,0 days 00:00:24.152000,3.0,MEDIUM,6.0,1
0 days 02:13:05.546000,MAG,43.0,0 days 00:01:38.178000,9.0,0 days 00:00:31.378000,0 days 00:00:42.740000,0 days 00:00:24.060000,3.0,MEDIUM,7.0,1
0 days 02:13:12.287000,GAS,43.0,0 days 00:01:38.478000,11.0,0 days 00:00:31.468000,0 days 00:00:42.816000,0 days 00:00:24.194000,3.0,HARD,8.0,1
0 days 02:13:19.041000,OCO,43.0,0 days 00:01:41.631000,13.0,0 days 00:00:31.545000,0 days 00:00:43.058000,0 days 00:00:27.028000,3.0,HARD,9.0,1
0 days 02:13:21.768000,TSU,43.0,0 days 00:01:38.930000,14.0,0 days 00:00:31.563000,0 days 00:00:42.743000,0 days 00:00:24.624000,3.0,SOFT,10.0,1
0 days 02:13:23.464000,BOT,43.0,0 days 00:01:38.681000,7.0,0 days 00:00:31.613000,0 days 00:00:42.985000,0 days 00:00:24.083000,3.0,MEDIUM,11.0,1
0 days 02:13:28.580000,ALO,43.0,0 days 00:01:57.366000,1.0,0 days 00:00:51.661000,0 days 00:00:41.966000,0 days 00:00:23.739000,4.0,SOFT,14.0,1
0 days 02:13:30.192000,ZHO,43.0,0 days 00:01:37.667000,6.0,0 days 00:00:31.338000,0 days 00:00:42.370000,0 days 00:00:23.959000,3.0,MEDIUM,12.0,1
0 days 02:13:35.129000,LEC,44.0,0 days 00:01:37.509000,13.0,0 days 00:00:31.351000,0 days 00:00:42.070000,0 days 00:00:24.088000,3.0,MEDIUM,1.0,1
0 days 02:13:42.519000,VER,44.0,0 days 00:01:57.242000,4.0,0 days 00:00:51.908000,0 days 00:00:41.766000,0 days 00:00:23.568000,4.0,SOFT,3.0,1
0 days 02:13:44.937000,MSC,43.0,0 days 00:01:38.137000,10.0,0 days 00:00:31.299000,0 days 00:00:42.703000,0 days 00:00:24.135000,3.0,SOFT,13.0,1
0 days 02:13:53.247000,SAI,44.0,0 days 00:01:39.699000,11.0,0 days 00:00:31.295000,0 days 00:00:42.035000,0 days 00:00:26.369000,3.0,MEDIUM,2.0,1
0 days 02:13:59.098000,PER,44.0,0 days 00:01:56.521000,4.0,0 days 00:00:51.953000,0 days 00:00:41.059000,0 days 00:00:23.509000,4.0,SOFT,5.0,1
0 days 02:14:02.569000,STR,43.0,0 days 00:01:39.462000,5.0,0 days 00:00:32.146000,0 days 00:00:43.021000,0 days 00:00:24.295000,3.0,MEDIUM,15.0,1
0 days 02:14:10.331000,ALB,43.0,0 days 00:01:39.325000,10.0,0 days 00:00:31.755000,0 days 00:00:43.299000,0 days 00:00:24.271000,3.0,MEDIUM,16.0,1
0 days 02:14:13.404000,HAM,44.0,0 days 00:01:41.007000,17.0,0 days 00:00:31.758000,0 days 00:00:42.680000,0 days 00:00:26.569000,3.0,MEDIUM,4.0,1
0 days 02:14:14.473000,RIC,43.0,0 days 00:01:39.421000,10.0,0 days 00:00:31.543000,0 days 00:00:43.454000,0 days 00:00:24.424000,3.0,HARD,17.0,1
0 days 02:14:25.153000,LAT,43.0,0 days 00:01:40.899000,11.0,0 days 00:00:31.849000,0 days 00:00:44.223000,0 days 00:00:24.827000,3.0,MEDIUM,19.0,1
0 days 02:14:26.156000,NOR,43.0,0 days 00:01:37.204000,2.0,0 days 00:00:31.325000,0 days 00:00:42.159000,0 days 00:00:23.720000,3.0,SOFT,18.0,1
0 days 02:14:27.269000,HUL,43.0,0 days 00:01:40.222000,6.0,0 days 00:00:32.634000,0 days 00:00:43.167000,0 days 00:00:24.421000,3.0,MEDIUM,20.0,1
0 days 02:14:28.056000,RUS,44.0,0 days 00:01:38.297000,11.0,0 days 00:00:31.311000,0 days 00:00:42.882000,0 days 00:00:24.104000,3.0,MEDIUM,6.0,1
0 days 02:14:43.724000,MAG,44.0,0 days 00:01:38.688000,10.0,0 days 00:00:31.623000,0 days 00:00:42.850000,0 days 00:00:24.215000,3.0,MEDIUM,7.0,1
0 days 02:14:50.765000,GAS,44.0,0 days 00:01:38.704000,12.0,0 days 00:00:31.563000,0 days 00:00:42.866000,0 days 00:00:24.275000,3.0,HARD,8.0,1
0 days 02:15:00.672000,OCO,44.0,0 days 00:01:56.780000,4.0,0 days 00:00:51.419000,0 days 00:00:41.660000,0 days 00:00:23.701000,4.0,SOFT,12.0,1
0 days 02:15:00.698000,TSU,44.0,0 days 00:01:41.039000,15.0,0 days 00:00:31.611000,0 days 00:00:42.801000,0 days 00:00:26.627000,3.0,SOFT,10.0,1
0 days 02:15:02.145000,BOT,44.0,0 days 00:01:38.386000,8.0,0 days 00:00:31.477000,0 days 00:00:42.794000,0 days 00:00:24.115000,3.0,MEDIUM,9.0,1
0 days 02:15:07.859000,ZHO,44.0,0 days 00:01:37.785000,7.0,0 days 00:00:31.262000,0 days 00:00:42.526000,0 days 00:00:23.997000,3.0,MEDIUM,11.0,1
0 days 02:15:12.638000,LEC,45.0,0 days 00:01:37.413000,14.0,0 days 00:00:31.297000,0 days 00:00:42.090000,0 days 00:00:24.026000,3.0,MEDIUM,1.0,1
0 days 02:15:23.074000,MSC,44.0,0 days 00:01:38.279000,11.0,0 days 00:00:31.275000,0 days 00:00:42.655000,0 days 00:00:24.349000,3.0,SOFT,13.0,1
0 days 02:15:25.946000,ALO,44.0,0 days 00:01:36.733000,2.0,0 days 00:00:31.065000,0 days 00:00:41.855000,0 days 00:00:23.813000,4.0,SOFT,14.0,1
0 days 02:15:32.946000,SAI,45.0,0 days 00:02:03.686000,4.0,0 days 00:00:51.201000,0 days 00:00:41.487000,0 days 00:00:30.998000,4.0,SOFT,3.0,16
0 days 02:15:39.761000,VER,45.0,0 days 00:01:35.747000,5.0,0 days 00:00:30.587000,0 days 00:00:41.430000,0 days 00:00:23.730000,4.0,SOFT,2.0,1
0 days 02:15:42.031000,STR,44.0,0 days 00:01:38.281000,6.0,0 days 00:00:31.459000,0 days 00:00:42.665000,0 days 00:00:24.157000,3.0,MEDIUM,15.0,16
0 days 02:15:49.656000,ALB,44.0,0 days 00:01:46.225000,11.0,0 days 00:00:31.590000,0 days 00:00:43.480000,0 days 00:00:31.155000,3.0,MEDIUM,16.0,16
0 days 02:15:53.894000,RIC,44.0,0 days 00:01:49.227000,11.0,0 days 00:00:32.841000,0 days 00:00:43.788000,0 days 00:00:32.598000,3.0,HARD,17.0,164
0 days 02:15:54.411000,HAM,45.0,0 days 00:02:11.741000,4.0,0 days 00:00:53.080000,0 days 00:00:47.415000,0 days 00:00:31.246000,4.0,SOFT,6.0,164
0 days 02:15:55.619000,PER,45.0,0 days 00:01:43.562000,5.0,0 days 00:00:30.784000,0 days 00:00:41.289000,0 days 00:00:31.489000,4.0,SOFT,4.0,16
0 days 02:16:03.360000,NOR,44.0,0 days 00:01:45.936000,3.0,0 days 00:00:31.091000,0 days 00:00:42.257000,0 days 00:00:32.588000,3.0,SOFT,18.0,164
0 days 02:16:06.052000,LAT,44.0,0 days 00:01:51.928000,12.0,0 days 00:00:32.215000,0 days 00:00:44.079000,0 days 00:00:35.634000,3.0,MEDIUM,19.0,164
0 days 02:16:06.353000,RUS,45.0,0 days 00:01:48.988000,12.0,0 days 00:00:31.210000,0 days 00:00:42.383000,0 days 00:00:35.395000,3.0,MEDIUM,5.0,164
0 days 02:16:07.491000,HUL,44.0,0 days 00:01:53.374000,7.0,0 days 00:00:31.459000,0 days 00:00:43.852000,0 days 00:00:38.063000,3.0,MEDIUM,20.0,164
0 days 02:16:22.412000,MAG,45.0,0 days 00:02:03.463000,11.0,0 days 00:00:31.352000,0 days 00:00:56.848000,0 days 00:00:35.263000,3.0,MEDIUM,7.0,164
0 days 02:16:29.469000,GAS,45.0,,13.0,,,,3.0,HARD,,164
0 days 02:16:40.531000,BOT,45.0,0 days 00:02:01.176000,9.0,0 days 00:00:31.276000,0 days 00:00:54.533000,0 days 00:00:35.367000,3.0,MEDIUM,8.0,164
0 days 02:16:41.737000,TSU,45.0,0 days 00:02:27.999000,4.0,0 days 00:00:59.221000,0 days 00:00:54.942000,0 days 00:00:33.836000,4.0,SOFT,12.0,164
0 days 02:16:45.644000,ZHO,45.0,0 days 00:02:01.756000,8.0,0 days 00:00:31.158000,0 days 00:00:55.353000,0 days 00:00:35.245000,3.0,MEDIUM,9.0,164
0 days 02:16:50.051000,LEC,46.0,0 days 00:02:05.151000,15.0,0 days 00:00:31.406000,0 days 00:00:58.116000,0 days 00:00:35.629000,3.0,MEDIUM,1.0,164
0 days 02:16:57.452000,OCO,45.0,0 days 00:02:04.785000,5.0,0 days 00:00:37.722000,0 days 00:00:54.374000,0 days 00:00:32.689000,4.0,SOFT,10.0,164
0 days 02:17:01.353000,MSC,45.0,0 days 00:02:07.252000,12.0,0 days 00:00:37.539000,0 days 00:00:55.902000,0 days 00:00:33.811000,3.0,SOFT,11.0,164
0 days 02:17:02.679000,ALO,45.0,0 days 00:02:07.867000,3.0,0 days 00:00:39.722000,0 days 00:00:54.815000,0 days 00:00:33.330000,4.0,SOFT,13.0,164
0 days 02:17:15.508000,VER,46.0,0 days 00:02:09.941000,6.0,0 days 00:00:42.102000,0 days 00:00:55.284000,0 days 00:00:32.555000,4.0,SOFT,2.0,164
0 days 02:17:20.312000,STR,45.0,0 days 00:02:13.896000,7.0,0 days 00:00:42.075000,0 days 00:00:55.126000,0 days 00:00:36.695000,3.0,MEDIUM,14.0,64
0 days 02:17:35.881000,ALB,45.0,0 days 00:02:08.156000,12.0,0 days 00:00:38.600000,0 days 00:00:57.659000,0 days 00:00:31.897000,3.0,MEDIUM,15.0,64
0 days 02:17:36.632000,SAI,46.0,0 days 00:02:08.331000,5.0,0 days 00:00:38.685000,0 days 00:00:57.888000,0 days 00:00:31.758000,4.0,SOFT,3.0,64
0 days 02:17:39.181000,PER,46.0,0 days 00:02:08.400000,6.0,0 days 00:00:39.258000,0 days 00:00:57.047000,0 days 00:00:32.095000,4.0,SOFT,4.0,64
0 days 02:17:43.121000,RIC,45.0,0 days 00:02:28.703000,1.0,0 days 00:01:01.768000,0 days 00:00:54.632000,0 days 00:00:32.303000,4.0,SOFT,18.0,4
0 days 02:17:49.296000,NOR,45.0,0 days 00:02:12.350000,4.0,0 days 00:00:45.209000,0 days 00:00:52.750000,0 days 00:00:34.391000,3.0,SOFT,16.0,4
0 days 02:17:55.341000,RUS,46.0,,3.0,0 days 00:01:00.154000,0 days 00:00:54.637000,0 days 00:00:35.758000,4.0,SOFT,6.0,4
0 days 02:17:57.980000,LAT,45.0,0 days 00:02:11.603000,13.0,0 days 00:00:42.297000,0 days 00:00:53.920000,0 days 00:00:35.386000,3.0,MEDIUM,17.0,4
0 days 02:18:00.865000,HUL,45.0,0 days 00:02:28.352000,1.0,0 days 00:00:57.862000,0 days 00:00:57.860000,0 days 00:00:32.630000,4.0,SOFT,19.0,4
0 days 02:18:06.152000,HAM,46.0,0 days 00:02:11.044000,5.0,0 days 00:00:41.232000,0 days 00:00:57.144000,0 days 00:00:32.668000,4.0,SOFT,5.0,4
0 days 02:18:25.875000,MAG,46.0,0 days 00:02:06.178000,12.0,0 days 00:00:34.201000,0 days 00:00:59.020000,0 days 00:00:32.957000,3.0,MEDIUM,7.0,4
0 days 02:18:41.707000,BOT,46.0,0 days 00:02:28.768000,3.0,0 days 00:00:59.110000,0 days 00:00:57.124000,0 days 00:00:32.534000,4.0,SOFT,8.0,4
0 days 02:18:47.400000,ZHO,46.0,,4.0,0 days 00:01:05.178000,0 days 00:00:56.415000,0 days 00:00:34.035000,4.0,SOFT,13.0,4
0 days 02:18:55.202000,LEC,47.0,,4.0,0 days 00:00:59.861000,0 days 00:01:01.262000,0 days 00:00:42.723000,4.0,SOFT,1.0,4
0 days 02:19:02.237000,OCO,46.0,0 days 00:02:11.055000,6.0,0 days 00:00:41.548000,0 days 00:00:57.783000,0 days 00:00:31.724000,4.0,SOFT,9.0,4
0 days 02:19:08.605000,MSC,46.0,0 days 00:02:10.214000,13.0,0 days 00:00:39.624000,0 days 00:00:57.497000,0 days 00:00:33.093000,3.0,SOFT,10.0,4
0 days 02:19:09.736000,TSU,46.0,0 days 00:02:10.216000,5.0,0 days 00:00:39.483000,0 days 00:00:57.628000,0 days 00:00:33.105000,4.0,SOFT,11.0,4
0 days 02:19:10.546000,ALO,46.0,0 days 00:02:10.714000,4.0,0 days 00:00:40.441000,0 days 00:00:56.927000,0 days 00:00:33.346000,4.0,SOFT,12.0,4
0 days 02:19:25.449000,VER,47.0,0 days 00:02:14.782000,7.0,0 days 00:00:40.845000,0 days 00:00:57.084000,0 days 00:00:36.853000,4.0,SOFT,2.0,4
0 days 02:19:34.208000,STR,46.0,0 days 00:02:29.264000,1.0,0 days 00:00:58.597000,0 days 00:00:57.219000,0 days 00:00:33.448000,4.0,SOFT,15.0,4
0 days 02:19:44.037000,ALB,46.0,0 days 00:02:12.997000,13.0,0 days 00:00:41.218000,0 days 00:00:57.255000,0 days 00:00:34.524000,3.0,MEDIUM,14.0,4
0 days 02:19:44.963000,SAI,47.0,0 days 00:02:12.959000,6.0,0 days 00:00:43.064000,0 days 00:00:55.290000,0 days 00:00:34.605000,4.0,SOFT,3.0,4
0 days 02:19:47.581000,PER,47.0,0 days 00:02:12.050000,7.0,0 days 00:00:42.339000,0 days 00:00:56.876000,0 days 00:00:32.835000,4.0,SOFT,4.0,4
0 days 02:20:01.646000,NOR,46.0,0 days 00:02:23.748000,4.0,0 days 00:00:53.998000,0 days 00:00:56.024000,0 days 00:00:33.726000,4.0,SOFT,17.0,4
0 days 02:20:09.583000,LAT,46.0,0 days 00:02:18.301000,4.0,0 days 00:00:56.911000,0 days 00:00:49.190000,0 days 00:00:32.200000,4.0,SOFT,18.0,4
0 days 02:20:11.824000,RIC,46.0,0 days 00:02:10.812000,2.0,0 days 00:00:41.448000,0 days 00:00:56.825000,0 days 00:00:32.539000,4.0,SOFT,16.0,4
0 days 02:20:17.196000,HAM,47.0,0 days 00:02:06.318000,6.0,0 days 00:00:36.644000,0 days 00:00:57.177000,0 days 00:00:32.497000,4.0,SOFT,5.0,4
0 days 02:20:25.936000,RUS,47.0,0 days 00:02:00.695000,4.0,0 days 00:00:32.588000,0 days 00:00:56.487000,0 days 00:00:31.620000,4.0,SOFT,6.0,4
0 days 02:20:29.217000,HUL,46.0,0 days 00:01:59.839000,2.0,0 days 00:00:38.135000,0 days 00:00:49.060000,0 days 00:00:32.644000,4.0,SOFT,19.0,4
0 days 02:20:32.053000,MAG,47.0,0 days 00:02:07.721000,4.0,0 days 00:00:54.881000,0 days 00:00:46.304000,0 days 00:00:26.536000,4.0,SOFT,7.0,4
0 days 02:21:10.475000,BOT,47.0,0 days 00:01:46.020000,4.0,0 days 00:00:35.242000,0 days 00:00:45.443000,0 days 00:00:25.335000,4.0,SOFT,8.0,4
0 days 02:21:13.292000,OCO,47.0,0 days 00:01:44.365000,7.0,0 days 00:00:33.736000,0 days 00:00:45.187000,0 days 00:00:25.442000,4.0,SOFT,9.0,4
0 days 02:21:18.819000,MSC,47.0,0 days 00:01:45.856000,14.0,0 days 00:00:34.776000,0 days 00:00:44.202000,0 days 00:00:26.878000,3.0,SOFT,10.0,4
0 days 02:21:19.952000,TSU,47.0,0 days 00:01:49.994000,6.0,0 days 00:00:36.596000,0 days 00:00:47.493000,0 days 00:00:25.905000,4.0,SOFT,11.0,4
0 days 02:21:21.260000,ALO,47.0,0 days 00:01:51.463000,5.0,0 days 00:00:36.484000,0 days 00:00:48.707000,0 days 00:00:26.272000,4.0,SOFT,12.0,4
0 days 02:21:23.086000,ZHO,47.0,0 days 00:01:52.222000,5.0,0 days 00:00:36.553000,0 days 00:00:48.280000,0 days 00:00:27.389000,4.0,SOFT,13.0,4
0 days 02:21:39.087000,LEC,48.0,,5.0,0 days 00:00:54.812000,0 days 00:01:02.723000,0 days 00:00:33.829000,4.0,SOFT,1.0,4
0 days 02:21:40.231000,VER,48.0,,8.0,0 days 00:00:54.606000,0 days 00:01:02.831000,0 days 00:00:34.327000,4.0,SOFT,2.0,4
0 days 02:21:57.034000,ALB,47.0,0 days 00:02:21.354000,4.0,0 days 00:00:53.805000,0 days 00:00:50.980000,0 days 00:00:36.569000,4.0,SOFT,15.0,4
0 days 02:21:57.922000,SAI,48.0,0 days 00:02:15.797000,7.0,0 days 00:00:38.130000,0 days 00:01:02.310000,0 days 00:00:35.357000,4.0,SOFT,3.0,4
0 days 02:21:59.631000,PER,48.0,0 days 00:02:16.085000,8.0,0 days 00:00:37.655000,0 days 00:01:02.212000,0 days 00:00:36.218000,4.0,SOFT,4.0,4
0 days 02:22:03.472000,STR,47.0,0 days 00:02:13.815000,2.0,0 days 00:00:35.724000,0 days 00:01:01.581000,0 days 00:00:36.510000,4.0,SOFT,14.0,4
0 days 02:22:22.636000,RIC,47.0,0 days 00:01:58.607000,3.0,0 days 00:00:33.662000,0 days 00:00:46.901000,0 days 00:00:38.044000,4.0,SOFT,16.0,4
0 days 02:22:23.514000,HAM,48.0,0 days 00:01:59.093000,7.0,0 days 00:00:33.683000,0 days 00:00:46.615000,0 days 00:00:38.795000,4.0,SOFT,5.0,4
0 days 02:22:25.394000,NOR,47.0,0 days 00:01:59.069000,5.0,0 days 00:00:33.186000,0 days 00:00:47.174000,0 days 00:00:38.709000,4.0,SOFT,17.0,4
0 days 02:22:26.631000,RUS,48.0,0 days 00:02:00.209000,5.0,0 days 00:00:35.713000,0 days 00:00:49.357000,0 days 00:00:35.139000,4.0,SOFT,6.0,4
0 days 02:22:27.884000,LAT,47.0,0 days 00:02:00.201000,5.0,0 days 00:00:35.530000,0 days 00:00:48.728000,0 days 00:00:35.943000,4.0,SOFT,18.0,4
0 days 02:22:29.056000,HUL,47.0,0 days 00:01:59.877000,3.0,0 days 00:00:36.697000,0 days 00:00:48.275000,0 days 00:00:34.905000,4.0,SOFT,19.0,4
0 days 02:22:39.774000,MAG,48.0,0 days 00:01:50.334000,5.0,0 days 00:00:34.434000,0 days 00:00:47.193000,0 days 00:00:28.707000,4.0,SOFT,7.0,4
0 days 02:22:56.495000,BOT,48.0,0 days 00:01:45.024000,5.0,0 days 00:00:33.723000,0 days 00:00:45.490000,0 days 00:00:25.811000,4.0,SOFT,8.0,4
0 days 02:22:57.657000,OCO,48.0,0 days 00:01:45.075000,8.0,0 days 00:00:34.538000,0 days 00:00:44.609000,0 days 00:00:25.928000,4.0,SOFT,9.0,4
0 days 02:23:04.675000,MSC,48.0,0 days 00:01:43.510000,15.0,0 days 00:00:33.542000,0 days 00:00:44.491000,0 days 00:00:25.477000,3.0,SOFT,10.0,4
0 days 02:23:09.946000,TSU,48.0,0 days 00:01:46.670000,7.0,0 days 00:00:34.698000,0 days 00:00:46.175000,0 days 00:00:25.797000,4.0,SOFT,11.0,4
0 days 02:23:12.723000,ALO,48.0,0 days 00:01:45.574000,6.0,0 days 00:00:33.956000,0 days 00:00:46.205000,0 days 00:00:25.413000,4.0,SOFT,12.0,4
0 days 02:23:15.308000,ZHO,48.0,0 days 00:01:46.950000,6.0,0 days 00:00:33.988000,0 days 00:00:46.864000,0 days 00:00:26.098000,4.0,SOFT,13.0,4
0 days 02:24:10.388000,LEC,49.0,0 days 00:02:26.221000,6.0,0 days 00:00:43.547000,0 days 00:01:08.540000,0 days 00:00:34.134000,4.0,SOFT,1.0,4
0 days 02:24:12.049000,VER,49.0,0 days 00:02:25.374000,9.0,0 days 00:00:43.039000,0 days 00:01:08.042000,0 days 00:00:34.293000,4.0,SOFT,2.0,4
0 days 02:24:13.719000,SAI,49.0,0 days 00:02:24.765000,8.0,0 days 00:00:42.173000,0 days 00:01:08.469000,0 days 00:00:34.123000,4.0,SOFT,3.0,4
0 days 02:24:15.716000,PER,49.0,0 days 00:02:25.098000,9.0,0 days 00:00:43.474000,0 days 00:01:06.188000,0 days 00:00:35.436000,4.0,SOFT,4.0,4
0 days 02:24:17.287000,STR,48.0,0 days 00:01:53.799000,3.0,0 days 00:00:43.062000,0 days 00:00:46.708000,0 days 00:00:24.029000,4.0,SOFT,14.0,4
0 days 02:24:18.388000,ALB,48.0,0 days 00:01:56.756000,5.0,0 days 00:00:44.074000,0 days 00:00:48.383000,0 days 00:00:24.299000,4.0,SOFT,15.0,4
0 days 02:24:21.243000,RIC,48.0,0 days 00:01:57.098000,4.0,0 days 00:00:42.026000,0 days 00:00:49.813000,0 days 00:00:25.259000,4.0,SOFT,16.0,4
0 days 02:24:22.607000,HAM,49.0,0 days 00:02:19.798000,8.0,0 days 00:00:42.471000,0 days 00:01:01.622000,0 days 00:00:35.705000,4.0,SOFT,5.0,4
0 days 02:24:24.463000,NOR,48.0,0 days 00:01:54.670000,6.0,0 days 00:00:43.456000,0 days 00:00:46.024000,0 days 00:00:25.190000,4.0,SOFT,17.0,4
0 days 02:24:26.840000,RUS,49.0,0 days 00:02:18.375000,6.0,0 days 00:00:42.135000,0 days 00:00:59.106000,0 days 00:00:37.134000,4.0,SOFT,6.0,4
0 days 02:24:28.085000,LAT,48.0,0 days 00:01:53.396000,6.0,0 days 00:00:41.578000,0 days 00:00:47.743000,0 days 00:00:24.075000,4.0,SOFT,18.0,4
0 days 02:24:28.933000,HUL,48.0,0 days 00:01:53.739000,4.0,0 days 00:00:42.056000,0 days 00:00:47.252000,0 days 00:00:24.431000,4.0,SOFT,19.0,4
0 days 02:24:30.108000,MAG,49.0,0 days 00:02:16.149000,6.0,0 days 00:00:41.504000,0 days 00:00:57.348000,0 days 00:00:37.297000,4.0,SOFT,7.0,4
0 days 02:24:41.519000,BOT,49.0,0 days 00:02:06.323000,6.0,0 days 00:00:34.143000,0 days 00:00:54.308000,0 days 00:00:37.872000,4.0,SOFT,8.0,4
0 days 02:24:42.732000,OCO,49.0,0 days 00:02:06.437000,9.0,0 days 00:00:34.357000,0 days 00:00:53.759000,0 days 00:00:38.321000,4.0,SOFT,9.0,4
0 days 02:24:48.185000,MSC,49.0,0 days 00:02:01.897000,16.0,0 days 00:00:33.138000,0 days 00:00:50.369000,0 days 00:00:38.390000,3.0,SOFT,10.0,4
0 days 02:24:56.616000,TSU,49.0,0 days 00:01:54.405000,8.0,0 days 00:00:32.957000,0 days 00:00:44.675000,0 days 00:00:36.773000,4.0,SOFT,11.0,4
0 days 02:24:58.297000,ALO,49.0,0 days 00:01:53.977000,7.0,0 days 00:00:33.127000,0 days 00:00:46.840000,0 days 00:00:34.010000,4.0,SOFT,12.0,4
0 days 02:25:02.258000,ZHO,49.0,0 days 00:01:51.232000,7.0,0 days 00:00:33.642000,0 days 00:00:44.516000,0 days 00:00:33.074000,4.0,SOFT,13.0,4
0 days 02:26:11.086000,STR,49.0,0 days 00:01:37.146000,4.0,0 days 00:00:31.285000,0 days 00:00:41.966000,0 days 00:00:23.895000,4.0,SOFT,14.0,4
0 days 02:26:15.144000,ALB,49.0,0 days 00:01:40.113000,6.0,0 days 00:00:32.215000,0 days 00:00:44.041000,0 days 00:00:23.857000,4.0,SOFT,15.0,4
0 days 02:26:18.341000,RIC,49.0,0 days 00:01:39.453000,5.0,0 days 00:00:32.538000,0 days 00:00:42.985000,0 days 00:00:23.930000,4.0,SOFT,16.0,4
0 days 02:26:19.133000,NOR,49.0,0 days 00:01:39.907000,7.0,0 days 00:00:32.302000,0 days 00:00:43.259000,0 days 00:00:24.346000,4.0,SOFT,17.0,4
0 days 02:26:21.481000,LAT,49.0,0 days 00:01:38.651000,7.0,0 days 00:00:31.292000,0 days 00:00:43.275000,0 days 00:00:24.084000,4.0,SOFT,18.0,4
0 days 02:26:22.672000,HUL,49.0,0 days 00:01:38.201000,5.0,0 days 00:00:31.352000,0 days 00:00:42.526000,0 days 00:00:24.323000,4.0,SOFT,19.0,4
0 days 02:26:36.609000,LEC,50.0,0 days 00:02:24.429000,7.0,0 days 00:00:44.857000,0 days 00:00:59.538000,0 days 00:00:40.034000,4.0,SOFT,1.0,41
0 days 02:26:37.423000,VER,50.0,0 days 00:02:24.508000,10.0,0 days 00:00:45.067000,0 days 00:00:59.062000,0 days 00:00:40.379000,4.0,SOFT,2.0,41
0 days 02:26:38.484000,SAI,50.0,0 days 00:02:23.514000,9.0,0 days 00:00:44.687000,0 days 00:00:59.207000,0 days 00:00:39.620000,4.0,SOFT,3.0,41
0 days 02:26:40.814000,PER,50.0,0 days 00:02:21.747000,10.0,0 days 00:00:44.248000,0 days 00:00:58.330000,0 days 00:00:39.169000,4.0,SOFT,4.0,41
0 days 02:26:42.405000,HAM,50.0,0 days 00:02:20.564000,9.0,0 days 00:00:44.182000,0 days 00:00:58.128000,0 days 00:00:38.254000,4.0,SOFT,5.0,41
0 days 02:26:45.215000,RUS,50.0,0 days 00:02:18.204000,7.0,0 days 00:00:42.699000,0 days 00:00:58.058000,0 days 00:00:37.447000,4.0,SOFT,6.0,41
0 days 02:26:46.257000,MAG,50.0,0 days 00:02:17.630000,7.0,0 days 00:00:42.474000,0 days 00:00:57.734000,0 days 00:00:37.422000,4.0,SOFT,7.0,41
0 days 02:26:47.842000,BOT,50.0,0 days 00:02:16.411000,7.0,0 days 00:00:41.637000,0 days 00:00:57.746000,0 days 00:00:37.028000,4.0,SOFT,8.0,41
0 days 02:26:49.169000,OCO,50.0,0 days 00:02:15.414000,10.0,0 days 00:00:41.434000,0 days 00:00:57.178000,0 days 00:00:36.802000,4.0,SOFT,9.0,41
0 days 02:26:50.082000,MSC,50.0,0 days 00:02:15.042000,17.0,0 days 00:00:41.019000,0 days 00:00:57.374000,0 days 00:00:36.649000,3.0,SOFT,10.0,41
0 days 02:26:51.021000,TSU,50.0,0 days 00:02:14.320000,9.0,0 days 00:00:41.327000,0 days 00:00:56.781000,0 days 00:00:36.212000,4.0,SOFT,11.0,41
0 days 02:26:52.274000,ALO,50.0,0 days 00:02:13.261000,8.0,0 days 00:00:42.073000,0 days 00:00:55.761000,0 days 00:00:35.427000,4.0,SOFT,12.0,41
0 days 02:26:53.490000,ZHO,50.0,0 days 00:02:12.681000,8.0,0 days 00:00:41.802000,0 days 00:00:56.496000,0 days 00:00:34.383000,4.0,SOFT,13.0,41
0 days 02:27:48.232000,STR,50.0,0 days 00:01:37.326000,5.0,0 days 00:00:31.343000,0 days 00:00:41.993000,0 days 00:00:23.990000,4.0,SOFT,14.0,41
0 days 02:27:55.257000,ALB,50.0,0 days 00:01:37.355000,7.0,0 days 00:00:31.111000,0 days 00:00:42.380000,0 days 00:00:23.864000,4.0,SOFT,15.0,41
0 days 02:27:57.794000,RIC,50.0,0 days 00:01:37.261000,6.0,0 days 00:00:31.124000,0 days 00:00:42.142000,0 days 00:00:23.995000,4.0,SOFT,16.0,41
0 days 02:27:59.040000,NOR,50.0,0 days 00:01:38.098000,8.0,0 days 00:00:32.041000,0 days 00:00:42.222000,0 days 00:00:23.835000,4.0,SOFT,17.0,41
0 days 02:28:00.132000,LAT,50.0,0 days 00:01:38.335000,8.0,0 days 00:00:31.497000,0 days 00:00:42.904000,0 days 00:00:23.934000,4.0,SOFT,18.0,41
0 days 02:28:00.873000,HUL,50.0,0 days 00:01:38.299000,6.0,0 days 00:00:31.400000,0 days 00:00:42.688000,0 days 00:00:24.211000,4.0,SOFT,19.0,41
0 days 02:29:01.038000,LEC,51.0,0 days 00:01:34.570000,8.0,0 days 00:00:30.439000,0 days 00:00:40.732000,0 days 00:00:23.399000,4.0,SOFT,1.0,1
0 days 02:29:01.931000,VER,51.0,0 days 00:01:35.440000,11.0,0 days 00:00:30.521000,0 days 00:00:41.270000,0 days 00:00:23.649000,4.0,SOFT,2.0,1
0 days 02:29:01.998000,SAI,51.0,0 days 00:01:35.992000,10.0,0 days 00:00:30.817000,0 days 00:00:41.508000,0 days 00:00:23.667000,4.0,SOFT,3.0,1
0 days 02:29:02.561000,PER,51.0,0 days 00:01:36.389000,11.0,0 days 00:00:30.881000,0 days 00:00:41.705000,0 days 00:00:23.803000,4.0,SOFT,4.0,1
0 days 02:29:02.969000,HAM,51.0,0 days 00:01:36.487000,10.0,0 days 00:00:31.192000,0 days 00:00:41.611000,0 days 00:00:23.684000,4.0,SOFT,5.0,1
0 days 02:29:03.419000,RUS,51.0,0 days 00:01:36.940000,8.0,0 days 00:00:31.430000,0 days 00:00:41.843000,0 days 00:00:23.667000,4.0,SOFT,6.0,1
0 days 02:29:03.887000,MAG,51.0,0 days 00:01:37.343000,8.0,0 days 00:00:31.108000,0 days 00:00:42.324000,0 days 00:00:23.911000,4.0,SOFT,7.0,1
0 days 02:29:04.253000,BOT,51.0,0 days 00:01:37.589000,8.0,0 days 00:00:31.572000,0 days 00:00:42.131000,0 days 00:00:23.886000,4.0,SOFT,8.0,1
0 days 02:29:04.583000,OCO,51.0,0 days 00:01:38.145000,11.0,0 days 00:00:31.630000,0 days 00:00:42.494000,0 days 00:00:24.021000,4.0,SOFT,9.0,1
0 days 02:29:05.124000,MSC,51.0,0 days 00:01:40.528000,18.0,0 days 00:00:31.772000,0 days 00:00:44.161000,0 days 00:00:24.595000,3.0,SOFT,12.0,1
0 days 02:29:05.341000,TSU,51.0,0 days 00:01:38.166000,10.0,0 days 00:00:31.398000,0 days 00:00:42.632000,0 days 00:00:24.136000,4.0,SOFT,10.0,1
0 days 02:29:05.535000,ALO,51.0,0 days 00:01:39.006000,9.0,0 days 00:00:31.587000,0 days 00:00:43.468000,0 days 00:00:23.951000,4.0,SOFT,11.0,1
0 days 02:29:06.171000,ZHO,51.0,0 days 00:01:39.725000,9.0,0 days 00:00:31.323000,0 days 00:00:43.823000,0 days 00:00:24.579000,4.0,SOFT,13.0,1
0 days 02:29:25.558000,STR,51.0,0 days 00:01:37.274000,6.0,0 days 00:00:31.146000,0 days 00:00:42.102000,0 days 00:00:24.026000,4.0,SOFT,14.0,1
0 days 02:29:32.612000,ALB,51.0,0 days 00:01:37.702000,8.0,0 days 00:00:31.241000,0 days 00:00:42.411000,0 days 00:00:24.050000,4.0,SOFT,15.0,1
0 days 02:29:35.055000,RIC,51.0,0 days 00:01:37.580000,7.0,0 days 00:00:31.184000,0 days 00:00:42.192000,0 days 00:00:24.204000,4.0,SOFT,16.0,1
0 days 02:29:37.138000,NOR,51.0,0 days 00:01:36.988000,9.0,0 days 00:00:31.056000,0 days 00:00:41.954000,0 days 00:00:23.978000,4.0,SOFT,17.0,1
0 days 02:29:38.467000,LAT,51.0,0 days 00:01:38.251000,9.0,0 days 00:00:31.141000,0 days 00:00:42.974000,0 days 00:00:24.136000,4.0,SOFT,18.0,1
0 days 02:29:39.172000,HUL,51.0,0 days 00:01:38.243000,7.0,0 days 00:00:31.385000,0 days 00:00:42.491000,0 days 00:00:24.367000,4.0,SOFT,19.0,1
0 days 02:30:35.608000,LEC,52.0,0 days 00:01:35.027000,9.0,0 days 00:00:30.709000,0 days 00:00:40.854000,0 days 00:00:23.464000,4.0,SOFT,1.0,1
0 days 02:30:37.371000,VER,52.0,0 days 00:01:35.462000,12.0,0 days 00:00:30.578000,0 days 00:00:41.319000,0 days 00:00:23.565000,4.0,SOFT,2.0,1
0 days 02:30:37.990000,SAI,52.0,0 days 00:01:35.740000,11.0,0 days 00:00:30.813000,0 days 00:00:41.222000,0 days 00:00:23.705000,4.0,SOFT,3.0,1
0 days 02:30:38.950000,PER,52.0,0 days 00:01:36.089000,12.0,0 days 00:00:30.825000,0 days 00:00:41.519000,0 days 00:00:23.745000,4.0,SOFT,4.0,1
0 days 02:30:39.456000,HAM,52.0,0 days 00:01:36.360000,11.0,0 days 00:00:30.971000,0 days 00:00:41.771000,0 days 00:00:23.618000,4.0,SOFT,5.0,1
0 days 02:30:40.359000,RUS,52.0,0 days 00:01:36.529000,9.0,0 days 00:00:31.130000,0 days 00:00:41.790000,0 days 00:00:23.609000,4.0,SOFT,6.0,1
0 days 02:30:41.230000,MAG,52.0,0 days 00:01:36.860000,9.0,0 days 00:00:31.051000,0 days 00:00:42.022000,0 days 00:00:23.787000,4.0,SOFT,7.0,1
0 days 02:30:41.842000,BOT,52.0,0 days 00:01:37.060000,9.0,0 days 00:00:31.250000,0 days 00:00:42.034000,0 days 00:00:23.776000,4.0,SOFT,8.0,1
0 days 02:30:42.728000,OCO,52.0,0 days 00:01:37.367000,12.0,0 days 00:00:31.204000,0 days 00:00:42.155000,0 days 00:00:24.008000,4.0,SOFT,9.0,1
0 days 02:30:43.507000,TSU,52.0,0 days 00:01:37.475000,11.0,0 days 00:00:31.212000,0 days 00:00:42.316000,0 days 00:00:23.947000,4.0,SOFT,10.0,1
0 days 02:30:44.541000,ALO,52.0,0 days 00:01:37.538000,10.0,0 days 00:00:31.292000,0 days 00:00:42.145000,0 days 00:00:24.101000,4.0,SOFT,11.0,1
0 days 02:30:45.652000,MSC,52.0,0 days 00:01:39.537000,19.0,0 days 00:00:31.717000,0 days 00:00:43.270000,0 days 00:00:24.550000,3.0,SOFT,13.0,1
0 days 02:30:45.896000,ZHO,52.0,0 days 00:01:38.278000,10.0,0 days 00:00:31.837000,0 days 00:00:42.618000,0 days 00:00:23.823000,4.0,SOFT,12.0,1
0 days 02:31:02.832000,STR,52.0,0 days 00:01:37.622000,7.0,0 days 00:00:31.356000,0 days 00:00:42.258000,0 days 00:00:24.008000,4.0,SOFT,14.0,1
0 days 02:31:10.314000,ALB,52.0,0 days 00:01:37.717000,9.0,0 days 00:00:31.141000,0 days 00:00:42.491000,0 days 00:00:24.085000,4.0,SOFT,15.0,1
0 days 02:31:12.635000,RIC,52.0,0 days 00:01:37.654000,8.0,0 days 00:00:31.326000,0 days 00:00:42.252000,0 days 00:00:24.076000,4.0,SOFT,16.0,1
0 days 02:31:14.126000,NOR,52.0,0 days 00:01:37.208000,10.0,0 days 00:00:31.204000,0 days 00:00:41.991000,0 days 00:00:24.013000,4.0,SOFT,17.0,1
0 days 02:31:16.718000,LAT,52.0,0 days 00:01:38.466000,10.0,0 days 00:00:31.330000,0 days 00:00:43.100000,0 days 00:00:24.036000,4.0,SOFT,18.0,1
0 days 02:31:17.415000,HUL,52.0,0 days 00:01:38.599000,8.0,0 days 00:00:31.439000,0 days 00:00:42.849000,0 days 00:00:24.311000,4.0,SOFT,19.0,1
0 days 02:32:10.635000,LEC,53.0,0 days 00:01:35.127000,10.0,0 days 00:00:30.661000,0 days 00:00:40.910000,0 days 00:00:23.556000,4.0,SOFT,1.0,1
0 days 02:32:12.833000,VER,53.0,0 days 00:01:35.927000,13.0,0 days 00:00:30.517000,0 days 00:00:41.435000,0 days 00:00:23.975000,4.0,SOFT,2.0,1
0 days 02:32:13.730000,SAI,53.0,0 days 00:01:35.880000,12.0,0 days 00:00:30.754000,0 days 00:00:41.421000,0 days 00:00:23.705000,4.0,SOFT,3.0,1
0 days 02:32:15.039000,PER,53.0,0 days 00:01:36.113000,13.0,0 days 00:00:30.794000,0 days 00:00:41.527000,0 days 00:00:23.792000,4.0,SOFT,4.0,1
0 days 02:32:15.816000,HAM,53.0,0 days 00:01:36.228000,12.0,0 days 00:00:30.902000,0 days 00:00:41.576000,0 days 00:00:23.750000,4.0,SOFT,5.0,1
0 days 02:32:16.888000,RUS,53.0,0 days 00:01:36.367000,10.0,0 days 00:00:31.037000,0 days 00:00:41.722000,0 days 00:00:23.608000,4.0,SOFT,6.0,1
0 days 02:32:18.090000,MAG,53.0,0 days 00:01:36.623000,10.0,0 days 00:00:30.890000,0 days 00:00:41.903000,0 days 00:00:23.830000,4.0,SOFT,7.0,1
0 days 02:32:18.902000,BOT,53.0,0 days 00:01:36.599000,10.0,0 days 00:00:30.888000,0 days 00:00:41.967000,0 days 00:00:23.744000,4.0,SOFT,8.0,1
0 days 02:32:20.095000,OCO,53.0,0 days 00:01:37.110000,13.0,0 days 00:00:31.005000,0 days 00:00:42.135000,0 days 00:00:23.970000,4.0,SOFT,9.0,1
0 days 02:32:20.982000,TSU,53.0,0 days 00:01:37.104000,12.0,0 days 00:00:31.025000,0 days 00:00:42.242000,0 days 00:00:23.837000,4.0,SOFT,10.0,1
0 days 02:32:22.079000,ALO,53.0,0 days 00:01:37.396000,11.0,0 days 00:00:31.322000,0 days 00:00:42.100000,0 days 00:00:23.974000,4.0,SOFT,11.0,1
0 days 02:32:24.174000,ZHO,53.0,0 days 00:01:37.162000,11.0,0 days 00:00:31.176000,0 days 00:00:42.143000,0 days 00:00:23.843000,4.0,SOFT,12.0,1
0 days 02:32:25.189000,MSC,53.0,0 days 00:01:38.537000,20.0,0 days 00:00:31.443000,0 days 00:00:42.769000,0 days 00:00:24.325000,3.0,SOFT,13.0,1
0 days 02:32:40.454000,STR,53.0,0 days 00:01:38.678000,8.0,0 days 00:00:31.293000,0 days 00:00:43.332000,0 days 00:00:24.053000,4.0,SOFT,14.0,1
0 days 02:32:48.031000,ALB,53.0,0 days 00:01:38.073000,10.0,0 days 00:00:31.314000,0 days 00:00:42.620000,0 days 00:00:24.139000,4.0,SOFT,15.0,1
0 days 02:32:50.289000,RIC,53.0,0 days 00:01:37.671000,9.0,0 days 00:00:31.305000,0 days 00:00:42.239000,0 days 00:00:24.127000,4.0,SOFT,16.0,1
0 days 02:32:51.334000,NOR,53.0,0 days 00:01:37.468000,11.0,0 days 00:00:31.037000,0 days 00:00:42.137000,0 days 00:00:24.294000,4.0,SOFT,17.0,1
0 days 02:32:55.184000,LAT,53.0,0 days 00:01:38.452000,11.0,0 days 00:00:31.331000,0 days 00:00:43.027000,0 days 00:00:24.094000,4.0,SOFT,18.0,1
0 days 02:32:56.014000,HUL,53.0,0 days 00:01:38.452000,9.0,0 days 00:00:31.355000,0 days 00:00:42.670000,0 days 00:00:24.427000,4.0,SOFT,19.0,1
0 days 02:33:45.762000,LEC,54.0,0 days 00:01:35.429000,11.0,0 days 00:00:30.769000,0 days 00:00:41.126000,0 days 00:00:23.534000,4.0,SOFT,1.0,1
0 days 02:33:48.760000,VER,54.0,0 days 00:02:04.094000,14.0,0 days 00:00:31.367000,0 days 00:00:43.081000,0 days 00:00:49.646000,4.0,SOFT,13.0,1
0 days 02:33:49.610000,SAI,54.0,0 days 00:01:36.565000,13.0,0 days 00:00:30.833000,0 days 00:00:42.041000,0 days 00:00:23.691000,4.0,SOFT,2.0,1
0 days 02:33:51.152000,PER,54.0,0 days 00:01:36.755000,14.0,0 days 00:00:30.895000,0 days 00:00:41.788000,0 days 00:00:24.072000,4.0,SOFT,3.0,1
0 days 02:33:52.044000,HAM,54.0,0 days 00:01:36.354000,13.0,0 days 00:00:30.629000,0 days 00:00:41.772000,0 days 00:00:23.953000,4.0,SOFT,4.0,1
0 days 02:33:53.255000,RUS,54.0,0 days 00:01:36.592000,11.0,0 days 00:00:31.104000,0 days 00:00:41.593000,0 days 00:00:23.895000,4.0,SOFT,5.0,1
0 days 02:33:54.713000,MAG,54.0,0 days 00:01:36.960000,11.0,0 days 00:00:30.948000,0 days 00:00:42.123000,0 days 00:00:23.889000,4.0,SOFT,6.0,1
0 days 02:33:55.501000,BOT,54.0,0 days 00:01:36.959000,11.0,0 days 00:00:30.676000,0 days 00:00:42.341000,0 days 00:00:23.942000,4.0,SOFT,7.0,1
0 days 02:33:57.205000,OCO,54.0,0 days 00:01:37.299000,14.0,0 days 00:00:31.155000,0 days 00:00:42.243000,0 days 00:00:23.901000,4.0,SOFT,8.0,1
0 days 02:33:58.086000,TSU,54.0,0 days 00:01:37.268000,13.0,0 days 00:00:30.808000,0 days 00:00:42.381000,0 days 00:00:24.079000,4.0,SOFT,9.0,1
0 days 02:33:59.475000,ALO,54.0,0 days 00:01:37.303000,12.0,0 days 00:00:31.171000,0 days 00:00:42.093000,0 days 00:00:24.039000,4.0,SOFT,10.0,1
0 days 02:34:01.336000,ZHO,54.0,0 days 00:01:37.247000,12.0,0 days 00:00:31.067000,0 days 00:00:42.082000,0 days 00:00:24.098000,4.0,SOFT,11.0,1
0 days 02:34:03.726000,MSC,54.0,0 days 00:01:38.747000,21.0,0 days 00:00:31.420000,0 days 00:00:42.955000,0 days 00:00:24.372000,3.0,SOFT,12.0,1
0 days 02:34:19.132000,STR,54.0,0 days 00:01:37.877000,9.0,0 days 00:00:31.322000,0 days 00:00:42.375000,0 days 00:00:24.180000,4.0,SOFT,14.0,1
0 days 02:34:26.104000,ALB,54.0,0 days 00:01:38.356000,11.0,0 days 00:00:31.301000,0 days 00:00:42.889000,0 days 00:00:24.166000,4.0,SOFT,15.0,1
0 days 02:34:27.960000,RIC,54.0,0 days 00:01:38.120000,10.0,0 days 00:00:31.385000,0 days 00:00:42.493000,0 days 00:00:24.242000,4.0,SOFT,16.0,1
0 days 02:34:28.802000,NOR,54.0,0 days 00:01:38.018000,12.0,0 days 00:00:30.991000,0 days 00:00:42.707000,0 days 00:00:24.320000,4.0,SOFT,17.0,1
0 days 02:34:33.636000,LAT,54.0,0 days 00:01:38.707000,12.0,0 days 00:00:31.308000,0 days 00:00:43.130000,0 days 00:00:24.269000,4.0,SOFT,18.0,1
0 days 02:34:34.466000,HUL,54.0,0 days 00:01:38.533000,10.0,0 days 00:00:31.114000,0 days 00:00:42.958000,0 days 00:00:24.461000,4.0,SOFT,19.0,1
0 days 02:35:21.191000,LEC,55.0,0 days 00:01:35.427000,12.0,0 days 00:00:30.818000,0 days 00:00:41.043000,0 days 00:00:23.566000,4.0,SOFT,1.0,1
0 days 02:35:26.175000,SAI,55.0,0 days 00:01:36.075000,14.0,0 days 00:00:30.895000,0 days 00:00:41.475000,0 days 00:00:23.705000,4.0,SOFT,2.0,1
0 days 02:35:27.907000,PER,55.0,0 days 00:01:36.436000,15.0,0 days 00:00:30.854000,0 days 00:00:41.704000,0 days 00:00:23.878000,4.0,SOFT,3.0,1
0 days 02:35:28.398000,HAM,55.0,0 days 00:01:36.566000,14.0,0 days 00:00:30.793000,0 days 00:00:41.958000,0 days 00:00:23.815000,4.0,SOFT,4.0,1
0 days 02:35:29.847000,RUS,55.0,0 days 00:01:36.395000,12.0,0 days 00:00:30.808000,0 days 00:00:41.842000,0 days 00:00:23.745000,4.0,SOFT,5.0,1
0 days 02:35:31.673000,MAG,55.0,0 days 00:01:36.937000,12.0,0 days 00:00:31.045000,0 days 00:00:42.004000,0 days 00:00:23.888000,4.0,SOFT,6.0,1
0 days 02:35:32.460000,BOT,55.0,0 days 00:01:37.217000,12.0,0 days 00:00:30.818000,0 days 00:00:42.342000,0 days 00:00:24.057000,4.0,SOFT,7.0,1
0 days 02:35:34.504000,OCO,55.0,0 days 00:01:37.251000,15.0,0 days 00:00:31.091000,0 days 00:00:42.165000,0 days 00:00:23.995000,4.0,SOFT,8.0,1
0 days 02:35:35.354000,TSU,55.0,0 days 00:01:37.264000,14.0,0 days 00:00:30.711000,0 days 00:00:42.335000,0 days 00:00:24.218000,4.0,SOFT,9.0,1
0 days 02:35:36.778000,ALO,55.0,0 days 00:01:37.672000,13.0,0 days 00:00:31.239000,0 days 00:00:42.303000,0 days 00:00:24.130000,4.0,SOFT,10.0,1
0 days 02:35:38.583000,ZHO,55.0,0 days 00:01:37.132000,13.0,0 days 00:00:31.079000,0 days 00:00:42.112000,0 days 00:00:23.941000,4.0,SOFT,11.0,1
0 days 02:35:42.473000,MSC,55.0,0 days 00:01:39.201000,22.0,0 days 00:00:31.507000,0 days 00:00:43.217000,0 days 00:00:24.477000,3.0,SOFT,12.0,1
0 days 02:35:57.009000,STR,55.0,0 days 00:01:38.328000,10.0,0 days 00:00:31.478000,0 days 00:00:42.668000,0 days 00:00:24.182000,4.0,SOFT,13.0,1
0 days 02:36:04.460000,ALB,55.0,0 days 00:01:38.826000,12.0,0 days 00:00:31.391000,0 days 00:00:43.089000,0 days 00:00:24.346000,4.0,SOFT,14.0,1
0 days 02:36:06.080000,RIC,55.0,0 days 00:01:38.639000,11.0,0 days 00:00:31.561000,0 days 00:00:42.646000,0 days 00:00:24.432000,4.0,SOFT,15.0,1
0 days 02:36:06.820000,NOR,55.0,0 days 00:01:38.660000,13.0,0 days 00:00:31.487000,0 days 00:00:42.771000,0 days 00:00:24.402000,4.0,SOFT,16.0,1
0 days 02:36:12.343000,LAT,55.0,0 days 00:01:39.119000,13.0,0 days 00:00:31.573000,0 days 00:00:43.276000,0 days 00:00:24.270000,4.0,SOFT,17.0,1
0 days 02:36:12.999000,HUL,55.0,0 days 00:01:39.236000,11.0,0 days 00:00:31.460000,0 days 00:00:43.089000,0 days 00:00:24.687000,4.0,SOFT,18.0,1
0 days 02:36:56.618000,LEC,56.0,0 days 00:01:35.673000,13.0,0 days 00:00:30.859000,0 days 00:00:41.191000,0 days 00:00:23.623000,4.0,SOFT,1.0,1
0 days 02:37:02.250000,SAI,56.0,0 days 00:01:35.767000,15.0,0 days 00:00:30.796000,0 days 00:00:41.317000,0 days 00:00:23.654000,4.0,SOFT,2.0,1
0 days 02:37:04.343000,PER,56.0,0 days 00:01:36.286000,16.0,0 days 00:00:30.819000,0 days 00:00:41.552000,0 days 00:00:23.915000,4.0,SOFT,3.0,1
0 days 02:37:04.964000,HAM,56.0,0 days 00:01:36.481000,15.0,0 days 00:00:30.773000,0 days 00:00:41.807000,0 days 00:00:23.901000,4.0,SOFT,4.0,1
0 days 02:37:06.242000,RUS,56.0,0 days 00:01:36.302000,13.0,0 days 00:00:31.060000,0 days 00:00:41.554000,0 days 00:00:23.688000,4.0,SOFT,5.0,1
0 days 02:37:08.610000,MAG,56.0,0 days 00:01:37.091000,13.0,0 days 00:00:31.050000,0 days 00:00:42.031000,0 days 00:00:24.010000,4.0,SOFT,6.0,1
0 days 02:37:09.677000,BOT,56.0,0 days 00:01:37.260000,13.0,0 days 00:00:30.821000,0 days 00:00:42.488000,0 days 00:00:23.951000,4.0,SOFT,7.0,1
0 days 02:37:11.755000,OCO,56.0,0 days 00:01:37.680000,16.0,0 days 00:00:31.273000,0 days 00:00:42.375000,0 days 00:00:24.032000,4.0,SOFT,8.0,1
0 days 02:37:12.618000,TSU,56.0,0 days 00:01:37.565000,15.0,0 days 00:00:30.893000,0 days 00:00:42.494000,0 days 00:00:24.178000,4.0,SOFT,9.0,1
0 days 02:37:14.450000,ALO,56.0,0 days 00:01:37.642000,14.0,0 days 00:00:31.263000,0 days 00:00:42.318000,0 days 00:00:24.061000,4.0,SOFT,10.0,1
0 days 02:37:15.715000,ZHO,56.0,0 days 00:01:37.154000,14.0,0 days 00:00:30.908000,0 days 00:00:42.185000,0 days 00:00:24.061000,4.0,SOFT,11.0,1
0 days 02:37:21.674000,MSC,56.0,0 days 00:01:39.090000,23.0,0 days 00:00:31.470000,0 days 00:00:43.168000,0 days 00:00:24.452000,3.0,SOFT,12.0,12
0 days 02:37:35.337000,STR,56.0,0 days 00:01:38.829000,11.0,0 days 00:00:31.736000,0 days 00:00:42.725000,0 days 00:00:24.368000,4.0,SOFT,13.0,12
0 days 02:37:43.286000,ALB,56.0,0 days 00:01:39.202000,13.0,0 days 00:00:31.686000,0 days 00:00:43.038000,0 days 00:00:24.478000,4.0,SOFT,14.0,12
0 days 02:37:44.719000,RIC,56.0,0 days 00:01:38.860000,12.0,0 days 00:00:31.595000,0 days 00:00:42.858000,0 days 00:00:24.407000,4.0,SOFT,15.0,12
0 days 02:37:45.480000,NOR,56.0,0 days 00:01:38.987000,14.0,0 days 00:00:31.371000,0 days 00:00:42.999000,0 days 00:00:24.617000,4.0,SOFT,16.0,12
0 days 02:37:51.462000,LAT,56.0,0 days 00:01:39.145000,14.0,0 days 00:00:31.464000,0 days 00:00:43.303000,0 days 00:00:24.378000,4.0,SOFT,17.0,12
0 days 02:37:52.235000,HUL,56.0,0 days 00:01:39.102000,12.0,0 days 00:00:31.394000,0 days 00:00:43.118000,0 days 00:00:24.590000,4.0,SOFT,18.0,12
0 days 02:38:32.291000,LEC,57.0,0 days 00:01:36.373000,14.0,0 days 00:00:30.927000,0 days 00:00:41.677000,0 days 00:00:23.769000,4.0,SOFT,1.0,12
0 days 02:38:38.017000,SAI,57.0,0 days 00:01:36.269000,16.0,0 days 00:00:30.890000,0 days 00:00:41.561000,0 days 00:00:23.818000,4.0,SOFT,2.0,12
0 days 02:38:40.629000,PER,57.0,,17.0,,,,4.0,SOFT,,12
0 days 02:38:41.445000,HAM,57.0,0 days 00:01:36.918000,16.0,0 days 00:00:31.382000,0 days 00:00:41.762000,0 days 00:00:23.774000,4.0,SOFT,3.0,12
0 days 02:38:42.544000,RUS,57.0,0 days 00:01:37.401000,14.0,0 days 00:00:31.737000,0 days 00:00:41.929000,0 days 00:00:23.735000,4.0,SOFT,4.0,12
0 days 02:38:45.701000,MAG,57.0,0 days 00:01:37.741000,14.0,0 days 00:00:31.338000,0 days 00:00:42.474000,0 days 00:00:23.929000,4.0,SOFT,5.0,12
0 days 02:38:46.937000,BOT,57.0,0 days 00:01:37.870000,14.0,0 days 00:00:31.430000,0 days 00:00:42.479000,0 days 00:00:23.961000,4.0,SOFT,6.0,12
0 days 02:38:49.435000,OCO,57.0,0 days 00:01:38.676000,17.0,0 days 00:00:31.981000,0 days 00:00:42.512000,0 days 00:00:24.183000,4.0,SOFT,7.0,12
0 days 02:38:50.183000,TSU,57.0,0 days 00:01:38.891000,16.0,0 days 00:00:31.960000,0 days 00:00:42.692000,0 days 00:00:24.239000,4.0,SOFT,8.0,12
0 days 02:38:52.092000,ALO,57.0,0 days 00:01:38.986000,15.0,0 days 00:00:32.243000,0 days 00:00:42.566000,0 days 00:00:24.177000,4.0,SOFT,9.0,12
0 days 02:38:52.869000,ZHO,57.0,0 days 00:01:38.941000,15.0,0 days 00:00:31.915000,0 days 00:00:42.884000,0 days 00:00:24.142000,4.0,SOFT,10.0,12
0 days 02:39:00.764000,MSC,57.0,0 days 00:01:40.498000,24.0,0 days 00:00:32.971000,0 days 00:00:43.115000,0 days 00:00:24.412000,3.0,SOFT,11.0,2
0 days 02:39:14.166000,STR,57.0,0 days 00:01:40.395000,12.0,0 days 00:00:32.658000,0 days 00:00:43.027000,0 days 00:00:24.710000,4.0,SOFT,12.0,2
0 days 02:39:22.488000,ALB,57.0,0 days 00:01:40.132000,14.0,0 days 00:00:32.321000,0 days 00:00:43.293000,0 days 00:00:24.518000,4.0,SOFT,13.0,2
0 days 02:39:23.579000,RIC,57.0,0 days 00:01:40.084000,13.0,0 days 00:00:32.486000,0 days 00:00:42.979000,0 days 00:00:24.619000,4.0,SOFT,14.0,2
0 days 02:39:24.467000,NOR,57.0,0 days 00:01:40.556000,15.0,0 days 00:00:32.980000,0 days 00:00:42.961000,0 days 00:00:24.615000,4.0,SOFT,15.0,2
0 days 02:39:30.607000,LAT,57.0,0 days 00:01:39.876000,15.0,0 days 00:00:32.024000,0 days 00:00:43.438000,0 days 00:00:24.414000,4.0,SOFT,16.0,2
0 days 02:39:31.337000,HUL,57.0,0 days 00:01:41.180000,13.0,0 days 00:00:33.104000,0 days 00:00:43.528000,0 days 00:00:24.548000,4.0,SOFT,17.0,2
0 days 01:02:27.563000,VER,1.0,0 days 00:01:38.082000,1.0,,0 days 00:00:30.360000,0 days 00:00:29.775000,1.0,MEDIUM,3.0,1
0 days 01:02:27.563000,PER,1.0,0 days 00:01:35.991000,1.0,,0 days 00:00:29.931000,0 days 00:00:29.658000,1.0,MEDIUM,1.0,1
0 days 01:02:27.563000,RUS,1.0,0 days 00:01:40.421000,1.0,,0 days 00:00:30.738000,0 days 00:00:30.080000,1.0,MEDIUM,6.0,1
0 days 01:02:27.563000,LAT,1.0,0 days 00:01:46.377000,1.0,,0 days 00:00:31.688000,0 days 00:00:30.669000,1.0,MEDIUM,17.0,1
0 days 01:02:27.563000,ALO,1.0,0 days 00:01:41.458000,1.0,,0 days 00:00:31.224000,0 days 00:00:30.105000,1.0,MEDIUM,7.0,1
0 days 01:02:27.563000,LEC,1.0,0 days 00:01:37.088000,1.0,,0 days 00:00:30.338000,0 days 00:00:29.685000,1.0,MEDIUM,2.0,1
0 days 01:02:27.563000,SAI,1.0,0 days 00:01:38.635000,1.0,,0 days 00:00:30.386000,0 days 00:00:29.747000,1.0,MEDIUM,4.0,1
0 days 01:02:27.563000,BOT,1.0,0 days 00:01:42.123000,1.0,,0 days 00:00:31.168000,0 days 00:00:30.384000,1.0,MEDIUM,8.0,1
0 days 01:02:27.563000,STR,1.0,0 days 00:01:43.828000,2.0,,0 days 00:00:31.287000,0 days 00:00:30.497000,1.0,MEDIUM,12.0,1
0 days 01:02:27.563000,MAG,1.0,0 days 00:01:42.705000,3.0,,0 days 00:00:31.174000,0 days 00:00:30.628000,1.0,HARD,9.0,1
0 days 01:02:27.563000,ALB,1.0,0 days 00:01:45.023000,1.0,,0 days 00:00:31.557000,0 days 00:00:30.530000,1.0,MEDIUM,15.0,1
0 days 01:02:27.563000,NOR,1.0,0 days 00:01:43.333000,1.0,,0 days 00:00:31.309000,0 days 00:00:30.298000,1.0,MEDIUM,11.0,1
0 days 01:02:27.563000,ZHO,1.0,0 days 00:01:46.520000,1.0,,0 days 00:00:31.537000,0 days 00:00:30.349000,1.0,MEDIUM,18.0,1
0 days 01:02:27.563000,OCO,1.0,0 days 00:01:39.900000,1.0,,0 days 00:00:30.870000,0 days 00:00:30.042000,1.0,MEDIUM,5.0,1
0 days 01:02:27.563000,HUL,1.0,0 days 00:01:45.803000,2.0,,0 days 00:00:31.531000,0 days 00:00:30.692000,1.0,HARD,16.0,1
0 days 01:02:27.563000,HAM,1.0,0 days 00:01:44.788000,2.0,,0 days 00:00:31.465000,0 days 00:00:30.728000,1.0,HARD,14.0,1
0 days 01:02:27.563000,GAS,1.0,0 days 00:01:43.106000,1.0,,0 days 00:00:31.165000,0 days 00:00:30.524000,1.0,MEDIUM,10.0,1
0 days 01:02:27.563000,RIC,1.0,0 days 00:01:44.274000,1.0,,0 days 00:00:31.287000,0 days 00:00:30.577000,1.0,MEDIUM,13.0,1
0 days 01:04:03.785000,PER,2.0,0 days 00:01:34.722000,2.0,0 days 00:00:35.163000,0 days 00:00:30.100000,0 days 00:00:29.459000,1.0,MEDIUM,1.0,1
0 days 01:04:04.882000,LEC,2.0,0 days 00:01:34.943000,2.0,0 days 00:00:35.261000,0 days 00:00:30.090000,0 days 00:00:29.592000,1.0,MEDIUM,2.0,1
0 days 01:04:05.876000,VER,2.0,0 days 00:01:35.275000,2.0,0 days 00:00:35.387000,0 days 00:00:30.255000,0 days 00:00:29.633000,1.0,MEDIUM,3.0,1
0 days 01:04:06.429000,SAI,2.0,0 days 00:01:35.499000,2.0,0 days 00:00:35.605000,0 days 00:00:30.217000,0 days 00:00:29.677000,1.0,MEDIUM,4.0,1
0 days 01:04:07.694000,OCO,2.0,0 days 00:01:36.476000,2.0,0 days 00:00:35.729000,0 days 00:00:30.667000,0 days 00:00:30.080000,1.0,MEDIUM,5.0,1
0 days 01:04:08.215000,RUS,2.0,0 days 00:01:36.466000,2.0,0 days 00:00:35.904000,0 days 00:00:30.548000,0 days 00:00:30.014000,1.0,MEDIUM,6.0,1
0 days 01:04:09.252000,ALO,2.0,0 days 00:01:37.232000,2.0,0 days 00:00:36.332000,0 days 00:00:31.017000,0 days 00:00:29.883000,1.0,MEDIUM,7.0,1
0 days 01:04:09.917000,BOT,2.0,0 days 00:01:37.201000,2.0,0 days 00:00:36.258000,0 days 00:00:30.830000,0 days 00:00:30.113000,1.0,MEDIUM,8.0,1
0 days 01:04:10.499000,MAG,2.0,0 days 00:01:37.501000,4.0,0 days 00:00:36.254000,0 days 00:00:30.956000,0 days 00:00:30.291000,1.0,HARD,9.0,1
0 days 01:04:10.900000,GAS,2.0,0 days 00:01:38.899000,2.0,0 days 00:00:37.773000,0 days 00:00:31.009000,0 days 00:00:30.117000,1.0,MEDIUM,11.0,1
0 days 01:04:11.127000,NOR,2.0,0 days 00:01:38.030000,2.0,0 days 00:00:37.052000,0 days 00:00:30.954000,0 days 00:00:30.024000,1.0,MEDIUM,10.0,1
0 days 01:04:11.622000,STR,2.0,0 days 00:01:38.731000,3.0,0 days 00:00:37.506000,0 days 00:00:31.037000,0 days 00:00:30.188000,1.0,MEDIUM,12.0,1
0 days 01:04:12.068000,RIC,2.0,0 days 00:01:38.749000,2.0,0 days 00:00:37.403000,0 days 00:00:31.004000,0 days 00:00:30.342000,1.0,MEDIUM,13.0,1
0 days 01:04:12.582000,HAM,2.0,0 days 00:01:38.649000,3.0,0 days 00:00:37.272000,0 days 00:00:31.107000,0 days 00:00:30.270000,1.0,HARD,14.0,1
0 days 01:04:12.817000,ALB,2.0,0 days 00:01:39.129000,2.0,0 days 00:00:37.659000,0 days 00:00:31.346000,0 days 00:00:30.124000,1.0,MEDIUM,15.0,1
0 days 01:04:13.597000,HUL,2.0,0 days 00:01:39.035000,3.0,0 days 00:00:37.378000,0 days 00:00:31.130000,0 days 00:00:30.527000,1.0,HARD,16.0,1
0 days 01:04:14.171000,LAT,2.0,0 days 00:01:40.289000,2.0,0 days 00:00:37.912000,0 days 00:00:31.569000,0 days 00:00:30.808000,1.0,MEDIUM,18.0,1
0 days 01:04:14.314000,ZHO,2.0,0 days 00:01:38.663000,2.0,0 days 00:00:36.984000,0 days 00:00:31.155000,0 days 00:00:30.524000,1.0,MEDIUM,17.0,1
0 days 01:05:38.507000,PER,3.0,0 days 00:01:34.596000,3.0,0 days 00:00:35.016000,0 days 00:00:30.071000,0 days 00:00:29.509000,1.0,MEDIUM,1.0,1
0 days 01:05:39.825000,LEC,3.0,0 days 00:01:34.794000,3.0,0 days 00:00:35.061000,0 days 00:00:30.109000,0 days 00:00:29.624000,1.0,MEDIUM,2.0,1
0 days 01:05:41.151000,VER,3.0,0 days 00:01:34.890000,3.0,0 days 00:00:35.145000,0 days 00:00:30.204000,0 days 00:00:29.541000,1.0,MEDIUM,3.0,1
0 days 01:05:41.928000,SAI,3.0,0 days 00:01:35.460000,3.0,0 days 00:00:35.341000,0 days 00:00:30.263000,0 days 00:00:29.856000,1.0,MEDIUM,4.0,1
0 days 01:05:44.170000,OCO,3.0,0 days 00:01:37.306000,3.0,0 days 00:00:35.830000,0 days 00:00:30.812000,0 days 00:00:30.664000,1.0,MEDIUM,6.0,1
0 days 01:05:44.681000,RUS,3.0,0 days 00:01:36.513000,3.0,0 days 00:00:36.180000,0 days 00:00:30.434000,0 days 00:00:29.899000,1.0,MEDIUM,5.0,1
0 days 01:05:46.484000,ALO,3.0,0 days 00:01:36.574000,3.0,0 days 00:00:36.141000,0 days 00:00:30.627000,0 days 00:00:29.806000,1.0,MEDIUM,7.0,1
0 days 01:05:47.118000,BOT,3.0,0 days 00:01:36.290000,3.0,0 days 00:00:36.256000,0 days 00:00:30.388000,0 days 00:00:29.646000,1.0,MEDIUM,8.0,1
0 days 01:05:48,MAG,3.0,0 days 00:01:36.830000,5.0,0 days 00:00:36.253000,0 days 00:00:30.602000,0 days 00:00:29.975000,1.0,HARD,9.0,1
0 days 01:05:49.157000,NOR,3.0,0 days 00:01:37.080000,3.0,0 days 00:00:36.404000,0 days 00:00:30.725000,0 days 00:00:29.951000,1.0,MEDIUM,10.0,1
0 days 01:05:49.799000,GAS,3.0,0 days 00:01:36.881000,3.0,0 days 00:00:36.433000,0 days 00:00:30.722000,0 days 00:00:29.726000,1.0,MEDIUM,11.0,1
0 days 01:05:50.353000,STR,3.0,0 days 00:01:37.586000,4.0,0 days 00:00:36.738000,0 days 00:00:30.945000,0 days 00:00:29.903000,1.0,MEDIUM,12.0,1
0 days 01:05:50.817000,RIC,3.0,0 days 00:01:37.376000,3.0,0 days 00:00:36.894000,0 days 00:00:30.797000,0 days 00:00:29.685000,1.0,MEDIUM,13.0,1
0 days 01:05:51.231000,HAM,3.0,0 days 00:01:37.618000,4.0,0 days 00:00:36.801000,0 days 00:00:30.809000,0 days 00:00:30.008000,1.0,HARD,14.0,1
0 days 01:05:51.946000,ALB,3.0,0 days 00:01:37.860000,3.0,0 days 00:00:36.913000,0 days 00:00:30.876000,0 days 00:00:30.071000,1.0,MEDIUM,15.0,1
0 days 01:05:52.632000,HUL,3.0,0 days 00:01:38.064000,4.0,0 days 00:00:36.897000,0 days 00:00:30.863000,0 days 00:00:30.304000,1.0,HARD,17.0,1
0 days 01:05:52.977000,ZHO,3.0,0 days 00:01:37.564000,3.0,0 days 00:00:36.928000,0 days 00:00:30.816000,0 days 00:00:29.820000,1.0,MEDIUM,16.0,1
0 days 01:05:54.460000,LAT,3.0,0 days 00:01:38.121000,3.0,0 days 00:00:36.906000,0 days 00:00:31.004000,0 days 00:00:30.211000,1.0,MEDIUM,18.0,1
0 days 01:07:13.103000,PER,4.0,0 days 00:01:34.440000,4.0,0 days 00:00:34.917000,0 days 00:00:30.054000,0 days 00:00:29.469000,1.0,MEDIUM,1.0,1
0 days 01:07:14.619000,LEC,4.0,0 days 00:01:34.651000,4.0,0 days 00:00:34.936000,0 days 00:00:30.138000,0 days 00:00:29.577000,1.0,MEDIUM,2.0,1
0 days 01:07:16.041000,VER,4.0,0 days 00:01:34.700000,4.0,0 days 00:00:35.025000,0 days 00:00:30.238000,0 days 00:00:29.437000,1.0,MEDIUM,3.0,1
0 days 01:07:17.388000,SAI,4.0,0 days 00:01:35.321000,4.0,0 days 00:00:35.164000,0 days 00:00:30.400000,0 days 00:00:29.757000,1.0,MEDIUM,4.0,1
0 days 01:07:21.194000,RUS,4.0,0 days 00:01:36.341000,4.0,0 days 00:00:35.697000,0 days 00:00:30.384000,0 days 00:00:30.260000,1.0,MEDIUM,5.0,1
0 days 01:07:21.476000,OCO,4.0,0 days 00:01:37.375000,4.0,0 days 00:00:36.732000,0 days 00:00:30.718000,0 days 00:00:29.925000,1.0,MEDIUM,6.0,1
0 days 01:07:23.058000,ALO,4.0,0 days 00:01:36.113000,4.0,0 days 00:00:35.881000,0 days 00:00:30.534000,0 days 00:00:29.698000,1.0,MEDIUM,7.0,1
0 days 01:07:23.408000,BOT,4.0,0 days 00:01:36.674000,4.0,0 days 00:00:36.172000,0 days 00:00:30.768000,0 days 00:00:29.734000,1.0,MEDIUM,8.0,1
0 days 01:07:24.830000,MAG,4.0,0 days 00:01:36.837000,6.0,0 days 00:00:36.032000,0 days 00:00:30.835000,0 days 00:00:29.970000,1.0,HARD,9.0,1
0 days 01:07:26.237000,NOR,4.0,0 days 00:01:38.326000,4.0,0 days 00:00:36.779000,0 days 00:00:31.029000,0 days 00:00:30.518000,1.0,MEDIUM,11.0,1
0 days 01:07:26.680000,GAS,4.0,0 days 00:01:37.746000,4.0,0 days 00:00:36.762000,0 days 00:00:31.021000,0 days 00:00:29.963000,1.0,MEDIUM,10.0,1
0 days 01:07:27.939000,STR,4.0,0 days 00:01:37.575000,5.0,0 days 00:00:36.678000,0 days 00:00:30.998000,0 days 00:00:29.899000,1.0,MEDIUM,12.0,1
0 days 01:07:28.193000,RIC,4.0,0 days 00:01:37.675000,4.0,0 days 00:00:37.093000,0 days 00:00:30.694000,0 days 00:00:29.888000,1.0,MEDIUM,13.0,1
0 days 01:07:28.849000,HAM,4.0,0 days 00:01:37.706000,5.0,0 days 00:00:36.830000,0 days 00:00:30.643000,0 days 00:00:30.233000,1.0,HARD,14.0,1
0 days 01:07:29.806000,ALB,4.0,0 days 00:01:38.264000,4.0,0 days 00:00:36.829000,0 days 00:00:31.198000,0 days 00:00:30.237000,1.0,MEDIUM,15.0,1
0 days 01:07:30.541000,ZHO,4.0,0 days 00:01:37.639000,4.0,0 days 00:00:36.586000,0 days 00:00:31.116000,0 days 00:00:29.937000,1.0,MEDIUM,16.0,1
0 days 01:07:30.696000,HUL,4.0,0 days 00:01:38.357000,5.0,0 days 00:00:37.190000,0 days 00:00:30.942000,0 days 00:00:30.225000,1.0,HARD,17.0,1
0 days 01:07:32.581000,LAT,4.0,0 days 00:01:38.161000,4.0,0 days 00:00:36.753000,0 days 00:00:31.035000,0 days 00:00:30.373000,1.0,MEDIUM,18.0,1
0 days 01:08:47.543000,PER,5.0,0 days 00:01:34.496000,5.0,0 days 00:00:34.913000,0 days 00:00:30.125000,0 days 00:00:29.458000,1.0,MEDIUM,1.0,1
0 days 01:08:49.270000,LEC,5.0,0 days 00:01:35.156000,5.0,0 days 00:00:35.115000,0 days 00:00:30.318000,0 days 00:00:29.723000,1.0,MEDIUM,2.0,1
0 days 01:08:50.741000,VER,5.0,0 days 00:01:34.809000,5.0,0 days 00:00:35.107000,0 days 00:00:30.147000,0 days 00:00:29.555000,1.0,MEDIUM,3.0,1
0 days 01:08:52.709000,SAI,5.0,0 days 00:01:35.124000,5.0,0 days 00:00:35.177000,0 days 00:00:30.268000,0 days 00:00:29.679000,1.0,MEDIUM,4.0,1
0 days 01:08:57.535000,RUS,5.0,0 days 00:01:36.096000,5.0,0 days 00:00:35.585000,0 days 00:00:30.375000,0 days 00:00:30.136000,1.0,MEDIUM,5.0,1
0 days 01:08:58.851000,OCO,5.0,0 days 00:01:36.156000,5.0,0 days 00:00:35.668000,0 days 00:00:30.634000,0 days 00:00:29.854000,1.0,MEDIUM,6.0,1
0 days 01:08:59.171000,ALO,5.0,0 days 00:01:36.191000,5.0,0 days 00:00:36.165000,0 days 00:00:30.424000,0 days 00:00:29.602000,1.0,MEDIUM,7.0,1
0 days 01:09:00.082000,BOT,5.0,0 days 00:01:37.613000,5.0,0 days 00:00:36.426000,0 days 00:00:31.084000,0 days 00:00:30.103000,1.0,MEDIUM,8.0,1
0 days 01:09:01.667000,MAG,5.0,0 days 00:01:36.968000,7.0,0 days 00:00:36.372000,0 days 00:00:30.750000,0 days 00:00:29.846000,1.0,HARD,9.0,1
0 days 01:09:04.426000,GAS,5.0,0 days 00:01:36.984000,5.0,0 days 00:00:36.173000,0 days 00:00:30.765000,0 days 00:00:30.046000,1.0,MEDIUM,10.0,1
0 days 01:09:04.563000,NOR,5.0,0 days 00:01:38.312000,5.0,0 days 00:00:37.380000,0 days 00:00:30.832000,0 days 00:00:30.100000,1.0,MEDIUM,11.0,1
0 days 01:09:05.514000,STR,5.0,0 days 00:01:37.870000,6.0,0 days 00:00:37.118000,0 days 00:00:30.866000,0 days 00:00:29.886000,1.0,MEDIUM,12.0,1
0 days 01:09:05.868000,RIC,5.0,0 days 00:01:38.130000,5.0,0 days 00:00:37.259000,0 days 00:00:30.986000,0 days 00:00:29.885000,1.0,MEDIUM,13.0,1
0 days 01:09:06.555000,HAM,5.0,0 days 00:01:37.984000,6.0,0 days 00:00:37.317000,0 days 00:00:30.660000,0 days 00:00:30.007000,1.0,HARD,14.0,1
0 days 01:09:08.070000,ALB,5.0,0 days 00:01:39.143000,5.0,0 days 00:00:37.690000,0 days 00:00:31.284000,0 days 00:00:30.169000,1.0,MEDIUM,16.0,1
0 days 01:09:08.180000,ZHO,5.0,0 days 00:01:38.409000,5.0,0 days 00:00:36.919000,0 days 00:00:31.212000,0 days 00:00:30.278000,1.0,MEDIUM,15.0,1
0 days 01:09:09.053000,HUL,5.0,0 days 00:01:38.504000,6.0,0 days 00:00:37.144000,0 days 00:00:31.100000,0 days 00:00:30.260000,1.0,HARD,17.0,1
0 days 01:09:10.742000,LAT,5.0,0 days 00:01:38.662000,5.0,0 days 00:00:37.204000,0 days 00:00:31.061000,0 days 00:00:30.397000,1.0,MEDIUM,18.0,1
0 days 01:10:22.039000,PER,6.0,0 days 00:01:34.481000,6.0,0 days 00:00:35.009000,0 days 00:00:30.078000,0 days 00:00:29.394000,1.0,MEDIUM,1.0,1
0 days 01:10:24.426000,LEC,6.0,0 days 00:01:34.585000,6.0,0 days 00:00:34.962000,0 days 00:00:30.091000,0 days 00:00:29.532000,1.0,MEDIUM,2.0,1
0 days 01:10:25.550000,VER,6.0,0 days 00:01:34.840000,6.0,0 days 00:00:35.157000,0 days 00:00:30.156000,0 days 00:00:29.527000,1.0,MEDIUM,3.0,1
0 days 01:10:27.833000,SAI,6.0,0 days 00:01:35.165000,6.0,0 days 00:00:35.159000,0 days 00:00:30.432000,0 days 00:00:29.574000,1.0,MEDIUM,4.0,1
0 days 01:10:33.631000,RUS,6.0,0 days 00:01:36.246000,6.0,0 days 00:00:35.598000,0 days 00:00:30.554000,0 days 00:00:30.094000,1.0,MEDIUM,5.0,1
0 days 01:10:35.007000,OCO,6.0,0 days 00:01:36.203000,6.0,0 days 00:00:35.924000,0 days 00:00:30.558000,0 days 00:00:29.721000,1.0,MEDIUM,6.0,1
0 days 01:10:35.362000,ALO,6.0,0 days 00:01:36.083000,6.0,0 days 00:00:36.141000,0 days 00:00:30.423000,0 days 00:00:29.519000,1.0,MEDIUM,7.0,1
0 days 01:10:37.695000,BOT,6.0,0 days 00:01:35.993000,6.0,0 days 00:00:35.667000,0 days 00:00:30.503000,0 days 00:00:29.823000,1.0,MEDIUM,8.0,1
0 days 01:10:38.635000,MAG,6.0,0 days 00:01:36.843000,8.0,0 days 00:00:36.046000,0 days 00:00:30.661000,0 days 00:00:30.136000,1.0,HARD,9.0,1
0 days 01:10:41.410000,GAS,6.0,0 days 00:01:36.819000,6.0,0 days 00:00:35.986000,0 days 00:00:30.858000,0 days 00:00:29.975000,1.0,MEDIUM,10.0,1
0 days 01:10:42.875000,NOR,6.0,0 days 00:01:36.917000,6.0,0 days 00:00:36.407000,0 days 00:00:30.525000,0 days 00:00:29.985000,1.0,MEDIUM,11.0,1
0 days 01:10:43.384000,STR,6.0,0 days 00:01:37.422000,7.0,0 days 00:00:36.722000,0 days 00:00:30.877000,0 days 00:00:29.823000,1.0,MEDIUM,12.0,1
0 days 01:10:43.998000,RIC,6.0,0 days 00:01:37.311000,6.0,0 days 00:00:36.771000,0 days 00:00:30.810000,0 days 00:00:29.730000,1.0,MEDIUM,13.0,1
0 days 01:10:44.539000,HAM,6.0,0 days 00:01:37.275000,7.0,0 days 00:00:36.816000,0 days 00:00:30.574000,0 days 00:00:29.885000,1.0,HARD,14.0,1
0 days 01:10:46.589000,ZHO,6.0,0 days 00:01:37.275000,6.0,0 days 00:00:36.021000,0 days 00:00:31.024000,0 days 00:00:30.230000,1.0,MEDIUM,15.0,1
0 days 01:10:47.213000,ALB,6.0,0 days 00:01:38.125000,6.0,0 days 00:00:36.794000,0 days 00:00:31.199000,0 days 00:00:30.132000,1.0,MEDIUM,16.0,1
0 days 01:10:47.557000,HUL,6.0,0 days 00:01:38.057000,7.0,0 days 00:00:37.294000,0 days 00:00:30.827000,0 days 00:00:29.936000,1.0,HARD,17.0,1
0 days 01:10:49.404000,LAT,6.0,0 days 00:01:38.507000,6.0,0 days 00:00:37.074000,0 days 00:00:31.152000,0 days 00:00:30.281000,1.0,MEDIUM,18.0,1
0 days 01:11:56.520000,PER,7.0,0 days 00:01:34.821000,7.0,0 days 00:00:35.067000,0 days 00:00:30.151000,0 days 00:00:29.603000,1.0,MEDIUM,1.0,1
0 days 01:11:59.011000,LEC,7.0,0 days 00:01:34.702000,7.0,0 days 00:00:34.907000,0 days 00:00:30.166000,0 days 00:00:29.629000,1.0,MEDIUM,2.0,1
0 days 01:12:00.390000,VER,7.0,0 days 00:01:34.634000,7.0,0 days 00:00:35.083000,0 days 00:00:30.108000,0 days 00:00:29.443000,1.0,MEDIUM,3.0,1
0 days 01:12:02.998000,SAI,7.0,0 days 00:01:35.058000,7.0,0 days 00:00:35.091000,0 days 00:00:30.253000,0 days 00:00:29.714000,1.0,MEDIUM,4.0,1
0 days 01:12:09.877000,RUS,7.0,0 days 00:01:36.111000,7.0,0 days 00:00:35.432000,0 days 00:00:30.602000,0 days 00:00:30.077000,1.0,MEDIUM,5.0,1
0 days 01:12:11.210000,OCO,7.0,0 days 00:01:38.257000,7.0,0 days 00:00:37.409000,0 days 00:00:30.610000,0 days 00:00:30.238000,1.0,MEDIUM,7.0,1
0 days 01:12:11.445000,ALO,7.0,0 days 00:01:37.759000,7.0,0 days 00:00:36.734000,0 days 00:00:30.685000,0 days 00:00:30.340000,1.0,MEDIUM,6.0,1
0 days 01:12:13.688000,BOT,7.0,0 days 00:01:36.416000,7.0,0 days 00:00:35.903000,0 days 00:00:30.598000,0 days 00:00:29.915000,1.0,MEDIUM,8.0,1
0 days 01:12:15.478000,MAG,7.0,0 days 00:01:36.708000,9.0,0 days 00:00:35.810000,0 days 00:00:30.691000,0 days 00:00:30.207000,1.0,HARD,9.0,1
0 days 01:12:18.229000,GAS,7.0,0 days 00:01:36.468000,7.0,0 days 00:00:35.896000,0 days 00:00:30.649000,0 days 00:00:29.923000,1.0,MEDIUM,10.0,1
0 days 01:12:19.792000,NOR,7.0,0 days 00:01:36.899000,7.0,0 days 00:00:36.243000,0 days 00:00:30.556000,0 days 00:00:30.100000,1.0,MEDIUM,11.0,1
0 days 01:12:20.806000,STR,7.0,0 days 00:01:37.278000,8.0,0 days 00:00:36.532000,0 days 00:00:30.874000,0 days 00:00:29.872000,1.0,MEDIUM,12.0,1
0 days 01:12:21.309000,RIC,7.0,0 days 00:01:37.139000,7.0,0 days 00:00:36.621000,0 days 00:00:30.803000,0 days 00:00:29.715000,1.0,MEDIUM,13.0,1
0 days 01:12:21.814000,HAM,7.0,0 days 00:01:37.204000,8.0,0 days 00:00:36.544000,0 days 00:00:30.780000,0 days 00:00:29.880000,1.0,HARD,14.0,1
0 days 01:12:23.864000,ZHO,7.0,0 days 00:01:36.823000,7.0,0 days 00:00:36.029000,0 days 00:00:30.844000,0 days 00:00:29.950000,1.0,MEDIUM,15.0,1
0 days 01:12:25.338000,ALB,7.0,0 days 00:01:39.088000,7.0,0 days 00:00:37.460000,0 days 00:00:31.309000,0 days 00:00:30.319000,1.0,MEDIUM,17.0,1
0 days 01:12:25.614000,HUL,7.0,0 days 00:01:37.487000,8.0,0 days 00:00:36.610000,0 days 00:00:30.799000,0 days 00:00:30.078000,1.0,HARD,16.0,1
0 days 01:12:27.911000,LAT,7.0,0 days 00:01:38.018000,7.0,0 days 00:00:36.730000,0 days 00:00:30.935000,0 days 00:00:30.353000,1.0,MEDIUM,18.0,1
0 days 01:13:31.341000,PER,8.0,0 days 00:01:34.619000,8.0,0 days 00:00:34.869000,0 days 00:00:30.148000,0 days 00:00:29.602000,1.0,MEDIUM,1.0,1
0 days 01:13:33.713000,LEC,8.0,0 days 00:01:34.569000,8.0,0 days 00:00:34.902000,0 days 00:00:30.101000,0 days 00:00:29.566000,1.0,MEDIUM,2.0,1
0 days 01:13:35.024000,VER,8.0,0 days 00:01:34.821000,8.0,0 days 00:00:35.108000,0 days 00:00:30.194000,0 days 00:00:29.519000,1.0,MEDIUM,3.0,1
0 days 01:13:38.056000,SAI,8.0,0 days 00:01:34.921000,8.0,0 days 00:00:35.056000,0 days 00:00:30.313000,0 days 00:00:29.552000,1.0,MEDIUM,4.0,1
0 days 01:13:45.988000,RUS,8.0,0 days 00:01:35.722000,8.0,0 days 00:00:35.352000,0 days 00:00:30.383000,0 days 00:00:29.987000,1.0,MEDIUM,5.0,1
0 days 01:13:49.204000,ALO,8.0,0 days 00:01:38.308000,8.0,0 days 00:00:36.819000,0 days 00:00:31.254000,0 days 00:00:30.235000,1.0,MEDIUM,6.0,1
0 days 01:13:49.467000,OCO,8.0,0 days 00:01:38.419000,8.0,0 days 00:00:35.689000,0 days 00:00:32.386000,0 days 00:00:30.344000,1.0,MEDIUM,7.0,1
0 days 01:13:50.104000,BOT,8.0,0 days 00:01:38,8.0,0 days 00:00:36.483000,0 days 00:00:31.097000,0 days 00:00:30.420000,1.0,MEDIUM,8.0,1
0 days 01:13:52.186000,MAG,8.0,0 days 00:01:36.481000,10.0,0 days 00:00:36.092000,0 days 00:00:30.662000,0 days 00:00:29.727000,1.0,HARD,9.0,1
0 days 01:13:54.697000,GAS,8.0,0 days 00:01:36.775000,8.0,0 days 00:00:35.981000,0 days 00:00:30.776000,0 days 00:00:30.018000,1.0,MEDIUM,10.0,1
0 days 01:13:56.691000,NOR,8.0,0 days 00:01:37.220000,8.0,0 days 00:00:36.290000,0 days 00:00:30.769000,0 days 00:00:30.161000,1.0,MEDIUM,11.0,1
0 days 01:13:58.084000,STR,8.0,0 days 00:01:37.282000,9.0,0 days 00:00:36.422000,0 days 00:00:30.891000,0 days 00:00:29.969000,1.0,MEDIUM,12.0,1
0 days 01:13:58.448000,RIC,8.0,0 days 00:01:40.276000,8.0,0 days 00:00:36.668000,0 days 00:00:30.831000,0 days 00:00:32.777000,1.0,MEDIUM,15.0,1
0 days 01:13:59.018000,HAM,8.0,0 days 00:01:37.073000,9.0,0 days 00:00:36.676000,0 days 00:00:30.591000,0 days 00:00:29.806000,1.0,HARD,13.0,1
0 days 01:14:00.687000,ZHO,8.0,0 days 00:01:36.730000,8.0,0 days 00:00:36.253000,0 days 00:00:30.571000,0 days 00:00:29.906000,1.0,MEDIUM,14.0,1
0 days 01:14:03.101000,HUL,8.0,0 days 00:01:37.277000,9.0,0 days 00:00:36.533000,0 days 00:00:30.730000,0 days 00:00:30.014000,1.0,HARD,16.0,1
0 days 01:14:04.426000,ALB,8.0,0 days 00:01:38.257000,8.0,0 days 00:00:36.987000,0 days 00:00:31.123000,0 days 00:00:30.147000,1.0,MEDIUM,17.0,1
0 days 01:14:05.929000,LAT,8.0,0 days 00:01:38.093000,8.0,0 days 00:00:36.720000,0 days 00:00:31.105000,0 days 00:00:30.268000,1.0,MEDIUM,18.0,1
0 days 01:15:05.960000,PER,9.0,0 days 00:01:34.825000,9.0,0 days 00:00:34.960000,0 days 00:00:30.181000,0 days 00:00:29.684000,1.0,MEDIUM,1.0,1
0 days 01:15:08.282000,LEC,9.0,0 days 00:01:34.967000,9.0,0 days 00:00:35.006000,0 days 00:00:30.244000,0 days 00:00:29.717000,1.0,MEDIUM,2.0,1
0 days 01:15:09.845000,VER,9.0,0 days 00:01:34.832000,9.0,0 days 00:00:35.150000,0 days 00:00:30.248000,0 days 00:00:29.434000,1.0,MEDIUM,3.0,1
0 days 01:15:12.977000,SAI,9.0,0 days 00:01:34.729000,9.0,0 days 00:00:34.919000,0 days 00:00:30.192000,0 days 00:00:29.618000,1.0,MEDIUM,4.0,1
0 days 01:15:21.710000,RUS,9.0,0 days 00:01:35.906000,9.0,0 days 00:00:35.369000,0 days 00:00:30.419000,0 days 00:00:30.118000,1.0,MEDIUM,5.0,1
0 days 01:15:27.512000,ALO,9.0,0 days 00:01:36.617000,9.0,0 days 00:00:36.125000,0 days 00:00:30.479000,0 days 00:00:30.013000,1.0,MEDIUM,6.0,1
0 days 01:15:27.886000,OCO,9.0,0 days 00:01:36.745000,9.0,0 days 00:00:36.346000,0 days 00:00:30.615000,0 days 00:00:29.784000,1.0,MEDIUM,7.0,1
0 days 01:15:28.104000,BOT,9.0,0 days 00:01:37.190000,9.0,0 days 00:00:36.913000,0 days 00:00:30.639000,0 days 00:00:29.638000,1.0,MEDIUM,8.0,1
0 days 01:15:28.667000,MAG,9.0,0 days 00:01:37.306000,11.0,0 days 00:00:36.932000,0 days 00:00:30.749000,0 days 00:00:29.625000,1.0,HARD,9.0,1
0 days 01:15:31.472000,GAS,9.0,0 days 00:01:37.433000,9.0,0 days 00:00:36.499000,0 days 00:00:30.817000,0 days 00:00:30.117000,1.0,MEDIUM,10.0,1
0 days 01:15:33.911000,NOR,9.0,0 days 00:01:37.169000,9.0,0 days 00:00:36.291000,0 days 00:00:30.812000,0 days 00:00:30.066000,1.0,MEDIUM,11.0,1
0 days 01:15:35.366000,STR,9.0,0 days 00:01:37.799000,10.0,0 days 00:00:36.502000,0 days 00:00:30.809000,0 days 00:00:30.488000,1.0,MEDIUM,13.0,1
0 days 01:15:36.091000,HAM,9.0,0 days 00:01:36.698000,10.0,0 days 00:00:36.231000,0 days 00:00:30.521000,0 days 00:00:29.946000,1.0,HARD,12.0,1
0 days 01:15:37.417000,ZHO,9.0,0 days 00:01:36.899000,9.0,0 days 00:00:36.194000,0 days 00:00:30.791000,0 days 00:00:29.914000,1.0,MEDIUM,14.0,1
0 days 01:15:38.724000,RIC,9.0,0 days 00:01:54.148000,1.0,0 days 00:00:53.466000,0 days 00:00:30.696000,0 days 00:00:29.986000,2.0,HARD,18.0,1
0 days 01:15:40.378000,HUL,9.0,0 days 00:01:37.034000,10.0,0 days 00:00:36.299000,0 days 00:00:30.758000,0 days 00:00:29.977000,1.0,HARD,15.0,1
0 days 01:15:42.683000,ALB,9.0,0 days 00:01:38.028000,9.0,0 days 00:00:36.621000,0 days 00:00:31.359000,0 days 00:00:30.048000,1.0,MEDIUM,16.0,1
0 days 01:15:44.022000,LAT,9.0,0 days 00:01:37.530000,9.0,0 days 00:00:36.446000,0 days 00:00:30.932000,0 days 00:00:30.152000,1.0,MEDIUM,17.0,1
0 days 01:16:40.785000,PER,10.0,0 days 00:01:34.836000,10.0,0 days 00:00:34.991000,0 days 00:00:30.173000,0 days 00:00:29.672000,1.0,MEDIUM,1.0,1
0 days 01:16:43.249000,LEC,10.0,0 days 00:01:34.679000,10.0,0 days 00:00:34.920000,0 days 00:00:30.141000,0 days 00:00:29.618000,1.0,MEDIUM,2.0,1
0 days 01:16:44.677000,VER,10.0,0 days 00:01:35.252000,10.0,0 days 00:00:35.219000,0 days 00:00:30.413000,0 days 00:00:29.620000,1.0,MEDIUM,3.0,1
0 days 01:16:47.706000,SAI,10.0,0 days 00:01:35.133000,10.0,0 days 00:00:35.015000,0 days 00:00:30.311000,0 days 00:00:29.807000,1.0,MEDIUM,4.0,1
0 days 01:16:57.616000,RUS,10.0,0 days 00:01:35.593000,10.0,0 days 00:00:35.192000,0 days 00:00:30.364000,0 days 00:00:30.037000,1.0,MEDIUM,5.0,1
0 days 01:17:04.129000,ALO,10.0,0 days 00:01:36.341000,10.0,0 days 00:00:35.824000,0 days 00:00:30.464000,0 days 00:00:30.053000,1.0,MEDIUM,6.0,1
0 days 01:17:04.631000,OCO,10.0,0 days 00:01:36.378000,10.0,0 days 00:00:35.969000,0 days 00:00:30.561000,0 days 00:00:29.848000,1.0,MEDIUM,7.0,1
0 days 01:17:05.294000,BOT,10.0,0 days 00:01:37.055000,10.0,0 days 00:00:36.225000,0 days 00:00:30.849000,0 days 00:00:29.981000,1.0,MEDIUM,8.0,1
0 days 01:17:05.973000,MAG,10.0,0 days 00:01:36.743000,12.0,0 days 00:00:36.288000,0 days 00:00:30.665000,0 days 00:00:29.790000,1.0,HARD,9.0,1
0 days 01:17:08.905000,GAS,10.0,0 days 00:01:36.590000,10.0,0 days 00:00:35.826000,0 days 00:00:30.739000,0 days 00:00:30.025000,1.0,MEDIUM,10.0,1
0 days 01:17:11.080000,NOR,10.0,0 days 00:01:37.055000,10.0,0 days 00:00:36.240000,0 days 00:00:30.684000,0 days 00:00:30.131000,1.0,MEDIUM,11.0,1
0 days 01:17:12.789000,HAM,10.0,0 days 00:01:35.812000,11.0,0 days 00:00:35.691000,0 days 00:00:30.425000,0 days 00:00:29.696000,1.0,HARD,12.0,1
0 days 01:17:13.165000,STR,10.0,0 days 00:01:38.223000,11.0,0 days 00:00:36.974000,0 days 00:00:30.973000,0 days 00:00:30.276000,1.0,MEDIUM,13.0,1
0 days 01:17:14.316000,ZHO,10.0,0 days 00:01:37.149000,10.0,0 days 00:00:36.440000,0 days 00:00:30.766000,0 days 00:00:29.943000,1.0,MEDIUM,14.0,1
0 days 01:17:17.412000,HUL,10.0,0 days 00:01:37.821000,11.0,0 days 00:00:36.262000,0 days 00:00:31.420000,0 days 00:00:30.139000,1.0,HARD,15.0,1
0 days 01:17:20.711000,ALB,10.0,0 days 00:01:37.668000,10.0,0 days 00:00:36.327000,0 days 00:00:31.158000,0 days 00:00:30.183000,1.0,MEDIUM,16.0,1
0 days 01:17:21.552000,LAT,10.0,0 days 00:01:37.558000,10.0,0 days 00:00:36.465000,0 days 00:00:30.971000,0 days 00:00:30.122000,1.0,MEDIUM,17.0,1
0 days 01:17:32.872000,RIC,10.0,0 days 00:01:36.037000,2.0,0 days 00:00:35.580000,0 days 00:00:30.531000,0 days 00:00:29.926000,2.0,HARD,18.0,1
0 days 01:18:15.621000,PER,11.0,0 days 00:01:34.545000,11.0,0 days 00:00:34.799000,0 days 00:00:30.166000,0 days 00:00:29.580000,1.0,MEDIUM,1.0,1
0 days 01:18:17.928000,LEC,11.0,0 days 00:01:34.781000,11.0,0 days 00:00:34.923000,0 days 00:00:30.136000,0 days 00:00:29.722000,1.0,MEDIUM,2.0,1
0 days 01:18:19.929000,VER,11.0,0 days 00:01:34.959000,11.0,0 days 00:00:35.104000,0 days 00:00:30.262000,0 days 00:00:29.593000,1.0,MEDIUM,3.0,1
0 days 01:18:22.839000,SAI,11.0,0 days 00:01:34.977000,11.0,0 days 00:00:34.950000,0 days 00:00:30.248000,0 days 00:00:29.779000,1.0,MEDIUM,4.0,1
0 days 01:18:33.209000,RUS,11.0,0 days 00:01:35.384000,11.0,0 days 00:00:35.042000,0 days 00:00:30.336000,0 days 00:00:30.006000,1.0,MEDIUM,5.0,1
0 days 01:18:40.470000,ALO,11.0,0 days 00:01:36.502000,11.0,0 days 00:00:35.788000,0 days 00:00:30.613000,0 days 00:00:30.101000,1.0,MEDIUM,6.0,1
0 days 01:18:41.009000,OCO,11.0,0 days 00:01:36.404000,11.0,0 days 00:00:35.937000,0 days 00:00:30.640000,0 days 00:00:29.827000,1.0,MEDIUM,7.0,1
0 days 01:18:42.349000,BOT,11.0,0 days 00:01:36.416000,11.0,0 days 00:00:35.848000,0 days 00:00:30.678000,0 days 00:00:29.890000,1.0,MEDIUM,8.0,1
0 days 01:18:42.716000,MAG,11.0,0 days 00:01:37.700000,13.0,0 days 00:00:36.674000,0 days 00:00:30.925000,0 days 00:00:30.101000,1.0,HARD,9.0,1
0 days 01:18:45.495000,GAS,11.0,0 days 00:01:36.998000,11.0,0 days 00:00:36.074000,0 days 00:00:30.815000,0 days 00:00:30.109000,1.0,MEDIUM,10.0,1
0 days 01:18:48.135000,NOR,11.0,0 days 00:01:37.750000,11.0,0 days 00:00:36.591000,0 days 00:00:30.689000,0 days 00:00:30.470000,1.0,MEDIUM,12.0,1
0 days 01:18:48.601000,HAM,11.0,0 days 00:01:36.957000,12.0,0 days 00:00:36.610000,0 days 00:00:30.406000,0 days 00:00:29.941000,1.0,HARD,11.0,1
0 days 01:18:51.388000,STR,11.0,0 days 00:01:39.149000,12.0,0 days 00:00:37.455000,0 days 00:00:31.302000,0 days 00:00:30.392000,1.0,MEDIUM,14.0,1
0 days 01:18:51.465000,ZHO,11.0,0 days 00:01:37.067000,11.0,0 days 00:00:35.997000,0 days 00:00:30.866000,0 days 00:00:30.204000,1.0,MEDIUM,13.0,1
0 days 01:18:55.233000,HUL,11.0,0 days 00:01:36.884000,12.0,0 days 00:00:36.176000,0 days 00:00:30.663000,0 days 00:00:30.045000,1.0,HARD,15.0,1
0 days 01:18:58.379000,ALB,11.0,0 days 00:01:37.851000,11.0,0 days 00:00:36.355000,0 days 00:00:31.177000,0 days 00:00:30.319000,1.0,MEDIUM,16.0,1
0 days 01:18:59.110000,LAT,11.0,0 days 00:01:37.736000,11.0,0 days 00:00:36.633000,0 days 00:00:30.932000,0 days 00:00:30.171000,1.0,MEDIUM,17.0,1
0 days 01:19:08.909000,RIC,11.0,0 days 00:01:36.035000,3.0,0 days 00:00:35.565000,0 days 00:00:30.509000,0 days 00:00:29.961000,2.0,HARD,18.0,1
0 days 01:19:50.166000,PER,12.0,0 days 00:01:34.671000,12.0,0 days 00:00:34.919000,0 days 00:00:30.101000,0 days 00:00:29.651000,1.0,MEDIUM,1.0,1
0 days 01:19:52.709000,LEC,12.0,0 days 00:01:34.915000,12.0,0 days 00:00:34.965000,0 days 00:00:30.200000,0 days 00:00:29.750000,1.0,MEDIUM,2.0,1
0 days 01:19:54.888000,VER,12.0,0 days 00:01:35.191000,12.0,0 days 00:00:35.303000,0 days 00:00:30.273000,0 days 00:00:29.615000,1.0,MEDIUM,3.0,1
0 days 01:19:57.816000,SAI,12.0,0 days 00:01:35.082000,12.0,0 days 00:00:35.062000,0 days 00:00:30.268000,0 days 00:00:29.752000,1.0,MEDIUM,4.0,1
0 days 01:20:08.593000,RUS,12.0,0 days 00:01:35.741000,12.0,0 days 00:00:35.161000,0 days 00:00:30.545000,0 days 00:00:30.035000,1.0,MEDIUM,5.0,1
0 days 01:20:16.972000,ALO,12.0,0 days 00:01:36.315000,12.0,0 days 00:00:35.751000,0 days 00:00:30.589000,0 days 00:00:29.975000,1.0,MEDIUM,6.0,1
0 days 01:20:17.413000,OCO,12.0,0 days 00:01:36.516000,12.0,0 days 00:00:35.924000,0 days 00:00:30.733000,0 days 00:00:29.859000,1.0,MEDIUM,7.0,1
0 days 01:20:18.765000,BOT,12.0,0 days 00:01:36.453000,12.0,0 days 00:00:35.717000,0 days 00:00:30.744000,0 days 00:00:29.992000,1.0,MEDIUM,8.0,1
0 days 01:20:20.416000,MAG,12.0,0 days 00:01:37.029000,14.0,0 days 00:00:36.090000,0 days 00:00:30.827000,0 days 00:00:30.112000,1.0,HARD,9.0,1
0 days 01:20:22.493000,GAS,12.0,0 days 00:01:37.073000,12.0,0 days 00:00:36.104000,0 days 00:00:30.884000,0 days 00:00:30.085000,1.0,MEDIUM,10.0,1
0 days 01:20:25.558000,HAM,12.0,0 days 00:01:35.788000,13.0,0 days 00:00:35.530000,0 days 00:00:30.408000,0 days 00:00:29.850000,1.0,HARD,11.0,1
0 days 01:20:25.885000,NOR,12.0,0 days 00:01:37.266000,12.0,0 days 00:00:36.494000,0 days 00:00:30.676000,0 days 00:00:30.096000,1.0,MEDIUM,12.0,1
0 days 01:20:28.532000,ZHO,12.0,0 days 00:01:36.926000,12.0,0 days 00:00:35.984000,0 days 00:00:30.768000,0 days 00:00:30.174000,1.0,MEDIUM,13.0,1
0 days 01:20:30.537000,STR,12.0,0 days 00:01:38.365000,13.0,0 days 00:00:36.697000,0 days 00:00:31.172000,0 days 00:00:30.496000,1.0,MEDIUM,15.0,1
0 days 01:20:32.117000,HUL,12.0,0 days 00:01:36.594000,13.0,0 days 00:00:36.190000,0 days 00:00:30.624000,0 days 00:00:29.780000,1.0,HARD,14.0,1
0 days 01:20:36.230000,ALB,12.0,0 days 00:01:38.253000,12.0,0 days 00:00:36.647000,0 days 00:00:31.173000,0 days 00:00:30.433000,1.0,MEDIUM,16.0,1
0 days 01:20:36.846000,LAT,12.0,0 days 00:01:38.597000,12.0,0 days 00:00:36.977000,0 days 00:00:31.241000,0 days 00:00:30.379000,1.0,MEDIUM,17.0,1
0 days 01:20:44.944000,RIC,12.0,0 days 00:01:35.716000,4.0,0 days 00:00:35.368000,0 days 00:00:30.445000,0 days 00:00:29.903000,2.0,HARD,18.0,1
0 days 01:21:24.837000,PER,13.0,0 days 00:01:35.214000,13.0,0 days 00:00:35.059000,0 days 00:00:30.376000,0 days 00:00:29.779000,1.0,MEDIUM,1.0,1
0 days 01:21:27.624000,LEC,13.0,0 days 00:01:34.777000,13.0,0 days 00:00:34.930000,0 days 00:00:30.178000,0 days 00:00:29.669000,1.0,MEDIUM,2.0,1
0 days 01:21:30.079000,VER,13.0,0 days 00:01:34.982000,13.0,0 days 00:00:35.203000,0 days 00:00:30.242000,0 days 00:00:29.537000,1.0,MEDIUM,3.0,1
0 days 01:21:32.898000,SAI,13.0,0 days 00:01:35.101000,13.0,0 days 00:00:34.969000,0 days 00:00:30.328000,0 days 00:00:29.804000,1.0,MEDIUM,4.0,1
0 days 01:21:44.334000,RUS,13.0,0 days 00:01:35.681000,13.0,0 days 00:00:35.185000,0 days 00:00:30.467000,0 days 00:00:30.029000,1.0,MEDIUM,5.0,1
0 days 01:21:53.287000,ALO,13.0,0 days 00:01:36.431000,13.0,0 days 00:00:35.624000,0 days 00:00:30.588000,0 days 00:00:30.219000,1.0,MEDIUM,6.0,1
0 days 01:21:53.929000,OCO,13.0,0 days 00:01:37.103000,13.0,0 days 00:00:36.023000,0 days 00:00:30.914000,0 days 00:00:30.166000,1.0,MEDIUM,7.0,1
0 days 01:21:55.218000,BOT,13.0,0 days 00:01:35.967000,13.0,0 days 00:00:35.758000,0 days 00:00:30.455000,0 days 00:00:29.754000,1.0,MEDIUM,8.0,1
0 days 01:21:57.445000,MAG,13.0,0 days 00:01:36.700000,15.0,0 days 00:00:35.927000,0 days 00:00:30.723000,0 days 00:00:30.050000,1.0,HARD,9.0,1
0 days 01:21:59.566000,GAS,13.0,0 days 00:01:37.094000,13.0,0 days 00:00:36.065000,0 days 00:00:30.790000,0 days 00:00:30.239000,1.0,MEDIUM,10.0,1
0 days 01:22:01.346000,HAM,13.0,0 days 00:01:35.507000,14.0,0 days 00:00:35.664000,0 days 00:00:30.193000,0 days 00:00:29.650000,1.0,HARD,11.0,1
0 days 01:22:03.151000,NOR,13.0,0 days 00:01:37.270000,13.0,0 days 00:00:36.195000,0 days 00:00:30.846000,0 days 00:00:30.229000,1.0,MEDIUM,12.0,1
0 days 01:22:05.458000,ZHO,13.0,0 days 00:01:36.251000,13.0,0 days 00:00:35.857000,0 days 00:00:30.441000,0 days 00:00:29.953000,1.0,MEDIUM,13.0,1
0 days 01:22:08.711000,HUL,13.0,0 days 00:01:36.690000,14.0,0 days 00:00:36.099000,0 days 00:00:30.607000,0 days 00:00:29.984000,1.0,HARD,14.0,1
0 days 01:22:08.902000,STR,13.0,0 days 00:01:41.859000,14.0,0 days 00:00:37.213000,0 days 00:00:31.414000,0 days 00:00:33.232000,1.0,MEDIUM,15.0,1
0 days 01:22:14.483000,ALB,13.0,0 days 00:01:41.186000,13.0,0 days 00:00:36.844000,0 days 00:00:31.282000,0 days 00:00:33.060000,1.0,MEDIUM,17.0,1
0 days 01:22:15.443000,LAT,13.0,0 days 00:01:38.208000,13.0,0 days 00:00:36.788000,0 days 00:00:31.060000,0 days 00:00:30.360000,1.0,MEDIUM,16.0,1
0 days 01:22:20.660000,RIC,13.0,0 days 00:01:35.955000,5.0,0 days 00:00:35.510000,0 days 00:00:30.495000,0 days 00:00:29.950000,2.0,HARD,18.0,1
0 days 01:23:00.051000,PER,14.0,0 days 00:01:35.316000,14.0,0 days 00:00:35.166000,0 days 00:00:30.338000,0 days 00:00:29.812000,1.0,MEDIUM,1.0,1
0 days 01:23:02.401000,LEC,14.0,0 days 00:01:35.214000,14.0,0 days 00:00:35.011000,0 days 00:00:30.311000,0 days 00:00:29.892000,1.0,MEDIUM,2.0,1
0 days 01:23:05.061000,VER,14.0,0 days 00:01:35.093000,14.0,0 days 00:00:35.142000,0 days 00:00:30.279000,0 days 00:00:29.672000,1.0,MEDIUM,3.0,1
0 days 01:23:07.999000,SAI,14.0,0 days 00:01:35.275000,14.0,0 days 00:00:35.028000,0 days 00:00:30.443000,0 days 00:00:29.804000,1.0,MEDIUM,4.0,1
0 days 01:23:20.015000,RUS,14.0,0 days 00:01:35.476000,14.0,0 days 00:00:35.100000,0 days 00:00:30.383000,0 days 00:00:29.993000,1.0,MEDIUM,5.0,1
0 days 01:23:29.718000,ALO,14.0,0 days 00:01:36.486000,14.0,0 days 00:00:35.607000,0 days 00:00:30.763000,0 days 00:00:30.116000,1.0,MEDIUM,6.0,1
0 days 01:23:31.032000,OCO,14.0,0 days 00:01:37.502000,14.0,0 days 00:00:36.312000,0 days 00:00:30.985000,0 days 00:00:30.205000,1.0,MEDIUM,8.0,1
0 days 01:23:31.185000,BOT,14.0,0 days 00:01:36.398000,14.0,0 days 00:00:35.319000,0 days 00:00:30.751000,0 days 00:00:30.328000,1.0,MEDIUM,7.0,1
0 days 01:23:34.145000,MAG,14.0,0 days 00:01:36.567000,16.0,0 days 00:00:35.821000,0 days 00:00:30.634000,0 days 00:00:30.112000,1.0,HARD,9.0,1
0 days 01:23:36.660000,GAS,14.0,0 days 00:01:38.153000,14.0,0 days 00:00:37.046000,0 days 00:00:30.958000,0 days 00:00:30.149000,1.0,MEDIUM,11.0,1
0 days 01:23:36.853000,HAM,14.0,0 days 00:01:35.648000,15.0,0 days 00:00:35.286000,0 days 00:00:30.432000,0 days 00:00:29.930000,1.0,HARD,10.0,1
0 days 01:23:40.421000,NOR,14.0,0 days 00:01:37.076000,14.0,0 days 00:00:36.020000,0 days 00:00:30.788000,0 days 00:00:30.268000,1.0,MEDIUM,12.0,1
0 days 01:23:41.709000,ZHO,14.0,0 days 00:01:36.783000,14.0,0 days 00:00:36.075000,0 days 00:00:30.598000,0 days 00:00:30.110000,1.0,MEDIUM,13.0,1
0 days 01:23:45.401000,HUL,14.0,0 days 00:01:36.966000,15.0,0 days 00:00:36.112000,0 days 00:00:30.627000,0 days 00:00:30.227000,1.0,HARD,14.0,1
0 days 01:23:50.761000,STR,14.0,0 days 00:01:56.297000,2.0,0 days 00:00:55.675000,0 days 00:00:30.664000,0 days 00:00:29.958000,2.0,HARD,17.0,1
0 days 01:23:53.651000,LAT,14.0,0 days 00:01:38.409000,14.0,0 days 00:00:36.446000,0 days 00:00:31.150000,0 days 00:00:30.813000,1.0,MEDIUM,15.0,1
0 days 01:23:55.669000,ALB,14.0,0 days 00:01:55.413000,1.0,0 days 00:00:54.555000,0 days 00:00:30.847000,0 days 00:00:30.011000,2.0,HARD,18.0,1
0 days 01:23:56.615000,RIC,14.0,0 days 00:01:35.681000,6.0,0 days 00:00:35.440000,0 days 00:00:30.402000,0 days 00:00:29.839000,2.0,HARD,16.0,1
0 days 01:24:35.367000,PER,15.0,0 days 00:01:38.591000,15.0,0 days 00:00:35.377000,0 days 00:00:30.453000,0 days 00:00:32.761000,1.0,MEDIUM,2.0,1
0 days 01:24:37.615000,LEC,15.0,0 days 00:01:35.237000,15.0,0 days 00:00:35.007000,0 days 00:00:30.292000,0 days 00:00:29.938000,1.0,MEDIUM,1.0,1
0 days 01:24:40.154000,VER,15.0,0 days 00:01:35.370000,15.0,0 days 00:00:35.190000,0 days 00:00:30.526000,0 days 00:00:29.654000,1.0,MEDIUM,3.0,1
0 days 01:24:43.274000,SAI,15.0,0 days 00:01:35.421000,15.0,0 days 00:00:35.034000,0 days 00:00:30.483000,0 days 00:00:29.904000,1.0,MEDIUM,4.0,1
0 days 01:24:55.491000,RUS,15.0,0 days 00:01:35.453000,15.0,0 days 00:00:35.035000,0 days 00:00:30.423000,0 days 00:00:29.995000,1.0,MEDIUM,5.0,1
0 days 01:25:06.204000,ALO,15.0,0 days 00:01:36.792000,15.0,0 days 00:00:35.812000,0 days 00:00:30.807000,0 days 00:00:30.173000,1.0,MEDIUM,6.0,1
0 days 01:25:07.583000,BOT,15.0,0 days 00:01:36.774000,15.0,0 days 00:00:35.811000,0 days 00:00:30.784000,0 days 00:00:30.179000,1.0,MEDIUM,7.0,1
0 days 01:25:08.534000,OCO,15.0,0 days 00:01:37.257000,15.0,0 days 00:00:35.981000,0 days 00:00:31.011000,0 days 00:00:30.265000,1.0,MEDIUM,8.0,1
0 days 01:25:10.712000,MAG,15.0,0 days 00:01:36.103000,17.0,0 days 00:00:35.638000,0 days 00:00:30.532000,0 days 00:00:29.933000,1.0,HARD,9.0,1
0 days 01:25:12.501000,HAM,15.0,0 days 00:01:35.875000,16.0,0 days 00:00:35.508000,0 days 00:00:30.462000,0 days 00:00:29.905000,1.0,HARD,10.0,1
0 days 01:25:14.813000,GAS,15.0,0 days 00:01:39.580000,15.0,0 days 00:00:36.129000,0 days 00:00:30.858000,0 days 00:00:32.593000,1.0,MEDIUM,11.0,1
0 days 01:25:17.497000,NOR,15.0,0 days 00:01:37.115000,15.0,0 days 00:00:36.112000,0 days 00:00:30.806000,0 days 00:00:30.197000,1.0,MEDIUM,12.0,1
0 days 01:25:18.492000,ZHO,15.0,0 days 00:01:36.659000,15.0,0 days 00:00:36.173000,0 days 00:00:30.638000,0 days 00:00:29.848000,1.0,MEDIUM,13.0,1
0 days 01:25:22.367000,HUL,15.0,0 days 00:01:36.582000,16.0,0 days 00:00:36.052000,0 days 00:00:30.498000,0 days 00:00:30.032000,1.0,HARD,14.0,1
0 days 01:25:32.060000,LAT,15.0,,15.0,,,,1.0,MEDIUM,,1
0 days 01:25:32.296000,RIC,15.0,0 days 00:01:35.907000,7.0,0 days 00:00:35.511000,0 days 00:00:30.422000,0 days 00:00:29.974000,2.0,HARD,15.0,12
0 days 01:25:47.058000,STR,15.0,0 days 00:01:37.836000,3.0,0 days 00:00:36.204000,0 days 00:00:30.530000,0 days 00:00:31.102000,2.0,HARD,16.0,12
0 days 01:25:51.082000,ALB,15.0,0 days 00:01:37.345000,2.0,0 days 00:00:35.966000,0 days 00:00:30.540000,0 days 00:00:30.839000,2.0,HARD,17.0,12
0 days 01:26:12.852000,LEC,16.0,0 days 00:01:43.840000,16.0,0 days 00:00:35.049000,0 days 00:00:30.308000,0 days 00:00:38.483000,1.0,MEDIUM,1.0,1264
0 days 01:26:13.958000,PER,16.0,0 days 00:02:08.106000,1.0,0 days 00:00:53.365000,0 days 00:00:31.240000,0 days 00:00:43.501000,2.0,HARD,4.0,1264
0 days 01:26:15.524000,VER,16.0,0 days 00:01:44.577000,16.0,0 days 00:00:35.375000,0 days 00:00:30.273000,0 days 00:00:38.929000,1.0,MEDIUM,2.0,1264
0 days 01:26:18.695000,SAI,16.0,0 days 00:01:46.940000,16.0,0 days 00:00:35.102000,0 days 00:00:30.521000,0 days 00:00:41.317000,1.0,MEDIUM,3.0,1264
0 days 01:26:30.944000,RUS,16.0,0 days 00:01:51.651000,16.0,0 days 00:00:35.050000,0 days 00:00:30.507000,0 days 00:00:46.094000,1.0,MEDIUM,5.0,1264
0 days 01:26:42.996000,ALO,16.0,0 days 00:01:58.830000,16.0,0 days 00:00:35.882000,0 days 00:00:38.082000,0 days 00:00:44.866000,1.0,MEDIUM,6.0,1264
0 days 01:26:44.357000,BOT,16.0,0 days 00:02:00.798000,16.0,0 days 00:00:35.896000,0 days 00:00:39.593000,0 days 00:00:45.309000,1.0,MEDIUM,7.0,1264
0 days 01:26:45.791000,OCO,16.0,0 days 00:02:06.558000,16.0,0 days 00:00:36.067000,0 days 00:00:41.295000,0 days 00:00:49.196000,1.0,MEDIUM,9.0,1264
0 days 01:26:46.815000,MAG,16.0,0 days 00:02:02.811000,18.0,0 days 00:00:35.799000,0 days 00:00:42.090000,0 days 00:00:44.922000,1.0,HARD,8.0,1264
0 days 01:26:48.376000,HAM,16.0,0 days 00:02:04.362000,17.0,0 days 00:00:35.717000,0 days 00:00:41.872000,0 days 00:00:46.773000,1.0,HARD,10.0,1264
0 days 01:26:54.393000,GAS,16.0,0 days 00:02:23.731000,1.0,0 days 00:01:04.752000,0 days 00:00:37.835000,0 days 00:00:41.144000,2.0,HARD,15.0,1264
0 days 01:26:54.612000,NOR,16.0,0 days 00:02:01.650000,16.0,0 days 00:00:36.109000,0 days 00:00:40.730000,0 days 00:00:44.811000,1.0,MEDIUM,11.0,1264
0 days 01:26:55.151000,ZHO,16.0,0 days 00:02:02.305000,16.0,0 days 00:00:36.349000,0 days 00:00:41.047000,0 days 00:00:44.909000,1.0,MEDIUM,12.0,1264
0 days 01:26:58.949000,HUL,16.0,0 days 00:02:00.614000,17.0,0 days 00:00:35.972000,0 days 00:00:42.985000,0 days 00:00:41.657000,1.0,HARD,13.0,1264
0 days 01:27:08.203000,RIC,16.0,0 days 00:02:02.470000,8.0,0 days 00:00:41.959000,0 days 00:00:39.285000,0 days 00:00:41.226000,2.0,HARD,14.0,264
0 days 01:27:24.894000,STR,16.0,0 days 00:02:06.144000,4.0,0 days 00:00:42.818000,0 days 00:00:40.353000,0 days 00:00:42.973000,2.0,HARD,16.0,264
0 days 01:27:28.427000,ALB,16.0,0 days 00:02:04.816000,3.0,0 days 00:00:43.673000,0 days 00:00:39.612000,0 days 00:00:41.531000,2.0,HARD,17.0,264
0 days 01:27:56.692000,LEC,17.0,,1.0,0 days 00:01:10.134000,0 days 00:00:50.799000,0 days 00:01:03.751000,2.0,HARD,1.0,4
0 days 01:28:00.101000,VER,17.0,,1.0,0 days 00:01:07.639000,0 days 00:00:51.363000,0 days 00:01:03.656000,2.0,HARD,2.0,4
0 days 01:28:05.635000,SAI,17.0,,1.0,0 days 00:01:08.752000,0 days 00:00:46.939000,0 days 00:01:05.113000,2.0,HARD,4.0,4
0 days 01:28:22.064000,PER,17.0,,2.0,0 days 00:00:51.081000,0 days 00:00:47.177000,0 days 00:01:03.415000,2.0,HARD,3.0,4
0 days 01:28:22.595000,RUS,17.0,,1.0,0 days 00:00:57.891000,0 days 00:00:44.760000,0 days 00:01:04.363000,2.0,HARD,5.0,4
0 days 01:28:41.826000,ALO,17.0,,1.0,0 days 00:01:01.997000,0 days 00:00:38.660000,0 days 00:00:52.686000,2.0,HARD,8.0,4
0 days 01:28:45.155000,BOT,17.0,,1.0,0 days 00:01:02.031000,0 days 00:00:38.570000,0 days 00:00:51.523000,2.0,HARD,10.0,4
0 days 01:28:49.626000,MAG,17.0,0 days 00:02:20.945000,19.0,0 days 00:00:38.958000,0 days 00:00:40.703000,0 days 00:01:01.284000,1.0,HARD,6.0,4
0 days 01:28:52.349000,OCO,17.0,0 days 00:02:25.977000,1.0,0 days 00:00:56.836000,0 days 00:00:37.920000,0 days 00:00:51.221000,2.0,HARD,11.0,4
0 days 01:28:52.738000,HAM,17.0,0 days 00:02:19.823000,18.0,0 days 00:00:38.099000,0 days 00:00:41.089000,0 days 00:01:00.635000,1.0,HARD,7.0,4
0 days 01:28:56.262000,NOR,17.0,0 days 00:02:28.586000,1.0,0 days 00:01:01.870000,0 days 00:00:37.592000,0 days 00:00:49.124000,2.0,HARD,13.0,4
0 days 01:28:57.456000,ZHO,17.0,,1.0,0 days 00:01:11.088000,0 days 00:00:40.946000,0 days 00:00:41.649000,2.0,HARD,15.0,4
0 days 01:28:59.563000,HUL,17.0,0 days 00:02:16.808000,18.0,0 days 00:00:45.989000,0 days 00:00:38.495000,0 days 00:00:52.324000,1.0,HARD,9.0,4
0 days 01:29:10.673000,RIC,17.0,0 days 00:02:10.632000,9.0,0 days 00:00:46.272000,0 days 00:00:38.227000,0 days 00:00:46.133000,2.0,HARD,12.0,4
0 days 01:29:18.124000,GAS,17.0,0 days 00:02:09.023000,2.0,0 days 00:00:42.942000,0 days 00:00:42.200000,0 days 00:00:43.881000,2.0,HARD,14.0,4
0 days 01:29:31.038000,STR,17.0,0 days 00:02:06.975000,5.0,0 days 00:00:41.160000,0 days 00:00:42.650000,0 days 00:00:43.165000,2.0,HARD,16.0,4
0 days 01:29:33.243000,ALB,17.0,0 days 00:02:08.940000,4.0,0 days 00:00:43.525000,0 days 00:00:41.733000,0 days 00:00:43.682000,2.0,HARD,17.0,4
0 days 01:31:01.313000,LEC,18.0,,2.0,0 days 00:00:55.979000,0 days 00:00:48.062000,0 days 00:00:56.029000,2.0,HARD,1.0,4
0 days 01:31:02.769000,VER,18.0,,2.0,0 days 00:00:55.341000,0 days 00:00:48.281000,0 days 00:00:55.945000,2.0,HARD,2.0,4
0 days 01:31:03.751000,PER,18.0,,3.0,0 days 00:00:55.829000,0 days 00:00:47.780000,0 days 00:00:57.546000,2.0,HARD,3.0,4
0 days 01:31:06.465000,SAI,18.0,,2.0,0 days 00:00:54.039000,0 days 00:00:48.407000,0 days 00:00:57.131000,2.0,HARD,4.0,4
0 days 01:31:09.638000,RUS,18.0,,2.0,0 days 00:00:52.692000,0 days 00:00:49.138000,0 days 00:00:56.848000,2.0,HARD,5.0,4
0 days 01:31:10.571000,MAG,18.0,,20.0,0 days 00:00:52.763000,0 days 00:00:48.890000,0 days 00:00:56.773000,1.0,HARD,6.0,4
0 days 01:31:12.561000,HAM,18.0,,19.0,0 days 00:00:52.082000,0 days 00:00:50.509000,0 days 00:00:56.212000,1.0,HARD,7.0,4
0 days 01:31:15.224000,ALO,18.0,,2.0,0 days 00:00:50.779000,0 days 00:00:50.356000,0 days 00:00:57.053000,2.0,HARD,8.0,4
0 days 01:31:16.371000,HUL,18.0,,19.0,0 days 00:00:50.491000,0 days 00:00:50.837000,0 days 00:00:56.753000,1.0,HARD,9.0,4
0 days 01:31:17.348000,BOT,18.0,,2.0,0 days 00:00:50.767000,0 days 00:00:50.363000,0 days 00:00:57.378000,2.0,HARD,10.0,4
0 days 01:31:18.326000,OCO,18.0,,2.0,0 days 00:00:50.860000,0 days 00:00:50.852000,0 days 00:00:57.812000,2.0,HARD,11.0,4
0 days 01:31:21.305000,RIC,18.0,,10.0,0 days 00:00:49.955000,0 days 00:00:50.441000,0 days 00:00:58.393000,2.0,HARD,12.0,4
0 days 01:31:24.848000,NOR,18.0,,2.0,0 days 00:00:47.092000,0 days 00:00:51.300000,0 days 00:00:59.133000,2.0,HARD,13.0,4
0 days 01:31:27.147000,GAS,18.0,,3.0,0 days 00:00:46.460000,0 days 00:00:51.420000,0 days 00:01:00.212000,2.0,HARD,14.0,4
0 days 01:31:31.210000,ZHO,18.0,,2.0,0 days 00:00:44.533000,0 days 00:00:51.445000,0 days 00:00:59.202000,2.0,HARD,15.0,4
0 days 01:31:38.013000,STR,18.0,,6.0,0 days 00:00:38.790000,0 days 00:00:51.967000,0 days 00:00:59.321000,2.0,HARD,16.0,4
0 days 01:31:42.183000,ALB,18.0,0 days 00:02:27.510000,5.0,0 days 00:00:40.912000,0 days 00:00:47.807000,0 days 00:00:58.791000,2.0,HARD,17.0,4
0 days 01:33:41.424000,LEC,19.0,0 days 00:02:29.002000,3.0,0 days 00:00:53.337000,0 days 00:00:46.749000,0 days 00:00:48.916000,2.0,HARD,1.0,4
0 days 01:33:42.304000,VER,19.0,0 days 00:02:29.635000,3.0,0 days 00:00:53.413000,0 days 00:00:46.744000,0 days 00:00:49.478000,2.0,HARD,2.0,4
0 days 01:33:44.892000,PER,19.0,0 days 00:02:28.779000,4.0,0 days 00:00:52.076000,0 days 00:00:46.631000,0 days 00:00:50.072000,2.0,HARD,3.0,4
0 days 01:33:46.073000,SAI,19.0,0 days 00:02:29.065000,3.0,0 days 00:00:52.040000,0 days 00:00:46.787000,0 days 00:00:50.238000,2.0,HARD,4.0,4
0 days 01:33:48.305000,RUS,19.0,0 days 00:02:29.081000,3.0,0 days 00:00:51.814000,0 days 00:00:46.458000,0 days 00:00:50.809000,2.0,HARD,5.0,4
0 days 01:33:49.051000,MAG,19.0,0 days 00:02:29.807000,21.0,0 days 00:00:51.897000,0 days 00:00:48.361000,0 days 00:00:49.549000,1.0,HARD,6.0,4
0 days 01:33:51.406000,HAM,19.0,0 days 00:02:29.683000,20.0,0 days 00:00:51.837000,0 days 00:00:47.491000,0 days 00:00:50.355000,1.0,HARD,7.0,4
0 days 01:33:53.386000,ALO,19.0,0 days 00:02:29.932000,3.0,0 days 00:00:52.001000,0 days 00:00:46.897000,0 days 00:00:51.034000,2.0,HARD,8.0,4
0 days 01:33:54.484000,HUL,19.0,,20.0,0 days 00:00:51.696000,0 days 00:00:47.276000,0 days 00:00:51.679000,1.0,HARD,9.0,4
0 days 01:33:55.836000,BOT,19.0,,3.0,0 days 00:00:51.787000,0 days 00:00:47.001000,0 days 00:00:51.813000,2.0,HARD,10.0,4
0 days 01:33:57.839000,OCO,19.0,,3.0,0 days 00:00:50.997000,0 days 00:00:47.184000,0 days 00:00:52.024000,2.0,HARD,11.0,4
0 days 01:34:00.135000,RIC,19.0,,11.0,0 days 00:00:49.823000,0 days 00:00:47.783000,0 days 00:00:54.771000,2.0,HARD,12.0,4
0 days 01:34:02.421000,NOR,19.0,,3.0,0 days 00:00:50.310000,0 days 00:00:46.488000,0 days 00:00:56.285000,2.0,HARD,13.0,4
0 days 01:34:05.232000,GAS,19.0,,4.0,0 days 00:00:49.740000,0 days 00:00:47.680000,0 days 00:00:55.550000,2.0,HARD,14.0,4
0 days 01:34:06.384000,ZHO,19.0,,3.0,0 days 00:00:49.387000,0 days 00:00:48.704000,0 days 00:00:55.884000,2.0,HARD,15.0,4
0 days 01:34:08.121000,STR,19.0,,7.0,0 days 00:00:48.850000,0 days 00:00:49.506000,0 days 00:00:55.686000,2.0,HARD,16.0,4
0 days 01:34:09.693000,ALB,19.0,,6.0,0 days 00:00:49.734000,0 days 00:00:48.510000,0 days 00:00:56.448000,2.0,HARD,17.0,4
0 days 01:36:10.426000,LEC,20.0,,4.0,0 days 00:00:52.742000,0 days 00:00:44.784000,0 days 00:01:07.100000,2.0,HARD,1.0,41
0 days 01:36:11.939000,VER,20.0,,4.0,0 days 00:00:52.136000,0 days 00:00:45.115000,0 days 00:01:06.236000,2.0,HARD,2.0,41
0 days 01:36:13.671000,PER,20.0,,5.0,0 days 00:00:51.457000,0 days 00:00:44.780000,0 days 00:01:05.927000,2.0,HARD,3.0,41
0 days 01:36:15.138000,SAI,20.0,,4.0,0 days 00:00:51.047000,0 days 00:00:45.116000,0 days 00:01:04.831000,2.0,HARD,4.0,41
0 days 01:36:17.386000,RUS,20.0,,4.0,0 days 00:00:50.896000,0 days 00:00:44.662000,0 days 00:01:03.730000,2.0,HARD,5.0,41
0 days 01:36:18.858000,MAG,20.0,,22.0,0 days 00:00:50.332000,0 days 00:00:45.463000,0 days 00:01:02.291000,1.0,HARD,6.0,41
0 days 01:36:21.089000,HAM,20.0,,21.0,0 days 00:00:49.258000,0 days 00:00:45.038000,0 days 00:01:02.195000,1.0,HARD,7.0,41
0 days 01:36:23.318000,ALO,20.0,,4.0,0 days 00:00:48.719000,0 days 00:00:45.135000,0 days 00:01:00.602000,2.0,HARD,8.0,41
0 days 01:36:25.162000,HUL,20.0,,21.0,0 days 00:00:47.795000,0 days 00:00:45.296000,0 days 00:01:00.103000,1.0,HARD,9.0,41
0 days 01:36:26.434000,BOT,20.0,,4.0,0 days 00:00:47.795000,0 days 00:00:45.109000,0 days 00:00:59.320000,2.0,HARD,10.0,41
0 days 01:36:28.065000,OCO,20.0,,4.0,0 days 00:00:46.976000,0 days 00:00:45.493000,0 days 00:00:58.730000,2.0,HARD,11.0,41
0 days 01:36:32.493000,RIC,20.0,0 days 00:02:27.176000,12.0,0 days 00:00:44.466000,0 days 00:00:45.985000,0 days 00:00:56.725000,2.0,HARD,12.0,41
0 days 01:36:35.443000,NOR,20.0,0 days 00:02:24.586000,4.0,0 days 00:00:42.785000,0 days 00:00:45.406000,0 days 00:00:56.395000,2.0,HARD,13.0,41
0 days 01:36:38.186000,GAS,20.0,0 days 00:02:22.362000,5.0,0 days 00:00:42.362000,0 days 00:00:45.339000,0 days 00:00:54.661000,2.0,HARD,14.0,41
0 days 01:36:40.295000,ZHO,20.0,0 days 00:02:20.595000,4.0,0 days 00:00:42.409000,0 days 00:00:44.544000,0 days 00:00:53.642000,2.0,HARD,15.0,41
0 days 01:36:42.115000,STR,20.0,0 days 00:02:19.202000,8.0,0 days 00:00:41.760000,0 days 00:00:44.644000,0 days 00:00:52.798000,2.0,HARD,16.0,41
0 days 01:36:44.395000,ALB,20.0,0 days 00:02:17.388000,7.0,0 days 00:00:40.680000,0 days 00:00:44.413000,0 days 00:00:52.295000,2.0,HARD,17.0,41
0 days 01:38:55.048000,LEC,21.0,0 days 00:01:34.636000,5.0,0 days 00:00:35.163000,0 days 00:00:29.960000,0 days 00:00:29.513000,2.0,HARD,1.0,1
0 days 01:38:55.419000,VER,21.0,0 days 00:01:35.227000,5.0,0 days 00:00:35.577000,0 days 00:00:29.986000,0 days 00:00:29.664000,2.0,HARD,2.0,1
0 days 01:38:55.827000,PER,21.0,0 days 00:01:36.967000,6.0,0 days 00:00:37.189000,0 days 00:00:30.131000,0 days 00:00:29.647000,2.0,HARD,4.0,1
0 days 01:38:56.081000,SAI,21.0,0 days 00:01:35.949000,5.0,0 days 00:00:36.201000,0 days 00:00:30.227000,0 days 00:00:29.521000,2.0,HARD,3.0,1
0 days 01:38:56.665000,RUS,21.0,0 days 00:01:37.115000,5.0,0 days 00:00:36.870000,0 days 00:00:30.323000,0 days 00:00:29.922000,2.0,HARD,5.0,1
0 days 01:38:56.893000,MAG,21.0,0 days 00:01:37.631000,23.0,0 days 00:00:37.193000,0 days 00:00:30.496000,0 days 00:00:29.942000,1.0,HARD,6.0,1
0 days 01:38:57.553000,HAM,21.0,0 days 00:01:37.339000,22.0,0 days 00:00:36.945000,0 days 00:00:30.409000,0 days 00:00:29.985000,1.0,HARD,7.0,1
0 days 01:38:57.739000,ALO,21.0,0 days 00:01:37.877000,5.0,0 days 00:00:37.258000,0 days 00:00:30.699000,0 days 00:00:29.920000,2.0,HARD,8.0,1
0 days 01:38:58.318000,HUL,21.0,0 days 00:01:38.039000,22.0,0 days 00:00:37.411000,0 days 00:00:30.639000,0 days 00:00:29.989000,1.0,HARD,9.0,1
0 days 01:38:58.627000,BOT,21.0,0 days 00:01:38.084000,5.0,0 days 00:00:37.398000,0 days 00:00:30.725000,0 days 00:00:29.961000,2.0,HARD,10.0,1
0 days 01:38:59.205000,OCO,21.0,0 days 00:01:38.207000,5.0,0 days 00:00:37.095000,0 days 00:00:31.013000,0 days 00:00:30.099000,2.0,HARD,11.0,1
0 days 01:38:59.669000,RIC,21.0,0 days 00:01:38.412000,13.0,0 days 00:00:37.123000,0 days 00:00:31.285000,0 days 00:00:30.004000,2.0,HARD,12.0,1
0 days 01:39:00.029000,NOR,21.0,0 days 00:01:38.619000,5.0,0 days 00:00:37.341000,0 days 00:00:31.096000,0 days 00:00:30.182000,2.0,HARD,13.0,1
0 days 01:39:00.548000,GAS,21.0,0 days 00:01:38.668000,6.0,0 days 00:00:37.547000,0 days 00:00:31.011000,0 days 00:00:30.110000,2.0,HARD,14.0,1
0 days 01:39:00.890000,ZHO,21.0,0 days 00:01:38.710000,5.0,0 days 00:00:37.647000,0 days 00:00:30.926000,0 days 00:00:30.137000,2.0,HARD,15.0,1
0 days 01:39:01.317000,STR,21.0,0 days 00:01:38.809000,9.0,0 days 00:00:37.718000,0 days 00:00:30.903000,0 days 00:00:30.188000,2.0,HARD,16.0,1
0 days 01:39:01.783000,ALB,21.0,0 days 00:01:38.940000,8.0,0 days 00:00:37.723000,0 days 00:00:30.992000,0 days 00:00:30.225000,2.0,HARD,17.0,1
0 days 01:40:29.684000,LEC,22.0,0 days 00:01:34.075000,6.0,0 days 00:00:34.685000,0 days 00:00:30.094000,0 days 00:00:29.296000,2.0,HARD,1.0,1
0 days 01:40:30.646000,VER,22.0,0 days 00:01:34.167000,6.0,0 days 00:00:34.979000,0 days 00:00:29.863000,0 days 00:00:29.325000,2.0,HARD,2.0,1
0 days 01:40:32.030000,SAI,22.0,0 days 00:01:34.295000,6.0,0 days 00:00:34.837000,0 days 00:00:30.042000,0 days 00:00:29.416000,2.0,HARD,3.0,1
0 days 01:40:32.794000,PER,22.0,0 days 00:01:34.659000,7.0,0 days 00:00:35.393000,0 days 00:00:29.868000,0 days 00:00:29.398000,2.0,HARD,4.0,1
0 days 01:40:33.780000,RUS,22.0,0 days 00:01:34.801000,6.0,0 days 00:00:35.255000,0 days 00:00:30.072000,0 days 00:00:29.474000,2.0,HARD,5.0,1
0 days 01:40:34.524000,MAG,22.0,0 days 00:01:35.639000,24.0,0 days 00:00:35.508000,0 days 00:00:30.391000,0 days 00:00:29.740000,1.0,HARD,6.0,1
0 days 01:40:34.892000,HAM,22.0,0 days 00:01:35.996000,23.0,0 days 00:00:36.004000,0 days 00:00:30.171000,0 days 00:00:29.821000,1.0,HARD,7.0,1
0 days 01:40:35.616000,ALO,22.0,0 days 00:01:36.705000,6.0,0 days 00:00:36.362000,0 days 00:00:30.582000,0 days 00:00:29.761000,2.0,HARD,8.0,1
0 days 01:40:36.357000,HUL,22.0,0 days 00:01:36.740000,23.0,0 days 00:00:36.342000,0 days 00:00:30.505000,0 days 00:00:29.893000,1.0,HARD,9.0,1
0 days 01:40:36.711000,BOT,22.0,0 days 00:01:37.061000,6.0,0 days 00:00:36.437000,0 days 00:00:30.688000,0 days 00:00:29.936000,2.0,HARD,10.0,1
0 days 01:40:37.412000,OCO,22.0,0 days 00:01:37.099000,6.0,0 days 00:00:36.384000,0 days 00:00:30.783000,0 days 00:00:29.932000,2.0,HARD,11.0,1
0 days 01:40:38.081000,RIC,22.0,0 days 00:01:37.130000,14.0,0 days 00:00:36.417000,0 days 00:00:30.731000,0 days 00:00:29.982000,2.0,HARD,12.0,1
0 days 01:40:38.648000,NOR,22.0,0 days 00:01:37.203000,6.0,0 days 00:00:36.436000,0 days 00:00:30.851000,0 days 00:00:29.916000,2.0,HARD,13.0,1
0 days 01:40:39.216000,GAS,22.0,0 days 00:01:37.267000,7.0,0 days 00:00:36.750000,0 days 00:00:30.768000,0 days 00:00:29.749000,2.0,HARD,14.0,1
0 days 01:40:39.600000,ZHO,22.0,0 days 00:01:37.364000,6.0,0 days 00:00:36.816000,0 days 00:00:30.622000,0 days 00:00:29.926000,2.0,HARD,15.0,1
0 days 01:40:40.126000,STR,22.0,0 days 00:01:37.787000,10.0,0 days 00:00:36.896000,0 days 00:00:30.802000,0 days 00:00:30.089000,2.0,HARD,16.0,1
0 days 01:40:40.723000,ALB,22.0,0 days 00:01:37.769000,9.0,0 days 00:00:36.886000,0 days 00:00:30.734000,0 days 00:00:30.149000,2.0,HARD,17.0,1
0 days 01:42:03.759000,LEC,23.0,0 days 00:01:33.459000,7.0,0 days 00:00:34.471000,0 days 00:00:29.718000,0 days 00:00:29.270000,2.0,HARD,1.0,1
0 days 01:42:04.813000,VER,23.0,0 days 00:01:33.688000,7.0,0 days 00:00:34.814000,0 days 00:00:29.795000,0 days 00:00:29.079000,2.0,HARD,2.0,1
0 days 01:42:06.325000,SAI,23.0,0 days 00:01:33.857000,7.0,0 days 00:00:34.643000,0 days 00:00:29.984000,0 days 00:00:29.230000,2.0,HARD,3.0,1
0 days 01:42:07.453000,PER,23.0,0 days 00:01:33.699000,8.0,0 days 00:00:34.876000,0 days 00:00:29.669000,0 days 00:00:29.154000,2.0,HARD,4.0,1
0 days 01:42:08.581000,RUS,23.0,0 days 00:01:34.184000,7.0,0 days 00:00:34.751000,0 days 00:00:29.866000,0 days 00:00:29.567000,2.0,HARD,5.0,1
0 days 01:42:10.163000,MAG,23.0,0 days 00:01:35.742000,25.0,0 days 00:00:35.325000,0 days 00:00:30.339000,0 days 00:00:30.078000,1.0,HARD,7.0,1
0 days 01:42:10.888000,HAM,23.0,0 days 00:01:34.928000,24.0,0 days 00:00:35.340000,0 days 00:00:30.022000,0 days 00:00:29.566000,1.0,HARD,6.0,1
0 days 01:42:12.321000,ALO,23.0,0 days 00:01:35.666000,7.0,0 days 00:00:35.707000,0 days 00:00:30.371000,0 days 00:00:29.588000,2.0,HARD,8.0,1
0 days 01:42:13.097000,HUL,23.0,0 days 00:01:36.427000,24.0,0 days 00:00:36.027000,0 days 00:00:30.563000,0 days 00:00:29.837000,1.0,HARD,9.0,1
0 days 01:42:13.772000,BOT,23.0,0 days 00:01:35.816000,7.0,0 days 00:00:35.813000,0 days 00:00:30.446000,0 days 00:00:29.557000,2.0,HARD,10.0,1
0 days 01:42:14.511000,OCO,23.0,0 days 00:01:35.673000,7.0,0 days 00:00:35.870000,0 days 00:00:30.459000,0 days 00:00:29.344000,2.0,HARD,11.0,1
0 days 01:42:15.211000,RIC,23.0,0 days 00:01:35.817000,15.0,0 days 00:00:36.233000,0 days 00:00:30.266000,0 days 00:00:29.318000,2.0,HARD,12.0,1
0 days 01:42:15.851000,NOR,23.0,0 days 00:01:35.949000,7.0,0 days 00:00:36.312000,0 days 00:00:30.208000,0 days 00:00:29.429000,2.0,HARD,13.0,1
0 days 01:42:16.483000,GAS,23.0,0 days 00:01:36.028000,8.0,0 days 00:00:36.506000,0 days 00:00:30.354000,0 days 00:00:29.168000,2.0,HARD,14.0,1
0 days 01:42:16.964000,ZHO,23.0,0 days 00:01:35.874000,7.0,0 days 00:00:36.472000,0 days 00:00:30.131000,0 days 00:00:29.271000,2.0,HARD,15.0,1
0 days 01:42:17.913000,STR,23.0,0 days 00:01:36.685000,11.0,0 days 00:00:36.547000,0 days 00:00:30.594000,0 days 00:00:29.544000,2.0,HARD,16.0,1
0 days 01:42:18.492000,ALB,23.0,0 days 00:01:36.664000,10.0,0 days 00:00:36.620000,0 days 00:00:30.544000,0 days 00:00:29.500000,2.0,HARD,17.0,1
0 days 01:43:37.218000,LEC,24.0,0 days 00:01:33.521000,8.0,0 days 00:00:34.536000,0 days 00:00:29.733000,0 days 00:00:29.252000,2.0,HARD,1.0,1
0 days 01:43:38.501000,VER,24.0,0 days 00:01:33.445000,8.0,0 days 00:00:34.675000,0 days 00:00:29.704000,0 days 00:00:29.066000,2.0,HARD,2.0,1
0 days 01:43:40.182000,SAI,24.0,0 days 00:01:33.636000,8.0,0 days 00:00:34.514000,0 days 00:00:29.852000,0 days 00:00:29.270000,2.0,HARD,3.0,1
0 days 01:43:41.152000,PER,24.0,0 days 00:01:33.815000,9.0,0 days 00:00:34.943000,0 days 00:00:29.711000,0 days 00:00:29.161000,2.0,HARD,4.0,1
0 days 01:43:42.765000,RUS,24.0,0 days 00:01:34.890000,8.0,0 days 00:00:35.111000,0 days 00:00:30.196000,0 days 00:00:29.583000,2.0,HARD,5.0,1
0 days 01:43:45.816000,HAM,24.0,0 days 00:01:35.876000,25.0,0 days 00:00:36.246000,0 days 00:00:29.995000,0 days 00:00:29.635000,1.0,HARD,7.0,1
0 days 01:43:45.905000,MAG,24.0,0 days 00:01:35.393000,26.0,0 days 00:00:35.387000,0 days 00:00:30.198000,0 days 00:00:29.808000,1.0,HARD,6.0,1
0 days 01:43:47.987000,ALO,24.0,0 days 00:01:35.666000,8.0,0 days 00:00:35.791000,0 days 00:00:30.269000,0 days 00:00:29.606000,2.0,HARD,8.0,1
0 days 01:43:49.524000,HUL,24.0,0 days 00:01:36.981000,25.0,0 days 00:00:36.482000,0 days 00:00:30.372000,0 days 00:00:30.127000,1.0,HARD,10.0,1
0 days 01:43:49.588000,BOT,24.0,0 days 00:01:35.292000,8.0,0 days 00:00:35.431000,0 days 00:00:30.256000,0 days 00:00:29.605000,2.0,HARD,9.0,1
0 days 01:43:50.184000,OCO,24.0,0 days 00:01:36.421000,8.0,0 days 00:00:36.133000,0 days 00:00:30.441000,0 days 00:00:29.847000,2.0,HARD,11.0,1
0 days 01:43:51.028000,RIC,24.0,0 days 00:01:36.211000,16.0,0 days 00:00:36.153000,0 days 00:00:30.444000,0 days 00:00:29.614000,2.0,HARD,12.0,1
0 days 01:43:51.800000,NOR,24.0,0 days 00:01:36.081000,8.0,0 days 00:00:36.125000,0 days 00:00:30.311000,0 days 00:00:29.645000,2.0,HARD,13.0,1
0 days 01:43:52.511000,GAS,24.0,0 days 00:01:35.922000,9.0,0 days 00:00:36.269000,0 days 00:00:30.415000,0 days 00:00:29.238000,2.0,HARD,14.0,1
0 days 01:43:52.838000,ZHO,24.0,0 days 00:01:36.323000,8.0,0 days 00:00:36.396000,0 days 00:00:30.503000,0 days 00:00:29.424000,2.0,HARD,15.0,1
0 days 01:43:54.598000,STR,24.0,0 days 00:01:36.241000,12.0,0 days 00:00:36.021000,0 days 00:00:30.605000,0 days 00:00:29.615000,2.0,HARD,16.0,1
0 days 01:43:55.156000,ALB,24.0,0 days 00:01:36.251000,11.0,0 days 00:00:36.202000,0 days 00:00:30.538000,0 days 00:00:29.511000,2.0,HARD,17.0,1
0 days 01:45:10.739000,LEC,25.0,0 days 00:01:33.324000,9.0,0 days 00:00:34.175000,0 days 00:00:29.800000,0 days 00:00:29.349000,2.0,HARD,1.0,1
0 days 01:45:11.946000,VER,25.0,0 days 00:01:33.301000,9.0,0 days 00:00:34.521000,0 days 00:00:29.663000,0 days 00:00:29.117000,2.0,HARD,2.0,1
0 days 01:45:13.818000,SAI,25.0,0 days 00:01:33.575000,9.0,0 days 00:00:34.465000,0 days 00:00:29.846000,0 days 00:00:29.264000,2.0,HARD,3.0,1
0 days 01:45:14.967000,PER,25.0,0 days 00:01:33.697000,10.0,0 days 00:00:34.769000,0 days 00:00:29.648000,0 days 00:00:29.280000,2.0,HARD,4.0,1
0 days 01:45:17.655000,RUS,25.0,0 days 00:01:34.288000,9.0,0 days 00:00:34.814000,0 days 00:00:29.946000,0 days 00:00:29.528000,2.0,HARD,5.0,1
0 days 01:45:21.298000,MAG,25.0,0 days 00:01:35.750000,27.0,0 days 00:00:36.344000,0 days 00:00:30.080000,0 days 00:00:29.326000,1.0,HARD,7.0,1
0 days 01:45:21.692000,HAM,25.0,0 days 00:01:34.820000,26.0,0 days 00:00:35.059000,0 days 00:00:30.197000,0 days 00:00:29.564000,1.0,HARD,6.0,1
0 days 01:45:23.653000,ALO,25.0,0 days 00:01:35.361000,9.0,0 days 00:00:35.558000,0 days 00:00:30.257000,0 days 00:00:29.546000,2.0,HARD,8.0,1
0 days 01:45:24.880000,BOT,25.0,0 days 00:01:34.639000,9.0,0 days 00:00:35.320000,0 days 00:00:30.064000,0 days 00:00:29.255000,2.0,HARD,9.0,1
0 days 01:45:26.505000,HUL,25.0,0 days 00:01:37.389000,26.0,0 days 00:00:36.497000,0 days 00:00:30.521000,0 days 00:00:30.371000,1.0,HARD,12.0,1
0 days 01:45:26.605000,OCO,25.0,0 days 00:01:35.232000,9.0,0 days 00:00:35.267000,0 days 00:00:30.312000,0 days 00:00:29.653000,2.0,HARD,10.0,1
0 days 01:45:27.239000,RIC,25.0,0 days 00:01:36.439000,17.0,0 days 00:00:36.356000,0 days 00:00:30.484000,0 days 00:00:29.599000,2.0,HARD,11.0,1
0 days 01:45:27.881000,NOR,25.0,0 days 00:01:36.266000,9.0,0 days 00:00:36.367000,0 days 00:00:30.400000,0 days 00:00:29.499000,2.0,HARD,13.0,1
0 days 01:45:28.433000,GAS,25.0,0 days 00:01:36.303000,10.0,0 days 00:00:36.521000,0 days 00:00:30.434000,0 days 00:00:29.348000,2.0,HARD,14.0,1
0 days 01:45:29.161000,ZHO,25.0,0 days 00:01:36.023000,9.0,0 days 00:00:36.188000,0 days 00:00:30.525000,0 days 00:00:29.310000,2.0,HARD,15.0,1
0 days 01:45:30.839000,STR,25.0,0 days 00:01:36.287000,13.0,0 days 00:00:35.939000,0 days 00:00:30.509000,0 days 00:00:29.839000,2.0,HARD,16.0,1
0 days 01:45:31.407000,ALB,25.0,0 days 00:01:36.938000,12.0,0 days 00:00:36.260000,0 days 00:00:30.735000,0 days 00:00:29.943000,2.0,HARD,17.0,1
0 days 01:46:44.063000,LEC,26.0,0 days 00:01:33.182000,10.0,0 days 00:00:34.261000,0 days 00:00:29.843000,0 days 00:00:29.078000,2.0,HARD,1.0,1
0 days 01:46:45.247000,VER,26.0,0 days 00:01:33.304000,10.0,0 days 00:00:34.575000,0 days 00:00:29.713000,0 days 00:00:29.016000,2.0,HARD,2.0,1
0 days 01:46:47.393000,SAI,26.0,0 days 00:01:33.181000,10.0,0 days 00:00:34.229000,0 days 00:00:29.751000,0 days 00:00:29.201000,2.0,HARD,3.0,1
0 days 01:46:48.664000,PER,26.0,0 days 00:01:33.608000,11.0,0 days 00:00:34.701000,0 days 00:00:29.712000,0 days 00:00:29.195000,2.0,HARD,4.0,1
0 days 01:46:51.943000,RUS,26.0,0 days 00:01:33.968000,10.0,0 days 00:00:34.658000,0 days 00:00:29.817000,0 days 00:00:29.493000,2.0,HARD,5.0,1
0 days 01:46:56.512000,HAM,26.0,0 days 00:01:34.544000,27.0,0 days 00:00:35.089000,0 days 00:00:29.899000,0 days 00:00:29.556000,1.0,HARD,6.0,1
0 days 01:46:57.048000,MAG,26.0,0 days 00:01:35.509000,28.0,0 days 00:00:35.459000,0 days 00:00:30.326000,0 days 00:00:29.724000,1.0,HARD,7.0,1
0 days 01:46:59.014000,ALO,26.0,0 days 00:01:34.831000,10.0,0 days 00:00:35.301000,0 days 00:00:30.075000,0 days 00:00:29.455000,2.0,HARD,8.0,1
0 days 01:46:59.519000,BOT,26.0,0 days 00:01:34.735000,10.0,0 days 00:00:35.464000,0 days 00:00:30.039000,0 days 00:00:29.232000,2.0,HARD,9.0,1
0 days 01:47:01.837000,OCO,26.0,0 days 00:01:35.180000,10.0,0 days 00:00:35.374000,0 days 00:00:30.214000,0 days 00:00:29.592000,2.0,HARD,10.0,1
0 days 01:47:03.678000,RIC,26.0,0 days 00:01:35.511000,18.0,0 days 00:00:35.506000,0 days 00:00:30.382000,0 days 00:00:29.623000,2.0,HARD,11.0,1
0 days 01:47:03.894000,HUL,26.0,0 days 00:01:36.065000,27.0,0 days 00:00:36.258000,0 days 00:00:30.333000,0 days 00:00:29.474000,1.0,HARD,12.0,1
0 days 01:47:04.147000,NOR,26.0,0 days 00:01:36.292000,10.0,0 days 00:00:36.731000,0 days 00:00:30.158000,0 days 00:00:29.403000,2.0,HARD,13.0,1
0 days 01:47:04.736000,GAS,26.0,0 days 00:01:36.294000,11.0,0 days 00:00:36.747000,0 days 00:00:30.307000,0 days 00:00:29.240000,2.0,HARD,14.0,1
0 days 01:47:05.184000,ZHO,26.0,0 days 00:01:36.310000,10.0,0 days 00:00:36.638000,0 days 00:00:30.411000,0 days 00:00:29.261000,2.0,HARD,15.0,1
0 days 01:47:07.126000,STR,26.0,0 days 00:01:36.385000,14.0,0 days 00:00:36.112000,0 days 00:00:30.614000,0 days 00:00:29.659000,2.0,HARD,16.0,1
0 days 01:47:08.345000,ALB,26.0,0 days 00:01:36.445000,13.0,0 days 00:00:36.038000,0 days 00:00:30.574000,0 days 00:00:29.833000,2.0,HARD,17.0,1
0 days 01:48:17.245000,LEC,27.0,0 days 00:01:33.184000,11.0,0 days 00:00:34.301000,0 days 00:00:29.728000,0 days 00:00:29.155000,2.0,HARD,1.0,1
0 days 01:48:18.551000,VER,27.0,0 days 00:01:33.059000,11.0,0 days 00:00:34.458000,0 days 00:00:29.571000,0 days 00:00:29.030000,2.0,HARD,2.0,1
0 days 01:48:20.574000,SAI,27.0,0 days 00:01:33.705000,11.0,0 days 00:00:34.681000,0 days 00:00:29.803000,0 days 00:00:29.221000,2.0,HARD,3.0,1
0 days 01:48:22.272000,PER,27.0,0 days 00:01:33.547000,12.0,0 days 00:00:34.597000,0 days 00:00:29.714000,0 days 00:00:29.236000,2.0,HARD,4.0,1
0 days 01:48:25.911000,RUS,27.0,0 days 00:01:34.044000,11.0,0 days 00:00:34.652000,0 days 00:00:29.929000,0 days 00:00:29.463000,2.0,HARD,5.0,1
0 days 01:48:31.056000,HAM,27.0,0 days 00:01:34.699000,28.0,0 days 00:00:34.982000,0 days 00:00:30.071000,0 days 00:00:29.646000,1.0,HARD,6.0,1
0 days 01:48:32.557000,MAG,27.0,0 days 00:01:34.796000,29.0,0 days 00:00:35.061000,0 days 00:00:30.136000,0 days 00:00:29.599000,1.0,HARD,7.0,1
0 days 01:48:33.845000,ALO,27.0,0 days 00:01:34.594000,11.0,0 days 00:00:35.101000,0 days 00:00:29.952000,0 days 00:00:29.541000,2.0,HARD,8.0,1
0 days 01:48:34.254000,BOT,27.0,0 days 00:01:35.516000,11.0,0 days 00:00:35.647000,0 days 00:00:30.269000,0 days 00:00:29.600000,2.0,HARD,9.0,1
0 days 01:48:37.017000,OCO,27.0,0 days 00:01:35.292000,11.0,0 days 00:00:35.262000,0 days 00:00:30.301000,0 days 00:00:29.729000,2.0,HARD,10.0,1
0 days 01:48:39.189000,RIC,27.0,0 days 00:01:35.255000,19.0,0 days 00:00:35.384000,0 days 00:00:30.153000,0 days 00:00:29.718000,2.0,HARD,11.0,1
0 days 01:48:39.959000,HUL,27.0,0 days 00:01:35.897000,28.0,0 days 00:00:35.648000,0 days 00:00:30.355000,0 days 00:00:29.894000,1.0,HARD,12.0,1
0 days 01:48:40.439000,NOR,27.0,0 days 00:01:35.606000,11.0,0 days 00:00:35.851000,0 days 00:00:30.134000,0 days 00:00:29.621000,2.0,HARD,13.0,1
0 days 01:48:41.030000,GAS,27.0,0 days 00:01:35.547000,12.0,0 days 00:00:36.112000,0 days 00:00:30.181000,0 days 00:00:29.254000,2.0,HARD,14.0,1
0 days 01:48:41.494000,ZHO,27.0,0 days 00:01:38.660000,11.0,0 days 00:00:36.091000,0 days 00:00:30.313000,0 days 00:00:32.256000,2.0,HARD,16.0,1
0 days 01:48:43.511000,STR,27.0,0 days 00:01:36.195000,15.0,0 days 00:00:35.954000,0 days 00:00:30.510000,0 days 00:00:29.731000,2.0,HARD,15.0,1
0 days 01:48:44.790000,ALB,27.0,0 days 00:01:36.411000,14.0,0 days 00:00:35.846000,0 days 00:00:30.649000,0 days 00:00:29.916000,2.0,HARD,17.0,1
0 days 01:49:50.429000,LEC,28.0,0 days 00:01:32.711000,12.0,0 days 00:00:34.067000,0 days 00:00:29.513000,0 days 00:00:29.131000,2.0,HARD,1.0,1
0 days 01:49:51.610000,VER,28.0,0 days 00:01:33.030000,12.0,0 days 00:00:34.398000,0 days 00:00:29.606000,0 days 00:00:29.026000,2.0,HARD,2.0,1
0 days 01:49:54.279000,SAI,28.0,0 days 00:01:33.231000,12.0,0 days 00:00:34.308000,0 days 00:00:29.627000,0 days 00:00:29.296000,2.0,HARD,3.0,1
0 days 01:49:55.819000,PER,28.0,0 days 00:01:33.407000,13.0,0 days 00:00:34.557000,0 days 00:00:29.706000,0 days 00:00:29.144000,2.0,HARD,4.0,1
0 days 01:49:59.955000,RUS,28.0,0 days 00:01:34.083000,12.0,0 days 00:00:34.684000,0 days 00:00:29.862000,0 days 00:00:29.537000,2.0,HARD,5.0,1
0 days 01:50:05.755000,HAM,28.0,0 days 00:01:34.266000,29.0,0 days 00:00:34.765000,0 days 00:00:29.956000,0 days 00:00:29.545000,1.0,HARD,6.0,1
0 days 01:50:07.353000,MAG,28.0,0 days 00:01:34.837000,30.0,0 days 00:00:35.086000,0 days 00:00:30.113000,0 days 00:00:29.638000,1.0,HARD,7.0,1
0 days 01:50:08.439000,ALO,28.0,0 days 00:01:34.943000,12.0,0 days 00:00:35.212000,0 days 00:00:30.012000,0 days 00:00:29.719000,2.0,HARD,8.0,1
0 days 01:50:09.770000,BOT,28.0,0 days 00:01:35.096000,12.0,0 days 00:00:35.245000,0 days 00:00:30.235000,0 days 00:00:29.616000,2.0,HARD,9.0,1
0 days 01:50:12.309000,OCO,28.0,0 days 00:01:35.109000,12.0,0 days 00:00:35.211000,0 days 00:00:30.256000,0 days 00:00:29.642000,2.0,HARD,10.0,1
0 days 01:50:14.444000,RIC,28.0,0 days 00:01:35.135000,20.0,0 days 00:00:35.115000,0 days 00:00:30.231000,0 days 00:00:29.789000,2.0,HARD,11.0,1
0 days 01:50:15.856000,HUL,28.0,0 days 00:01:36.686000,29.0,0 days 00:00:36.510000,0 days 00:00:30.328000,0 days 00:00:29.848000,1.0,HARD,13.0,1
0 days 01:50:16.045000,NOR,28.0,0 days 00:01:35.293000,12.0,0 days 00:00:35.412000,0 days 00:00:30.197000,0 days 00:00:29.684000,2.0,HARD,12.0,1
0 days 01:50:16.577000,GAS,28.0,0 days 00:01:36.143000,13.0,0 days 00:00:36.488000,0 days 00:00:30.319000,0 days 00:00:29.336000,2.0,HARD,14.0,1
0 days 01:50:19.706000,STR,28.0,0 days 00:01:36.209000,16.0,0 days 00:00:35.846000,0 days 00:00:30.595000,0 days 00:00:29.768000,2.0,HARD,15.0,1
0 days 01:50:20.154000,ZHO,28.0,0 days 00:01:48.451000,12.0,0 days 00:00:47.906000,0 days 00:00:30.561000,0 days 00:00:29.984000,3.0,HARD,17.0,1
0 days 01:50:21.201000,ALB,28.0,0 days 00:01:36.424000,15.0,0 days 00:00:35.993000,0 days 00:00:30.504000,0 days 00:00:29.927000,2.0,HARD,16.0,1
0 days 01:51:23.140000,LEC,29.0,0 days 00:01:32.942000,13.0,0 days 00:00:34.159000,0 days 00:00:29.654000,0 days 00:00:29.129000,2.0,HARD,1.0,1
0 days 01:51:24.640000,VER,29.0,0 days 00:01:32.930000,13.0,0 days 00:00:34.306000,0 days 00:00:29.556000,0 days 00:00:29.068000,2.0,HARD,2.0,1
0 days 01:51:27.510000,SAI,29.0,0 days 00:01:33.582000,13.0,0 days 00:00:34.486000,0 days 00:00:29.799000,0 days 00:00:29.297000,2.0,HARD,3.0,1
0 days 01:51:29.226000,PER,29.0,0 days 00:01:33.313000,14.0,0 days 00:00:34.632000,0 days 00:00:29.660000,0 days 00:00:29.021000,2.0,HARD,4.0,1
0 days 01:51:34.038000,RUS,29.0,0 days 00:01:34.072000,13.0,0 days 00:00:34.768000,0 days 00:00:29.754000,0 days 00:00:29.550000,2.0,HARD,5.0,1
0 days 01:51:40.021000,HAM,29.0,0 days 00:01:34.189000,30.0,0 days 00:00:34.880000,0 days 00:00:29.876000,0 days 00:00:29.433000,1.0,HARD,6.0,1
0 days 01:51:42.190000,MAG,29.0,0 days 00:01:34.836000,31.0,0 days 00:00:35.016000,0 days 00:00:30.077000,0 days 00:00:29.743000,1.0,HARD,7.0,1
0 days 01:51:43.382000,ALO,29.0,0 days 00:01:35.385000,13.0,0 days 00:00:35.550000,0 days 00:00:30.319000,0 days 00:00:29.516000,2.0,HARD,8.0,1
0 days 01:51:44.866000,BOT,29.0,0 days 00:01:34.498000,13.0,0 days 00:00:35.220000,0 days 00:00:29.998000,0 days 00:00:29.280000,2.0,HARD,9.0,1
0 days 01:51:47.418000,OCO,29.0,0 days 00:01:34.816000,13.0,0 days 00:00:35.139000,0 days 00:00:30.143000,0 days 00:00:29.534000,2.0,HARD,10.0,1
0 days 01:51:49.579000,RIC,29.0,0 days 00:01:34.982000,21.0,0 days 00:00:35.205000,0 days 00:00:30.129000,0 days 00:00:29.648000,2.0,HARD,11.0,1
0 days 01:51:51.338000,NOR,29.0,0 days 00:01:35.152000,13.0,0 days 00:00:35.295000,0 days 00:00:30.120000,0 days 00:00:29.737000,2.0,HARD,12.0,1
0 days 01:51:52.542000,HUL,29.0,0 days 00:01:36.467000,30.0,0 days 00:00:36.605000,0 days 00:00:30.229000,0 days 00:00:29.633000,1.0,HARD,14.0,1
0 days 01:51:52.720000,GAS,29.0,0 days 00:01:35.394000,14.0,0 days 00:00:35.715000,0 days 00:00:30.095000,0 days 00:00:29.584000,2.0,HARD,13.0,1
0 days 01:51:55.915000,STR,29.0,0 days 00:01:36.024000,17.0,0 days 00:00:35.966000,0 days 00:00:30.328000,0 days 00:00:29.730000,2.0,HARD,15.0,1
0 days 01:51:57.625000,ALB,29.0,0 days 00:01:36.059000,16.0,0 days 00:00:35.815000,0 days 00:00:30.391000,0 days 00:00:29.853000,2.0,HARD,16.0,1
0 days 01:52:08.605000,ZHO,29.0,0 days 00:01:35.172000,13.0,0 days 00:00:35.421000,0 days 00:00:30.102000,0 days 00:00:29.649000,3.0,HARD,17.0,1
0 days 01:52:56.082000,LEC,30.0,0 days 00:01:32.752000,14.0,0 days 00:00:34.076000,0 days 00:00:29.593000,0 days 00:00:29.083000,2.0,HARD,1.0,1
0 days 01:52:57.570000,VER,30.0,0 days 00:01:32.778000,14.0,0 days 00:00:34.243000,0 days 00:00:29.560000,0 days 00:00:28.975000,2.0,HARD,2.0,1
0 days 01:53:01.092000,SAI,30.0,0 days 00:01:33.004000,14.0,0 days 00:00:34.176000,0 days 00:00:29.680000,0 days 00:00:29.148000,2.0,HARD,3.0,1
0 days 01:53:02.539000,PER,30.0,0 days 00:01:33.647000,15.0,0 days 00:00:34.792000,0 days 00:00:29.799000,0 days 00:00:29.056000,2.0,HARD,4.0,1
0 days 01:53:08.110000,RUS,30.0,0 days 00:01:34.004000,14.0,0 days 00:00:34.714000,0 days 00:00:29.821000,0 days 00:00:29.469000,2.0,HARD,5.0,1
0 days 01:53:14.210000,HAM,30.0,0 days 00:01:34.074000,31.0,0 days 00:00:34.699000,0 days 00:00:29.930000,0 days 00:00:29.445000,1.0,HARD,6.0,1
0 days 01:53:17.026000,MAG,30.0,0 days 00:01:34.572000,32.0,0 days 00:00:34.882000,0 days 00:00:30.110000,0 days 00:00:29.580000,1.0,HARD,7.0,1
0 days 01:53:18.767000,ALO,30.0,0 days 00:01:34.404000,14.0,0 days 00:00:35.155000,0 days 00:00:29.847000,0 days 00:00:29.402000,2.0,HARD,8.0,1
0 days 01:53:19.364000,BOT,30.0,0 days 00:01:34.499000,14.0,0 days 00:00:35.183000,0 days 00:00:30.035000,0 days 00:00:29.281000,2.0,HARD,9.0,1
0 days 01:53:22.234000,OCO,30.0,0 days 00:01:34.767000,14.0,0 days 00:00:35.087000,0 days 00:00:30.214000,0 days 00:00:29.466000,2.0,HARD,10.0,1
0 days 01:53:24.561000,RIC,30.0,0 days 00:01:35.042000,22.0,0 days 00:00:35.130000,0 days 00:00:30.195000,0 days 00:00:29.717000,2.0,HARD,11.0,1
0 days 01:53:26.490000,NOR,30.0,0 days 00:01:34.910000,14.0,0 days 00:00:35.150000,0 days 00:00:30.052000,0 days 00:00:29.708000,2.0,HARD,12.0,1
0 days 01:53:28.114000,GAS,30.0,0 days 00:01:34.798000,15.0,0 days 00:00:35.327000,0 days 00:00:30.042000,0 days 00:00:29.429000,2.0,HARD,13.0,1
0 days 01:53:29.009000,HUL,30.0,0 days 00:01:35.890000,31.0,0 days 00:00:35.710000,0 days 00:00:30.422000,0 days 00:00:29.758000,1.0,HARD,14.0,1
0 days 01:53:31.939000,STR,30.0,0 days 00:01:35.839000,18.0,0 days 00:00:35.772000,0 days 00:00:30.344000,0 days 00:00:29.723000,2.0,HARD,15.0,1
0 days 01:53:33.684000,ALB,30.0,0 days 00:01:35.898000,17.0,0 days 00:00:35.720000,0 days 00:00:30.494000,0 days 00:00:29.684000,2.0,HARD,16.0,1
0 days 01:53:43.777000,ZHO,30.0,0 days 00:01:34.518000,14.0,0 days 00:00:35.143000,0 days 00:00:29.983000,0 days 00:00:29.392000,3.0,HARD,17.0,1
0 days 01:54:28.834000,LEC,31.0,0 days 00:01:33.079000,15.0,0 days 00:00:34.231000,0 days 00:00:29.744000,0 days 00:00:29.104000,2.0,HARD,1.0,1
0 days 01:54:30.348000,VER,31.0,0 days 00:01:32.897000,15.0,0 days 00:00:34.328000,0 days 00:00:29.639000,0 days 00:00:28.930000,2.0,HARD,2.0,1
0 days 01:54:34.096000,SAI,31.0,0 days 00:01:33.041000,15.0,0 days 00:00:34.223000,0 days 00:00:29.653000,0 days 00:00:29.165000,2.0,HARD,3.0,1
0 days 01:54:36.186000,PER,31.0,0 days 00:01:33.102000,16.0,0 days 00:00:34.593000,0 days 00:00:29.502000,0 days 00:00:29.007000,2.0,HARD,4.0,1
0 days 01:54:42.114000,RUS,31.0,0 days 00:01:34.002000,15.0,0 days 00:00:34.660000,0 days 00:00:29.813000,0 days 00:00:29.529000,2.0,HARD,5.0,1
0 days 01:54:48.284000,HAM,31.0,0 days 00:01:34.159000,32.0,0 days 00:00:34.804000,0 days 00:00:29.822000,0 days 00:00:29.533000,1.0,HARD,6.0,1
0 days 01:54:51.598000,MAG,31.0,0 days 00:01:34.462000,33.0,0 days 00:00:34.886000,0 days 00:00:29.926000,0 days 00:00:29.650000,1.0,HARD,7.0,1
0 days 01:54:53.171000,ALO,31.0,0 days 00:01:34.202000,15.0,0 days 00:00:35.032000,0 days 00:00:29.834000,0 days 00:00:29.336000,2.0,HARD,8.0,1
0 days 01:54:53.863000,BOT,31.0,0 days 00:01:33.979000,15.0,0 days 00:00:35.127000,0 days 00:00:29.747000,0 days 00:00:29.105000,2.0,HARD,9.0,1
0 days 01:54:57.001000,OCO,31.0,0 days 00:01:34.551000,15.0,0 days 00:00:34.935000,0 days 00:00:30.164000,0 days 00:00:29.452000,2.0,HARD,10.0,1
0 days 01:54:59.603000,RIC,31.0,0 days 00:01:35.044000,23.0,0 days 00:00:35.041000,0 days 00:00:30.209000,0 days 00:00:29.794000,2.0,HARD,11.0,1
0 days 01:55:01.400000,NOR,31.0,0 days 00:01:34.908000,15.0,0 days 00:00:35.103000,0 days 00:00:30.102000,0 days 00:00:29.703000,2.0,HARD,12.0,1
0 days 01:55:02.912000,GAS,31.0,0 days 00:01:34.845000,16.0,0 days 00:00:35.411000,0 days 00:00:30.040000,0 days 00:00:29.394000,2.0,HARD,13.0,1
0 days 01:55:04.899000,HUL,31.0,0 days 00:01:35.572000,32.0,0 days 00:00:35.591000,0 days 00:00:30.229000,0 days 00:00:29.752000,1.0,HARD,14.0,1
0 days 01:55:07.778000,STR,31.0,0 days 00:01:35.449000,19.0,0 days 00:00:35.485000,0 days 00:00:30.246000,0 days 00:00:29.718000,2.0,HARD,15.0,1
0 days 01:55:09.582000,ALB,31.0,0 days 00:01:35.700000,18.0,0 days 00:00:35.594000,0 days 00:00:30.339000,0 days 00:00:29.767000,2.0,HARD,16.0,1
0 days 01:55:18.295000,ZHO,31.0,0 days 00:01:34.780000,15.0,0 days 00:00:35.174000,0 days 00:00:30.066000,0 days 00:00:29.540000,3.0,HARD,17.0,1
0 days 01:56:01.913000,LEC,32.0,0 days 00:01:32.683000,16.0,0 days 00:00:34.055000,0 days 00:00:29.539000,0 days 00:00:29.089000,2.0,HARD,1.0,1
0 days 01:56:03.245000,VER,32.0,0 days 00:01:32.887000,16.0,0 days 00:00:34.333000,0 days 00:00:29.581000,0 days 00:00:28.973000,2.0,HARD,2.0,1
0 days 01:56:07.137000,SAI,32.0,0 days 00:01:32.904000,16.0,0 days 00:00:34.173000,0 days 00:00:29.635000,0 days 00:00:29.096000,2.0,HARD,3.0,1
0 days 01:56:09.288000,PER,32.0,0 days 00:01:33.151000,17.0,0 days 00:00:34.450000,0 days 00:00:29.595000,0 days 00:00:29.106000,2.0,HARD,4.0,1
0 days 01:56:16.116000,RUS,32.0,0 days 00:01:33.951000,16.0,0 days 00:00:34.628000,0 days 00:00:29.826000,0 days 00:00:29.497000,2.0,HARD,5.0,1
0 days 01:56:22.443000,HAM,32.0,0 days 00:01:33.911000,33.0,0 days 00:00:34.646000,0 days 00:00:29.873000,0 days 00:00:29.392000,1.0,HARD,6.0,1
0 days 01:56:26.060000,MAG,32.0,0 days 00:01:34.569000,34.0,0 days 00:00:34.781000,0 days 00:00:30.103000,0 days 00:00:29.685000,1.0,HARD,7.0,1
0 days 01:56:27.373000,ALO,32.0,0 days 00:01:33.953000,16.0,0 days 00:00:34.906000,0 days 00:00:29.803000,0 days 00:00:29.244000,2.0,HARD,8.0,1
0 days 01:56:27.842000,BOT,32.0,0 days 00:01:35.173000,16.0,0 days 00:00:35.250000,0 days 00:00:30.273000,0 days 00:00:29.650000,2.0,HARD,9.0,1
0 days 01:56:31.552000,OCO,32.0,0 days 00:01:34.190000,16.0,0 days 00:00:34.720000,0 days 00:00:30.060000,0 days 00:00:29.410000,2.0,HARD,10.0,1
0 days 01:56:34.647000,RIC,32.0,0 days 00:01:34.793000,24.0,0 days 00:00:35.092000,0 days 00:00:30.072000,0 days 00:00:29.629000,2.0,HARD,11.0,1
0 days 01:56:36.308000,NOR,32.0,0 days 00:01:34.721000,16.0,0 days 00:00:35.082000,0 days 00:00:30.009000,0 days 00:00:29.630000,2.0,HARD,12.0,1
0 days 01:56:37.757000,GAS,32.0,0 days 00:01:34.626000,17.0,0 days 00:00:35.256000,0 days 00:00:29.993000,0 days 00:00:29.377000,2.0,HARD,13.0,1
0 days 01:56:40.471000,HUL,32.0,0 days 00:01:35.881000,33.0,0 days 00:00:35.841000,0 days 00:00:30.242000,0 days 00:00:29.798000,1.0,HARD,14.0,1
0 days 01:56:43.227000,STR,32.0,0 days 00:01:35.431000,20.0,0 days 00:00:35.588000,0 days 00:00:30.156000,0 days 00:00:29.687000,2.0,HARD,15.0,1
0 days 01:56:45.282000,ALB,32.0,0 days 00:01:35.423000,19.0,0 days 00:00:35.492000,0 days 00:00:30.325000,0 days 00:00:29.606000,2.0,HARD,16.0,1
0 days 01:56:53.075000,ZHO,32.0,0 days 00:01:34.576000,16.0,0 days 00:00:34.983000,0 days 00:00:29.957000,0 days 00:00:29.636000,3.0,HARD,17.0,1
0 days 01:57:34.596000,LEC,33.0,0 days 00:01:32.878000,17.0,0 days 00:00:34.094000,0 days 00:00:29.659000,0 days 00:00:29.125000,2.0,HARD,1.0,1
0 days 01:57:36.132000,VER,33.0,0 days 00:01:32.855000,17.0,0 days 00:00:34.310000,0 days 00:00:29.588000,0 days 00:00:28.957000,2.0,HARD,2.0,1
0 days 01:57:40.041000,SAI,33.0,0 days 00:01:33.007000,17.0,0 days 00:00:34.147000,0 days 00:00:29.656000,0 days 00:00:29.204000,2.0,HARD,3.0,1
0 days 01:57:42.439000,PER,33.0,0 days 00:01:33.122000,18.0,0 days 00:00:34.549000,0 days 00:00:29.606000,0 days 00:00:28.967000,2.0,HARD,4.0,1
0 days 01:57:50.067000,RUS,33.0,0 days 00:01:33.742000,17.0,0 days 00:00:34.473000,0 days 00:00:29.838000,0 days 00:00:29.431000,2.0,HARD,5.0,1
0 days 01:57:56.354000,HAM,33.0,0 days 00:01:33.937000,34.0,0 days 00:00:34.716000,0 days 00:00:29.842000,0 days 00:00:29.379000,1.0,HARD,6.0,1
0 days 01:58:00.629000,MAG,33.0,0 days 00:01:34.144000,35.0,0 days 00:00:34.562000,0 days 00:00:29.954000,0 days 00:00:29.628000,1.0,HARD,7.0,1
0 days 01:58:01.326000,ALO,33.0,0 days 00:01:33.831000,17.0,0 days 00:00:35.018000,0 days 00:00:29.823000,0 days 00:00:28.990000,2.0,HARD,8.0,1
0 days 01:58:03.015000,BOT,33.0,0 days 00:01:35.069000,17.0,0 days 00:00:35.215000,0 days 00:00:30.223000,0 days 00:00:29.631000,2.0,HARD,9.0,1
0 days 01:58:05.742000,OCO,33.0,0 days 00:01:34.336000,17.0,0 days 00:00:34.735000,0 days 00:00:30.183000,0 days 00:00:29.418000,2.0,HARD,10.0,1
0 days 01:58:09.440000,RIC,33.0,0 days 00:01:34.701000,25.0,0 days 00:00:34.907000,0 days 00:00:30.127000,0 days 00:00:29.667000,2.0,HARD,11.0,1
0 days 01:58:11.029000,NOR,33.0,0 days 00:01:34.340000,17.0,0 days 00:00:34.905000,0 days 00:00:29.975000,0 days 00:00:29.460000,2.0,HARD,12.0,1
0 days 01:58:12.383000,GAS,33.0,0 days 00:01:34.785000,18.0,0 days 00:00:35.328000,0 days 00:00:30.025000,0 days 00:00:29.432000,2.0,HARD,13.0,1
0 days 01:58:16.352000,HUL,33.0,0 days 00:01:35.176000,34.0,0 days 00:00:35.293000,0 days 00:00:30.151000,0 days 00:00:29.732000,1.0,HARD,14.0,1
0 days 01:58:18.658000,STR,33.0,0 days 00:01:35.663000,21.0,0 days 00:00:35.544000,0 days 00:00:30.362000,0 days 00:00:29.757000,2.0,HARD,15.0,1
0 days 01:58:20.705000,ALB,33.0,0 days 00:01:35.568000,20.0,0 days 00:00:35.660000,0 days 00:00:30.238000,0 days 00:00:29.670000,2.0,HARD,16.0,1
0 days 01:58:27.651000,ZHO,33.0,0 days 00:01:34.590000,17.0,0 days 00:00:35.092000,0 days 00:00:29.998000,0 days 00:00:29.500000,3.0,HARD,17.0,1
0 days 01:59:07.474000,LEC,34.0,0 days 00:01:32.680000,18.0,0 days 00:00:34.140000,0 days 00:00:29.529000,0 days 00:00:29.011000,2.0,HARD,1.0,1
0 days 01:59:08.987000,VER,34.0,0 days 00:01:32.827000,18.0,0 days 00:00:34.322000,0 days 00:00:29.485000,0 days 00:00:29.020000,2.0,HARD,2.0,1
0 days 01:59:13.048000,SAI,34.0,0 days 00:01:33.006000,18.0,0 days 00:00:34.155000,0 days 00:00:29.659000,0 days 00:00:29.192000,2.0,HARD,3.0,1
0 days 01:59:15.561000,PER,34.0,0 days 00:01:32.935000,19.0,0 days 00:00:34.491000,0 days 00:00:29.552000,0 days 00:00:28.892000,2.0,HARD,4.0,1
0 days 01:59:23.809000,RUS,34.0,0 days 00:01:33.690000,18.0,0 days 00:00:34.525000,0 days 00:00:29.766000,0 days 00:00:29.399000,2.0,HARD,5.0,1
0 days 01:59:30.291000,HAM,34.0,0 days 00:01:33.746000,35.0,0 days 00:00:34.645000,0 days 00:00:29.759000,0 days 00:00:29.342000,1.0,HARD,6.0,1
0 days 01:59:34.773000,MAG,34.0,0 days 00:01:34.834000,36.0,0 days 00:00:35.250000,0 days 00:00:29.992000,0 days 00:00:29.592000,1.0,HARD,7.0,1
0 days 01:59:35.157000,ALO,34.0,0 days 00:01:34.671000,18.0,0 days 00:00:35.436000,0 days 00:00:29.872000,0 days 00:00:29.363000,2.0,HARD,8.0,1
0 days 01:59:38.084000,BOT,34.0,0 days 00:01:34.060000,18.0,0 days 00:00:34.753000,0 days 00:00:29.948000,0 days 00:00:29.359000,2.0,HARD,9.0,1
0 days 01:59:40.078000,OCO,34.0,0 days 00:01:34.524000,18.0,0 days 00:00:34.862000,0 days 00:00:30.101000,0 days 00:00:29.561000,2.0,HARD,10.0,1
0 days 01:59:44.141000,RIC,34.0,0 days 00:01:34.487000,26.0,0 days 00:00:34.747000,0 days 00:00:30.089000,0 days 00:00:29.651000,2.0,HARD,11.0,1
0 days 01:59:45.369000,NOR,34.0,0 days 00:01:34.233000,18.0,0 days 00:00:34.859000,0 days 00:00:29.901000,0 days 00:00:29.473000,2.0,HARD,12.0,1
0 days 01:59:47.168000,GAS,34.0,0 days 00:01:34.665000,19.0,0 days 00:00:35.213000,0 days 00:00:30.041000,0 days 00:00:29.411000,2.0,HARD,13.0,1
0 days 01:59:51.528000,HUL,34.0,0 days 00:01:35.319000,35.0,0 days 00:00:35.374000,0 days 00:00:30.244000,0 days 00:00:29.701000,1.0,HARD,14.0,1
0 days 01:59:54.321000,STR,34.0,0 days 00:01:35.161000,22.0,0 days 00:00:35.300000,0 days 00:00:30.229000,0 days 00:00:29.632000,2.0,HARD,15.0,1
0 days 01:59:56.273000,ALB,34.0,0 days 00:01:35.334000,21.0,0 days 00:00:35.468000,0 days 00:00:30.184000,0 days 00:00:29.682000,2.0,HARD,16.0,1
0 days 02:00:02.241000,ZHO,34.0,0 days 00:01:34.729000,18.0,0 days 00:00:35.278000,0 days 00:00:30.041000,0 days 00:00:29.410000,3.0,HARD,17.0,1
0 days 02:00:40.154000,LEC,35.0,0 days 00:01:32.481000,19.0,0 days 00:00:33.973000,0 days 00:00:29.450000,0 days 00:00:29.058000,2.0,HARD,1.0,1
0 days 02:00:41.814000,VER,35.0,0 days 00:01:32.474000,19.0,0 days 00:00:34.189000,0 days 00:00:29.384000,0 days 00:00:28.901000,2.0,HARD,2.0,1
0 days 02:00:46.054000,SAI,35.0,0 days 00:01:33.201000,19.0,0 days 00:00:34.505000,0 days 00:00:29.611000,0 days 00:00:29.085000,2.0,HARD,3.0,1
0 days 02:00:48.496000,PER,35.0,0 days 00:01:33.529000,20.0,0 days 00:00:34.928000,0 days 00:00:29.607000,0 days 00:00:28.994000,2.0,HARD,4.0,1
0 days 02:00:57.499000,RUS,35.0,0 days 00:01:33.375000,19.0,0 days 00:00:34.365000,0 days 00:00:29.707000,0 days 00:00:29.303000,2.0,HARD,5.0,1
0 days 02:01:04.037000,HAM,35.0,0 days 00:01:34.144000,36.0,0 days 00:00:34.729000,0 days 00:00:29.985000,0 days 00:00:29.430000,1.0,HARD,6.0,1
0 days 02:01:09.607000,MAG,35.0,0 days 00:01:35.166000,37.0,0 days 00:00:36.038000,0 days 00:00:29.937000,0 days 00:00:29.191000,1.0,HARD,8.0,1
0 days 02:01:09.828000,ALO,35.0,0 days 00:01:34.509000,19.0,0 days 00:00:35.196000,0 days 00:00:29.915000,0 days 00:00:29.398000,2.0,HARD,7.0,1
0 days 02:01:12.144000,BOT,35.0,0 days 00:01:37.908000,19.0,0 days 00:00:35.213000,0 days 00:00:30.009000,0 days 00:00:32.686000,2.0,HARD,10.0,1
0 days 02:01:14.602000,OCO,35.0,0 days 00:01:34.530000,19.0,0 days 00:00:34.960000,0 days 00:00:30.095000,0 days 00:00:29.475000,2.0,HARD,9.0,1
0 days 02:01:18.628000,RIC,35.0,0 days 00:01:34.618000,27.0,0 days 00:00:34.787000,0 days 00:00:30.133000,0 days 00:00:29.698000,2.0,HARD,11.0,1
0 days 02:01:19.602000,NOR,35.0,0 days 00:01:34.046000,19.0,0 days 00:00:34.929000,0 days 00:00:29.981000,0 days 00:00:29.136000,2.0,HARD,12.0,1
0 days 02:01:21.833000,GAS,35.0,0 days 00:01:34.367000,20.0,0 days 00:00:35.110000,0 days 00:00:29.960000,0 days 00:00:29.297000,2.0,HARD,13.0,1
0 days 02:01:26.847000,HUL,35.0,0 days 00:01:35.613000,36.0,0 days 00:00:35.533000,0 days 00:00:30.271000,0 days 00:00:29.809000,1.0,HARD,14.0,1
0 days 02:01:29.482000,STR,35.0,0 days 00:01:35.153000,23.0,0 days 00:00:35.222000,0 days 00:00:30.251000,0 days 00:00:29.680000,2.0,HARD,15.0,1
0 days 02:01:31.607000,ALB,35.0,0 days 00:01:35.121000,22.0,0 days 00:00:35.384000,0 days 00:00:30.177000,0 days 00:00:29.560000,2.0,HARD,16.0,1
0 days 02:01:36.970000,ZHO,35.0,0 days 00:01:34.528000,19.0,0 days 00:00:35.113000,0 days 00:00:29.953000,0 days 00:00:29.462000,3.0,HARD,17.0,1
0 days 02:02:12.635000,LEC,36.0,0 days 00:01:32.640000,20.0,0 days 00:00:34.078000,0 days 00:00:29.544000,0 days 00:00:29.018000,2.0,HARD,1.0,1
0 days 02:02:14.288000,VER,36.0,0 days 00:01:32.543000,20.0,0 days 00:00:34.122000,0 days 00:00:29.473000,0 days 00:00:28.948000,2.0,HARD,2.0,1
0 days 02:02:19.255000,SAI,36.0,0 days 00:01:33.099000,20.0,0 days 00:00:34.153000,0 days 00:00:29.720000,0 days 00:00:29.226000,2.0,HARD,3.0,1
0 days 02:02:22.025000,PER,36.0,0 days 00:01:32.878000,21.0,0 days 00:00:34.413000,0 days 00:00:29.519000,0 days 00:00:28.946000,2.0,HARD,4.0,1
0 days 02:02:30.874000,RUS,36.0,0 days 00:01:33.434000,20.0,0 days 00:00:34.421000,0 days 00:00:29.716000,0 days 00:00:29.297000,2.0,HARD,5.0,1
0 days 02:02:38.181000,HAM,36.0,0 days 00:01:33.790000,37.0,0 days 00:00:34.593000,0 days 00:00:29.792000,0 days 00:00:29.405000,1.0,HARD,6.0,1
0 days 02:02:44.337000,ALO,36.0,,20.0,,,,2.0,HARD,,126
0 days 02:02:44.773000,MAG,36.0,0 days 00:01:34.194000,38.0,0 days 00:00:34.561000,0 days 00:00:30.039000,0 days 00:00:29.594000,1.0,HARD,7.0,1
0 days 02:02:49.132000,OCO,36.0,0 days 00:01:34.639000,20.0,0 days 00:00:34.939000,0 days 00:00:30.153000,0 days 00:00:29.547000,2.0,HARD,8.0,1
0 days 02:02:50.052000,BOT,36.0,0 days 00:02:15.831000,1.0,0 days 00:00:54.694000,0 days 00:00:33.524000,0 days 00:00:47.613000,3.0,MEDIUM,15.0,1
0 days 02:02:53.246000,RIC,36.0,,28.0,0 days 00:00:36.005000,0 days 00:00:29.894000,,2.0,HARD,16.0,126
0 days 02:02:53.648000,NOR,36.0,0 days 00:01:34.374000,20.0,0 days 00:00:34.748000,0 days 00:00:30.046000,0 days 00:00:29.580000,2.0,HARD,9.0,1
0 days 02:02:56.200000,GAS,36.0,0 days 00:01:35.593000,21.0,0 days 00:00:35.949000,0 days 00:00:29.978000,0 days 00:00:29.666000,2.0,HARD,10.0,1
0 days 02:03:02.460000,HUL,36.0,0 days 00:01:35.096000,37.0,0 days 00:00:35.280000,0 days 00:00:30.048000,0 days 00:00:29.768000,1.0,HARD,11.0,1
0 days 02:03:04.635000,STR,36.0,0 days 00:01:35.315000,24.0,0 days 00:00:35.408000,0 days 00:00:30.282000,0 days 00:00:29.625000,2.0,HARD,12.0,1
0 days 02:03:06.728000,ALB,36.0,0 days 00:01:34.889000,23.0,0 days 00:00:35.288000,0 days 00:00:30.132000,0 days 00:00:29.469000,2.0,HARD,13.0,1
0 days 02:03:11.498000,ZHO,36.0,0 days 00:01:34.770000,20.0,0 days 00:00:35.230000,0 days 00:00:30.042000,0 days 00:00:29.498000,3.0,HARD,14.0,1
0 days 02:03:45.275000,LEC,37.0,0 days 00:01:33.102000,21.0,0 days 00:00:34.013000,0 days 00:00:29.418000,0 days 00:00:29.671000,2.0,HARD,1.0,12
0 days 02:03:46.831000,VER,37.0,0 days 00:01:33.124000,21.0,0 days 00:00:34.128000,0 days 00:00:29.458000,0 days 00:00:29.538000,2.0,HARD,2.0,12
0 days 02:03:52.354000,SAI,37.0,0 days 00:01:32.795000,21.0,0 days 00:00:34.016000,0 days 00:00:29.423000,0 days 00:00:29.356000,2.0,HARD,3.0,12
0 days 02:03:54.903000,PER,37.0,0 days 00:01:33.008000,22.0,0 days 00:00:34.407000,0 days 00:00:29.517000,0 days 00:00:29.084000,2.0,HARD,4.0,12
0 days 02:04:04.308000,RUS,37.0,0 days 00:01:33.986000,21.0,0 days 00:00:34.413000,0 days 00:00:29.693000,0 days 00:00:29.880000,2.0,HARD,5.0,12
0 days 02:04:11.971000,HAM,37.0,0 days 00:01:38.059000,38.0,0 days 00:00:34.560000,0 days 00:00:29.780000,0 days 00:00:33.719000,1.0,HARD,6.0,12
0 days 02:04:18.967000,MAG,37.0,0 days 00:01:39.989000,39.0,0 days 00:00:34.586000,0 days 00:00:29.849000,0 days 00:00:35.554000,1.0,HARD,7.0,12
0 days 02:04:23.771000,OCO,37.0,0 days 00:01:35.250000,21.0,0 days 00:00:34.733000,0 days 00:00:30.156000,0 days 00:00:30.361000,2.0,HARD,8.0,12
0 days 02:04:28.022000,NOR,37.0,0 days 00:01:34.729000,21.0,0 days 00:00:34.500000,0 days 00:00:29.911000,0 days 00:00:30.318000,2.0,HARD,9.0,12
0 days 02:04:31.793000,GAS,37.0,0 days 00:01:35.058000,22.0,0 days 00:00:34.935000,0 days 00:00:29.896000,0 days 00:00:30.227000,2.0,HARD,10.0,12
0 days 02:04:37.556000,HUL,37.0,0 days 00:01:40.236000,38.0,0 days 00:00:35.396000,0 days 00:00:30.114000,0 days 00:00:34.726000,1.0,HARD,13.0,12
0 days 02:04:39.950000,STR,37.0,0 days 00:01:35.486000,25.0,0 days 00:00:35.235000,0 days 00:00:30.330000,0 days 00:00:29.921000,2.0,HARD,11.0,12
0 days 02:04:41.617000,ALB,37.0,0 days 00:01:35.310000,24.0,0 days 00:00:35.305000,0 days 00:00:30.141000,0 days 00:00:29.864000,2.0,HARD,12.0,12
0 days 02:04:46.268000,ZHO,37.0,0 days 00:01:34.836000,21.0,0 days 00:00:34.994000,0 days 00:00:29.887000,0 days 00:00:29.955000,3.0,HARD,14.0,126
0 days 02:05:18.377000,LEC,38.0,0 days 00:01:47.212000,22.0,0 days 00:00:34.172000,0 days 00:00:29.549000,0 days 00:00:43.491000,2.0,HARD,1.0,26
0 days 02:05:19.955000,VER,38.0,0 days 00:01:48.873000,22.0,0 days 00:00:34.183000,0 days 00:00:29.629000,0 days 00:00:45.061000,2.0,HARD,2.0,26
0 days 02:05:25.149000,SAI,38.0,0 days 00:01:53.588000,22.0,0 days 00:00:34.018000,0 days 00:00:36.026000,0 days 00:00:43.544000,2.0,HARD,3.0,26
0 days 02:05:27.911000,PER,38.0,0 days 00:01:53.761000,23.0,0 days 00:00:34.339000,0 days 00:00:38.782000,0 days 00:00:40.640000,2.0,HARD,4.0,26
0 days 02:05:38.294000,RUS,38.0,0 days 00:01:57.192000,22.0,0 days 00:00:34.331000,0 days 00:00:41.085000,0 days 00:00:41.776000,2.0,HARD,5.0,26
0 days 02:05:50.030000,HAM,38.0,0 days 00:02:00.592000,39.0,0 days 00:00:36.641000,0 days 00:00:42.674000,0 days 00:00:41.277000,1.0,HARD,6.0,26
0 days 02:05:58.956000,MAG,38.0,0 days 00:02:23.719000,3.0,0 days 00:01:01.906000,0 days 00:00:40.130000,0 days 00:00:41.683000,2.0,MEDIUM,12.0,26
0 days 02:05:59.021000,OCO,38.0,0 days 00:02:04.541000,22.0,0 days 00:00:41.111000,0 days 00:00:40.236000,0 days 00:00:43.194000,2.0,HARD,7.0,26
0 days 02:06:02.751000,NOR,38.0,0 days 00:02:04.912000,22.0,0 days 00:00:40.955000,0 days 00:00:41.323000,0 days 00:00:42.634000,2.0,HARD,8.0,26
0 days 02:06:06.851000,GAS,38.0,0 days 00:02:05.640000,23.0,0 days 00:00:42.838000,0 days 00:00:40.553000,0 days 00:00:42.249000,2.0,HARD,9.0,26
0 days 02:06:15.436000,STR,38.0,0 days 00:02:04.891000,26.0,0 days 00:00:41.787000,0 days 00:00:40.098000,0 days 00:00:43.006000,2.0,HARD,10.0,26
0 days 02:06:16.927000,ALB,38.0,0 days 00:02:04.829000,25.0,0 days 00:00:42.810000,0 days 00:00:40.743000,0 days 00:00:41.276000,2.0,HARD,11.0,26
0 days 02:06:17.792000,HUL,38.0,0 days 00:02:24.318000,2.0,0 days 00:01:00.456000,0 days 00:00:40.557000,0 days 00:00:43.305000,2.0,MEDIUM,14.0,26
0 days 02:06:21.104000,ZHO,38.0,0 days 00:02:07.464000,22.0,0 days 00:00:44.288000,0 days 00:00:41.575000,0 days 00:00:41.601000,3.0,HARD,13.0,6
0 days 02:07:05.589000,LEC,39.0,0 days 00:02:06.419000,23.0,0 days 00:00:43.435000,0 days 00:00:40.459000,0 days 00:00:42.525000,2.0,HARD,1.0,6
0 days 02:07:08.828000,VER,39.0,0 days 00:02:07.594000,23.0,0 days 00:00:43.100000,0 days 00:00:40.783000,0 days 00:00:43.711000,2.0,HARD,2.0,6
0 days 02:07:18.737000,SAI,39.0,0 days 00:02:05.071000,23.0,0 days 00:00:40.538000,0 days 00:00:42.672000,0 days 00:00:41.861000,2.0,HARD,3.0,6
0 days 02:07:21.672000,PER,39.0,0 days 00:02:06.256000,24.0,0 days 00:00:44.063000,0 days 00:00:39.704000,0 days 00:00:42.489000,2.0,HARD,4.0,6
0 days 02:07:35.486000,RUS,39.0,0 days 00:02:05.560000,23.0,0 days 00:00:41.232000,0 days 00:00:42.846000,0 days 00:00:41.482000,2.0,HARD,5.0,6
0 days 02:07:50.622000,HAM,39.0,0 days 00:02:06.598000,40.0,0 days 00:00:42.841000,0 days 00:00:42.406000,0 days 00:00:41.351000,1.0,HARD,6.0,6
0 days 02:08:03.562000,OCO,39.0,0 days 00:02:06.573000,23.0,0 days 00:00:43.185000,0 days 00:00:40.419000,0 days 00:00:42.969000,2.0,HARD,7.0,6
0 days 02:08:07.663000,NOR,39.0,0 days 00:02:06.332000,23.0,0 days 00:00:42.235000,0 days 00:00:41.722000,0 days 00:00:42.375000,2.0,HARD,8.0,6
0 days 02:08:12.491000,GAS,39.0,0 days 00:02:05.424000,24.0,0 days 00:00:41.249000,0 days 00:00:42.079000,0 days 00:00:42.096000,2.0,HARD,9.0,6
0 days 02:08:20.327000,STR,39.0,0 days 00:02:06.480000,27.0,0 days 00:00:42.905000,0 days 00:00:41.980000,0 days 00:00:41.595000,2.0,HARD,10.0,6
0 days 02:08:21.756000,ALB,39.0,0 days 00:02:07.305000,26.0,0 days 00:00:43.533000,0 days 00:00:42.961000,0 days 00:00:40.811000,2.0,HARD,11.0,6
0 days 02:08:22.675000,MAG,39.0,0 days 00:02:07.206000,4.0,0 days 00:00:43.117000,0 days 00:00:43.045000,0 days 00:00:41.044000,2.0,MEDIUM,12.0,6
0 days 02:08:28.568000,ZHO,39.0,0 days 00:02:07.122000,23.0,0 days 00:00:43.612000,0 days 00:00:41.220000,0 days 00:00:42.290000,3.0,HARD,13.0,6
0 days 02:08:42.110000,HUL,39.0,0 days 00:02:05.562000,3.0,0 days 00:00:43.830000,0 days 00:00:40.038000,0 days 00:00:41.694000,2.0,MEDIUM,14.0,6
0 days 02:09:12.008000,LEC,40.0,0 days 00:02:06.461000,24.0,0 days 00:00:42.713000,0 days 00:00:42.639000,0 days 00:00:41.109000,2.0,HARD,1.0,6
0 days 02:09:16.422000,VER,40.0,0 days 00:02:03.699000,24.0,0 days 00:00:40.272000,0 days 00:00:42.479000,0 days 00:00:40.948000,2.0,HARD,2.0,6
0 days 02:09:23.808000,SAI,40.0,0 days 00:02:05.576000,24.0,0 days 00:00:42.353000,0 days 00:00:44.325000,0 days 00:00:38.898000,2.0,HARD,3.0,67
0 days 02:09:27.928000,PER,40.0,0 days 00:02:04.945000,25.0,0 days 00:00:42.562000,0 days 00:00:42.156000,0 days 00:00:40.227000,2.0,HARD,4.0,67
0 days 02:09:41.046000,RUS,40.0,0 days 00:02:04.186000,24.0,0 days 00:00:43.290000,0 days 00:00:41.518000,0 days 00:00:39.378000,2.0,HARD,5.0,671
0 days 02:09:57.220000,HAM,40.0,0 days 00:02:03.425000,41.0,0 days 00:00:42.991000,0 days 00:00:42.269000,0 days 00:00:38.165000,1.0,HARD,6.0,671
0 days 02:10:10.135000,OCO,40.0,0 days 00:01:54.968000,24.0,0 days 00:00:42.315000,0 days 00:00:41.062000,0 days 00:00:31.591000,2.0,HARD,7.0,671
0 days 02:10:13.995000,NOR,40.0,0 days 00:01:53.383000,24.0,0 days 00:00:42.797000,0 days 00:00:40.752000,0 days 00:00:29.834000,2.0,HARD,8.0,671
0 days 02:10:17.915000,GAS,40.0,0 days 00:01:53.144000,25.0,0 days 00:00:41.766000,0 days 00:00:41.894000,0 days 00:00:29.484000,2.0,HARD,9.0,671
0 days 02:10:26.807000,STR,40.0,0 days 00:01:49.721000,28.0,0 days 00:00:42.978000,0 days 00:00:37.303000,0 days 00:00:29.440000,2.0,HARD,10.0,671
0 days 02:10:29.061000,ALB,40.0,0 days 00:01:48.944000,27.0,0 days 00:00:43.242000,0 days 00:00:36.207000,0 days 00:00:29.495000,2.0,HARD,11.0,671
0 days 02:10:29.881000,MAG,40.0,0 days 00:01:49.251000,5.0,0 days 00:00:43.286000,0 days 00:00:36.708000,0 days 00:00:29.257000,2.0,MEDIUM,12.0,671
0 days 02:10:35.690000,ZHO,40.0,0 days 00:01:47.991000,24.0,0 days 00:00:42.591000,0 days 00:00:35.385000,0 days 00:00:30.015000,3.0,HARD,13.0,671
0 days 02:10:47.672000,HUL,40.0,0 days 00:01:45.042000,4.0,0 days 00:00:43.013000,0 days 00:00:32.605000,0 days 00:00:29.424000,2.0,MEDIUM,14.0,671
0 days 02:11:18.469000,LEC,41.0,0 days 00:01:36.117000,25.0,0 days 00:00:37.784000,0 days 00:00:29.530000,0 days 00:00:28.803000,2.0,HARD,1.0,671
0 days 02:11:20.121000,VER,41.0,0 days 00:01:34.945000,25.0,0 days 00:00:37.311000,0 days 00:00:29.239000,0 days 00:00:28.395000,2.0,HARD,2.0,671
0 days 02:11:29.384000,SAI,41.0,0 days 00:01:35.353000,25.0,0 days 00:00:36.496000,0 days 00:00:29.680000,0 days 00:00:29.177000,2.0,HARD,3.0,71
0 days 02:11:32.873000,PER,41.0,0 days 00:01:33.974000,26.0,0 days 00:00:35.608000,0 days 00:00:29.512000,0 days 00:00:28.854000,2.0,HARD,4.0,71
0 days 02:11:45.232000,RUS,41.0,0 days 00:01:33.387000,25.0,0 days 00:00:34.401000,0 days 00:00:29.651000,0 days 00:00:29.335000,2.0,HARD,5.0,1
0 days 02:12:00.645000,HAM,41.0,0 days 00:01:53.062000,1.0,0 days 00:00:54.235000,0 days 00:00:29.635000,0 days 00:00:29.192000,2.0,MEDIUM,12.0,1
0 days 02:12:05.103000,OCO,41.0,0 days 00:01:33.862000,25.0,0 days 00:00:34.526000,0 days 00:00:29.996000,0 days 00:00:29.340000,2.0,HARD,6.0,1
0 days 02:12:07.378000,NOR,41.0,0 days 00:01:33.635000,25.0,0 days 00:00:34.484000,0 days 00:00:29.851000,0 days 00:00:29.300000,2.0,HARD,7.0,1
0 days 02:12:11.059000,GAS,41.0,0 days 00:01:33.666000,26.0,0 days 00:00:34.777000,0 days 00:00:29.775000,0 days 00:00:29.114000,2.0,HARD,8.0,1
0 days 02:12:16.528000,STR,41.0,0 days 00:01:34.680000,29.0,0 days 00:00:34.876000,0 days 00:00:30.312000,0 days 00:00:29.492000,2.0,HARD,9.0,1
0 days 02:12:18.005000,ALB,41.0,0 days 00:01:34.493000,28.0,0 days 00:00:34.890000,0 days 00:00:30.003000,0 days 00:00:29.600000,2.0,HARD,11.0,1
0 days 02:12:19.132000,MAG,41.0,0 days 00:01:33.188000,6.0,0 days 00:00:34.179000,0 days 00:00:29.797000,0 days 00:00:29.212000,2.0,MEDIUM,10.0,1
0 days 02:12:23.681000,ZHO,41.0,0 days 00:01:34.523000,25.0,0 days 00:00:35.194000,0 days 00:00:29.900000,0 days 00:00:29.429000,3.0,HARD,13.0,1
0 days 02:12:32.714000,HUL,41.0,0 days 00:01:34.734000,5.0,0 days 00:00:35.061000,0 days 00:00:30.147000,0 days 00:00:29.526000,2.0,MEDIUM,14.0,1
0 days 02:12:54.586000,LEC,42.0,0 days 00:01:33.281000,26.0,0 days 00:00:34.420000,0 days 00:00:29.627000,0 days 00:00:29.234000,2.0,HARD,2.0,1
0 days 02:12:55.066000,VER,42.0,0 days 00:01:32.755000,26.0,0 days 00:00:34.669000,0 days 00:00:29.259000,0 days 00:00:28.827000,2.0,HARD,1.0,1
0 days 02:13:04.737000,SAI,42.0,0 days 00:01:32.272000,26.0,0 days 00:00:33.833000,0 days 00:00:29.380000,0 days 00:00:29.059000,2.0,HARD,3.0,1
0 days 02:13:06.847000,PER,42.0,0 days 00:01:32.205000,27.0,0 days 00:00:34.111000,0 days 00:00:29.276000,0 days 00:00:28.818000,2.0,HARD,4.0,1
0 days 02:13:18.619000,RUS,42.0,0 days 00:01:33.668000,26.0,0 days 00:00:34.668000,0 days 00:00:29.680000,0 days 00:00:29.320000,2.0,HARD,5.0,1
0 days 02:13:38.965000,OCO,42.0,0 days 00:01:33.575000,26.0,0 days 00:00:34.300000,0 days 00:00:29.923000,0 days 00:00:29.352000,2.0,HARD,6.0,1
0 days 02:13:41.013000,NOR,42.0,0 days 00:01:33.247000,26.0,0 days 00:00:34.253000,0 days 00:00:29.653000,0 days 00:00:29.341000,2.0,HARD,7.0,1
0 days 02:13:44.725000,GAS,42.0,0 days 00:01:33.468000,27.0,0 days 00:00:34.687000,0 days 00:00:29.672000,0 days 00:00:29.109000,2.0,HARD,8.0,1
0 days 02:13:51.208000,STR,42.0,0 days 00:01:34.810000,30.0,0 days 00:00:35.007000,0 days 00:00:30.190000,0 days 00:00:29.613000,2.0,HARD,9.0,1
0 days 02:13:52.320000,MAG,42.0,0 days 00:01:33.927000,7.0,0 days 00:00:34.494000,0 days 00:00:29.783000,0 days 00:00:29.650000,2.0,MEDIUM,10.0,1
0 days 02:13:52.498000,ALB,42.0,0 days 00:01:35.035000,29.0,0 days 00:00:35.372000,0 days 00:00:30.117000,0 days 00:00:29.546000,2.0,HARD,11.0,1
0 days 02:13:53.707000,HAM,42.0,0 days 00:01:33.982000,2.0,0 days 00:00:34.705000,0 days 00:00:29.768000,0 days 00:00:29.509000,2.0,MEDIUM,12.0,1
0 days 02:13:58.204000,ZHO,42.0,0 days 00:01:34.116000,26.0,0 days 00:00:34.938000,0 days 00:00:29.850000,0 days 00:00:29.328000,3.0,HARD,13.0,1
0 days 02:14:07.448000,HUL,42.0,0 days 00:01:34.060000,6.0,0 days 00:00:34.703000,0 days 00:00:29.905000,0 days 00:00:29.452000,2.0,MEDIUM,14.0,1
0 days 02:14:27.821000,VER,43.0,0 days 00:01:34.644000,27.0,0 days 00:00:34.876000,0 days 00:00:29.293000,0 days 00:00:30.475000,2.0,HARD,2.0,1
0 days 02:14:27.867000,LEC,43.0,0 days 00:01:33.818000,27.0,0 days 00:00:33.978000,0 days 00:00:29.627000,0 days 00:00:30.213000,2.0,HARD,1.0,1
0 days 02:14:37.009000,SAI,43.0,0 days 00:01:32.436000,27.0,0 days 00:00:33.896000,0 days 00:00:29.485000,0 days 00:00:29.055000,2.0,HARD,3.0,1
0 days 02:14:39.052000,PER,43.0,0 days 00:01:32.410000,28.0,0 days 00:00:34.292000,0 days 00:00:29.373000,0 days 00:00:28.745000,2.0,HARD,4.0,1
0 days 02:14:52.287000,RUS,43.0,0 days 00:01:32.821000,27.0,0 days 00:00:34.190000,0 days 00:00:29.420000,0 days 00:00:29.211000,2.0,HARD,5.0,1
0 days 02:15:12.540000,OCO,43.0,0 days 00:01:33.470000,27.0,0 days 00:00:34.305000,0 days 00:00:29.920000,0 days 00:00:29.245000,2.0,HARD,6.0,1
0 days 02:15:14.260000,NOR,43.0,0 days 00:01:33.026000,27.0,0 days 00:00:34.204000,0 days 00:00:29.557000,0 days 00:00:29.265000,2.0,HARD,7.0,1
0 days 02:15:18.193000,GAS,43.0,0 days 00:01:33.550000,28.0,0 days 00:00:34.705000,0 days 00:00:29.782000,0 days 00:00:29.063000,2.0,HARD,8.0,1
0 days 02:15:26.018000,STR,43.0,0 days 00:01:35.320000,31.0,0 days 00:00:35.816000,0 days 00:00:30.042000,0 days 00:00:29.462000,2.0,HARD,10.0,1
0 days 02:15:26.247000,MAG,43.0,0 days 00:01:33.238000,8.0,0 days 00:00:34.447000,0 days 00:00:29.632000,0 days 00:00:29.159000,2.0,MEDIUM,9.0,1
0 days 02:15:27.533000,ALB,43.0,0 days 00:01:35.371000,30.0,0 days 00:00:35.818000,0 days 00:00:30.075000,0 days 00:00:29.478000,2.0,HARD,12.0,1
0 days 02:15:27.689000,HAM,43.0,0 days 00:01:33.945000,3.0,0 days 00:00:34.830000,0 days 00:00:29.686000,0 days 00:00:29.429000,2.0,MEDIUM,11.0,1
0 days 02:15:32.320000,ZHO,43.0,0 days 00:01:33.987000,27.0,0 days 00:00:34.918000,0 days 00:00:29.800000,0 days 00:00:29.269000,3.0,HARD,13.0,1
0 days 02:15:41.508000,HUL,43.0,0 days 00:01:34.205000,7.0,0 days 00:00:34.785000,0 days 00:00:29.855000,0 days 00:00:29.565000,2.0,MEDIUM,14.0,1
0 days 02:16:01.685000,LEC,44.0,0 days 00:01:32.170000,28.0,0 days 00:00:33.728000,0 days 00:00:29.520000,0 days 00:00:28.922000,2.0,HARD,1.0,1
0 days 02:16:02.465000,VER,44.0,0 days 00:01:32.302000,28.0,0 days 00:00:34.049000,0 days 00:00:29.462000,0 days 00:00:28.791000,2.0,HARD,2.0,1
0 days 02:16:09.445000,SAI,44.0,0 days 00:01:32.270000,28.0,0 days 00:00:33.875000,0 days 00:00:29.382000,0 days 00:00:29.013000,2.0,HARD,3.0,1
0 days 02:16:11.462000,PER,44.0,0 days 00:01:32.044000,29.0,0 days 00:00:34.105000,0 days 00:00:29.239000,0 days 00:00:28.700000,2.0,HARD,4.0,1
0 days 02:16:25.108000,RUS,44.0,0 days 00:01:33.035000,28.0,0 days 00:00:34.230000,0 days 00:00:29.508000,0 days 00:00:29.297000,2.0,HARD,5.0,1
0 days 02:16:46.010000,OCO,44.0,0 days 00:01:33.156000,28.0,0 days 00:00:34.172000,0 days 00:00:29.823000,0 days 00:00:29.161000,2.0,HARD,6.0,1
0 days 02:16:47.286000,NOR,44.0,0 days 00:01:33.295000,28.0,0 days 00:00:34.447000,0 days 00:00:29.637000,0 days 00:00:29.211000,2.0,HARD,7.0,1
0 days 02:16:51.743000,GAS,44.0,0 days 00:01:33.677000,29.0,0 days 00:00:34.734000,0 days 00:00:29.784000,0 days 00:00:29.159000,2.0,HARD,8.0,1
0 days 02:16:59.485000,MAG,44.0,0 days 00:01:33.175000,9.0,0 days 00:00:34.243000,0 days 00:00:29.703000,0 days 00:00:29.229000,2.0,MEDIUM,9.0,1
0 days 02:17:01.338000,STR,44.0,0 days 00:01:35.205000,32.0,0 days 00:00:35.595000,0 days 00:00:30.140000,0 days 00:00:29.470000,2.0,HARD,10.0,1
0 days 02:17:01.634000,HAM,44.0,0 days 00:01:35.048000,4.0,0 days 00:00:35.862000,0 days 00:00:29.833000,0 days 00:00:29.353000,2.0,MEDIUM,11.0,1
0 days 02:17:02.904000,ALB,44.0,0 days 00:01:34.441000,31.0,0 days 00:00:35.282000,0 days 00:00:29.951000,0 days 00:00:29.208000,2.0,HARD,12.0,1
0 days 02:17:06.307000,ZHO,44.0,0 days 00:01:34.064000,28.0,0 days 00:00:34.943000,0 days 00:00:29.817000,0 days 00:00:29.304000,3.0,HARD,13.0,1
0 days 02:17:15.713000,HUL,44.0,0 days 00:01:34.590000,8.0,0 days 00:00:35.011000,0 days 00:00:30.098000,0 days 00:00:29.481000,2.0,MEDIUM,14.0,1
0 days 02:17:33.855000,LEC,45.0,0 days 00:01:32.259000,29.0,0 days 00:00:33.721000,0 days 00:00:29.399000,0 days 00:00:29.139000,2.0,HARD,1.0,1
0 days 02:17:34.767000,VER,45.0,0 days 00:01:32.063000,29.0,0 days 00:00:34.113000,0 days 00:00:29.234000,0 days 00:00:28.716000,2.0,HARD,2.0,1
0 days 02:17:41.715000,SAI,45.0,0 days 00:01:32.242000,29.0,0 days 00:00:33.788000,0 days 00:00:29.421000,0 days 00:00:29.033000,2.0,HARD,3.0,1
0 days 02:17:43.506000,PER,45.0,0 days 00:01:32.093000,30.0,0 days 00:00:34.039000,0 days 00:00:29.306000,0 days 00:00:28.748000,2.0,HARD,4.0,1
0 days 02:17:58.143000,RUS,45.0,0 days 00:01:32.931000,29.0,0 days 00:00:34.119000,0 days 00:00:29.540000,0 days 00:00:29.272000,2.0,HARD,5.0,1
0 days 02:18:19.166000,OCO,45.0,0 days 00:01:33.489000,29.0,0 days 00:00:34.335000,0 days 00:00:29.838000,0 days 00:00:29.316000,2.0,HARD,6.0,1
0 days 02:18:20.581000,NOR,45.0,0 days 00:01:32.951000,29.0,0 days 00:00:34.246000,0 days 00:00:29.578000,0 days 00:00:29.127000,2.0,HARD,7.0,1
0 days 02:18:25.420000,GAS,45.0,0 days 00:01:33.616000,30.0,0 days 00:00:34.692000,0 days 00:00:29.770000,0 days 00:00:29.154000,2.0,HARD,8.0,1
0 days 02:18:32.660000,MAG,45.0,0 days 00:01:33.110000,10.0,0 days 00:00:34.286000,0 days 00:00:29.632000,0 days 00:00:29.192000,2.0,MEDIUM,9.0,1
0 days 02:18:36.543000,STR,45.0,0 days 00:01:35.191000,33.0,0 days 00:00:35.714000,0 days 00:00:30.094000,0 days 00:00:29.383000,2.0,HARD,11.0,1
0 days 02:18:36.682000,HAM,45.0,0 days 00:01:33.379000,5.0,0 days 00:00:34.456000,0 days 00:00:29.647000,0 days 00:00:29.276000,2.0,MEDIUM,10.0,1
0 days 02:18:37.345000,ALB,45.0,0 days 00:01:34.788000,32.0,0 days 00:00:35.494000,0 days 00:00:29.987000,0 days 00:00:29.307000,2.0,HARD,12.0,1
0 days 02:18:40.371000,ZHO,45.0,0 days 00:01:33.924000,29.0,0 days 00:00:34.823000,0 days 00:00:29.896000,0 days 00:00:29.205000,3.0,HARD,13.0,1
0 days 02:18:50.303000,HUL,45.0,0 days 00:01:34.309000,9.0,0 days 00:00:34.956000,0 days 00:00:29.924000,0 days 00:00:29.429000,2.0,MEDIUM,14.0,1
0 days 02:19:06.114000,LEC,46.0,0 days 00:01:33.470000,30.0,0 days 00:00:34.277000,0 days 00:00:29.633000,0 days 00:00:29.560000,2.0,HARD,2.0,1
0 days 02:19:06.830000,VER,46.0,0 days 00:01:32.737000,30.0,0 days 00:00:34.284000,0 days 00:00:29.183000,0 days 00:00:29.270000,2.0,HARD,1.0,1
0 days 02:19:13.957000,SAI,46.0,0 days 00:01:32.384000,30.0,0 days 00:00:33.915000,0 days 00:00:29.391000,0 days 00:00:29.078000,2.0,HARD,3.0,1
0 days 02:19:15.599000,PER,46.0,0 days 00:01:32.042000,31.0,0 days 00:00:34.031000,0 days 00:00:29.261000,0 days 00:00:28.750000,2.0,HARD,4.0,1
0 days 02:19:31.074000,RUS,46.0,0 days 00:01:33.236000,30.0,0 days 00:00:34.362000,0 days 00:00:29.645000,0 days 00:00:29.229000,2.0,HARD,5.0,1
0 days 02:19:52.655000,OCO,46.0,0 days 00:01:33.103000,30.0,0 days 00:00:34.166000,0 days 00:00:29.708000,0 days 00:00:29.229000,2.0,HARD,6.0,1
0 days 02:19:53.532000,NOR,46.0,0 days 00:01:32.753000,30.0,0 days 00:00:34.234000,0 days 00:00:29.479000,0 days 00:00:29.040000,2.0,HARD,7.0,1
0 days 02:19:59.036000,GAS,46.0,0 days 00:01:33.779000,31.0,0 days 00:00:34.551000,0 days 00:00:29.939000,0 days 00:00:29.289000,2.0,HARD,8.0,1
0 days 02:20:05.770000,MAG,46.0,0 days 00:01:33.452000,11.0,0 days 00:00:34.373000,0 days 00:00:29.735000,0 days 00:00:29.344000,2.0,MEDIUM,9.0,1
0 days 02:20:10.061000,HAM,46.0,0 days 00:01:33.289000,6.0,0 days 00:00:34.411000,0 days 00:00:29.561000,0 days 00:00:29.317000,2.0,MEDIUM,10.0,1
0 days 02:20:11.734000,STR,46.0,0 days 00:01:34.446000,34.0,0 days 00:00:34.949000,0 days 00:00:30.098000,0 days 00:00:29.399000,2.0,HARD,11.0,1
0 days 02:20:12.133000,ALB,46.0,0 days 00:01:34.368000,33.0,0 days 00:00:35.331000,0 days 00:00:29.919000,0 days 00:00:29.118000,2.0,HARD,12.0,1
0 days 02:20:14.295000,ZHO,46.0,0 days 00:01:34.344000,30.0,0 days 00:00:35.052000,0 days 00:00:29.975000,0 days 00:00:29.317000,3.0,HARD,13.0,1
0 days 02:20:24.612000,HUL,46.0,0 days 00:01:33.996000,10.0,0 days 00:00:34.594000,0 days 00:00:29.902000,0 days 00:00:29.500000,2.0,MEDIUM,14.0,1
0 days 02:20:39.567000,VER,47.0,0 days 00:01:31.779000,31.0,0 days 00:00:33.738000,0 days 00:00:29.237000,0 days 00:00:28.804000,2.0,HARD,1.0,1
0 days 02:20:39.584000,LEC,47.0,0 days 00:01:32.587000,31.0,0 days 00:00:34.411000,0 days 00:00:29.398000,0 days 00:00:28.778000,2.0,HARD,2.0,1
0 days 02:20:46.341000,SAI,47.0,0 days 00:01:32.271000,31.0,0 days 00:00:33.961000,0 days 00:00:29.364000,0 days 00:00:28.946000,2.0,HARD,3.0,1
0 days 02:20:47.641000,PER,47.0,0 days 00:01:32.260000,32.0,0 days 00:00:34.096000,0 days 00:00:29.318000,0 days 00:00:28.846000,2.0,HARD,4.0,1
0 days 02:21:04.310000,RUS,47.0,0 days 00:01:33.048000,31.0,0 days 00:00:34.329000,0 days 00:00:29.459000,0 days 00:00:29.260000,2.0,HARD,5.0,1
0 days 02:21:25.758000,OCO,47.0,0 days 00:01:33.424000,31.0,0 days 00:00:34.351000,0 days 00:00:29.787000,0 days 00:00:29.286000,2.0,HARD,6.0,1
0 days 02:21:26.285000,NOR,47.0,0 days 00:01:33.244000,31.0,0 days 00:00:34.519000,0 days 00:00:29.526000,0 days 00:00:29.199000,2.0,HARD,7.0,1
0 days 02:21:32.815000,GAS,47.0,0 days 00:01:33.961000,32.0,0 days 00:00:34.741000,0 days 00:00:29.965000,0 days 00:00:29.255000,2.0,HARD,8.0,1
0 days 02:21:39.222000,MAG,47.0,0 days 00:01:32.968000,12.0,0 days 00:00:34.091000,0 days 00:00:29.662000,0 days 00:00:29.215000,2.0,MEDIUM,9.0,1
0 days 02:21:43.350000,HAM,47.0,0 days 00:01:32.997000,7.0,0 days 00:00:34.264000,0 days 00:00:29.593000,0 days 00:00:29.140000,2.0,MEDIUM,10.0,1
0 days 02:21:46.180000,STR,47.0,0 days 00:01:34.484000,35.0,0 days 00:00:35.075000,0 days 00:00:30.070000,0 days 00:00:29.339000,2.0,HARD,11.0,1
0 days 02:21:46.501000,ALB,47.0,0 days 00:01:34.606000,34.0,0 days 00:00:35.596000,0 days 00:00:29.882000,0 days 00:00:29.128000,2.0,HARD,12.0,1
0 days 02:21:48.639000,ZHO,47.0,0 days 00:01:34.372000,31.0,0 days 00:00:35.096000,0 days 00:00:29.959000,0 days 00:00:29.317000,3.0,HARD,13.0,1
0 days 02:21:58.608000,HUL,47.0,0 days 00:01:33.651000,11.0,0 days 00:00:34.489000,0 days 00:00:29.807000,0 days 00:00:29.355000,2.0,MEDIUM,14.0,12
0 days 02:22:11.346000,VER,48.0,0 days 00:01:31.861000,32.0,0 days 00:00:33.812000,0 days 00:00:29.328000,0 days 00:00:28.721000,2.0,HARD,1.0,12
0 days 02:22:12.171000,LEC,48.0,0 days 00:01:31.634000,32.0,0 days 00:00:33.774000,0 days 00:00:29.148000,0 days 00:00:28.712000,2.0,HARD,2.0,12
0 days 02:22:18.612000,SAI,48.0,0 days 00:01:31.905000,32.0,0 days 00:00:33.759000,0 days 00:00:29.262000,0 days 00:00:28.884000,2.0,HARD,3.0,12
0 days 02:22:19.901000,PER,48.0,0 days 00:01:32.333000,33.0,0 days 00:00:34.159000,0 days 00:00:29.353000,0 days 00:00:28.821000,2.0,HARD,4.0,12
0 days 02:22:37.358000,RUS,48.0,0 days 00:01:33.345000,32.0,0 days 00:00:34.373000,0 days 00:00:29.688000,0 days 00:00:29.284000,2.0,HARD,5.0,12
0 days 02:22:59.182000,OCO,48.0,0 days 00:01:34.216000,32.0,0 days 00:00:34.568000,0 days 00:00:29.903000,0 days 00:00:29.745000,2.0,HARD,7.0,12
0 days 02:22:59.529000,NOR,48.0,0 days 00:01:33.786000,32.0,0 days 00:00:34.803000,0 days 00:00:29.602000,0 days 00:00:29.381000,2.0,HARD,6.0,12
0 days 02:23:06.776000,GAS,48.0,0 days 00:01:34.331000,33.0,0 days 00:00:34.980000,0 days 00:00:30.047000,0 days 00:00:29.304000,2.0,HARD,8.0,12
0 days 02:23:12.190000,MAG,48.0,0 days 00:01:32.779000,13.0,0 days 00:00:34.188000,0 days 00:00:29.507000,0 days 00:00:29.084000,2.0,MEDIUM,9.0,12
0 days 02:23:16.347000,HAM,48.0,0 days 00:01:33.185000,8.0,0 days 00:00:34.272000,0 days 00:00:29.528000,0 days 00:00:29.385000,2.0,MEDIUM,10.0,12
0 days 02:23:20.664000,STR,48.0,0 days 00:02:02.768000,36.0,0 days 00:01:00.711000,0 days 00:00:31.392000,0 days 00:00:30.665000,2.0,HARD,13.0,12
0 days 02:23:21.107000,ALB,48.0,,35.0,,,,2.0,HARD,,12
0 days 02:23:23.011000,ZHO,48.0,0 days 00:01:36.051000,32.0,0 days 00:00:36.369000,0 days 00:00:30.254000,0 days 00:00:29.428000,3.0,HARD,11.0,12
0 days 02:23:32.259000,HUL,48.0,0 days 00:01:35.203000,12.0,0 days 00:00:35.784000,0 days 00:00:29.835000,0 days 00:00:29.584000,2.0,MEDIUM,12.0,12
0 days 02:23:43.207000,VER,49.0,0 days 00:01:32.079000,33.0,0 days 00:00:34.164000,0 days 00:00:29.216000,0 days 00:00:28.699000,2.0,HARD,1.0,21
0 days 02:23:43.805000,LEC,49.0,0 days 00:01:32.102000,33.0,0 days 00:00:34.345000,0 days 00:00:29.218000,0 days 00:00:28.539000,2.0,HARD,2.0,21
0 days 02:23:50.517000,SAI,49.0,0 days 00:01:32.008000,33.0,0 days 00:00:33.906000,0 days 00:00:29.297000,0 days 00:00:28.805000,2.0,HARD,3.0,12
0 days 02:23:52.234000,PER,49.0,0 days 00:01:32.485000,34.0,0 days 00:00:34.251000,0 days 00:00:29.398000,0 days 00:00:28.836000,2.0,HARD,4.0,12
0 days 02:24:10.703000,RUS,49.0,0 days 00:01:33.917000,33.0,0 days 00:00:34.796000,0 days 00:00:29.660000,0 days 00:00:29.461000,2.0,HARD,5.0,12
0 days 02:24:33.315000,NOR,49.0,0 days 00:01:35.129000,33.0,0 days 00:00:35.807000,0 days 00:00:29.782000,0 days 00:00:29.540000,2.0,HARD,6.0,2
0 days 02:24:33.398000,OCO,49.0,0 days 00:01:35.218000,33.0,0 days 00:00:35.961000,0 days 00:00:29.905000,0 days 00:00:29.352000,2.0,HARD,7.0,2
0 days 02:24:41.107000,GAS,49.0,0 days 00:01:34.711000,34.0,0 days 00:00:35.603000,0 days 00:00:29.873000,0 days 00:00:29.235000,2.0,HARD,8.0,2
0 days 02:24:44.969000,MAG,49.0,0 days 00:01:33.600000,14.0,0 days 00:00:34.783000,0 days 00:00:29.647000,0 days 00:00:29.170000,2.0,MEDIUM,9.0,2
0 days 02:24:49.532000,HAM,49.0,0 days 00:01:35.663000,9.0,0 days 00:00:35.737000,0 days 00:00:29.912000,0 days 00:00:30.014000,2.0,MEDIUM,10.0,2
0 days 02:24:59.062000,ZHO,49.0,0 days 00:01:35.540000,33.0,0 days 00:00:36.126000,0 days 00:00:30.101000,0 days 00:00:29.313000,3.0,HARD,11.0,2
0 days 02:25:07.462000,HUL,49.0,0 days 00:01:35.568000,13.0,0 days 00:00:36.076000,0 days 00:00:29.958000,0 days 00:00:29.534000,2.0,MEDIUM,12.0,2
0 days 02:25:15.286000,VER,50.0,0 days 00:01:31.772000,34.0,0 days 00:00:34.172000,0 days 00:00:29.113000,0 days 00:00:28.487000,2.0,HARD,1.0,2
0 days 02:25:15.907000,LEC,50.0,0 days 00:01:31.703000,34.0,0 days 00:00:34.007000,0 days 00:00:29.191000,0 days 00:00:28.505000,2.0,HARD,2.0,2
0 days 02:25:22.525000,SAI,50.0,0 days 00:01:32.665000,34.0,0 days 00:00:34.040000,0 days 00:00:29.487000,0 days 00:00:29.138000,2.0,HARD,3.0,2
0 days 02:25:23.432000,STR,49.0,0 days 00:01:38.205000,37.0,0 days 00:00:37.967000,0 days 00:00:30.594000,0 days 00:00:29.644000,2.0,HARD,13.0,2
0 days 02:25:24.719000,PER,50.0,0 days 00:01:33.160000,35.0,0 days 00:00:34.666000,0 days 00:00:29.502000,0 days 00:00:28.992000,2.0,HARD,4.0,2
0 days 02:25:44.620000,RUS,50.0,0 days 00:01:35.208000,34.0,0 days 00:00:35.126000,0 days 00:00:30.182000,0 days 00:00:29.900000,2.0,HARD,5.0,2
0 days 02:26:08.444000,NOR,50.0,0 days 00:01:34.754000,34.0,0 days 00:00:35.546000,0 days 00:00:29.740000,0 days 00:00:29.468000,2.0,HARD,7.0,2
0 days 02:26:08.616000,OCO,50.0,0 days 00:01:34.439000,34.0,0 days 00:00:34.842000,0 days 00:00:29.991000,0 days 00:00:29.606000,2.0,HARD,6.0,2
0 days 02:26:15.818000,GAS,50.0,0 days 00:01:34.192000,35.0,0 days 00:00:35.202000,0 days 00:00:29.880000,0 days 00:00:29.110000,2.0,HARD,8.0,2
0 days 02:26:18.569000,MAG,50.0,0 days 00:01:32.829000,15.0,0 days 00:00:34.214000,0 days 00:00:29.547000,0 days 00:00:29.068000,2.0,MEDIUM,9.0,2
0 days 02:26:25.195000,HAM,50.0,0 days 00:01:35.855000,10.0,0 days 00:00:36.290000,0 days 00:00:29.987000,0 days 00:00:29.578000,2.0,MEDIUM,10.0,2
0 days 02:26:34.602000,ZHO,50.0,0 days 00:01:34.701000,34.0,0 days 00:00:35.390000,0 days 00:00:29.799000,0 days 00:00:29.512000,3.0,HARD,11.0,2
0 days 02:26:43.030000,HUL,50.0,0 days 00:01:35.820000,14.0,0 days 00:00:35.914000,0 days 00:00:30.202000,0 days 00:00:29.704000,2.0,MEDIUM,12.0,2
