Season,Round,LapNumber,Circuit,TrackStatus,Target,IncidentProb,History_DangerousLap
2018,1,1.0,Melbourne,nan,0,0.001098381,0.0
2018,1,2.0,Melbourne,nan,0,0.010255816,0.0
2018,1,3.0,Melbourne,nan,0,0.0006037232,0.0
2018,1,4.0,Melbourne,nan,0,0.0002674665,0.0
2018,1,5.0,Melbourne,nan,0,0.00011895358,0.0
2018,1,6.0,Melbourne,21,0,0.0010938117,0.0
2018,1,7.0,Melbourne,21,0,0.0031902639,0.0
2018,1,8.0,Melbourne,1,0,6.274143e-08,0.0
2018,1,9.0,Melbourne,1,0,0.0004380675,0.0
2018,1,10.0,Melbourne,12,0,4.7959998e-06,0.0
2018,1,11.0,Melbourne,1,0,3.3806147e-05,0.0
2018,1,12.0,Melbourne,1,0,1.2020482e-07,0.0
2018,1,13.0,Melbourne,1,0,1.4947957e-05,0.0
2018,1,14.0,Melbourne,1,0,1.4902176e-06,0.0
2018,1,15.0,Melbourne,1,0,3.828358e-05,0.0
2018,1,16.0,Melbourne,1,0,7.9849e-06,0.0
2018,1,17.0,Melbourne,1,0,5.7600762e-05,0.0
2018,1,18.0,Melbourne,1,0,0.010168602,0.0
2018,1,19.0,Melbourne,1,0,0.02840958,0.0
2018,1,20.0,Melbourne,1,0,0.010907259,0.0
2018,1,21.0,Melbourne,1,1,0.9996519,0.0
2018,1,22.0,Melbourne,1,1,0.9996723,0.0
2018,1,23.0,Melbourne,1,1,0.9997726,0.0
2018,1,24.0,Melbourne,12,0,5.6968183e-05,0.0
2018,1,25.0,Melbourne,21,0,0.00016730413,0.0
2018,1,26.0,Melbourne,26,0,0.00018384522,0.0
2018,1,27.0,Melbourne,6,0,4.2024763e-05,0.0
2018,1,28.0,Melbourne,64,0,0.00013142396,1.0
2018,1,29.0,Melbourne,4,0,0.00012503372,1.0
2018,1,30.0,Melbourne,4,0,0.0001381077,1.0
2018,1,31.0,Melbourne,41,0,0.00010521053,1.0
2018,1,32.0,Melbourne,1,0,6.2825194e-07,1.0
2018,1,33.0,Melbourne,1,0,1.5495095e-08,1.0
2018,1,34.0,Melbourne,1,0,1.4841699e-07,1.0
2018,1,35.0,Melbourne,1,0,3.9916844e-07,1.0
2018,1,36.0,Melbourne,1,0,7.497888e-08,1.0
2018,1,37.0,Melbourne,1,0,1.6290144e-07,1.0
2018,1,38.0,Melbourne,1,0,4.6213069e-07,1.0
2018,1,39.0,Melbourne,1,0,2.9352186e-08,1.0
2018,1,40.0,Melbourne,1,0,1.8196313e-07,1.0
2018,1,41.0,Melbourne,1,0,2.180597e-06,1.0
2018,1,42.0,Melbourne,1,0,2.6275657e-06,1.0
2018,1,43.0,Melbourne,1,0,8.4236314e-07,1.0
2018,1,44.0,Melbourne,1,0,1.8298197e-06,1.0
2018,1,45.0,Melbourne,1,0,6.5480012e-06,1.0
2018,1,46.0,Melbourne,1,0,5.963801e-07,1.0
2018,1,47.0,Melbourne,1,0,5.396104e-07,1.0
2018,1,48.0,Melbourne,1,0,1.0291095e-06,1.0
2018,1,49.0,Melbourne,1,0,5.898094e-07,1.0
2018,1,50.0,Melbourne,1,0,3.3197152e-06,1.0
2018,1,51.0,Melbourne,1,0,5.814261e-07,1.0
2018,1,52.0,Melbourne,1,0,6.8901805e-08,1.0
2018,1,53.0,Melbourne,1,0,1.4538459e-07,1.0
2018,1,54.0,Melbourne,1,0,8.905814e-08,1.0
2018,1,55.0,Melbourne,1,0,1.6603783e-08,1.0
2018,1,56.0,Melbourne,1,0,2.8319278e-09,1.0
2018,1,57.0,Melbourne,1,0,2.2451712e-09,1.0
2018,1,58.0,Melbourne,1,0,1.275764e-08,1.0
2018,2,1.0,Sakhir,21,0,0.009543377,0.0
2018,2,2.0,Sakhir,126,0,0.00065344863,0.0
2018,2,3.0,Sakhir,6,0,0.04166547,0.0
2018,2,4.0,Sakhir,671,0,0.0002051516,1.0
2018,2,5.0,Sakhir,12,0,0.0004067326,1.0
2018,2,6.0,Sakhir,21,0,0.021335328,1.0
2018,2,7.0,Sakhir,1,0,5.285387e-06,1.0
2018,2,8.0,Sakhir,1,0,1.6408988e-07,1.0
2018,2,9.0,Sakhir,1,0,2.0249954e-07,1.0
2018,2,10.0,Sakhir,1,0,0.00017879663,1.0
2018,2,11.0,Sakhir,12,0,0.007993279,1.0
2018,2,12.0,Sakhir,1,0,8.327503e-08,1.0
2018,2,13.0,Sakhir,1,0,3.068362e-06,1.0
2018,2,14.0,Sakhir,1,0,7.218174e-07,1.0
2018,2,15.0,Sakhir,1,0,7.857969e-05,1.0
2018,2,16.0,Sakhir,1,0,8.818721e-05,1.0
2018,2,17.0,Sakhir,1,0,0.0010552936,1.0
2018,2,18.0,Sakhir,1,0,2.2256072e-05,1.0
2018,2,19.0,Sakhir,1,0,5.963323e-06,1.0
2018,2,20.0,Sakhir,1,0,1.1334061e-05,1.0
2018,2,21.0,Sakhir,1,0,3.7334764e-06,1.0
2018,2,22.0,Sakhir,1,0,0.00079566246,1.0
2018,2,23.0,Sakhir,1,0,4.0255258e-05,1.0
2018,2,24.0,Sakhir,1,0,6.525373e-05,1.0
2018,2,25.0,Sakhir,1,0,0.00011807504,1.0
2018,2,26.0,Sakhir,1,0,5.146385e-05,1.0
2018,2,27.0,Sakhir,12,0,0.00016008693,1.0
2018,2,28.0,Sakhir,1,0,1.8536804e-05,1.0
2018,2,29.0,Sakhir,1,0,3.2259915e-05,1.0
2018,2,30.0,Sakhir,1,0,7.141008e-06,1.0
2018,2,31.0,Sakhir,1,0,0.00016371631,1.0
2018,2,32.0,Sakhir,1,0,4.895193e-06,1.0
2018,2,33.0,Sakhir,1,0,0.00010346574,1.0
2018,2,34.0,Sakhir,1,0,1.6392574e-08,1.0
2018,2,35.0,Sakhir,1,0,8.8251545e-06,1.0
2018,2,36.0,Sakhir,1,0,1.5044361e-05,1.0
2018,2,37.0,Sakhir,1,0,1.9269987e-06,1.0
2018,2,38.0,Sakhir,1,0,3.3188783e-07,1.0
2018,2,39.0,Sakhir,1,0,1.3301166e-08,1.0
2018,2,40.0,Sakhir,12,0,1.6487334e-08,1.0
2018,2,41.0,Sakhir,21,0,1.4726688e-05,1.0
2018,2,42.0,Sakhir,1,0,4.6805335e-06,1.0
2018,2,43.0,Sakhir,1,0,9.695136e-05,1.0
2018,2,44.0,Sakhir,1,0,2.9274366e-07,1.0
2018,2,45.0,Sakhir,1,0,1.3934059e-07,1.0
2018,2,46.0,Sakhir,1,0,5.2853145e-05,1.0
2018,2,47.0,Sakhir,1,0,4.3097603e-05,1.0
2018,2,48.0,Sakhir,1,0,3.857941e-06,1.0
2018,2,49.0,Sakhir,1,0,1.6484416e-06,1.0
2018,2,50.0,Sakhir,1,0,1.8325985e-05,1.0
2018,2,51.0,Sakhir,1,0,1.366602e-05,1.0
2018,2,52.0,Sakhir,1,0,4.911312e-05,1.0
2018,2,53.0,Sakhir,1,0,0.0003096608,1.0
2018,2,54.0,Sakhir,1,0,5.041751e-05,1.0
2018,2,55.0,Sakhir,1,0,5.0733775e-06,1.0
2018,2,56.0,Sakhir,1,0,4.236362e-06,1.0
2018,2,57.0,Sakhir,1,0,3.3963843e-07,1.0
2018,3,1.0,Shanghai,nan,0,0.00061479385,0.0
2018,3,2.0,Shanghai,nan,0,0.0007372698,0.0
2018,3,3.0,Shanghai,nan,0,0.042145576,0.0
2018,3,4.0,Shanghai,nan,0,7.4339056e-05,0.0
2018,3,5.0,Shanghai,nan,0,0.0019730201,0.0
2018,3,6.0,Shanghai,nan,0,0.0012106161,0.0
2018,3,7.0,Shanghai,nan,0,0.000567792,0.0
2018,3,8.0,Shanghai,nan,0,1.4045614e-05,0.0
2018,3,9.0,Shanghai,nan,0,0.00021640804,0.0
2018,3,10.0,Shanghai,nan,0,3.3948036e-05,0.0
2018,3,11.0,Shanghai,nan,0,1.2304979e-05,0.0
2018,3,12.0,Shanghai,nan,0,9.806059e-06,0.0
2018,3,13.0,Shanghai,nan,0,6.549688e-06,0.0
2018,3,14.0,Shanghai,nan,0,2.4075642e-05,0.0
2018,3,15.0,Shanghai,nan,0,0.00011206065,0.0
2018,3,16.0,Shanghai,nan,0,8.285509e-05,0.0
2018,3,17.0,Shanghai,nan,0,0.0002236762,0.0
2018,3,18.0,Shanghai,nan,0,0.00033882403,0.0
2018,3,19.0,Shanghai,nan,0,0.0005325233,0.0
2018,3,20.0,Shanghai,nan,0,2.729248e-05,0.0
2018,3,21.0,Shanghai,nan,0,2.1890542e-05,0.0
2018,3,22.0,Shanghai,nan,0,7.596973e-06,0.0
2018,3,23.0,Shanghai,nan,0,3.7246937e-05,0.0
2018,3,24.0,Shanghai,nan,0,2.1429554e-05,0.0
2018,3,25.0,Shanghai,nan,0,2.2976295e-05,0.0
2018,3,26.0,Shanghai,nan,0,1.7786388e-05,0.0
2018,3,27.0,Shanghai,nan,0,9.9200304e-05,0.0
2018,3,28.0,Shanghai,nan,0,0.00020653292,0.0
2018,3,29.0,Shanghai,nan,0,0.0001318359,0.0
2018,3,30.0,Shanghai,21,0,0.00010524605,0.0
2018,3,31.0,Shanghai,14,0,8.749766e-05,0.0
2018,3,32.0,Shanghai,4,0,1.4299624e-05,0.0
2018,3,33.0,Shanghai,4,0,6.7590204e-06,1.0
2018,3,34.0,Shanghai,4,0,7.2482694e-06,1.0
2018,3,35.0,Shanghai,41,0,1.1081387e-06,1.0
2018,3,36.0,Shanghai,1,0,1.413868e-05,1.0
2018,3,37.0,Shanghai,1,0,2.6293144e-05,1.0
2018,3,38.0,Shanghai,1,0,7.177994e-06,1.0
2018,3,39.0,Shanghai,1,0,1.1692362e-06,1.0
2018,3,40.0,Shanghai,1,0,2.8256944e-05,1.0
2018,3,41.0,Shanghai,1,0,1.2544024e-06,1.0
2018,3,42.0,Shanghai,1,0,6.3316486e-07,1.0
2018,3,43.0,Shanghai,12,0,4.0194855e-06,1.0
2018,3,44.0,Shanghai,1,0,3.89391e-06,1.0
2018,3,45.0,Shanghai,1,0,4.349034e-06,1.0
2018,3,46.0,Shanghai,1,0,6.5930985e-06,1.0
2018,3,47.0,Shanghai,1,0,0.00043595978,1.0
2018,3,48.0,Shanghai,1,0,2.084866e-06,1.0
2018,3,49.0,Shanghai,1,0,3.1057016e-07,1.0
2018,3,50.0,Shanghai,1,0,0.00021977142,1.0
2018,3,51.0,Shanghai,1,0,9.236515e-06,1.0
2018,3,52.0,Shanghai,1,0,2.666781e-06,1.0
2018,3,53.0,Shanghai,1,0,2.2101922e-05,1.0
2018,3,54.0,Shanghai,1,0,0.00015286,1.0
2018,3,55.0,Shanghai,1,0,0.00055409,1.0
2018,3,56.0,Shanghai,1,0,4.3668842e-06,1.0
2018,4,1.0,Baku,24,0,0.01269009,0.0
2018,4,2.0,Baku,4,0,0.040664826,0.0
2018,4,3.0,Baku,4,0,0.00069587975,1.0
2018,4,4.0,Baku,4,0,0.0049486337,1.0
2018,4,5.0,Baku,41,0,0.008026454,1.0
2018,4,6.0,Baku,1,0,9.972573e-08,1.0
2018,4,7.0,Baku,1,0,5.958588e-08,1.0
2018,4,8.0,Baku,1,0,8.369446e-08,1.0
2018,4,9.0,Baku,1,0,1.6665356e-07,1.0
2018,4,10.0,Baku,12,0,0.0024894446,1.0
2018,4,11.0,Baku,12,0,0.0014651128,1.0
2018,4,12.0,Baku,1,0,1.3373166e-06,1.0
2018,4,13.0,Baku,1,0,7.4096084e-07,1.0
2018,4,14.0,Baku,1,0,1.1541945e-06,1.0
2018,4,15.0,Baku,12,0,0.0005795054,1.0
2018,4,16.0,Baku,1,0,2.0208565e-06,1.0
2018,4,17.0,Baku,1,0,4.0393843e-07,1.0
2018,4,18.0,Baku,12,0,0.0011516771,1.0
2018,4,19.0,Baku,1,0,4.8071315e-06,1.0
2018,4,20.0,Baku,1,0,1.2605083e-05,1.0
2018,4,21.0,Baku,12,0,8.670604e-08,1.0
2018,4,22.0,Baku,1,0,9.425548e-05,1.0
2018,4,23.0,Baku,1,0,0.0061425418,1.0
2018,4,24.0,Baku,1,0,0.001265812,1.0
2018,4,25.0,Baku,1,0,2.5530284e-05,1.0
2018,4,26.0,Baku,1,0,2.0591664e-05,1.0
2018,4,27.0,Baku,1,0,6.185088e-05,1.0
2018,4,28.0,Baku,1,0,2.975922e-06,1.0
2018,4,29.0,Baku,1,0,7.438807e-07,1.0
2018,4,30.0,Baku,1,0,0.00015421596,1.0
2018,4,31.0,Baku,1,0,7.921906e-05,1.0
2018,4,32.0,Baku,1,0,5.105515e-05,1.0
2018,4,33.0,Baku,1,0,4.4756243e-06,1.0
2018,4,34.0,Baku,1,0,0.00020209303,1.0
2018,4,35.0,Baku,1,0,1.7889337e-05,1.0
2018,4,36.0,Baku,1,0,0.0046367375,1.0
2018,4,37.0,Baku,1,1,0.99942076,1.0
2018,4,38.0,Baku,1,1,0.12730674,1.0
2018,4,39.0,Baku,1,1,0.99964654,1.0
2018,4,40.0,Baku,124,0,0.0008833101,1.0
2018,4,41.0,Baku,4,0,0.0027318085,1.0
2018,4,42.0,Baku,4,0,0.0018795184,1.0
2018,4,43.0,Baku,4,0,0.0037579015,1.0
2018,4,44.0,Baku,4,0,0.029299805,1.0
2018,4,45.0,Baku,4,0,0.015797507,1.0
2018,4,46.0,Baku,4,0,0.0027801793,1.0
2018,4,47.0,Baku,41,0,0.0043990873,1.0
2018,4,48.0,Baku,1,0,6.425677e-06,1.0
2018,4,49.0,Baku,12,0,0.01137077,1.0
2018,4,50.0,Baku,21,0,1.1801919e-05,1.0
2018,4,51.0,Baku,1,0,1.8986275e-06,1.0
2018,5,1.0,Barcelona,24,0,0.0069370707,0.0
2018,5,2.0,Barcelona,4,0,0.06513565,0.0
2018,5,3.0,Barcelona,4,0,0.0021825274,1.0
2018,5,4.0,Barcelona,4,0,0.0072728475,1.0
2018,5,5.0,Barcelona,4,0,0.01940162,1.0
2018,5,6.0,Barcelona,41,0,0.0031054474,1.0
2018,5,7.0,Barcelona,1,0,9.120554e-07,1.0
2018,5,8.0,Barcelona,1,0,1.519082e-07,1.0
2018,5,9.0,Barcelona,1,0,2.9264177e-07,1.0
2018,5,10.0,Barcelona,1,0,3.337966e-06,1.0
2018,5,11.0,Barcelona,1,0,5.6095528e-06,1.0
2018,5,12.0,Barcelona,1,0,1.3994052e-07,1.0
2018,5,13.0,Barcelona,1,0,2.7273801e-08,1.0
2018,5,14.0,Barcelona,1,0,3.788607e-08,1.0
2018,5,15.0,Barcelona,1,0,3.9469262e-07,1.0
2018,5,16.0,Barcelona,1,0,1.4734222e-06,1.0
2018,5,17.0,Barcelona,1,0,3.8957405e-05,1.0
2018,5,18.0,Barcelona,1,0,0.00012853243,1.0
2018,5,19.0,Barcelona,1,0,1.2986125e-07,1.0
2018,5,20.0,Barcelona,1,0,1.8404624e-05,1.0
2018,5,21.0,Barcelona,1,0,0.0005382567,1.0
2018,5,22.0,Barcelona,1,0,2.3541586e-06,1.0
2018,5,23.0,Barcelona,1,0,2.7427593e-06,1.0
2018,5,24.0,Barcelona,1,0,1.4253823e-06,1.0
2018,5,25.0,Barcelona,1,0,1.2267309e-05,1.0
2018,5,26.0,Barcelona,1,0,0.00035107762,1.0
2018,5,27.0,Barcelona,1,0,6.001091e-07,1.0
2018,5,28.0,Barcelona,1,0,1.16519274e-07,1.0
2018,5,29.0,Barcelona,1,0,4.355395e-07,1.0
2018,5,30.0,Barcelona,1,0,6.750999e-06,1.0
2018,5,31.0,Barcelona,1,0,1.390243e-06,1.0
2018,5,32.0,Barcelona,1,0,9.765519e-06,1.0
2018,5,33.0,Barcelona,1,0,0.0003009533,1.0
2018,5,34.0,Barcelona,1,0,1.9524841e-06,1.0
2018,5,35.0,Barcelona,1,0,7.086439e-08,1.0
2018,5,36.0,Barcelona,1,0,0.00013252434,1.0
2018,5,37.0,Barcelona,1,0,6.419072e-07,1.0
2018,5,38.0,Barcelona,1,0,1.4899754e-05,1.0
2018,5,39.0,Barcelona,1,0,0.0009967112,1.0
2018,5,40.0,Barcelona,12,0,6.128409e-06,1.0
2018,5,41.0,Barcelona,26,0,7.205466e-05,1.0
2018,5,42.0,Barcelona,67,0,2.9392859e-06,1.0
2018,5,43.0,Barcelona,712,0,1.3492672e-05,1.0
2018,5,44.0,Barcelona,1,0,1.865451e-07,1.0
2018,5,45.0,Barcelona,1,0,1.3209426e-06,1.0
2018,5,46.0,Barcelona,1,0,5.8740915e-07,1.0
2018,5,47.0,Barcelona,1,0,3.1283264e-07,1.0
2018,5,48.0,Barcelona,1,0,1.7874714e-07,1.0
2018,5,49.0,Barcelona,1,0,2.0317167e-08,1.0
2018,5,50.0,Barcelona,1,0,2.056717e-06,1.0
2018,5,51.0,Barcelona,1,0,3.734263e-07,1.0
2018,5,52.0,Barcelona,1,0,4.848763e-08,1.0
2018,5,53.0,Barcelona,1,0,2.0445139e-08,1.0
2018,5,54.0,Barcelona,1,0,1.3401531e-07,1.0
2018,5,55.0,Barcelona,1,0,1.7553812e-07,1.0
2018,5,56.0,Barcelona,1,0,1.2689928e-06,1.0
2018,5,57.0,Barcelona,1,0,1.4111222e-07,1.0
2018,5,58.0,Barcelona,1,0,6.7983694e-07,1.0
2018,5,59.0,Barcelona,1,0,1.667427e-08,1.0
2018,5,60.0,Barcelona,1,0,1.2190799e-07,1.0
2018,5,61.0,Barcelona,1,0,2.8206788e-08,1.0
2018,5,62.0,Barcelona,1,0,1.1871191e-08,1.0
2018,5,63.0,Barcelona,1,0,9.824553e-09,1.0
2018,5,64.0,Barcelona,1,0,1.25896165e-08,1.0
2018,5,65.0,Barcelona,1,0,1.402763e-07,1.0
2018,5,66.0,Barcelona,1,0,4.1598347e-09,1.0
2018,6,1.0,Monte Carlo,2,0,0.14665937,0.0
2018,6,2.0,Monte Carlo,21,0,0.4636167,0.0
2018,6,3.0,Monte Carlo,1,0,0.002251513,0.0
2018,6,4.0,Monte Carlo,1,0,0.00023320499,0.0
2018,6,5.0,Monte Carlo,1,0,0.00021288308,0.0
2018,6,6.0,Monte Carlo,1,0,1.328719e-06,0.0
2018,6,7.0,Monte Carlo,1,0,2.1094791e-05,0.0
2018,6,8.0,Monte Carlo,1,0,1.2702072e-06,0.0
2018,6,9.0,Monte Carlo,1,0,0.00018670775,0.0
2018,6,10.0,Monte Carlo,1,0,1.2489961e-06,0.0
2018,6,11.0,Monte Carlo,1,0,7.5167122e-06,0.0
2018,6,12.0,Monte Carlo,1,0,3.5210466e-08,0.0
2018,6,13.0,Monte Carlo,1,0,3.3339404e-07,0.0
2018,6,14.0,Monte Carlo,12,0,3.078549e-05,0.0
2018,6,15.0,Monte Carlo,1,0,1.1915761e-07,0.0
2018,6,16.0,Monte Carlo,1,0,7.5361464e-07,0.0
2018,6,17.0,Monte Carlo,1,0,0.00033959936,0.0
2018,6,18.0,Monte Carlo,1,0,4.8986158e-06,0.0
2018,6,19.0,Monte Carlo,1,0,6.529898e-05,0.0
2018,6,20.0,Monte Carlo,1,0,1.304707e-05,0.0
2018,6,21.0,Monte Carlo,1,0,4.1169344e-05,0.0
2018,6,22.0,Monte Carlo,1,0,5.7270626e-07,0.0
2018,6,23.0,Monte Carlo,1,0,0.00088766025,0.0
2018,6,24.0,Monte Carlo,1,0,6.586282e-05,0.0
2018,6,25.0,Monte Carlo,1,0,1.1180667e-07,0.0
2018,6,26.0,Monte Carlo,1,0,3.0850692e-06,0.0
2018,6,27.0,Monte Carlo,1,0,8.956293e-07,0.0
2018,6,28.0,Monte Carlo,1,0,2.9943894e-08,0.0
2018,6,29.0,Monte Carlo,1,0,4.2667492e-07,0.0
2018,6,30.0,Monte Carlo,1,0,2.3927245e-07,0.0
2018,6,31.0,Monte Carlo,1,0,1.4995055e-06,0.0
2018,6,32.0,Monte Carlo,1,0,2.2814517e-07,0.0
2018,6,33.0,Monte Carlo,1,0,5.0275884e-07,0.0
2018,6,34.0,Monte Carlo,1,0,9.056113e-05,0.0
2018,6,35.0,Monte Carlo,1,0,2.7882962e-07,0.0
2018,6,36.0,Monte Carlo,1,0,1.9730592e-06,0.0
2018,6,37.0,Monte Carlo,1,0,9.502253e-09,0.0
2018,6,38.0,Monte Carlo,1,0,8.120893e-08,0.0
2018,6,39.0,Monte Carlo,1,0,6.407842e-07,0.0
2018,6,40.0,Monte Carlo,1,0,8.477966e-07,0.0
2018,6,41.0,Monte Carlo,1,0,6.6430323e-07,0.0
2018,6,42.0,Monte Carlo,1,0,4.8626276e-07,0.0
2018,6,43.0,Monte Carlo,1,0,4.6874524e-07,0.0
2018,6,44.0,Monte Carlo,1,0,2.0760192e-06,0.0
2018,6,45.0,Monte Carlo,1,0,1.174821e-07,0.0
2018,6,46.0,Monte Carlo,1,0,1.03903865e-07,0.0
2018,6,47.0,Monte Carlo,1,0,2.5798468e-07,0.0
2018,6,48.0,Monte Carlo,1,0,4.275012e-05,0.0
2018,6,49.0,Monte Carlo,1,0,2.8409615e-06,0.0
2018,6,50.0,Monte Carlo,1,0,1.7535036e-06,0.0
2018,6,51.0,Monte Carlo,1,0,8.670702e-05,0.0
2018,6,52.0,Monte Carlo,1,0,0.00033159618,0.0
2018,6,53.0,Monte Carlo,12,0,0.0009417143,0.0
2018,6,54.0,Monte Carlo,21,0,5.4723216e-07,0.0
2018,6,55.0,Monte Carlo,1,0,2.8182212e-05,0.0
2018,6,56.0,Monte Carlo,1,0,3.5789565e-06,0.0
2018,6,57.0,Monte Carlo,1,0,3.3764723e-06,0.0
2018,6,58.0,Monte Carlo,1,0,1.5873921e-06,0.0
2018,6,59.0,Monte Carlo,1,0,2.841937e-06,0.0
2018,6,60.0,Monte Carlo,1,0,0.11310113,0.0
2018,6,61.0,Monte Carlo,1,0,0.0007602383,0.0
2018,6,62.0,Monte Carlo,1,0,8.343412e-05,0.0
2018,6,63.0,Monte Carlo,1,0,2.2604627e-05,0.0
2018,6,64.0,Monte Carlo,1,0,3.5851794e-05,0.0
2018,6,65.0,Monte Carlo,1,0,0.0006045276,0.0
2018,6,66.0,Monte Carlo,1,0,5.684527e-05,0.0
2018,6,67.0,Monte Carlo,1,0,1.0448737e-05,0.0
2018,6,68.0,Monte Carlo,1,0,0.0006948483,0.0
2018,6,69.0,Monte Carlo,1,0,0.004546429,0.0
2018,6,70.0,Monte Carlo,1,0,3.4364539e-06,0.0
2018,6,71.0,Monte Carlo,1,0,0.000892221,0.0
2018,6,72.0,Monte Carlo,12,0,0.075661026,0.0
2018,6,73.0,Monte Carlo,26,0,0.00033243562,0.0
2018,6,74.0,Monte Carlo,671,0,0.03720779,0.0
2018,6,75.0,Monte Carlo,1,0,1.2194571e-05,0.0
2018,6,76.0,Monte Carlo,1,0,0.00014169292,0.0
2018,6,77.0,Monte Carlo,1,0,0.00016311531,0.0
2018,6,78.0,Monte Carlo,1,0,7.3013284e-06,0.0
2018,7,1.0,Montréal,24,0,0.31255227,0.0
2018,7,2.0,Montréal,4,0,0.25429708,0.0
2018,7,3.0,Montréal,4,0,0.0075040115,1.0
2018,7,4.0,Montréal,41,0,0.0063838703,1.0
2018,7,5.0,Montréal,1,0,7.531239e-05,1.0
2018,7,6.0,Montréal,1,0,1.8278837e-06,1.0
2018,7,7.0,Montréal,1,0,1.1654855e-06,1.0
2018,7,8.0,Montréal,1,0,2.6688744e-08,1.0
2018,7,9.0,Montréal,1,0,0.0002486107,1.0
2018,7,10.0,Montréal,1,0,2.9797275e-06,1.0
2018,7,11.0,Montréal,1,0,5.6517374e-06,1.0
2018,7,12.0,Montréal,1,0,4.724257e-05,1.0
2018,7,13.0,Montréal,1,0,1.1057931e-08,1.0
2018,7,14.0,Montréal,1,0,0.00016318531,1.0
2018,7,15.0,Montréal,1,0,0.00020906898,1.0
2018,7,16.0,Montréal,1,0,2.8474201e-07,1.0
2018,7,17.0,Montréal,1,0,0.00011419162,1.0
2018,7,18.0,Montréal,1,0,8.617584e-05,1.0
2018,7,19.0,Montréal,1,0,6.656718e-05,1.0
2018,7,20.0,Montréal,1,0,8.846381e-06,1.0
2018,7,21.0,Montréal,1,0,1.8140818e-05,1.0
2018,7,22.0,Montréal,1,0,1.6808515e-06,1.0
2018,7,23.0,Montréal,1,0,5.8202506e-05,1.0
2018,7,24.0,Montréal,1,0,1.8056331e-05,1.0
2018,7,25.0,Montréal,1,0,1.4397518e-06,1.0
2018,7,26.0,Montréal,1,0,2.8368184e-05,1.0
2018,7,27.0,Montréal,1,0,0.00010165629,1.0
2018,7,28.0,Montréal,1,0,7.964182e-09,1.0
2018,7,29.0,Montréal,1,0,1.0634251e-07,1.0
2018,7,30.0,Montréal,1,0,1.4767451e-06,1.0
2018,7,31.0,Montréal,1,0,3.158776e-07,1.0
2018,7,32.0,Montréal,1,0,5.9143873e-05,1.0
2018,7,33.0,Montréal,1,0,0.00032332735,1.0
2018,7,34.0,Montréal,1,0,0.00011453426,1.0
2018,7,35.0,Montréal,1,0,7.032754e-08,1.0
2018,7,36.0,Montréal,1,0,7.017598e-07,1.0
2018,7,37.0,Montréal,1,0,2.5828651e-06,1.0
2018,7,38.0,Montréal,1,0,5.041579e-07,1.0
2018,7,39.0,Montréal,1,0,7.491922e-06,1.0
2018,7,40.0,Montréal,1,0,2.9764246e-08,1.0
2018,7,41.0,Montréal,1,0,4.6478654e-05,1.0
2018,7,42.0,Montréal,1,0,1.9979454e-06,1.0
2018,7,43.0,Montréal,1,0,7.177618e-06,1.0
2018,7,44.0,Montréal,1,0,2.133602e-07,1.0
2018,7,45.0,Montréal,1,0,1.9256106e-05,1.0
2018,7,46.0,Montréal,1,0,2.6022906e-08,1.0
2018,7,47.0,Montréal,1,0,1.8445229e-06,1.0
2018,7,48.0,Montréal,1,0,5.7920743e-06,1.0
2018,7,49.0,Montréal,1,0,1.1029631e-05,1.0
2018,7,50.0,Montréal,1,0,2.6332475e-06,1.0
2018,7,51.0,Montréal,1,0,2.7137436e-05,1.0
2018,7,52.0,Montréal,1,0,4.820969e-06,1.0
2018,7,53.0,Montréal,1,0,0.00047023638,1.0
2018,7,54.0,Montréal,1,0,7.7788645e-06,1.0
2018,7,55.0,Montréal,1,0,4.4774671e-07,1.0
2018,7,56.0,Montréal,1,0,1.3225203e-07,1.0
2018,7,57.0,Montréal,1,0,3.965046e-06,1.0
2018,7,58.0,Montréal,1,0,1.1705411e-07,1.0
2018,7,59.0,Montréal,1,0,2.6046889e-08,1.0
2018,7,60.0,Montréal,1,0,3.6131136e-09,1.0
2018,7,61.0,Montréal,1,0,1.0484006e-06,1.0
2018,7,62.0,Montréal,1,0,9.430738e-08,1.0
2018,7,63.0,Montréal,1,0,2.995321e-08,1.0
2018,7,64.0,Montréal,1,0,1.0067592e-08,1.0
2018,7,65.0,Montréal,1,0,2.0716978e-08,1.0
2018,7,66.0,Montréal,1,0,1.0938829e-06,1.0
2018,7,67.0,Montréal,1,0,4.5624777e-08,1.0
2018,7,68.0,Montréal,1,0,1.2262e-06,1.0
2018,7,69.0,Montréal,1,0,1.270394e-10,1.0
2018,7,70.0,Montréal,1,0,1.4136356e-07,1.0
2018,8,1.0,Le Castellet,214,0,0.0023684471,0.0
2018,8,2.0,Le Castellet,4,0,0.008347173,0.0
2018,8,3.0,Le Castellet,4,0,0.0014873919,1.0
2018,8,4.0,Le Castellet,4,0,0.0003589511,1.0
2018,8,5.0,Le Castellet,41,0,2.6822461e-05,1.0
2018,8,6.0,Le Castellet,12,0,7.633113e-05,1.0
2018,8,7.0,Le Castellet,1,0,5.161423e-07,1.0
2018,8,8.0,Le Castellet,1,0,2.0231976e-06,1.0
2018,8,9.0,Le Castellet,1,0,3.4318916e-06,1.0
2018,8,10.0,Le Castellet,1,0,1.7470908e-05,1.0
2018,8,11.0,Le Castellet,1,0,4.2050885e-07,1.0
2018,8,12.0,Le Castellet,1,0,1.17709305e-07,1.0
2018,8,13.0,Le Castellet,1,0,4.822226e-09,1.0
2018,8,14.0,Le Castellet,1,0,1.3049071e-06,1.0
2018,8,15.0,Le Castellet,1,0,7.629729e-05,1.0
2018,8,16.0,Le Castellet,1,0,4.9552104e-06,1.0
2018,8,17.0,Le Castellet,1,0,2.6762075e-06,1.0
2018,8,18.0,Le Castellet,1,0,4.403002e-06,1.0
2018,8,19.0,Le Castellet,1,0,1.0962037e-05,1.0
2018,8,20.0,Le Castellet,1,0,7.2676426e-06,1.0
2018,8,21.0,Le Castellet,1,0,1.4929003e-07,1.0
2018,8,22.0,Le Castellet,1,0,4.681489e-06,1.0
2018,8,23.0,Le Castellet,1,0,5.460891e-06,1.0
2018,8,24.0,Le Castellet,1,0,3.3606893e-06,1.0
2018,8,25.0,Le Castellet,1,0,7.3698657e-06,1.0
2018,8,26.0,Le Castellet,1,0,0.00010569814,1.0
2018,8,27.0,Le Castellet,1,0,0.00013129356,1.0
2018,8,28.0,Le Castellet,1,0,6.570013e-06,1.0
2018,8,29.0,Le Castellet,1,0,1.3015379e-05,1.0
2018,8,30.0,Le Castellet,1,0,2.1742492e-06,1.0
2018,8,31.0,Le Castellet,1,0,2.5950969e-05,1.0
2018,8,32.0,Le Castellet,1,0,0.0002667552,1.0
2018,8,33.0,Le Castellet,1,0,2.3451619e-06,1.0
2018,8,34.0,Le Castellet,1,0,6.7704254e-06,1.0
2018,8,35.0,Le Castellet,1,0,0.0004944291,1.0
2018,8,36.0,Le Castellet,1,0,0.00050272833,1.0
2018,8,37.0,Le Castellet,1,0,0.00037979765,1.0
2018,8,38.0,Le Castellet,1,0,3.452194e-05,1.0
2018,8,39.0,Le Castellet,1,0,4.025967e-05,1.0
2018,8,40.0,Le Castellet,1,0,3.9673796e-06,1.0
2018,8,41.0,Le Castellet,1,0,0.0019706318,1.0
2018,8,42.0,Le Castellet,1,0,7.3654246e-06,1.0
2018,8,43.0,Le Castellet,1,0,6.639082e-06,1.0
2018,8,44.0,Le Castellet,1,0,3.5512429e-07,1.0
2018,8,45.0,Le Castellet,1,0,0.00014545521,1.0
2018,8,46.0,Le Castellet,1,0,1.8626292e-06,1.0
2018,8,47.0,Le Castellet,1,0,0.0001503383,1.0
2018,8,48.0,Le Castellet,1,0,4.465018e-06,1.0
2018,8,49.0,Le Castellet,1,0,8.0427463e-07,1.0
2018,8,50.0,Le Castellet,1,0,3.8673053e-05,1.0
2018,8,51.0,Le Castellet,12,0,0.0063471748,1.0
2018,8,52.0,Le Castellet,26,0,0.034427788,1.0
2018,8,53.0,Le Castellet,6712,0,0.010648707,1.0
2018,9,1.0,Spielberg,nan,0,5.3777345e-05,0.0
2018,9,2.0,Spielberg,21,0,8.887008e-05,0.0
2018,9,3.0,Spielberg,1,0,0.00018121219,0.0
2018,9,4.0,Spielberg,1,0,3.0959773e-06,0.0
2018,9,5.0,Spielberg,1,0,1.4796597e-05,0.0
2018,9,6.0,Spielberg,1,0,2.8703747e-05,0.0
2018,9,7.0,Spielberg,1,0,1.4105308e-05,0.0
2018,9,8.0,Spielberg,1,0,3.8505095e-05,0.0
2018,9,9.0,Spielberg,1,0,2.8117033e-06,0.0
2018,9,10.0,Spielberg,1,0,7.2225754e-05,0.0
2018,9,11.0,Spielberg,1,0,2.2664548e-05,0.0
2018,9,12.0,Spielberg,12,0,6.606122e-05,0.0
2018,9,13.0,Spielberg,21,0,1.7770114e-06,0.0
2018,9,14.0,Spielberg,12,0,9.113707e-05,0.0
2018,9,15.0,Spielberg,26,0,0.00028535086,0.0
2018,9,16.0,Spielberg,671,0,7.137898e-05,0.0
2018,9,17.0,Spielberg,1,0,2.2973687e-05,0.0
2018,9,18.0,Spielberg,1,0,2.8564731e-05,0.0
2018,9,19.0,Spielberg,1,0,3.5918663e-05,0.0
2018,9,20.0,Spielberg,1,0,0.00016911379,0.0
2018,9,21.0,Spielberg,1,0,0.0002773696,0.0
2018,9,22.0,Spielberg,1,0,6.839332e-06,0.0
2018,9,23.0,Spielberg,1,0,9.31223e-08,0.0
2018,9,24.0,Spielberg,1,0,2.2623354e-07,0.0
2018,9,25.0,Spielberg,1,0,2.4261408e-05,0.0
2018,9,26.0,Spielberg,1,0,9.293266e-06,0.0
2018,9,27.0,Spielberg,1,0,1.5169944e-06,0.0
2018,9,28.0,Spielberg,1,0,0.001078974,0.0
2018,9,29.0,Spielberg,1,0,0.00017907475,0.0
2018,9,30.0,Spielberg,1,0,1.5962461e-05,0.0
2018,9,31.0,Spielberg,1,0,2.5179713e-06,0.0
2018,9,32.0,Spielberg,1,0,4.9905964e-05,0.0
2018,9,33.0,Spielberg,1,0,3.1987413e-06,0.0
2018,9,34.0,Spielberg,1,0,5.9598037e-06,0.0
2018,9,35.0,Spielberg,1,0,0.00093575084,0.0
2018,9,36.0,Spielberg,1,0,4.8714046e-06,0.0
2018,9,37.0,Spielberg,1,0,7.3982774e-05,0.0
2018,9,38.0,Spielberg,1,0,0.00014200753,0.0
2018,9,39.0,Spielberg,1,0,8.573293e-06,0.0
2018,9,40.0,Spielberg,1,0,7.457372e-05,0.0
2018,9,41.0,Spielberg,1,0,0.00011262874,0.0
2018,9,42.0,Spielberg,1,0,1.6388016e-07,0.0
2018,9,43.0,Spielberg,1,0,3.766e-06,0.0
2018,9,44.0,Spielberg,1,0,9.643129e-06,0.0
2018,9,45.0,Spielberg,1,0,2.3992465e-05,0.0
2018,9,46.0,Spielberg,1,0,5.7151883e-05,0.0
2018,9,47.0,Spielberg,1,0,4.4798135e-06,0.0
2018,9,48.0,Spielberg,1,0,1.0090315e-05,0.0
2018,9,49.0,Spielberg,1,0,4.2485098e-07,0.0
2018,9,50.0,Spielberg,1,0,3.189756e-07,0.0
2018,9,51.0,Spielberg,1,0,2.372719e-07,0.0
2018,9,52.0,Spielberg,1,0,0.00021861901,0.0
2018,9,53.0,Spielberg,1,0,0.0032410133,0.0
2018,9,54.0,Spielberg,12,0,0.39090815,0.0
2018,9,55.0,Spielberg,2,0,0.08095225,0.0
2018,9,56.0,Spielberg,21,0,0.0029100357,0.0
2018,9,57.0,Spielberg,12,0,2.35044e-08,0.0
2018,9,58.0,Spielberg,21,0,6.1996375e-06,0.0
2018,9,59.0,Spielberg,1,0,9.2217476e-07,0.0
2018,9,60.0,Spielberg,1,0,4.4677466e-07,0.0
2018,9,61.0,Spielberg,1,0,1.1265677e-06,0.0
2018,9,62.0,Spielberg,1,0,6.4311394e-06,0.0
2018,9,63.0,Spielberg,12,0,0.0012856777,0.0
2018,9,64.0,Spielberg,12,0,0.00011017769,0.0
2018,9,65.0,Spielberg,21,0,0.0022311087,0.0
2018,9,66.0,Spielberg,1,0,7.9914594e-07,0.0
2018,9,67.0,Spielberg,1,0,0.00069145946,0.0
2018,9,68.0,Spielberg,1,0,8.103375e-06,0.0
2018,9,69.0,Spielberg,1,0,2.2131579e-05,0.0
2018,9,70.0,Spielberg,1,0,0.0009831224,0.0
2018,9,71.0,Spielberg,1,0,0.00014038745,0.0
2018,10,1.0,Silverstone,21,0,0.0044891476,0.0
2018,10,2.0,Silverstone,21,0,0.011408973,0.0
2018,10,3.0,Silverstone,12,0,0.012450211,0.0
2018,10,4.0,Silverstone,1,0,5.97394e-07,0.0
2018,10,5.0,Silverstone,1,0,0.0005251199,0.0
2018,10,6.0,Silverstone,1,0,2.3391298e-05,0.0
2018,10,7.0,Silverstone,1,0,1.6567267e-06,0.0
2018,10,8.0,Silverstone,1,0,9.257425e-05,0.0
2018,10,9.0,Silverstone,1,0,0.00010850261,0.0
2018,10,10.0,Silverstone,1,0,0.0001120412,0.0
2018,10,11.0,Silverstone,1,0,4.377334e-05,0.0
2018,10,12.0,Silverstone,1,0,1.4499276e-06,0.0
2018,10,13.0,Silverstone,1,0,7.4469773e-07,0.0
2018,10,14.0,Silverstone,1,0,1.4067277e-05,0.0
2018,10,15.0,Silverstone,1,0,4.3071336e-07,0.0
2018,10,16.0,Silverstone,1,0,0.00014590097,0.0
2018,10,17.0,Silverstone,1,0,1.41973205e-05,0.0
2018,10,18.0,Silverstone,1,0,0.0009692149,0.0
2018,10,19.0,Silverstone,12,0,0.015211627,0.0
2018,10,20.0,Silverstone,12,0,0.0014605973,0.0
2018,10,21.0,Silverstone,21,0,2.8759863e-05,0.0
2018,10,22.0,Silverstone,1,0,0.00017791554,0.0
2018,10,23.0,Silverstone,1,0,2.4694837e-06,0.0
2018,10,24.0,Silverstone,1,0,0.0003109204,0.0
2018,10,25.0,Silverstone,1,0,0.003427595,0.0
2018,10,26.0,Silverstone,1,0,0.001443303,0.0
2018,10,27.0,Silverstone,1,0,0.0059621283,0.0
2018,10,28.0,Silverstone,1,0,0.00041535537,0.0
2018,10,29.0,Silverstone,1,1,0.0031853472,0.0
2018,10,30.0,Silverstone,1,1,0.99972385,0.0
2018,10,31.0,Silverstone,1,1,0.99972945,0.0
2018,10,32.0,Silverstone,12,0,0.0046143266,0.0
2018,10,33.0,Silverstone,24,0,0.0011351174,0.0
2018,10,34.0,Silverstone,4,0,0.010098687,0.0
2018,10,35.0,Silverstone,4,0,0.00046894074,1.0
2018,10,36.0,Silverstone,4,0,8.750392e-06,1.0
2018,10,37.0,Silverstone,41,0,1.7632414e-05,1.0
2018,10,38.0,Silverstone,124,0,5.817977e-06,1.0
2018,10,39.0,Silverstone,4,0,1.6944216e-05,1.0
2018,10,40.0,Silverstone,4,0,2.174106e-05,1.0
2018,10,41.0,Silverstone,41,0,0.0012117024,1.0
2018,10,42.0,Silverstone,1,0,0.0018923302,1.0
2018,10,43.0,Silverstone,1,0,1.7239559e-07,1.0
2018,10,44.0,Silverstone,1,0,2.1276212e-06,1.0
2018,10,45.0,Silverstone,1,0,2.3163586e-05,1.0
2018,10,46.0,Silverstone,12,0,1.1993509e-05,1.0
2018,10,47.0,Silverstone,21,0,4.0633695e-05,1.0
2018,10,48.0,Silverstone,12,0,3.0546853e-05,1.0
2018,10,49.0,Silverstone,1,0,7.602764e-06,1.0
2018,10,50.0,Silverstone,1,0,5.766918e-07,1.0
2018,10,51.0,Silverstone,1,0,3.874064e-05,1.0
2018,10,52.0,Silverstone,1,0,4.3134733e-05,1.0
2018,11,1.0,Hockenheim,nan,0,0.022268083,0.0
2018,11,2.0,Hockenheim,nan,0,0.004872358,0.0
2018,11,3.0,Hockenheim,nan,0,0.02076357,0.0
2018,11,4.0,Hockenheim,nan,0,0.0004261081,0.0
2018,11,5.0,Hockenheim,nan,0,0.17169304,0.0
2018,11,6.0,Hockenheim,nan,0,0.0023396215,0.0
2018,11,7.0,Hockenheim,nan,0,0.0013981023,0.0
2018,11,8.0,Hockenheim,nan,0,0.0020494577,0.0
2018,11,9.0,Hockenheim,nan,0,0.0011472021,0.0
2018,11,10.0,Hockenheim,nan,0,0.0028780184,0.0
2018,11,11.0,Hockenheim,nan,0,0.00026331688,0.0
2018,11,12.0,Hockenheim,nan,0,0.00057308655,0.0
2018,11,13.0,Hockenheim,nan,0,0.0009667644,0.0
2018,11,14.0,Hockenheim,nan,0,0.004794207,0.0
2018,11,15.0,Hockenheim,nan,0,0.009091969,0.0
2018,11,16.0,Hockenheim,nan,0,0.0018890701,0.0
2018,11,17.0,Hockenheim,nan,0,0.0025998286,0.0
2018,11,18.0,Hockenheim,nan,0,0.0030483946,0.0
2018,11,19.0,Hockenheim,nan,0,0.0067650294,0.0
2018,11,20.0,Hockenheim,nan,0,0.008036624,0.0
2018,11,21.0,Hockenheim,nan,0,0.001053347,0.0
2018,11,22.0,Hockenheim,nan,0,0.0011625915,0.0
2018,11,23.0,Hockenheim,nan,0,0.0008696582,0.0
2018,11,24.0,Hockenheim,nan,0,0.0010230887,0.0
2018,11,25.0,Hockenheim,nan,0,0.0038880426,0.0
2018,11,26.0,Hockenheim,nan,0,0.0024419075,0.0
2018,11,27.0,Hockenheim,nan,0,0.00753038,0.0
2018,11,28.0,Hockenheim,nan,0,0.0012811981,0.0
2018,11,29.0,Hockenheim,2,0,0.007170246,0.0
2018,11,30.0,Hockenheim,21,0,0.0008322523,0.0
2018,11,31.0,Hockenheim,1,0,2.1349105e-07,0.0
2018,11,32.0,Hockenheim,1,0,1.23563905e-05,0.0
2018,11,33.0,Hockenheim,1,0,3.5949724e-06,0.0
2018,11,34.0,Hockenheim,1,0,0.00021491211,0.0
2018,11,35.0,Hockenheim,1,0,3.6713374e-07,0.0
2018,11,36.0,Hockenheim,1,0,9.776237e-08,0.0
2018,11,37.0,Hockenheim,1,0,9.311502e-08,0.0
2018,11,38.0,Hockenheim,1,0,0.00032439968,0.0
2018,11,39.0,Hockenheim,1,0,0.0008583753,0.0
2018,11,40.0,Hockenheim,1,0,2.8574701e-05,0.0
2018,11,41.0,Hockenheim,1,0,2.4003104e-05,0.0
2018,11,42.0,Hockenheim,1,0,3.9608053e-06,0.0
2018,11,43.0,Hockenheim,1,0,0.008258457,0.0
2018,11,44.0,Hockenheim,1,0,0.0005524081,0.0
2018,11,45.0,Hockenheim,1,0,0.00016073498,0.0
2018,11,46.0,Hockenheim,1,0,8.114201e-05,0.0
2018,11,47.0,Hockenheim,1,1,0.99960786,0.0
2018,11,48.0,Hockenheim,12,1,0.012866539,0.0
2018,11,49.0,Hockenheim,1,1,0.99959975,0.0
2018,11,50.0,Hockenheim,12,0,0.0023691482,0.0
2018,11,51.0,Hockenheim,12,0,0.93961936,0.0
2018,11,52.0,Hockenheim,124,0,0.08673754,0.0
2018,11,53.0,Hockenheim,4,0,0.002800525,0.0
2018,11,54.0,Hockenheim,4,0,3.0805077e-05,1.0
2018,11,55.0,Hockenheim,4,0,8.1587685e-05,1.0
2018,11,56.0,Hockenheim,4,0,8.2358274e-05,1.0
2018,11,57.0,Hockenheim,41,0,1.5046565e-07,1.0
2018,11,58.0,Hockenheim,1,0,6.0752523e-06,1.0
2018,11,59.0,Hockenheim,1,0,5.298231e-06,1.0
2018,11,60.0,Hockenheim,1,0,8.987421e-06,1.0
2018,11,61.0,Hockenheim,1,0,2.9908078e-06,1.0
2018,11,62.0,Hockenheim,1,0,3.4242274e-07,1.0
2018,11,63.0,Hockenheim,1,0,1.54732e-05,1.0
2018,11,64.0,Hockenheim,1,0,7.480761e-08,1.0
2018,11,65.0,Hockenheim,1,0,6.6582993e-07,1.0
2018,11,66.0,Hockenheim,1,0,1.2372404e-06,1.0
2018,11,67.0,Hockenheim,1,0,1.2937286e-07,1.0
2018,12,1.0,Budapest,nan,0,0.00018093231,0.0
2018,12,2.0,Budapest,nan,0,0.024986865,0.0
2018,12,3.0,Budapest,nan,0,0.0077386205,0.0
2018,12,4.0,Budapest,nan,0,0.016934834,0.0
2018,12,5.0,Budapest,nan,0,0.00064101425,0.0
2018,12,6.0,Budapest,26,0,0.0003233964,0.0
2018,12,7.0,Budapest,671,0,0.0007028405,0.0
2018,12,8.0,Budapest,1,0,6.3322284e-07,0.0
2018,12,9.0,Budapest,1,0,5.972151e-08,0.0
2018,12,10.0,Budapest,1,0,3.1029663e-07,0.0
2018,12,11.0,Budapest,1,0,7.956516e-07,0.0
2018,12,12.0,Budapest,1,0,2.3740665e-06,0.0
2018,12,13.0,Budapest,1,0,2.845908e-07,0.0
2018,12,14.0,Budapest,1,0,1.1531295e-06,0.0
2018,12,15.0,Budapest,1,0,4.0934534e-05,0.0
2018,12,16.0,Budapest,1,0,2.6208456e-05,0.0
2018,12,17.0,Budapest,1,0,1.9475118e-07,0.0
2018,12,18.0,Budapest,1,0,5.4696136e-07,0.0
2018,12,19.0,Budapest,1,0,1.1919205e-07,0.0
2018,12,20.0,Budapest,1,0,8.9161875e-07,0.0
2018,12,21.0,Budapest,1,0,2.8566283e-05,0.0
2018,12,22.0,Budapest,1,0,3.109842e-07,0.0
2018,12,23.0,Budapest,1,0,4.909725e-05,0.0
2018,12,24.0,Budapest,1,0,5.8720968e-08,0.0
2018,12,25.0,Budapest,1,0,6.711993e-07,0.0
2018,12,26.0,Budapest,1,0,0.00026347383,0.0
2018,12,27.0,Budapest,1,0,9.105596e-06,0.0
2018,12,28.0,Budapest,1,0,5.630568e-06,0.0
2018,12,29.0,Budapest,1,0,2.2271538e-06,0.0
2018,12,30.0,Budapest,1,0,2.9007401e-06,0.0
2018,12,31.0,Budapest,1,0,1.4398699e-05,0.0
2018,12,32.0,Budapest,1,0,0.0010466455,0.0
2018,12,33.0,Budapest,1,0,2.8390818e-06,0.0
2018,12,34.0,Budapest,1,0,1.2673814e-07,0.0
2018,12,35.0,Budapest,1,0,1.9026719e-07,0.0
2018,12,36.0,Budapest,1,0,2.4919252e-06,0.0
2018,12,37.0,Budapest,1,0,1.0362219e-06,0.0
2018,12,38.0,Budapest,1,0,1.098618e-08,0.0
2018,12,39.0,Budapest,1,0,4.3751905e-07,0.0
2018,12,40.0,Budapest,1,0,7.764093e-06,0.0
2018,12,41.0,Budapest,1,0,1.9760557e-07,0.0
2018,12,42.0,Budapest,1,0,5.0310607e-08,0.0
2018,12,43.0,Budapest,1,0,1.1356206e-07,0.0
2018,12,44.0,Budapest,1,0,6.976553e-06,0.0
2018,12,45.0,Budapest,1,0,4.3369982e-06,0.0
2018,12,46.0,Budapest,1,0,4.0063597e-07,0.0
2018,12,47.0,Budapest,1,0,5.4670323e-07,0.0
2018,12,48.0,Budapest,1,0,8.43144e-06,0.0
2018,12,49.0,Budapest,1,0,1.0013855e-05,0.0
2018,12,50.0,Budapest,1,0,1.1705554e-05,0.0
2018,12,51.0,Budapest,126,0,3.8164748e-05,0.0
2018,12,52.0,Budapest,671,0,0.00025161632,0.0
2018,12,53.0,Budapest,1,0,0.00011922612,0.0
2018,12,54.0,Budapest,1,0,8.785478e-06,0.0
2018,12,55.0,Budapest,1,0,9.145308e-07,0.0
2018,12,56.0,Budapest,1,0,8.769849e-06,0.0
2018,12,57.0,Budapest,1,0,1.8889057e-06,0.0
2018,12,58.0,Budapest,1,0,1.1312347e-06,0.0
2018,12,59.0,Budapest,1,0,1.0338222e-05,0.0
2018,12,60.0,Budapest,1,0,1.0368002e-06,0.0
2018,12,61.0,Budapest,1,0,1.2231372e-07,0.0
2018,12,62.0,Budapest,1,0,1.6379953e-07,0.0
2018,12,63.0,Budapest,1,0,4.3551873e-07,0.0
2018,12,64.0,Budapest,1,0,1.0608437e-06,0.0
2018,12,65.0,Budapest,1,0,2.0595767e-06,0.0
2018,12,66.0,Budapest,1,0,4.1075603e-07,0.0
2018,12,67.0,Budapest,1,0,3.0604085e-07,0.0
2018,12,68.0,Budapest,1,0,2.462149e-06,0.0
2018,12,69.0,Budapest,1,0,3.7028892e-07,0.0
2018,12,70.0,Budapest,1,0,1.1999686e-06,0.0
2018,13,1.0,Spa-Francorchamps,124,0,0.0044075954,0.0
2018,13,2.0,Spa-Francorchamps,4,0,0.0035423453,0.0
2018,13,3.0,Spa-Francorchamps,4,0,7.951407e-05,1.0
2018,13,4.0,Spa-Francorchamps,41,0,0.0027732328,1.0
2018,13,5.0,Spa-Francorchamps,1,0,6.67016e-06,1.0
2018,13,6.0,Spa-Francorchamps,1,0,2.668936e-07,1.0
2018,13,7.0,Spa-Francorchamps,1,0,9.22678e-07,1.0
2018,13,8.0,Spa-Francorchamps,1,0,5.9482545e-06,1.0
2018,13,9.0,Spa-Francorchamps,1,0,3.5000685e-08,1.0
2018,13,10.0,Spa-Francorchamps,1,0,1.0373911e-07,1.0
2018,13,11.0,Spa-Francorchamps,1,0,1.9763606e-08,1.0
2018,13,12.0,Spa-Francorchamps,1,0,1.658299e-08,1.0
2018,13,13.0,Spa-Francorchamps,1,0,3.6770187e-09,1.0
2018,13,14.0,Spa-Francorchamps,1,0,3.8732656e-10,1.0
2018,13,15.0,Spa-Francorchamps,1,0,6.82054e-08,1.0
2018,13,16.0,Spa-Francorchamps,1,0,4.432667e-09,1.0
2018,13,17.0,Spa-Francorchamps,1,0,1.066077e-08,1.0
2018,13,18.0,Spa-Francorchamps,1,0,4.5206388e-08,1.0
2018,13,19.0,Spa-Francorchamps,1,0,1.5954733e-08,1.0
2018,13,20.0,Spa-Francorchamps,1,0,9.672481e-08,1.0
2018,13,21.0,Spa-Francorchamps,1,0,9.906558e-06,1.0
2018,13,22.0,Spa-Francorchamps,1,0,6.538783e-05,1.0
2018,13,23.0,Spa-Francorchamps,1,0,2.992823e-05,1.0
2018,13,24.0,Spa-Francorchamps,1,0,0.0012458913,1.0
2018,13,25.0,Spa-Francorchamps,1,0,1.5649312e-06,1.0
2018,13,26.0,Spa-Francorchamps,1,0,3.34013e-07,1.0
2018,13,27.0,Spa-Francorchamps,1,0,4.4088592e-05,1.0
2018,13,28.0,Spa-Francorchamps,1,0,8.1006096e-05,1.0
2018,13,29.0,Spa-Francorchamps,1,0,1.2239206e-05,1.0
2018,13,30.0,Spa-Francorchamps,1,0,6.6704083e-06,1.0
2018,13,31.0,Spa-Francorchamps,1,0,1.524113e-06,1.0
2018,13,32.0,Spa-Francorchamps,1,0,1.2980261e-06,1.0
2018,13,33.0,Spa-Francorchamps,1,0,2.874798e-06,1.0
2018,13,34.0,Spa-Francorchamps,1,0,1.0290968e-06,1.0
2018,13,35.0,Spa-Francorchamps,1,0,7.77067e-07,1.0
2018,13,36.0,Spa-Francorchamps,1,0,2.8913003e-06,1.0
2018,13,37.0,Spa-Francorchamps,1,0,5.181186e-09,1.0
2018,13,38.0,Spa-Francorchamps,1,0,8.238649e-09,1.0
2018,13,39.0,Spa-Francorchamps,1,0,1.7533016e-07,1.0
2018,13,40.0,Spa-Francorchamps,1,0,5.2551368e-08,1.0
2018,13,41.0,Spa-Francorchamps,1,0,5.483297e-10,1.0
2018,13,42.0,Spa-Francorchamps,1,0,3.5556887e-08,1.0
2018,13,43.0,Spa-Francorchamps,1,0,2.1141734e-07,1.0
2018,13,44.0,Spa-Francorchamps,1,0,0.00057164335,1.0
2018,14,1.0,Monza,126,0,0.93829924,0.0
2018,14,2.0,Monza,67,0,0.9966546,0.0
2018,14,3.0,Monza,741,0,0.97851187,0.0
2018,14,4.0,Monza,1,0,3.282429e-06,0.0
2018,14,5.0,Monza,1,0,1.788641e-06,0.0
2018,14,6.0,Monza,1,0,2.2820923e-06,0.0
2018,14,7.0,Monza,1,0,4.4681738e-06,0.0
2018,14,8.0,Monza,1,0,0.00019991031,0.0
2018,14,9.0,Monza,1,0,0.001057573,0.0
2018,14,10.0,Monza,1,0,1.6147233e-05,0.0
2018,14,11.0,Monza,1,0,0.00012612376,0.0
2018,14,12.0,Monza,1,0,5.9604463e-06,0.0
2018,14,13.0,Monza,1,0,1.4848055e-07,0.0
2018,14,14.0,Monza,1,0,2.710738e-06,0.0
2018,14,15.0,Monza,1,0,5.030527e-06,0.0
2018,14,16.0,Monza,1,0,2.408223e-07,0.0
2018,14,17.0,Monza,1,0,4.2504653e-06,0.0
2018,14,18.0,Monza,1,0,8.7921893e-07,0.0
2018,14,19.0,Monza,1,0,6.4317037e-06,0.0
2018,14,20.0,Monza,1,0,3.0464817e-05,0.0
2018,14,21.0,Monza,1,0,2.5106099e-06,0.0
2018,14,22.0,Monza,1,0,0.00013665116,0.0
2018,14,23.0,Monza,1,0,1.817446e-07,0.0
2018,14,24.0,Monza,1,0,0.6726501,0.0
2018,14,25.0,Monza,12,0,0.040563818,0.0
2018,14,26.0,Monza,21,0,7.408196e-05,0.0
2018,14,27.0,Monza,1,0,0.0002189603,0.0
2018,14,28.0,Monza,1,0,3.3437489e-06,0.0
2018,14,29.0,Monza,1,0,0.0001406887,0.0
2018,14,30.0,Monza,1,0,0.00046265763,0.0
2018,14,31.0,Monza,1,0,5.169127e-07,0.0
2018,14,32.0,Monza,1,0,0.00020008291,0.0
2018,14,33.0,Monza,1,0,9.317493e-06,0.0
2018,14,34.0,Monza,1,0,1.086003e-06,0.0
2018,14,35.0,Monza,1,0,1.2757364e-05,0.0
2018,14,36.0,Monza,1,0,6.807085e-05,0.0
2018,14,37.0,Monza,1,0,3.6566166e-06,0.0
2018,14,38.0,Monza,1,0,9.314273e-05,0.0
2018,14,39.0,Monza,1,0,6.0862994e-06,0.0
2018,14,40.0,Monza,1,0,4.1970456e-05,0.0
2018,14,41.0,Monza,1,0,6.407457e-07,0.0
2018,14,42.0,Monza,1,0,3.2646874e-06,0.0
2018,14,43.0,Monza,1,0,8.958676e-07,0.0
2018,14,44.0,Monza,1,0,1.2006672e-05,0.0
2018,14,45.0,Monza,1,0,2.5455074e-07,0.0
2018,14,46.0,Monza,1,0,0.00013226466,0.0
2018,14,47.0,Monza,1,0,5.530591e-06,0.0
2018,14,48.0,Monza,1,0,4.903048e-05,0.0
2018,14,49.0,Monza,1,0,0.00010815676,0.0
2018,14,50.0,Monza,1,0,3.240346e-07,0.0
2018,14,51.0,Monza,1,0,3.5551168e-06,0.0
2018,14,52.0,Monza,1,0,1.8998131e-05,0.0
2018,14,53.0,Monza,1,0,3.9814227e-06,0.0
2018,15,1.0,Singapore,124,0,0.06651768,0.0
2018,15,2.0,Singapore,4,0,0.022204883,0.0
2018,15,3.0,Singapore,4,0,1.8046965e-05,1.0
2018,15,4.0,Singapore,41,0,2.3330933e-06,1.0
2018,15,5.0,Singapore,1,0,1.2553694e-06,1.0
2018,15,6.0,Singapore,1,0,1.5220259e-06,1.0
2018,15,7.0,Singapore,1,0,1.572945e-06,1.0
2018,15,8.0,Singapore,1,0,8.539479e-06,1.0
2018,15,9.0,Singapore,1,0,3.7372201e-06,1.0
2018,15,10.0,Singapore,1,0,8.1294303e-07,1.0
2018,15,11.0,Singapore,1,0,1.7921016e-08,1.0
2018,15,12.0,Singapore,1,0,5.5773903e-08,1.0
2018,15,13.0,Singapore,1,0,8.849512e-08,1.0
2018,15,14.0,Singapore,1,0,1.8697392e-08,1.0
2018,15,15.0,Singapore,1,0,2.7543845e-07,1.0
2018,15,16.0,Singapore,1,0,4.5212172e-07,1.0
2018,15,17.0,Singapore,1,0,1.7800105e-07,1.0
2018,15,18.0,Singapore,1,0,2.9966986e-05,1.0
2018,15,19.0,Singapore,1,0,0.0003242695,1.0
2018,15,20.0,Singapore,1,0,1.0137587e-06,1.0
2018,15,21.0,Singapore,1,0,2.0203274e-07,1.0
2018,15,22.0,Singapore,1,0,2.3879084e-06,1.0
2018,15,23.0,Singapore,1,0,2.503296e-07,1.0
2018,15,24.0,Singapore,1,0,2.1057905e-07,1.0
2018,15,25.0,Singapore,1,0,6.6144145e-07,1.0
2018,15,26.0,Singapore,1,0,1.9634803e-05,1.0
2018,15,27.0,Singapore,1,0,0.001561463,1.0
2018,15,28.0,Singapore,1,0,3.6027077e-07,1.0
2018,15,29.0,Singapore,1,0,3.3811529e-07,1.0
2018,15,30.0,Singapore,1,0,2.3840812e-06,1.0
2018,15,31.0,Singapore,1,0,2.7160223e-07,1.0
2018,15,32.0,Singapore,1,0,4.7495005e-06,1.0
2018,15,33.0,Singapore,1,0,6.5383297e-06,1.0
2018,15,34.0,Singapore,1,0,2.7970209e-05,1.0
2018,15,35.0,Singapore,1,0,1.367141e-06,1.0
2018,15,36.0,Singapore,1,0,1.9021451e-06,1.0
2018,15,37.0,Singapore,1,0,0.00011844007,1.0
2018,15,38.0,Singapore,1,0,0.00013982502,1.0
2018,15,39.0,Singapore,1,0,0.00048584744,1.0
2018,15,40.0,Singapore,1,0,9.760358e-07,1.0
2018,15,41.0,Singapore,1,0,5.1105503e-06,1.0
2018,15,42.0,Singapore,1,0,7.4454715e-07,1.0
2018,15,43.0,Singapore,1,0,2.467252e-06,1.0
2018,15,44.0,Singapore,1,0,1.6004686e-05,1.0
2018,15,45.0,Singapore,1,0,1.2025761e-06,1.0
2018,15,46.0,Singapore,1,0,0.00020158628,1.0
2018,15,47.0,Singapore,1,0,2.6611943e-07,1.0
2018,15,48.0,Singapore,1,0,3.5272595e-05,1.0
2018,15,49.0,Singapore,1,0,2.8940808e-06,1.0
2018,15,50.0,Singapore,1,0,1.6223916e-05,1.0
2018,15,51.0,Singapore,1,0,2.5577157e-07,1.0
2018,15,52.0,Singapore,1,0,2.6018224e-06,1.0
2018,15,53.0,Singapore,1,0,1.6794442e-05,1.0
2018,15,54.0,Singapore,1,0,4.7341573e-06,1.0
2018,15,55.0,Singapore,1,0,3.338294e-06,1.0
2018,15,56.0,Singapore,1,0,1.360173e-06,1.0
2018,15,57.0,Singapore,1,0,4.9074777e-05,1.0
2018,15,58.0,Singapore,1,0,6.294116e-05,1.0
2018,15,59.0,Singapore,1,0,4.8541104e-05,1.0
2018,15,60.0,Singapore,1,0,9.429194e-06,1.0
2018,15,61.0,Singapore,1,0,7.6559274e-08,1.0
2018,16,1.0,Sochi,12,0,0.3913387,0.0
2018,16,2.0,Sochi,1,0,6.636556e-05,0.0
2018,16,3.0,Sochi,1,0,0.0022550325,0.0
2018,16,4.0,Sochi,12,0,0.30439562,0.0
2018,16,5.0,Sochi,1,0,0.00017723776,0.0
2018,16,6.0,Sochi,1,0,2.9330947e-06,0.0
2018,16,7.0,Sochi,1,0,1.230695e-05,0.0
2018,16,8.0,Sochi,1,0,1.3917859e-06,0.0
2018,16,9.0,Sochi,1,0,8.503676e-07,0.0
2018,16,10.0,Sochi,1,0,2.154276e-06,0.0
2018,16,11.0,Sochi,1,0,7.11545e-08,0.0
2018,16,12.0,Sochi,1,0,7.4743417e-07,0.0
2018,16,13.0,Sochi,1,0,6.5857355e-05,0.0
2018,16,14.0,Sochi,1,0,6.6363015e-07,0.0
2018,16,15.0,Sochi,1,0,6.497312e-05,0.0
2018,16,16.0,Sochi,1,0,0.00048664535,0.0
2018,16,17.0,Sochi,1,0,0.0005688046,0.0
2018,16,18.0,Sochi,1,0,4.6457308e-06,0.0
2018,16,19.0,Sochi,1,0,0.0016578559,0.0
2018,16,20.0,Sochi,1,0,0.0003127628,0.0
2018,16,21.0,Sochi,1,0,3.6219462e-05,0.0
2018,16,22.0,Sochi,1,0,2.5322634e-06,0.0
2018,16,23.0,Sochi,1,0,3.9353352e-05,0.0
2018,16,24.0,Sochi,1,0,2.5155106e-07,0.0
2018,16,25.0,Sochi,1,0,2.7840207e-07,0.0
2018,16,26.0,Sochi,1,0,4.9041046e-05,0.0
2018,16,27.0,Sochi,1,0,1.3382772e-05,0.0
2018,16,28.0,Sochi,1,0,3.7494516e-05,0.0
2018,16,29.0,Sochi,1,0,4.583972e-06,0.0
2018,16,30.0,Sochi,1,0,0.00096446445,0.0
2018,16,31.0,Sochi,1,0,0.0007540596,0.0
2018,16,32.0,Sochi,1,0,5.292418e-06,0.0
2018,16,33.0,Sochi,1,0,1.3996682e-07,0.0
2018,16,34.0,Sochi,1,0,5.6467714e-05,0.0
2018,16,35.0,Sochi,1,0,5.760427e-06,0.0
2018,16,36.0,Sochi,1,0,8.500234e-06,0.0
2018,16,37.0,Sochi,1,0,2.8996533e-06,0.0
2018,16,38.0,Sochi,1,0,5.879898e-05,0.0
2018,16,39.0,Sochi,1,0,4.716663e-05,0.0
2018,16,40.0,Sochi,1,0,0.00015240474,0.0
2018,16,41.0,Sochi,1,0,1.1159004e-05,0.0
2018,16,42.0,Sochi,1,0,5.967528e-07,0.0
2018,16,43.0,Sochi,1,0,2.573476e-05,0.0
2018,16,44.0,Sochi,1,0,7.770373e-07,0.0
2018,16,45.0,Sochi,1,0,1.2215185e-05,0.0
2018,16,46.0,Sochi,1,0,3.6273697e-05,0.0
2018,16,47.0,Sochi,1,0,2.796775e-06,0.0
2018,16,48.0,Sochi,1,0,7.5450957e-06,0.0
2018,16,49.0,Sochi,1,0,0.00012929036,0.0
2018,16,50.0,Sochi,1,0,0.00023537292,0.0
2018,16,51.0,Sochi,1,0,0.00021112146,0.0
2018,16,52.0,Sochi,1,0,2.5376632e-05,0.0
2018,16,53.0,Sochi,1,0,3.7883262e-06,0.0
2018,17,1.0,Suzuka,1,1,0.0023089831,0.0
2018,17,2.0,Suzuka,1,1,0.99948955,0.0
2018,17,3.0,Suzuka,1,1,0.99973315,0.0
2018,17,4.0,Suzuka,14,0,0.00039475923,0.0
2018,17,5.0,Suzuka,4,0,0.0011096093,0.0
2018,17,6.0,Suzuka,4,0,5.783287e-06,1.0
2018,17,7.0,Suzuka,41,0,3.171417e-07,1.0
2018,17,8.0,Suzuka,12,0,7.4463094e-07,1.0
2018,17,9.0,Suzuka,1,0,0.0011339897,1.0
2018,17,10.0,Suzuka,1,0,4.6375317e-05,1.0
2018,17,11.0,Suzuka,1,0,0.0004551313,1.0
2018,17,12.0,Suzuka,1,0,1.4226134e-05,1.0
2018,17,13.0,Suzuka,1,0,5.76671e-06,1.0
2018,17,14.0,Suzuka,1,0,2.55651e-05,1.0
2018,17,15.0,Suzuka,1,0,7.03042e-08,1.0
2018,17,16.0,Suzuka,1,0,9.6337435e-06,1.0
2018,17,17.0,Suzuka,1,0,1.2616476e-06,1.0
2018,17,18.0,Suzuka,1,0,1.0933479e-06,1.0
2018,17,19.0,Suzuka,1,0,4.031957e-05,1.0
2018,17,20.0,Suzuka,1,0,3.5951575e-06,1.0
2018,17,21.0,Suzuka,1,0,1.8274636e-06,1.0
2018,17,22.0,Suzuka,1,0,6.107477e-07,1.0
2018,17,23.0,Suzuka,1,0,0.00063457014,1.0
2018,17,24.0,Suzuka,1,0,0.0025850886,1.0
2018,17,25.0,Suzuka,1,0,9.812991e-05,1.0
2018,17,26.0,Suzuka,1,0,1.7793427e-05,1.0
2018,17,27.0,Suzuka,1,0,2.5329662e-06,1.0
2018,17,28.0,Suzuka,1,0,1.6654743e-06,1.0
2018,17,29.0,Suzuka,1,0,2.3138666e-06,1.0
2018,17,30.0,Suzuka,1,0,2.471873e-06,1.0
2018,17,31.0,Suzuka,1,0,0.00012492348,1.0
2018,17,32.0,Suzuka,1,0,1.26805835e-05,1.0
2018,17,33.0,Suzuka,1,0,0.00019577342,1.0
2018,17,34.0,Suzuka,1,0,0.00019603567,1.0
2018,17,35.0,Suzuka,1,0,0.00012204465,1.0
2018,17,36.0,Suzuka,1,0,4.22704e-06,1.0
2018,17,37.0,Suzuka,1,0,6.1832343e-06,1.0
2018,17,38.0,Suzuka,1,0,4.8809657e-06,1.0
2018,17,39.0,Suzuka,1,0,9.074574e-08,1.0
2018,17,40.0,Suzuka,12,0,1.946672e-06,1.0
2018,17,41.0,Suzuka,126,0,1.6361626e-05,1.0
2018,17,42.0,Suzuka,671,0,0.0014455594,1.0
2018,17,43.0,Suzuka,1,0,4.306998e-07,1.0
2018,17,44.0,Suzuka,1,0,6.1582796e-05,1.0
2018,17,45.0,Suzuka,1,0,5.640398e-06,1.0
2018,17,46.0,Suzuka,1,0,8.4732665e-06,1.0
2018,17,47.0,Suzuka,1,0,8.386822e-05,1.0
2018,17,48.0,Suzuka,1,0,4.7277907e-05,1.0
2018,17,49.0,Suzuka,1,0,4.267663e-06,1.0
2018,17,50.0,Suzuka,1,0,0.00020030967,1.0
2018,17,51.0,Suzuka,1,0,8.607589e-05,1.0
2018,17,52.0,Suzuka,1,0,5.7290214e-05,1.0
2018,17,53.0,Suzuka,1,0,3.5090832e-07,1.0
2018,18,1.0,Austin,12,0,0.0038301758,0.0
2018,18,2.0,Austin,1,0,4.054679e-08,0.0
2018,18,3.0,Austin,12,0,0.0074234484,0.0
2018,18,4.0,Austin,1,0,1.0662549e-06,0.0
2018,18,5.0,Austin,1,0,3.902621e-07,0.0
2018,18,6.0,Austin,1,0,5.4287828e-08,0.0
2018,18,7.0,Austin,1,0,1.3858007e-06,0.0
2018,18,8.0,Austin,1,0,1.0488285e-06,0.0
2018,18,9.0,Austin,12,0,0.016845,0.0
2018,18,10.0,Austin,2,0,0.0063050636,0.0
2018,18,11.0,Austin,26,0,0.05825942,0.0
2018,18,12.0,Austin,671,0,0.00020898189,0.0
2018,18,13.0,Austin,1,0,8.2089406e-05,0.0
2018,18,14.0,Austin,1,0,0.0001095303,0.0
2018,18,15.0,Austin,1,0,3.6205148e-07,0.0
2018,18,16.0,Austin,1,0,1.1232549e-05,0.0
2018,18,17.0,Austin,1,0,8.4125924e-07,0.0
2018,18,18.0,Austin,1,0,1.5652531e-05,0.0
2018,18,19.0,Austin,1,0,1.3627562e-05,0.0
2018,18,20.0,Austin,1,0,6.733478e-06,0.0
2018,18,21.0,Austin,1,0,2.45168e-06,0.0
2018,18,22.0,Austin,1,0,1.1204812e-07,0.0
2018,18,23.0,Austin,1,0,0.001062321,0.0
2018,18,24.0,Austin,1,0,0.00022596486,0.0
2018,18,25.0,Austin,1,0,2.7058927e-06,0.0
2018,18,26.0,Austin,1,0,5.876243e-06,0.0
2018,18,27.0,Austin,1,0,0.00012056925,0.0
2018,18,28.0,Austin,1,0,1.4247476e-05,0.0
2018,18,29.0,Austin,1,0,4.6846285e-06,0.0
2018,18,30.0,Austin,1,0,1.0242102e-06,0.0
2018,18,31.0,Austin,1,0,3.4560184e-05,0.0
2018,18,32.0,Austin,1,0,3.3935223e-07,0.0
2018,18,33.0,Austin,1,0,3.9128025e-07,0.0
2018,18,34.0,Austin,1,0,2.3436164e-09,0.0
2018,18,35.0,Austin,1,0,9.452669e-09,0.0
2018,18,36.0,Austin,1,0,5.137141e-09,0.0
2018,18,37.0,Austin,1,0,3.785585e-06,0.0
2018,18,38.0,Austin,1,0,4.8628503e-06,0.0
2018,18,39.0,Austin,1,0,8.973863e-06,0.0
2018,18,40.0,Austin,1,0,4.974164e-08,0.0
2018,18,41.0,Austin,1,0,1.2227574e-06,0.0
2018,18,42.0,Austin,1,0,4.6311456e-07,0.0
2018,18,43.0,Austin,1,0,3.3797153e-07,0.0
2018,18,44.0,Austin,1,0,1.0070292e-05,0.0
2018,18,45.0,Austin,1,0,9.531993e-06,0.0
2018,18,46.0,Austin,1,0,5.9055233e-06,0.0
2018,18,47.0,Austin,1,0,1.3519e-05,0.0
2018,18,48.0,Austin,1,0,3.3383228e-06,0.0
2018,18,49.0,Austin,1,0,2.2792561e-05,0.0
2018,18,50.0,Austin,1,0,2.5231343e-06,0.0
2018,18,51.0,Austin,1,0,1.4907229e-05,0.0
2018,18,52.0,Austin,1,0,1.4234872e-06,0.0
2018,18,53.0,Austin,1,0,2.4092665e-06,0.0
2018,18,54.0,Austin,1,0,2.029769e-07,0.0
2018,18,55.0,Austin,1,0,4.1922494e-06,0.0
2018,18,56.0,Austin,1,0,1.3504866e-06,0.0
2018,19,1.0,Mexico City,1,0,2.1698992e-05,0.0
2018,19,2.0,Mexico City,1,0,1.975967e-07,0.0
2018,19,3.0,Mexico City,1,0,2.9104447e-07,0.0
2018,19,4.0,Mexico City,1,0,0.0045780125,0.0
2018,19,5.0,Mexico City,1267,0,0.050921172,0.0
2018,19,6.0,Mexico City,71,0,1.6457382e-07,0.0
2018,19,7.0,Mexico City,1,0,3.0223717e-07,0.0
2018,19,8.0,Mexico City,1,0,4.0012583e-07,0.0
2018,19,9.0,Mexico City,1,0,6.380189e-07,0.0
2018,19,10.0,Mexico City,1,0,8.409995e-08,0.0
2018,19,11.0,Mexico City,1,0,5.8096326e-08,0.0
2018,19,12.0,Mexico City,1,0,1.5740344e-06,0.0
2018,19,13.0,Mexico City,1,0,5.252935e-05,0.0
2018,19,14.0,Mexico City,1,0,4.9774826e-05,0.0
2018,19,15.0,Mexico City,1,0,6.123074e-05,0.0
2018,19,16.0,Mexico City,1,0,5.103045e-06,0.0
2018,19,17.0,Mexico City,1,0,1.8695486e-06,0.0
2018,19,18.0,Mexico City,1,0,0.00043410482,0.0
2018,19,19.0,Mexico City,1,0,4.537598e-06,0.0
2018,19,20.0,Mexico City,1,0,5.7331334e-07,0.0
2018,19,21.0,Mexico City,1,0,3.4054528e-07,0.0
2018,19,22.0,Mexico City,1,0,2.1600269e-07,0.0
2018,19,23.0,Mexico City,1,0,4.2269411e-07,0.0
2018,19,24.0,Mexico City,1,0,1.2239848e-06,0.0
2018,19,25.0,Mexico City,1,0,2.1523251e-06,0.0
2018,19,26.0,Mexico City,1,0,1.3733153e-06,0.0
2018,19,27.0,Mexico City,1,0,1.1793982e-06,0.0
2018,19,28.0,Mexico City,1,0,5.168249e-07,0.0
2018,19,29.0,Mexico City,1,0,4.7497255e-05,0.0
2018,19,30.0,Mexico City,12,0,0.005036025,0.0
2018,19,31.0,Mexico City,26,0,0.0057462077,0.0
2018,19,32.0,Mexico City,671,0,8.945368e-06,0.0
2018,19,33.0,Mexico City,1,0,2.1269829e-05,0.0
2018,19,34.0,Mexico City,1,0,4.9052164e-06,0.0
2018,19,35.0,Mexico City,1,0,0.00047457556,0.0
2018,19,36.0,Mexico City,1,0,0.00020304232,0.0
2018,19,37.0,Mexico City,1,0,0.0001470921,0.0
2018,19,38.0,Mexico City,1,0,8.193103e-06,0.0
2018,19,39.0,Mexico City,1,0,5.7971415e-06,0.0
2018,19,40.0,Mexico City,1,0,3.6062006e-06,0.0
2018,19,41.0,Mexico City,1,0,3.75349e-06,0.0
2018,19,42.0,Mexico City,1,0,0.000112027206,0.0
2018,19,43.0,Mexico City,1,0,7.590404e-05,0.0
2018,19,44.0,Mexico City,1,0,1.3575003e-05,0.0
2018,19,45.0,Mexico City,1,0,1.2199934e-05,0.0
2018,19,46.0,Mexico City,1,0,8.752711e-06,0.0
2018,19,47.0,Mexico City,1,0,0.00013839126,0.0
2018,19,48.0,Mexico City,1,0,0.14601527,0.0
2018,19,49.0,Mexico City,1,0,0.0059579047,0.0
2018,19,50.0,Mexico City,1,0,0.00014547392,0.0
2018,19,51.0,Mexico City,1,0,0.0002516144,0.0
2018,19,52.0,Mexico City,1,0,0.0005205567,0.0
2018,19,53.0,Mexico City,1,0,0.002835633,0.0
2018,19,54.0,Mexico City,1,0,0.00022811136,0.0
2018,19,55.0,Mexico City,1,0,5.0318806e-05,0.0
2018,19,56.0,Mexico City,1,0,0.0003558236,0.0
2018,19,57.0,Mexico City,1,0,0.001725939,0.0
2018,19,58.0,Mexico City,1,0,0.007846347,0.0
2018,19,59.0,Mexico City,1,1,0.999608,0.0
2018,19,60.0,Mexico City,1,1,0.9996382,0.0
2018,19,61.0,Mexico City,1,1,0.99975806,0.0
2018,19,62.0,Mexico City,126,0,0.4472727,0.0
2018,19,63.0,Mexico City,6,0,0.019359112,0.0
2018,19,64.0,Mexico City,671,0,0.002031885,1.0
2018,19,65.0,Mexico City,1,0,0.001942599,1.0
2018,19,66.0,Mexico City,1,0,0.025772816,1.0
2018,19,67.0,Mexico City,1,0,0.00034671373,1.0
2018,19,68.0,Mexico City,1,0,0.00036790856,1.0
2018,19,69.0,Mexico City,1,0,0.00016910589,1.0
2018,19,70.0,Mexico City,1,0,0.00038017274,1.0
2018,19,71.0,Mexico City,1,0,1.1276457e-05,1.0
2018,20,1.0,São Paulo,1,0,0.040099077,0.0
2018,20,2.0,São Paulo,1,0,0.0018658912,0.0
2018,20,3.0,São Paulo,1,0,0.00013123962,0.0
2018,20,4.0,São Paulo,1,0,1.5162224e-05,0.0
2018,20,5.0,São Paulo,1,0,3.0307874e-05,0.0
2018,20,6.0,São Paulo,1,0,2.3924742e-06,0.0
2018,20,7.0,São Paulo,1,0,0.0002687807,0.0
2018,20,8.0,São Paulo,1,0,5.693447e-06,0.0
2018,20,9.0,São Paulo,1,0,0.00050617714,0.0
2018,20,10.0,São Paulo,1,0,0.00013238768,0.0
2018,20,11.0,São Paulo,1,0,4.262343e-06,0.0
2018,20,12.0,São Paulo,1,0,1.3963912e-06,0.0
2018,20,13.0,São Paulo,1,0,2.6138796e-06,0.0
2018,20,14.0,São Paulo,1,0,2.0542e-06,0.0
2018,20,15.0,São Paulo,1,0,1.769528e-05,0.0
2018,20,16.0,São Paulo,1,0,0.00089362863,0.0
2018,20,17.0,São Paulo,1,0,0.0023676902,0.0
2018,20,18.0,São Paulo,1,0,0.0028498853,0.0
2018,20,19.0,São Paulo,1,0,1.24034505e-05,0.0
2018,20,20.0,São Paulo,1,0,0.0014506301,0.0
2018,20,21.0,São Paulo,12,0,1.3368894e-05,0.0
2018,20,22.0,São Paulo,1,0,2.512044e-05,0.0
2018,20,23.0,São Paulo,1,0,2.153333e-06,0.0
2018,20,24.0,São Paulo,1,0,2.0816624e-07,0.0
2018,20,25.0,São Paulo,1,0,0.0020887544,0.0
2018,20,26.0,São Paulo,1,0,8.881665e-06,0.0
2018,20,27.0,São Paulo,1,0,3.1353975e-05,0.0
2018,20,28.0,São Paulo,1,0,0.00011974989,0.0
2018,20,29.0,São Paulo,1,0,7.979023e-06,0.0
2018,20,30.0,São Paulo,1,0,1.220914e-05,0.0
2018,20,31.0,São Paulo,1,0,1.4104433e-05,0.0
2018,20,32.0,São Paulo,1,0,0.00067665783,0.0
2018,20,33.0,São Paulo,1,0,0.00016551162,0.0
2018,20,34.0,São Paulo,1,0,0.00010782425,0.0
2018,20,35.0,São Paulo,1,0,1.5040375e-05,0.0
2018,20,36.0,São Paulo,1,0,1.2373725e-05,0.0
2018,20,37.0,São Paulo,1,0,0.000831361,0.0
2018,20,38.0,São Paulo,1,0,0.00032106964,0.0
2018,20,39.0,São Paulo,1,0,0.00023618196,0.0
2018,20,40.0,São Paulo,1,0,0.00095299585,0.0
2018,20,41.0,São Paulo,1,0,0.00031419733,0.0
2018,20,42.0,São Paulo,1,0,3.8186918e-05,0.0
2018,20,43.0,São Paulo,1,0,5.6133285e-05,0.0
2018,20,44.0,São Paulo,12,0,2.4502062e-05,0.0
2018,20,45.0,São Paulo,1,0,4.0108534e-05,0.0
2018,20,46.0,São Paulo,1,0,0.0002100166,0.0
2018,20,47.0,São Paulo,1,0,4.5845853e-05,0.0
2018,20,48.0,São Paulo,1,0,6.283081e-05,0.0
2018,20,49.0,São Paulo,1,0,0.0021315608,0.0
2018,20,50.0,São Paulo,1,0,0.00032565152,0.0
2018,20,51.0,São Paulo,1,0,0.0004647435,0.0
2018,20,52.0,São Paulo,1,0,0.50773656,0.0
2018,20,53.0,São Paulo,1,0,0.0033283352,0.0
2018,20,54.0,São Paulo,1,0,0.003820752,0.0
2018,20,55.0,São Paulo,1,0,1.8416475e-05,0.0
2018,20,56.0,São Paulo,1,0,0.0013120394,0.0
2018,20,57.0,São Paulo,1,0,0.00086634455,0.0
2018,20,58.0,São Paulo,1,0,1.0204437e-05,0.0
2018,20,59.0,São Paulo,1,0,0.0002772411,0.0
2018,20,60.0,São Paulo,1,0,1.7216719e-06,0.0
2018,20,61.0,São Paulo,1,0,1.158317e-05,0.0
2018,20,62.0,São Paulo,1,0,0.0008503611,0.0
2018,20,63.0,São Paulo,1,0,0.0003993035,0.0
2018,20,64.0,São Paulo,1,0,0.002807661,0.0
2018,20,65.0,São Paulo,1,0,9.44992e-05,0.0
2018,20,66.0,São Paulo,1,0,8.3894374e-05,0.0
2018,20,67.0,São Paulo,1,0,0.0008332184,0.0
2018,20,68.0,São Paulo,1,0,0.00010415998,0.0
2018,20,69.0,São Paulo,1,0,3.0403606e-05,0.0
2018,20,70.0,São Paulo,1,0,2.5907499e-05,0.0
2018,20,71.0,São Paulo,1,0,6.1902905e-09,0.0
2018,21,1.0,Yas Marina,124,0,0.02391287,0.0
2018,21,2.0,Yas Marina,4,0,0.0072609726,0.0
2018,21,3.0,Yas Marina,4,0,4.46321e-05,1.0
2018,21,4.0,Yas Marina,41,0,7.372747e-05,1.0
2018,21,5.0,Yas Marina,1,0,0.000108122746,1.0
2018,21,6.0,Yas Marina,1,0,6.982956e-06,1.0
2018,21,7.0,Yas Marina,126,0,2.9593657e-06,1.0
2018,21,8.0,Yas Marina,671,0,1.1383489e-05,1.0
2018,21,9.0,Yas Marina,1,0,6.355733e-07,1.0
2018,21,10.0,Yas Marina,1,0,2.8535471e-06,1.0
2018,21,11.0,Yas Marina,1,0,1.1258448e-06,1.0
2018,21,12.0,Yas Marina,1,0,2.6903973e-07,1.0
2018,21,13.0,Yas Marina,1,0,1.7824428e-06,1.0
2018,21,14.0,Yas Marina,1,0,1.0645454e-07,1.0
2018,21,15.0,Yas Marina,1,0,4.818496e-08,1.0
2018,21,16.0,Yas Marina,1,0,2.4661706e-05,1.0
2018,21,17.0,Yas Marina,1,0,1.1514774e-05,1.0
2018,21,18.0,Yas Marina,1,0,6.289393e-06,1.0
2018,21,19.0,Yas Marina,1,0,1.5605938e-05,1.0
2018,21,20.0,Yas Marina,1,0,2.6641526e-06,1.0
2018,21,21.0,Yas Marina,1,0,1.6076025e-06,1.0
2018,21,22.0,Yas Marina,1,0,3.6086053e-06,1.0
2018,21,23.0,Yas Marina,1,0,9.798438e-07,1.0
2018,21,24.0,Yas Marina,1,0,2.5491797e-08,1.0
2018,21,25.0,Yas Marina,1,0,1.2328408e-07,1.0
2018,21,26.0,Yas Marina,1,0,4.185604e-07,1.0
2018,21,27.0,Yas Marina,1,0,3.1288476e-08,1.0
2018,21,28.0,Yas Marina,1,0,5.8486908e-08,1.0
2018,21,29.0,Yas Marina,1,0,1.197291e-07,1.0
2018,21,30.0,Yas Marina,1,0,3.9035106e-07,1.0
2018,21,31.0,Yas Marina,1,0,1.8876868e-07,1.0
2018,21,32.0,Yas Marina,1,0,3.3464968e-08,1.0
2018,21,33.0,Yas Marina,1,0,1.3749067e-08,1.0
2018,21,34.0,Yas Marina,1,0,3.483891e-07,1.0
2018,21,35.0,Yas Marina,1,0,5.0170274e-07,1.0
2018,21,36.0,Yas Marina,1,0,4.319058e-07,1.0
2018,21,37.0,Yas Marina,1,0,2.9412664e-07,1.0
2018,21,38.0,Yas Marina,1,0,6.35091e-07,1.0
2018,21,39.0,Yas Marina,1,0,5.7289963e-08,1.0
2018,21,40.0,Yas Marina,1,0,5.5522355e-07,1.0
2018,21,41.0,Yas Marina,1,0,5.1063553e-06,1.0
2018,21,42.0,Yas Marina,1,0,9.818637e-08,1.0
2018,21,43.0,Yas Marina,1,0,1.1764148e-08,1.0
2018,21,44.0,Yas Marina,1,0,3.4566472e-07,1.0
2018,21,45.0,Yas Marina,1,0,3.7135013e-08,1.0
2018,21,46.0,Yas Marina,1,0,1.8193101e-07,1.0
2018,21,47.0,Yas Marina,1,0,1.42703955e-08,1.0
2018,21,48.0,Yas Marina,12,0,1.6740925e-07,1.0
2018,21,49.0,Yas Marina,21,0,4.5665624e-06,1.0
2018,21,50.0,Yas Marina,1,0,1.575369e-05,1.0
2018,21,51.0,Yas Marina,1,0,1.7252587e-05,1.0
2018,21,52.0,Yas Marina,1,0,1.7234855e-06,1.0
2018,21,53.0,Yas Marina,1,0,1.0609212e-05,1.0
2018,21,54.0,Yas Marina,1,0,8.088506e-07,1.0
2018,21,55.0,Yas Marina,1,0,1.2752464e-07,1.0
2019,1,1.0,Melbourne,12,0,0.0051787375,0.0
2019,1,2.0,Melbourne,1,0,0.00038040968,0.0
2019,1,3.0,Melbourne,1,0,1.5537534e-08,0.0
2019,1,4.0,Melbourne,1,0,2.6153084e-06,0.0
2019,1,5.0,Melbourne,1,0,1.9411345e-06,0.0
2019,1,6.0,Melbourne,1,0,3.325814e-07,0.0
2019,1,7.0,Melbourne,1,0,5.3558375e-07,0.0
2019,1,8.0,Melbourne,1,0,1.1319761e-06,0.0
2019,1,9.0,Melbourne,1,0,7.663037e-05,0.0
2019,1,10.0,Melbourne,1,0,0.000110434434,0.0
2019,1,11.0,Melbourne,1,0,4.3576924e-07,0.0
2019,1,12.0,Melbourne,1,0,0.00020172051,0.0
2019,1,13.0,Melbourne,1,0,3.2473756e-05,0.0
2019,1,14.0,Melbourne,1,0,0.0004394094,0.0
2019,1,15.0,Melbourne,1,0,1.6910994e-05,0.0
2019,1,16.0,Melbourne,1,0,8.047277e-05,0.0
2019,1,17.0,Melbourne,1,0,0.00018539502,0.0
2019,1,18.0,Melbourne,1,0,1.0971521e-06,0.0
2019,1,19.0,Melbourne,1,0,6.270695e-06,0.0
2019,1,20.0,Melbourne,1,0,1.6681956e-06,0.0
2019,1,21.0,Melbourne,1,0,1.5916981e-05,0.0
2019,1,22.0,Melbourne,1,0,1.4510633e-06,0.0
2019,1,23.0,Melbourne,1,0,1.5265266e-05,0.0
2019,1,24.0,Melbourne,1,0,5.319099e-06,0.0
2019,1,25.0,Melbourne,1,0,4.6268106e-05,0.0
2019,1,26.0,Melbourne,1,0,0.00013416763,0.0
2019,1,27.0,Melbourne,1,0,0.0002393338,0.0
2019,1,28.0,Melbourne,1,0,9.0168025e-05,0.0
2019,1,29.0,Melbourne,1,0,0.00021701862,0.0
2019,1,30.0,Melbourne,1,0,6.9642356e-06,0.0
2019,1,31.0,Melbourne,12,0,0.00020942652,0.0
2019,1,32.0,Melbourne,1,0,8.226229e-09,0.0
2019,1,33.0,Melbourne,1,0,2.8175277e-08,0.0
2019,1,34.0,Melbourne,1,0,9.186995e-06,0.0
2019,1,35.0,Melbourne,1,0,3.2286441e-06,0.0
2019,1,36.0,Melbourne,1,0,9.074138e-06,0.0
2019,1,37.0,Melbourne,1,0,0.0037417037,0.0
2019,1,38.0,Melbourne,1,0,0.0004359735,0.0
2019,1,39.0,Melbourne,1,0,0.00025218842,0.0
2019,1,40.0,Melbourne,1,0,1.7804958e-06,0.0
2019,1,41.0,Melbourne,1,0,1.2420223e-05,0.0
2019,1,42.0,Melbourne,1,0,1.3387252e-05,0.0
2019,1,43.0,Melbourne,1,0,3.2341635e-05,0.0
2019,1,44.0,Melbourne,1,0,2.769897e-06,0.0
2019,1,45.0,Melbourne,1,0,6.3604107e-06,0.0
2019,1,46.0,Melbourne,1,0,6.0534658e-06,0.0
2019,1,47.0,Melbourne,1,0,1.388915e-07,0.0
2019,1,48.0,Melbourne,1,0,0.00011975744,0.0
2019,1,49.0,Melbourne,1,0,1.5690675e-06,0.0
2019,1,50.0,Melbourne,1,0,5.72851e-06,0.0
2019,1,51.0,Melbourne,1,0,2.5657251e-05,0.0
2019,1,52.0,Melbourne,1,0,1.3005426e-06,0.0
2019,1,53.0,Melbourne,1,0,1.6624878e-07,0.0
2019,1,54.0,Melbourne,1,0,1.0946547e-07,0.0
2019,1,55.0,Melbourne,1,0,8.6861306e-08,0.0
2019,1,56.0,Melbourne,1,0,3.1026282e-08,0.0
2019,1,57.0,Melbourne,1,0,1.7436355e-09,0.0
2019,1,58.0,Melbourne,1,0,3.4180374e-08,0.0
2019,2,1.0,Sakhir,12,0,0.019343762,0.0
2019,2,2.0,Sakhir,21,0,0.009916226,0.0
2019,2,3.0,Sakhir,1,0,9.2746484e-07,0.0
2019,2,4.0,Sakhir,12,0,0.7691005,0.0
2019,2,5.0,Sakhir,1,0,0.0004795849,0.0
2019,2,6.0,Sakhir,12,0,1.4766402e-05,0.0
2019,2,7.0,Sakhir,1,0,0.00011137204,0.0
2019,2,8.0,Sakhir,1,0,3.0656436e-05,0.0
2019,2,9.0,Sakhir,1,0,2.4701083e-05,0.0
2019,2,10.0,Sakhir,1,0,0.00026470862,0.0
2019,2,11.0,Sakhir,1,0,5.437242e-05,0.0
2019,2,12.0,Sakhir,1,0,0.002300513,0.0
2019,2,13.0,Sakhir,12,0,4.366257e-05,0.0
2019,2,14.0,Sakhir,1,0,0.00035288258,0.0
2019,2,15.0,Sakhir,1,0,0.0012773558,0.0
2019,2,16.0,Sakhir,1,0,1.6451466e-05,0.0
2019,2,17.0,Sakhir,1,0,6.643465e-06,0.0
2019,2,18.0,Sakhir,1,0,3.4790876e-06,0.0
2019,2,19.0,Sakhir,1,0,1.20281e-06,0.0
2019,2,20.0,Sakhir,1,0,0.00015681211,0.0
2019,2,21.0,Sakhir,1,0,6.647913e-05,0.0
2019,2,22.0,Sakhir,1,0,2.1160153e-05,0.0
2019,2,23.0,Sakhir,1,0,5.7376874e-05,0.0
2019,2,24.0,Sakhir,1,0,2.6508067e-06,0.0
2019,2,25.0,Sakhir,1,0,1.5590125e-05,0.0
2019,2,26.0,Sakhir,1,0,1.1059745e-05,0.0
2019,2,27.0,Sakhir,1,0,9.80288e-06,0.0
2019,2,28.0,Sakhir,1,0,2.8187937e-05,0.0
2019,2,29.0,Sakhir,1,0,1.0352202e-05,0.0
2019,2,30.0,Sakhir,1,0,1.8688123e-05,0.0
2019,2,31.0,Sakhir,1,0,1.7118868e-05,0.0
2019,2,32.0,Sakhir,1,0,0.00011374268,0.0
2019,2,33.0,Sakhir,1,0,5.0496277e-05,0.0
2019,2,34.0,Sakhir,1,0,1.1954058e-05,0.0
2019,2,35.0,Sakhir,1,0,4.025585e-06,0.0
2019,2,36.0,Sakhir,1,0,3.0731765e-06,0.0
2019,2,37.0,Sakhir,1,0,0.00014641565,0.0
2019,2,38.0,Sakhir,12,0,4.7477515e-05,0.0
2019,2,39.0,Sakhir,1,0,6.754476e-05,0.0
2019,2,40.0,Sakhir,1,0,0.00021625683,0.0
2019,2,41.0,Sakhir,12,0,0.002742372,0.0
2019,2,42.0,Sakhir,1,0,0.0013150133,0.0
2019,2,43.0,Sakhir,12,0,0.00041495444,0.0
2019,2,44.0,Sakhir,1,0,6.4166874e-05,0.0
2019,2,45.0,Sakhir,1,0,5.776094e-05,0.0
2019,2,46.0,Sakhir,1,0,3.2487973e-05,0.0
2019,2,47.0,Sakhir,1,0,6.924058e-05,0.0
2019,2,48.0,Sakhir,1,0,3.6740064e-05,0.0
2019,2,49.0,Sakhir,1,0,9.5901196e-05,0.0
2019,2,50.0,Sakhir,1,0,8.307288e-06,0.0
2019,2,51.0,Sakhir,1,0,2.0265363e-06,0.0
2019,2,52.0,Sakhir,1,0,6.158606e-06,0.0
2019,2,53.0,Sakhir,1,0,0.00018317487,0.0
2019,2,54.0,Sakhir,12,0,0.89867646,0.0
2019,2,55.0,Sakhir,24,0,0.45496833,0.0
2019,2,56.0,Sakhir,4,0,0.55469894,0.0
2019,2,57.0,Sakhir,4,0,0.054926965,1.0
2019,3,1.0,Shanghai,126,0,0.0066296626,0.0
2019,3,2.0,Shanghai,671,0,0.01108301,0.0
2019,3,3.0,Shanghai,1,0,9.234139e-07,0.0
2019,3,4.0,Shanghai,1,0,1.5899875e-06,0.0
2019,3,5.0,Shanghai,1,0,5.0699773e-06,0.0
2019,3,6.0,Shanghai,1,0,1.7079177e-05,0.0
2019,3,7.0,Shanghai,1,0,0.00024997073,0.0
2019,3,8.0,Shanghai,1,0,0.0013139979,0.0
2019,3,9.0,Shanghai,1,0,0.00062867673,0.0
2019,3,10.0,Shanghai,1,0,0.0005804891,0.0
2019,3,11.0,Shanghai,1,0,0.00011736336,0.0
2019,3,12.0,Shanghai,1,0,0.00050409586,0.0
2019,3,13.0,Shanghai,1,0,9.1779744e-05,0.0
2019,3,14.0,Shanghai,1,0,0.0021270856,0.0
2019,3,15.0,Shanghai,1,0,0.0065761693,0.0
2019,3,16.0,Shanghai,1,0,0.00111314,0.0
2019,3,17.0,Shanghai,1,0,2.1231597e-06,0.0
2019,3,18.0,Shanghai,1,0,0.0004334261,0.0
2019,3,19.0,Shanghai,1,0,0.0006274876,0.0
2019,3,20.0,Shanghai,1,0,4.9321185e-05,0.0
2019,3,21.0,Shanghai,1,0,0.0016382922,0.0
2019,3,22.0,Shanghai,1,0,5.9346472e-05,0.0
2019,3,23.0,Shanghai,1,0,0.00012393619,0.0
2019,3,24.0,Shanghai,1,0,9.407689e-05,0.0
2019,3,25.0,Shanghai,1,0,0.0026552281,0.0
2019,3,26.0,Shanghai,1,0,0.00013294708,0.0
2019,3,27.0,Shanghai,1,0,0.002877943,0.0
2019,3,28.0,Shanghai,1,0,0.00024419415,0.0
2019,3,29.0,Shanghai,1,0,1.3768461e-05,0.0
2019,3,30.0,Shanghai,1,0,7.855876e-06,0.0
2019,3,31.0,Shanghai,1,0,1.0784398e-06,0.0
2019,3,32.0,Shanghai,1,0,7.113278e-07,0.0
2019,3,33.0,Shanghai,1,0,6.0166434e-07,0.0
2019,3,34.0,Shanghai,1,0,4.099096e-07,0.0
2019,3,35.0,Shanghai,1,0,1.772036e-06,0.0
2019,3,36.0,Shanghai,1,0,2.2402035e-06,0.0
2019,3,37.0,Shanghai,1,0,0.00017328867,0.0
2019,3,38.0,Shanghai,1,0,5.415382e-06,0.0
2019,3,39.0,Shanghai,1,0,9.926041e-06,0.0
2019,3,40.0,Shanghai,1,0,2.0763239e-06,0.0
2019,3,41.0,Shanghai,1,0,1.3843846e-06,0.0
2019,3,42.0,Shanghai,1,0,4.293782e-06,0.0
2019,3,43.0,Shanghai,1,0,3.4776804e-07,0.0
2019,3,44.0,Shanghai,1,0,4.4395797e-06,0.0
2019,3,45.0,Shanghai,1,0,1.1883582e-06,0.0
2019,3,46.0,Shanghai,1,0,2.3371285e-06,0.0
2019,3,47.0,Shanghai,1,0,7.983255e-06,0.0
2019,3,48.0,Shanghai,1,0,7.813176e-06,0.0
2019,3,49.0,Shanghai,1,0,4.5252864e-06,0.0
2019,3,50.0,Shanghai,1,0,5.4953603e-06,0.0
2019,3,51.0,Shanghai,1,0,2.152204e-06,0.0
2019,3,52.0,Shanghai,1,0,5.206091e-06,0.0
2019,3,53.0,Shanghai,1,0,1.5338668e-05,0.0
2019,3,54.0,Shanghai,1,0,6.0290495e-06,0.0
2019,3,55.0,Shanghai,1,0,2.379518e-05,0.0
2019,3,56.0,Shanghai,1,0,0.0011362919,0.0
2019,4,1.0,Baku,1,0,0.0006530611,0.0
2019,4,2.0,Baku,1,0,0.00012521101,0.0
2019,4,3.0,Baku,1,0,9.859124e-06,0.0
2019,4,4.0,Baku,1,0,1.9846877e-05,0.0
2019,4,5.0,Baku,1,0,0.007446011,0.0
2019,4,6.0,Baku,1,0,0.00026288567,0.0
2019,4,7.0,Baku,1,0,0.02196263,0.0
2019,4,8.0,Baku,1,0,4.2147094e-05,0.0
2019,4,9.0,Baku,1,0,0.0084284935,0.0
2019,4,10.0,Baku,1,0,0.00017768412,0.0
2019,4,11.0,Baku,1,0,8.445094e-05,0.0
2019,4,12.0,Baku,1,0,1.5914264e-05,0.0
2019,4,13.0,Baku,1,0,0.0002544129,0.0
2019,4,14.0,Baku,1,0,5.2952e-06,0.0
2019,4,15.0,Baku,1,0,5.102409e-07,0.0
2019,4,16.0,Baku,1,0,1.5558745e-06,0.0
2019,4,17.0,Baku,1,0,4.8868437e-06,0.0
2019,4,18.0,Baku,1,0,8.881919e-06,0.0
2019,4,19.0,Baku,1,0,2.3383958e-05,0.0
2019,4,20.0,Baku,1,0,4.3568448e-07,0.0
2019,4,21.0,Baku,1,0,2.4967323e-07,0.0
2019,4,22.0,Baku,1,0,6.967917e-08,0.0
2019,4,23.0,Baku,1,0,2.3319222e-05,0.0
2019,4,24.0,Baku,1,0,1.1910691e-05,0.0
2019,4,25.0,Baku,1,0,6.562396e-05,0.0
2019,4,26.0,Baku,1,0,3.7916225e-06,0.0
2019,4,27.0,Baku,1,0,1.1554143e-05,0.0
2019,4,28.0,Baku,1,0,0.00043863934,0.0
2019,4,29.0,Baku,1,0,5.4066222e-05,0.0
2019,4,30.0,Baku,1,0,0.00018882842,0.0
2019,4,31.0,Baku,12,0,0.020400448,0.0
2019,4,32.0,Baku,21,0,0.88700485,0.0
2019,4,33.0,Baku,12,0,8.78092e-06,0.0
2019,4,34.0,Baku,1,0,0.0007642993,0.0
2019,4,35.0,Baku,1,0,0.0016918426,0.0
2019,4,36.0,Baku,1,0,3.6397432e-05,0.0
2019,4,37.0,Baku,1,0,6.0791176e-06,0.0
2019,4,38.0,Baku,1,0,3.8935825e-05,0.0
2019,4,39.0,Baku,12,0,0.0028594122,0.0
2019,4,40.0,Baku,26,0,0.00023619505,0.0
2019,4,41.0,Baku,671,0,1.3256683e-07,0.0
2019,4,42.0,Baku,1,0,8.04024e-08,0.0
2019,4,43.0,Baku,1,0,4.2453468e-07,0.0
2019,4,44.0,Baku,1,0,6.197269e-07,0.0
2019,4,45.0,Baku,1,0,3.8670946e-06,0.0
2019,4,46.0,Baku,1,0,7.4483316e-05,0.0
2019,4,47.0,Baku,1,0,4.6464116e-05,0.0
2019,4,48.0,Baku,1,0,1.9336503e-05,0.0
2019,4,49.0,Baku,1,0,0.0010436638,0.0
2019,4,50.0,Baku,1,0,1.4559229e-05,0.0
2019,4,51.0,Baku,1,0,1.5134473e-05,0.0
2019,5,1.0,Barcelona,12,0,0.4964818,0.0
2019,5,2.0,Barcelona,1,0,4.741702e-05,0.0
2019,5,3.0,Barcelona,1,0,3.4709183e-06,0.0
2019,5,4.0,Barcelona,1,0,2.691452e-06,0.0
2019,5,5.0,Barcelona,1,0,9.3380986e-05,0.0
2019,5,6.0,Barcelona,1,0,1.23506525e-05,0.0
2019,5,7.0,Barcelona,1,0,8.560219e-05,0.0
2019,5,8.0,Barcelona,1,0,0.0016399496,0.0
2019,5,9.0,Barcelona,1,0,9.4413896e-05,0.0
2019,5,10.0,Barcelona,1,0,4.5090066e-05,0.0
2019,5,11.0,Barcelona,1,0,0.0003927222,0.0
2019,5,12.0,Barcelona,1,0,7.2170574e-06,0.0
2019,5,13.0,Barcelona,1,0,6.108978e-05,0.0
2019,5,14.0,Barcelona,1,0,0.0002848716,0.0
2019,5,15.0,Barcelona,1,0,5.7806952e-05,0.0
2019,5,16.0,Barcelona,1,0,0.002192804,0.0
2019,5,17.0,Barcelona,1,0,0.0004663888,0.0
2019,5,18.0,Barcelona,1,0,9.629863e-05,0.0
2019,5,19.0,Barcelona,1,0,0.0031675624,0.0
2019,5,20.0,Barcelona,1,0,1.2961499e-05,0.0
2019,5,21.0,Barcelona,1,0,0.00065669476,0.0
2019,5,22.0,Barcelona,1,0,4.4245244e-06,0.0
2019,5,23.0,Barcelona,1,0,0.0004796992,0.0
2019,5,24.0,Barcelona,1,0,0.00011749817,0.0
2019,5,25.0,Barcelona,1,0,9.9756435e-06,0.0
2019,5,26.0,Barcelona,1,0,1.7450408e-06,0.0
2019,5,27.0,Barcelona,1,0,4.9134997e-07,0.0
2019,5,28.0,Barcelona,1,0,7.065896e-07,0.0
2019,5,29.0,Barcelona,1,0,1.6204042e-07,0.0
2019,5,30.0,Barcelona,1,0,6.8751815e-06,0.0
2019,5,31.0,Barcelona,1,0,7.891182e-06,0.0
2019,5,32.0,Barcelona,1,0,1.7362888e-08,0.0
2019,5,33.0,Barcelona,1,0,4.39843e-07,0.0
2019,5,34.0,Barcelona,1,0,2.4058195e-07,0.0
2019,5,35.0,Barcelona,1,0,1.1986833e-05,0.0
2019,5,36.0,Barcelona,1,0,4.999766e-05,0.0
2019,5,37.0,Barcelona,1,0,6.498625e-06,0.0
2019,5,38.0,Barcelona,1,0,7.6203232e-06,0.0
2019,5,39.0,Barcelona,1,0,5.3308107e-05,0.0
2019,5,40.0,Barcelona,1,0,0.0004757552,0.0
2019,5,41.0,Barcelona,1,0,5.9042668e-05,0.0
2019,5,42.0,Barcelona,1,0,0.00010802309,0.0
2019,5,43.0,Barcelona,1,1,0.9995989,0.0
2019,5,44.0,Barcelona,1,1,0.03310592,0.0
2019,5,45.0,Barcelona,1,1,0.9998658,0.0
2019,5,46.0,Barcelona,124,0,0.2600672,0.0
2019,5,47.0,Barcelona,4,0,0.5266651,0.0
2019,5,48.0,Barcelona,4,0,0.008228102,1.0
2019,5,49.0,Barcelona,4,0,0.0095657315,1.0
2019,5,50.0,Barcelona,4,0,0.8817946,1.0
2019,5,51.0,Barcelona,4,0,0.7721305,1.0
2019,5,52.0,Barcelona,41,0,0.87409776,1.0
2019,5,53.0,Barcelona,1,0,0.00021327946,1.0
2019,5,54.0,Barcelona,1,0,9.801843e-05,1.0
2019,5,55.0,Barcelona,1,0,8.826402e-05,1.0
2019,5,56.0,Barcelona,1,0,3.8505095e-05,1.0
2019,5,57.0,Barcelona,1,0,2.250753e-05,1.0
2019,5,58.0,Barcelona,1,0,0.00047348163,1.0
2019,5,59.0,Barcelona,1,0,6.0726405e-05,1.0
2019,5,60.0,Barcelona,1,0,0.0023483091,1.0
2019,5,61.0,Barcelona,1,0,0.00054239354,1.0
2019,5,62.0,Barcelona,1,0,0.0008482262,1.0
2019,5,63.0,Barcelona,1,0,0.0034040778,1.0
2019,5,64.0,Barcelona,1,0,0.0008131803,1.0
2019,5,65.0,Barcelona,1,0,0.0015033745,1.0
2019,5,66.0,Barcelona,1,0,3.9568713e-06,1.0
2019,6,1.0,Monte Carlo,12,0,0.6117379,0.0
2019,6,2.0,Monte Carlo,1,0,0.00062471704,0.0
2019,6,3.0,Monte Carlo,1,0,5.3078467e-05,0.0
2019,6,4.0,Monte Carlo,1,0,0.00097304955,0.0
2019,6,5.0,Monte Carlo,1,0,0.35435262,0.0
2019,6,6.0,Monte Carlo,12,1,0.65339595,0.0
2019,6,7.0,Monte Carlo,1,1,0.9996537,0.0
2019,6,8.0,Monte Carlo,1,1,0.9998847,0.0
2019,6,9.0,Monte Carlo,12,0,0.5107544,0.0
2019,6,10.0,Monte Carlo,12,0,0.4272676,0.0
2019,6,11.0,Monte Carlo,24,0,0.16595025,0.0
2019,6,12.0,Monte Carlo,4,0,0.39331284,0.0
2019,6,13.0,Monte Carlo,4,0,0.020468306,1.0
2019,6,14.0,Monte Carlo,41,0,0.019892309,1.0
2019,6,15.0,Monte Carlo,12,0,0.00046532636,1.0
2019,6,16.0,Monte Carlo,12,0,0.0010300438,1.0
2019,6,17.0,Monte Carlo,1,0,0.0019623179,1.0
2019,6,18.0,Monte Carlo,1,0,7.311023e-07,1.0
2019,6,19.0,Monte Carlo,1,0,1.6111633e-06,1.0
2019,6,20.0,Monte Carlo,1,0,5.5060987e-06,1.0
2019,6,21.0,Monte Carlo,1,0,2.3525292e-06,1.0
2019,6,22.0,Monte Carlo,1,0,1.1961919e-07,1.0
2019,6,23.0,Monte Carlo,1,0,1.6094255e-05,1.0
2019,6,24.0,Monte Carlo,1,0,1.0493868e-06,1.0
2019,6,25.0,Monte Carlo,1,0,0.00036182592,1.0
2019,6,26.0,Monte Carlo,1,0,7.3514666e-06,1.0
2019,6,27.0,Monte Carlo,1,0,1.858224e-05,1.0
2019,6,28.0,Monte Carlo,1,0,3.306319e-06,1.0
2019,6,29.0,Monte Carlo,1,0,2.3410763e-07,1.0
2019,6,30.0,Monte Carlo,1,0,8.2001714e-07,1.0
2019,6,31.0,Monte Carlo,1,0,5.7281773e-06,1.0
2019,6,32.0,Monte Carlo,1,0,1.2003236e-05,1.0
2019,6,33.0,Monte Carlo,1,0,1.6955538e-06,1.0
2019,6,34.0,Monte Carlo,1,0,4.444676e-06,1.0
2019,6,35.0,Monte Carlo,1,0,5.7914826e-07,1.0
2019,6,36.0,Monte Carlo,1,0,3.8863945e-07,1.0
2019,6,37.0,Monte Carlo,1,0,2.4982345e-08,1.0
2019,6,38.0,Monte Carlo,1,0,4.781564e-07,1.0
2019,6,39.0,Monte Carlo,1,0,3.958857e-07,1.0
2019,6,40.0,Monte Carlo,1,0,4.1554226e-06,1.0
2019,6,41.0,Monte Carlo,12,0,4.038163e-08,1.0
2019,6,42.0,Monte Carlo,1,0,3.3230692e-09,1.0
2019,6,43.0,Monte Carlo,1,0,5.2560847e-07,1.0
2019,6,44.0,Monte Carlo,1,0,4.0214917e-07,1.0
2019,6,45.0,Monte Carlo,1,0,2.2151967e-08,1.0
2019,6,46.0,Monte Carlo,1,0,8.2723645e-08,1.0
2019,6,47.0,Monte Carlo,1,0,7.601444e-06,1.0
2019,6,48.0,Monte Carlo,1,0,8.571572e-07,1.0
2019,6,49.0,Monte Carlo,1,0,1.8674174e-06,1.0
2019,6,50.0,Monte Carlo,1,0,2.4388577e-05,1.0
2019,6,51.0,Monte Carlo,1,0,9.223102e-07,1.0
2019,6,52.0,Monte Carlo,1,0,2.743892e-06,1.0
2019,6,53.0,Monte Carlo,1,0,0.00028481786,1.0
2019,6,54.0,Monte Carlo,1,0,2.0521888e-06,1.0
2019,6,55.0,Monte Carlo,1,0,4.473316e-06,1.0
2019,6,56.0,Monte Carlo,1,0,8.279274e-06,1.0
2019,6,57.0,Monte Carlo,1,0,1.1337467e-05,1.0
2019,6,58.0,Monte Carlo,1,0,1.703702e-06,1.0
2019,6,59.0,Monte Carlo,1,0,1.1054661e-06,1.0
2019,6,60.0,Monte Carlo,1,0,1.3383143e-06,1.0
2019,6,61.0,Monte Carlo,1,0,4.797808e-05,1.0
2019,6,62.0,Monte Carlo,1,0,5.1933775e-08,1.0
2019,6,63.0,Monte Carlo,1,0,5.147825e-07,1.0
2019,6,64.0,Monte Carlo,1,0,6.5879993e-07,1.0
2019,6,65.0,Monte Carlo,1,0,1.6169033e-06,1.0
2019,6,66.0,Monte Carlo,1,0,8.179824e-07,1.0
2019,6,67.0,Monte Carlo,1,0,6.8216264e-07,1.0
2019,6,68.0,Monte Carlo,1,0,0.00047165476,1.0
2019,6,69.0,Monte Carlo,1,0,6.7565353e-09,1.0
2019,6,70.0,Monte Carlo,1,0,5.2032927e-08,1.0
2019,6,71.0,Monte Carlo,1,0,2.5483467e-07,1.0
2019,6,72.0,Monte Carlo,1,0,1.46859715e-08,1.0
2019,6,73.0,Monte Carlo,1,0,7.4693816e-07,1.0
2019,6,74.0,Monte Carlo,1,0,4.780488e-07,1.0
2019,6,75.0,Monte Carlo,1,0,9.15477e-08,1.0
2019,6,76.0,Monte Carlo,1,0,0.00033958332,1.0
2019,6,77.0,Monte Carlo,1,0,3.444682e-07,1.0
2019,6,78.0,Monte Carlo,1,0,5.5037417e-06,1.0
2019,7,1.0,Montréal,12,0,0.051914282,0.0
2019,7,2.0,Montréal,21,0,1.4462596e-05,0.0
2019,7,3.0,Montréal,1,0,5.4800097e-05,0.0
2019,7,4.0,Montréal,1,0,2.5078456e-05,0.0
2019,7,5.0,Montréal,1,0,5.1592746e-05,0.0
2019,7,6.0,Montréal,1,0,0.00010386372,0.0
2019,7,7.0,Montréal,1,0,1.5659907e-05,0.0
2019,7,8.0,Montréal,1,0,0.00017880346,0.0
2019,7,9.0,Montréal,12,0,0.0015297375,0.0
2019,7,10.0,Montréal,2,0,0.000819438,0.0
2019,7,11.0,Montréal,2,0,0.00046895212,0.0
2019,7,12.0,Montréal,21,0,5.9669655e-05,0.0
2019,7,13.0,Montréal,12,0,0.0008059604,0.0
2019,7,14.0,Montréal,21,0,2.163022e-07,0.0
2019,7,15.0,Montréal,1,0,4.7035733e-06,0.0
2019,7,16.0,Montréal,1,0,1.6275997e-07,0.0
2019,7,17.0,Montréal,1,0,8.59599e-09,0.0
2019,7,18.0,Montréal,1,0,9.808361e-08,0.0
2019,7,19.0,Montréal,1,0,3.1836748e-07,0.0
2019,7,20.0,Montréal,1,0,3.190455e-08,0.0
2019,7,21.0,Montréal,1,0,4.774036e-07,0.0
2019,7,22.0,Montréal,1,0,5.020229e-07,0.0
2019,7,23.0,Montréal,1,0,3.6503414e-07,0.0
2019,7,24.0,Montréal,1,0,4.9800644e-07,0.0
2019,7,25.0,Montréal,1,0,3.1054853e-07,0.0
2019,7,26.0,Montréal,1,0,1.0575235e-06,0.0
2019,7,27.0,Montréal,1,0,4.4630625e-07,0.0
2019,7,28.0,Montréal,1,0,1.1034638e-06,0.0
2019,7,29.0,Montréal,1,0,5.885182e-06,0.0
2019,7,30.0,Montréal,12,0,0.00938819,0.0
2019,7,31.0,Montréal,21,0,8.037054e-05,0.0
2019,7,32.0,Montréal,1,0,2.501516e-06,0.0
2019,7,33.0,Montréal,1,0,5.8417194e-05,0.0
2019,7,34.0,Montréal,1,0,3.711992e-05,0.0
2019,7,35.0,Montréal,1,0,6.1380315e-06,0.0
2019,7,36.0,Montréal,1,0,2.3370037e-06,0.0
2019,7,37.0,Montréal,1,0,2.1001255e-05,0.0
2019,7,38.0,Montréal,1,0,7.8656575e-07,0.0
2019,7,39.0,Montréal,1,0,5.486202e-06,0.0
2019,7,40.0,Montréal,1,0,3.9864408e-05,0.0
2019,7,41.0,Montréal,1,0,1.2336436e-08,0.0
2019,7,42.0,Montréal,1,0,2.5917942e-08,0.0
2019,7,43.0,Montréal,1,0,1.1864831e-08,0.0
2019,7,44.0,Montréal,1,0,3.2628216e-07,0.0
2019,7,45.0,Montréal,1,0,1.0237189e-06,0.0
2019,7,46.0,Montréal,1,0,3.545169e-07,0.0
2019,7,47.0,Montréal,1,0,7.3618925e-05,0.0
2019,7,48.0,Montréal,1,0,1.6189944e-05,0.0
2019,7,49.0,Montréal,1,0,3.954024e-05,0.0
2019,7,50.0,Montréal,1,0,9.2603905e-06,0.0
2019,7,51.0,Montréal,1,0,5.013096e-05,0.0
2019,7,52.0,Montréal,1,0,8.169337e-06,0.0
2019,7,53.0,Montréal,1,0,3.6018669e-06,0.0
2019,7,54.0,Montréal,1,0,8.432903e-06,0.0
2019,7,55.0,Montréal,1,0,9.8417506e-05,0.0
2019,7,56.0,Montréal,1,0,4.6189894e-07,0.0
2019,7,57.0,Montréal,1,0,2.1879097e-07,0.0
2019,7,58.0,Montréal,1,0,4.9039966e-07,0.0
2019,7,59.0,Montréal,1,0,2.0410899e-07,0.0
2019,7,60.0,Montréal,1,0,4.1825733e-06,0.0
2019,7,61.0,Montréal,1,0,1.941803e-06,0.0
2019,7,62.0,Montréal,1,0,5.0514877e-06,0.0
2019,7,63.0,Montréal,1,0,1.4647316e-07,0.0
2019,7,64.0,Montréal,1,0,5.5127697e-07,0.0
2019,7,65.0,Montréal,1,0,1.6371442e-07,0.0
2019,7,66.0,Montréal,1,0,1.229905e-07,0.0
2019,7,67.0,Montréal,1,0,1.6127846e-08,0.0
2019,7,68.0,Montréal,1,0,5.63206e-08,0.0
2019,7,69.0,Montréal,1,0,2.5822302e-09,0.0
2019,7,70.0,Montréal,1,0,1.0466619e-05,0.0
2019,8,1.0,Le Castellet,1,0,0.0003698566,0.0
2019,8,2.0,Le Castellet,1,0,4.785615e-06,0.0
2019,8,3.0,Le Castellet,1,0,6.7683854e-06,0.0
2019,8,4.0,Le Castellet,1,0,4.661699e-06,0.0
2019,8,5.0,Le Castellet,1,0,8.2844184e-07,0.0
2019,8,6.0,Le Castellet,1,0,6.7878614e-07,0.0
2019,8,7.0,Le Castellet,1,0,5.8286318e-05,0.0
2019,8,8.0,Le Castellet,1,0,6.745207e-05,0.0
2019,8,9.0,Le Castellet,1,0,0.0011409693,0.0
2019,8,10.0,Le Castellet,1,0,4.1240233e-05,0.0
2019,8,11.0,Le Castellet,1,0,6.09005e-05,0.0
2019,8,12.0,Le Castellet,1,0,2.1236792e-05,0.0
2019,8,13.0,Le Castellet,1,0,2.469331e-05,0.0
2019,8,14.0,Le Castellet,1,0,3.6803183e-05,0.0
2019,8,15.0,Le Castellet,1,0,0.00012159243,0.0
2019,8,16.0,Le Castellet,1,0,0.0010705966,0.0
2019,8,17.0,Le Castellet,1,0,0.002801136,0.0
2019,8,18.0,Le Castellet,1,0,1.437968e-05,0.0
2019,8,19.0,Le Castellet,1,0,7.778894e-05,0.0
2019,8,20.0,Le Castellet,1,0,3.356803e-05,0.0
2019,8,21.0,Le Castellet,1,0,0.00075336284,0.0
2019,8,22.0,Le Castellet,1,0,0.0065743416,0.0
2019,8,23.0,Le Castellet,12,0,0.0024621063,0.0
2019,8,24.0,Le Castellet,1,0,0.00014971315,0.0
2019,8,25.0,Le Castellet,1,0,0.001747147,0.0
2019,8,26.0,Le Castellet,1,0,0.00013922724,0.0
2019,8,27.0,Le Castellet,1,0,3.2225012e-06,0.0
2019,8,28.0,Le Castellet,1,0,1.6504897e-05,0.0
2019,8,29.0,Le Castellet,1,0,5.4442255e-05,0.0
2019,8,30.0,Le Castellet,1,0,2.6852706e-07,0.0
2019,8,31.0,Le Castellet,1,0,0.00055996596,0.0
2019,8,32.0,Le Castellet,1,0,0.00010905143,0.0
2019,8,33.0,Le Castellet,1,0,8.436974e-06,0.0
2019,8,34.0,Le Castellet,1,0,0.00023761195,0.0
2019,8,35.0,Le Castellet,1,0,0.00026824028,0.0
2019,8,36.0,Le Castellet,12,0,0.00032433565,0.0
2019,8,37.0,Le Castellet,1,0,6.6689513e-06,0.0
2019,8,38.0,Le Castellet,1,0,1.7044351e-07,0.0
2019,8,39.0,Le Castellet,1,0,7.226426e-07,0.0
2019,8,40.0,Le Castellet,1,0,4.1794397e-06,0.0
2019,8,41.0,Le Castellet,1,0,1.43123e-06,0.0
2019,8,42.0,Le Castellet,1,0,8.420912e-06,0.0
2019,8,43.0,Le Castellet,1,0,1.3674533e-05,0.0
2019,8,44.0,Le Castellet,1,0,2.9865353e-06,0.0
2019,8,45.0,Le Castellet,1,0,1.9285135e-06,0.0
2019,8,46.0,Le Castellet,1,0,2.1082733e-06,0.0
2019,8,47.0,Le Castellet,1,0,1.0195285e-05,0.0
2019,8,48.0,Le Castellet,1,0,0.0014481002,0.0
2019,8,49.0,Le Castellet,12,0,9.301669e-05,0.0
2019,8,50.0,Le Castellet,1267,0,0.00017337114,0.0
2019,8,51.0,Le Castellet,71,0,7.913653e-05,0.0
2019,8,52.0,Le Castellet,1,0,4.7560548e-07,0.0
2019,8,53.0,Le Castellet,1,0,4.7270558e-05,0.0
2019,9,1.0,Spielberg,1,0,5.7055986e-05,0.0
2019,9,2.0,Spielberg,1,0,8.060371e-05,0.0
2019,9,3.0,Spielberg,1,0,7.908478e-07,0.0
2019,9,4.0,Spielberg,1,0,2.9850546e-06,0.0
2019,9,5.0,Spielberg,1,0,1.0879779e-05,0.0
2019,9,6.0,Spielberg,1,0,1.2052396e-06,0.0
2019,9,7.0,Spielberg,1,0,6.227415e-05,0.0
2019,9,8.0,Spielberg,1,0,0.00015252367,0.0
2019,9,9.0,Spielberg,1,0,0.00012672241,0.0
2019,9,10.0,Spielberg,1,0,2.726883e-05,0.0
2019,9,11.0,Spielberg,1,0,7.2033604e-06,0.0
2019,9,12.0,Spielberg,1,0,1.258266e-05,0.0
2019,9,13.0,Spielberg,1,0,1.2043913e-07,0.0
2019,9,14.0,Spielberg,1,0,7.6218174e-07,0.0
2019,9,15.0,Spielberg,1,0,3.2205458e-07,0.0
2019,9,16.0,Spielberg,1,0,4.9717454e-07,0.0
2019,9,17.0,Spielberg,1,0,3.0264962e-07,0.0
2019,9,18.0,Spielberg,1,0,1.4133353e-06,0.0
2019,9,19.0,Spielberg,1,0,8.9712354e-05,0.0
2019,9,20.0,Spielberg,1,0,5.4051327e-07,0.0
2019,9,21.0,Spielberg,1,0,1.1455827e-06,0.0
2019,9,22.0,Spielberg,1,0,3.253278e-06,0.0
2019,9,23.0,Spielberg,1,0,7.1443396e-06,0.0
2019,9,24.0,Spielberg,1,0,6.6933676e-06,0.0
2019,9,25.0,Spielberg,1,0,2.5732127e-06,0.0
2019,9,26.0,Spielberg,1,0,4.7327347e-05,0.0
2019,9,27.0,Spielberg,1,0,1.9640147e-07,0.0
2019,9,28.0,Spielberg,1,0,1.6882562e-09,0.0
2019,9,29.0,Spielberg,1,0,3.792711e-06,0.0
2019,9,30.0,Spielberg,1,0,2.6943237e-09,0.0
2019,9,31.0,Spielberg,1,0,1.4007831e-07,0.0
2019,9,32.0,Spielberg,1,0,0.00015464536,0.0
2019,9,33.0,Spielberg,1,0,3.3385277e-08,0.0
2019,9,34.0,Spielberg,1,0,5.965241e-08,0.0
2019,9,35.0,Spielberg,1,0,1.7685043e-07,0.0
2019,9,36.0,Spielberg,1,0,1.5248212e-06,0.0
2019,9,37.0,Spielberg,1,0,1.3807373e-07,0.0
2019,9,38.0,Spielberg,1,0,4.112022e-09,0.0
2019,9,39.0,Spielberg,1,0,1.8177582e-09,0.0
2019,9,40.0,Spielberg,1,0,1.3869692e-09,0.0
2019,9,41.0,Spielberg,1,0,7.5654416e-10,0.0
2019,9,42.0,Spielberg,1,0,1.9234024e-07,0.0
2019,9,43.0,Spielberg,1,0,4.372704e-08,0.0
2019,9,44.0,Spielberg,1,0,1.9104824e-08,0.0
2019,9,45.0,Spielberg,1,0,3.5835143e-08,0.0
2019,9,46.0,Spielberg,1,0,8.726705e-07,0.0
2019,9,47.0,Spielberg,1,0,1.3894828e-08,0.0
2019,9,48.0,Spielberg,1,0,1.6481613e-08,0.0
2019,9,49.0,Spielberg,1,0,4.0978133e-08,0.0
2019,9,50.0,Spielberg,1,0,7.743514e-08,0.0
2019,9,51.0,Spielberg,1,0,7.6258675e-07,0.0
2019,9,52.0,Spielberg,1,0,5.912602e-07,0.0
2019,9,53.0,Spielberg,1,0,1.3559662e-06,0.0
2019,9,54.0,Spielberg,1,0,1.6075918e-06,0.0
2019,9,55.0,Spielberg,1,0,8.463403e-08,0.0
2019,9,56.0,Spielberg,1,0,6.8211966e-07,0.0
2019,9,57.0,Spielberg,1,0,2.2034442e-08,0.0
2019,9,58.0,Spielberg,1,0,1.128465e-07,0.0
2019,9,59.0,Spielberg,1,0,1.5855926e-08,0.0
2019,9,60.0,Spielberg,1,0,7.8456026e-07,0.0
2019,9,61.0,Spielberg,1,0,1.9540582e-06,0.0
2019,9,62.0,Spielberg,1,0,1.106371e-06,0.0
2019,9,63.0,Spielberg,1,0,1.7783731e-07,0.0
2019,9,64.0,Spielberg,1,0,1.5776557e-08,0.0
2019,9,65.0,Spielberg,1,0,3.771511e-09,0.0
2019,9,66.0,Spielberg,1,0,1.228246e-08,0.0
2019,9,67.0,Spielberg,1,0,2.8279674e-08,0.0
2019,9,68.0,Spielberg,1,0,1.3416276e-07,0.0
2019,9,69.0,Spielberg,1,0,2.3036247e-08,0.0
2019,9,70.0,Spielberg,1,0,5.3384e-09,0.0
2019,9,71.0,Spielberg,1,0,7.5025945e-08,0.0
2019,10,1.0,Silverstone,1,0,1.2292019e-05,0.0
2019,10,2.0,Silverstone,1,0,4.342523e-06,0.0
2019,10,3.0,Silverstone,1,0,0.00031162493,0.0
2019,10,4.0,Silverstone,1,0,0.0002149449,0.0
2019,10,5.0,Silverstone,1,0,7.368944e-05,0.0
2019,10,6.0,Silverstone,1,0,1.1259028e-06,0.0
2019,10,7.0,Silverstone,1,0,8.132679e-06,0.0
2019,10,8.0,Silverstone,1,0,7.408482e-06,0.0
2019,10,9.0,Silverstone,1,0,0.0004486972,0.0
2019,10,10.0,Silverstone,1,0,0.0014368055,0.0
2019,10,11.0,Silverstone,1,0,0.00016528089,0.0
2019,10,12.0,Silverstone,1,0,1.8748082e-05,0.0
2019,10,13.0,Silverstone,1,0,8.164929e-06,0.0
2019,10,14.0,Silverstone,1,0,0.0020507963,0.0
2019,10,15.0,Silverstone,1,0,4.129206e-05,0.0
2019,10,16.0,Silverstone,1,0,0.003241337,0.0
2019,10,17.0,Silverstone,1,1,0.99951005,0.0
2019,10,18.0,Silverstone,1,1,0.99983704,0.0
2019,10,19.0,Silverstone,1,1,0.016615836,0.0
2019,10,20.0,Silverstone,124,0,0.00029453365,0.0
2019,10,21.0,Silverstone,4,0,0.0074969092,0.0
2019,10,22.0,Silverstone,4,0,4.6536486e-05,1.0
2019,10,23.0,Silverstone,41,0,1.0818288e-06,1.0
2019,10,24.0,Silverstone,1,0,6.676566e-05,1.0
2019,10,25.0,Silverstone,1,0,0.0013545152,1.0
2019,10,26.0,Silverstone,1,0,0.00050141127,1.0
2019,10,27.0,Silverstone,12,0,0.00013831988,1.0
2019,10,28.0,Silverstone,1,0,1.2069777e-06,1.0
2019,10,29.0,Silverstone,1,0,0.00015860081,1.0
2019,10,30.0,Silverstone,1,0,0.00013144451,1.0
2019,10,31.0,Silverstone,1,0,5.3788677e-05,1.0
2019,10,32.0,Silverstone,1,0,1.9257941e-05,1.0
2019,10,33.0,Silverstone,1,0,7.602097e-06,1.0
2019,10,34.0,Silverstone,1,0,2.4258782e-06,1.0
2019,10,35.0,Silverstone,1,0,1.9923584e-05,1.0
2019,10,36.0,Silverstone,1,0,2.1937912e-07,1.0
2019,10,37.0,Silverstone,1,0,3.4522866e-06,1.0
2019,10,38.0,Silverstone,12,0,5.879976e-06,1.0
2019,10,39.0,Silverstone,1,0,1.473419e-05,1.0
2019,10,40.0,Silverstone,1,0,3.0002582e-06,1.0
2019,10,41.0,Silverstone,1,0,1.895216e-07,1.0
2019,10,42.0,Silverstone,1,0,5.71893e-07,1.0
2019,10,43.0,Silverstone,1,0,8.053968e-06,1.0
2019,10,44.0,Silverstone,1,0,5.8009355e-06,1.0
2019,10,45.0,Silverstone,1,0,4.6812987e-05,1.0
2019,10,46.0,Silverstone,1,0,0.00015791573,1.0
2019,10,47.0,Silverstone,1,0,3.1992393e-05,1.0
2019,10,48.0,Silverstone,1,0,0.00010116186,1.0
2019,10,49.0,Silverstone,1,0,8.944241e-07,1.0
2019,10,50.0,Silverstone,1,0,0.0002021173,1.0
2019,10,51.0,Silverstone,1,0,1.0176477e-05,1.0
2019,10,52.0,Silverstone,1,0,0.026229657,1.0
2019,11,1.0,Hockenheim,1,0,0.027366657,0.0
2019,11,2.0,Hockenheim,1,0,0.0013007555,0.0
2019,11,3.0,Hockenheim,14,0,0.4503081,0.0
2019,11,4.0,Hockenheim,41,0,0.9352054,0.0
2019,11,5.0,Hockenheim,1,0,7.141404e-05,0.0
2019,11,6.0,Hockenheim,1,0,0.00019811638,0.0
2019,11,7.0,Hockenheim,1,0,0.003743446,0.0
2019,11,8.0,Hockenheim,1,0,0.06599529,0.0
2019,11,9.0,Hockenheim,1,0,0.004822597,0.0
2019,11,10.0,Hockenheim,1,0,0.00039194874,0.0
2019,11,11.0,Hockenheim,1,0,0.00028265562,0.0
2019,11,12.0,Hockenheim,1,0,8.376239e-07,0.0
2019,11,13.0,Hockenheim,1,0,2.7458896e-07,0.0
2019,11,14.0,Hockenheim,1,0,0.0065687625,0.0
2019,11,15.0,Hockenheim,126,0,0.00964184,0.0
2019,11,16.0,Hockenheim,671,0,0.0003647324,0.0
2019,11,17.0,Hockenheim,1,0,2.1377158e-05,0.0
2019,11,18.0,Hockenheim,1,0,0.004122218,0.0
2019,11,19.0,Hockenheim,12,0,9.641684e-06,0.0
2019,11,20.0,Hockenheim,1,0,0.0003584324,0.0
2019,11,21.0,Hockenheim,1,0,0.0038221302,0.0
2019,11,22.0,Hockenheim,1,0,0.0010451304,0.0
2019,11,23.0,Hockenheim,1,0,0.00026013062,0.0
2019,11,24.0,Hockenheim,1,1,0.9996706,0.0
2019,11,25.0,Hockenheim,1,1,0.99243426,0.0
2019,11,26.0,Hockenheim,1,1,0.99989116,0.0
2019,11,27.0,Hockenheim,12,0,0.6638308,0.0
2019,11,28.0,Hockenheim,2671,0,0.14734814,0.0
2019,11,29.0,Hockenheim,124,0,0.72772694,0.0
2019,11,30.0,Hockenheim,4,0,0.77054965,0.0
2019,11,31.0,Hockenheim,4,0,0.009726588,1.0
2019,11,32.0,Hockenheim,4,0,0.0044824295,1.0
2019,11,33.0,Hockenheim,41,0,0.0014796096,1.0
2019,11,34.0,Hockenheim,1,0,0.1299514,1.0
2019,11,35.0,Hockenheim,1,0,0.0062420783,1.0
2019,11,36.0,Hockenheim,1,0,0.0021937755,1.0
2019,11,37.0,Hockenheim,1,0,0.005169712,1.0
2019,11,38.0,Hockenheim,1,1,0.015211704,1.0
2019,11,39.0,Hockenheim,1,1,0.9996904,1.0
2019,11,40.0,Hockenheim,1,1,0.36307156,1.0
2019,11,41.0,Hockenheim,124,0,0.0023965416,1.0
2019,11,42.0,Hockenheim,4,0,0.011059861,1.0
2019,11,43.0,Hockenheim,4,0,0.012419228,1.0
2019,11,44.0,Hockenheim,4,0,0.016336456,1.0
2019,11,45.0,Hockenheim,41,0,0.012573726,1.0
2019,11,46.0,Hockenheim,1,0,0.00514356,1.0
2019,11,47.0,Hockenheim,1,0,0.0039616963,1.0
2019,11,48.0,Hockenheim,1,0,0.00088086724,1.0
2019,11,49.0,Hockenheim,1,0,0.0022208095,1.0
2019,11,50.0,Hockenheim,1,0,0.0003306375,1.0
2019,11,51.0,Hockenheim,1,0,0.00017309249,1.0
2019,11,52.0,Hockenheim,1,0,0.5958836,1.0
2019,11,53.0,Hockenheim,12,0,0.97370636,1.0
2019,11,54.0,Hockenheim,1,1,0.9997851,1.0
2019,11,55.0,Hockenheim,1,1,0.99982846,1.0
2019,11,56.0,Hockenheim,1,1,0.9998727,1.0
2019,11,57.0,Hockenheim,124,0,0.9002435,1.0
2019,11,58.0,Hockenheim,4,0,0.6160484,1.0
2019,11,59.0,Hockenheim,41,0,0.7626347,1.0
2019,11,60.0,Hockenheim,1,0,0.0016554231,1.0
2019,11,61.0,Hockenheim,1,0,0.00027942663,1.0
2019,11,62.0,Hockenheim,1,0,0.00021938054,1.0
2019,11,63.0,Hockenheim,1,0,0.002966317,1.0
2019,11,64.0,Hockenheim,1,0,0.0035378525,1.0
2019,12,1.0,Budapest,1,0,2.499296e-06,0.0
2019,12,2.0,Budapest,12,0,0.023622457,0.0
2019,12,3.0,Budapest,1,0,3.8440844e-06,0.0
2019,12,4.0,Budapest,1,0,3.441695e-05,0.0
2019,12,5.0,Budapest,1,0,8.465004e-06,0.0
2019,12,6.0,Budapest,1,0,2.4647233e-07,0.0
2019,12,7.0,Budapest,1,0,3.8473714e-05,0.0
2019,12,8.0,Budapest,1,0,1.8743685e-06,0.0
2019,12,9.0,Budapest,1,0,4.881515e-06,0.0
2019,12,10.0,Budapest,1,0,6.276745e-05,0.0
2019,12,11.0,Budapest,1,0,2.5885989e-05,0.0
2019,12,12.0,Budapest,1,0,6.489948e-06,0.0
2019,12,13.0,Budapest,1,0,1.0286071e-06,0.0
2019,12,14.0,Budapest,1,0,2.0651416e-07,0.0
2019,12,15.0,Budapest,1,0,1.6883856e-05,0.0
2019,12,16.0,Budapest,1,0,5.451468e-05,0.0
2019,12,17.0,Budapest,1,0,5.8185302e-05,0.0
2019,12,18.0,Budapest,1,0,9.315867e-06,0.0
2019,12,19.0,Budapest,1,0,7.2491052e-06,0.0
2019,12,20.0,Budapest,1,0,1.5395786e-08,0.0
2019,12,21.0,Budapest,1,0,2.7179597e-08,0.0
2019,12,22.0,Budapest,1,0,7.3919915e-07,0.0
2019,12,23.0,Budapest,1,0,1.1183253e-06,0.0
2019,12,24.0,Budapest,1,0,6.1009797e-07,0.0
2019,12,25.0,Budapest,1,0,5.322816e-08,0.0
2019,12,26.0,Budapest,1,0,2.4735778e-06,0.0
2019,12,27.0,Budapest,1,0,4.9224436e-05,0.0
2019,12,28.0,Budapest,1,0,4.3593138e-07,0.0
2019,12,29.0,Budapest,1,0,3.1698848e-05,0.0
2019,12,30.0,Budapest,1,0,1.04966275e-05,0.0
2019,12,31.0,Budapest,1,0,4.4196263e-08,0.0
2019,12,32.0,Budapest,1,0,2.7855106e-06,0.0
2019,12,33.0,Budapest,1,0,1.6843657e-06,0.0
2019,12,34.0,Budapest,1,0,3.437481e-08,0.0
2019,12,35.0,Budapest,1,0,2.5325194e-06,0.0
2019,12,36.0,Budapest,1,0,2.4021674e-07,0.0
2019,12,37.0,Budapest,1,0,7.604089e-05,0.0
2019,12,38.0,Budapest,1,0,1.0038074e-06,0.0
2019,12,39.0,Budapest,1,0,1.0206929e-05,0.0
2019,12,40.0,Budapest,1,0,2.732738e-05,0.0
2019,12,41.0,Budapest,1,0,8.393089e-08,0.0
2019,12,42.0,Budapest,1,0,9.1793765e-07,0.0
2019,12,43.0,Budapest,1,0,1.91767e-05,0.0
2019,12,44.0,Budapest,1,0,4.298727e-06,0.0
2019,12,45.0,Budapest,1,0,4.551378e-05,0.0
2019,12,46.0,Budapest,1,0,1.09291484e-07,0.0
2019,12,47.0,Budapest,1,0,3.5735977e-07,0.0
2019,12,48.0,Budapest,1,0,3.701738e-07,0.0
2019,12,49.0,Budapest,1,0,0.0001630598,0.0
2019,12,50.0,Budapest,1,0,7.479568e-07,0.0
2019,12,51.0,Budapest,1,0,1.1422342e-07,0.0
2019,12,52.0,Budapest,1,0,2.2272887e-05,0.0
2019,12,53.0,Budapest,1,0,1.3194753e-07,0.0
2019,12,54.0,Budapest,1,0,3.529653e-08,0.0
2019,12,55.0,Budapest,1,0,7.710586e-09,0.0
2019,12,56.0,Budapest,1,0,2.444635e-08,0.0
2019,12,57.0,Budapest,1,0,3.0965543e-07,0.0
2019,12,58.0,Budapest,1,0,1.3776604e-08,0.0
2019,12,59.0,Budapest,1,0,7.784189e-09,0.0
2019,12,60.0,Budapest,1,0,3.3399225e-08,0.0
2019,12,61.0,Budapest,1,0,5.140719e-09,0.0
2019,12,62.0,Budapest,1,0,4.7124537e-08,0.0
2019,12,63.0,Budapest,1,0,5.199146e-08,0.0
2019,12,64.0,Budapest,1,0,1.6797069e-08,0.0
2019,12,65.0,Budapest,1,0,1.3906393e-07,0.0
2019,12,66.0,Budapest,1,0,1.6485258e-08,0.0
2019,12,67.0,Budapest,1,0,1.4375509e-07,0.0
2019,12,68.0,Budapest,1,0,1.0966824e-06,0.0
2019,12,69.0,Budapest,1,0,8.748832e-08,0.0
2019,12,70.0,Budapest,1,0,9.5798e-05,0.0
2019,13,1.0,Spa-Francorchamps,124,0,0.042602494,0.0
2019,13,2.0,Spa-Francorchamps,4,0,0.06026673,0.0
2019,13,3.0,Spa-Francorchamps,4,0,0.0009889317,1.0
2019,13,4.0,Spa-Francorchamps,41,0,0.0002568761,1.0
2019,13,5.0,Spa-Francorchamps,1,0,2.3622774e-06,1.0
2019,13,6.0,Spa-Francorchamps,1,0,5.047327e-06,1.0
2019,13,7.0,Spa-Francorchamps,1,0,3.3572042e-06,1.0
2019,13,8.0,Spa-Francorchamps,1,0,4.8776314e-05,1.0
2019,13,9.0,Spa-Francorchamps,1,0,1.148869e-05,1.0
2019,13,10.0,Spa-Francorchamps,1,0,9.709699e-06,1.0
2019,13,11.0,Spa-Francorchamps,1,0,0.0012184224,1.0
2019,13,12.0,Spa-Francorchamps,1,0,1.9526851e-06,1.0
2019,13,13.0,Spa-Francorchamps,1,0,1.5679394e-05,1.0
2019,13,14.0,Spa-Francorchamps,1,0,6.566735e-07,1.0
2019,13,15.0,Spa-Francorchamps,1,0,7.2235716e-06,1.0
2019,13,16.0,Spa-Francorchamps,1,0,5.2697413e-07,1.0
2019,13,17.0,Spa-Francorchamps,1,0,4.601176e-05,1.0
2019,13,18.0,Spa-Francorchamps,1,0,5.7560233e-06,1.0
2019,13,19.0,Spa-Francorchamps,1,0,1.0976085e-05,1.0
2019,13,20.0,Spa-Francorchamps,1,0,7.2057404e-08,1.0
2019,13,21.0,Spa-Francorchamps,1,0,2.6702735e-05,1.0
2019,13,22.0,Spa-Francorchamps,1,0,1.1746439e-05,1.0
2019,13,23.0,Spa-Francorchamps,1,0,6.4959854e-06,1.0
2019,13,24.0,Spa-Francorchamps,1,0,5.1845987e-08,1.0
2019,13,25.0,Spa-Francorchamps,1,0,7.978529e-06,1.0
2019,13,26.0,Spa-Francorchamps,1,0,0.000583442,1.0
2019,13,27.0,Spa-Francorchamps,1,0,3.1952422e-05,1.0
2019,13,28.0,Spa-Francorchamps,1,0,1.9168288e-05,1.0
2019,13,29.0,Spa-Francorchamps,1,0,0.00012782365,1.0
2019,13,30.0,Spa-Francorchamps,1,0,1.1365158e-05,1.0
2019,13,31.0,Spa-Francorchamps,1,0,4.9710155e-07,1.0
2019,13,32.0,Spa-Francorchamps,1,0,2.0413017e-05,1.0
2019,13,33.0,Spa-Francorchamps,1,0,1.0655092e-05,1.0
2019,13,34.0,Spa-Francorchamps,1,0,4.5780957e-06,1.0
2019,13,35.0,Spa-Francorchamps,1,0,3.9498593e-07,1.0
2019,13,36.0,Spa-Francorchamps,1,0,1.976287e-06,1.0
2019,13,37.0,Spa-Francorchamps,1,0,1.1176376e-06,1.0
2019,13,38.0,Spa-Francorchamps,1,0,6.2915706e-06,1.0
2019,13,39.0,Spa-Francorchamps,1,0,2.0863607e-07,1.0
2019,13,40.0,Spa-Francorchamps,1,0,7.943347e-06,1.0
2019,13,41.0,Spa-Francorchamps,1,0,1.3168082e-06,1.0
2019,13,42.0,Spa-Francorchamps,1,0,2.3445796e-07,1.0
2019,13,43.0,Spa-Francorchamps,1,0,4.8219713e-06,1.0
2019,13,44.0,Spa-Francorchamps,12,0,4.705234e-05,1.0
2019,14,1.0,Monza,12,0,0.3884206,0.0
2019,14,2.0,Monza,1,0,2.6297791e-06,0.0
2019,14,3.0,Monza,12,0,0.0015951177,0.0
2019,14,4.0,Monza,1,0,5.4192025e-08,0.0
2019,14,5.0,Monza,1,0,1.12925086e-07,0.0
2019,14,6.0,Monza,12,0,0.0003131253,0.0
2019,14,7.0,Monza,21,0,1.0721097e-06,0.0
2019,14,8.0,Monza,1,0,2.7007393e-06,0.0
2019,14,9.0,Monza,1,0,3.0594405e-05,0.0
2019,14,10.0,Monza,1,0,0.00017148911,0.0
2019,14,11.0,Monza,1,0,0.0009812859,0.0
2019,14,12.0,Monza,1,0,1.07825e-05,0.0
2019,14,13.0,Monza,1,0,3.7600964e-06,0.0
2019,14,14.0,Monza,1,0,5.807428e-06,0.0
2019,14,15.0,Monza,1,0,4.955498e-05,0.0
2019,14,16.0,Monza,1,0,0.0003644578,0.0
2019,14,17.0,Monza,1,0,7.668746e-06,0.0
2019,14,18.0,Monza,1,0,1.4124325e-06,0.0
2019,14,19.0,Monza,1,0,0.0002853193,0.0
2019,14,20.0,Monza,1,0,4.14407e-05,0.0
2019,14,21.0,Monza,1,0,0.0024209563,0.0
2019,14,22.0,Monza,1,0,0.00013563327,0.0
2019,14,23.0,Monza,1,0,0.00012982752,0.0
2019,14,24.0,Monza,1,0,0.00060826255,0.0
2019,14,25.0,Monza,1,0,8.3293735e-06,0.0
2019,14,26.0,Monza,1,0,0.00012225103,0.0
2019,14,27.0,Monza,1,0,0.0018480723,0.0
2019,14,28.0,Monza,126,0,0.013885315,0.0
2019,14,29.0,Monza,2671,0,0.0010054316,0.0
2019,14,30.0,Monza,12,0,0.23744322,0.0
2019,14,31.0,Monza,2671,0,1.764912e-05,0.0
2019,14,32.0,Monza,1,0,2.622774e-06,0.0
2019,14,33.0,Monza,1,0,0.0005441373,0.0
2019,14,34.0,Monza,1,0,1.2869993e-05,0.0
2019,14,35.0,Monza,1,0,0.0010546267,0.0
2019,14,36.0,Monza,1,0,0.0012724258,0.0
2019,14,37.0,Monza,1,0,5.008436e-06,0.0
2019,14,38.0,Monza,1,0,0.0009113286,0.0
2019,14,39.0,Monza,1,0,3.4861487e-06,0.0
2019,14,40.0,Monza,1,0,7.70246e-05,0.0
2019,14,41.0,Monza,1,0,9.926938e-07,0.0
2019,14,42.0,Monza,1,0,0.00215735,0.0
2019,14,43.0,Monza,1,0,5.793217e-07,0.0
2019,14,44.0,Monza,1,0,5.3009244e-06,0.0
2019,14,45.0,Monza,1,0,0.0009274273,0.0
2019,14,46.0,Monza,1,0,8.775605e-06,0.0
2019,14,47.0,Monza,1,0,0.0004123568,0.0
2019,14,48.0,Monza,1,0,0.0012673012,0.0
2019,14,49.0,Monza,1,0,2.5955449e-05,0.0
2019,14,50.0,Monza,1,0,8.024594e-05,0.0
2019,14,51.0,Monza,1,0,1.4222186e-05,0.0
2019,14,52.0,Monza,1,0,1.7772284e-06,0.0
2019,14,53.0,Monza,1,0,1.8908196e-06,0.0
2019,15,1.0,Singapore,1,0,0.01330025,0.0
2019,15,2.0,Singapore,1,0,3.3100583e-05,0.0
2019,15,3.0,Singapore,1,0,7.5303233e-06,0.0
2019,15,4.0,Singapore,1,0,1.4666678e-06,0.0
2019,15,5.0,Singapore,1,0,8.1756366e-07,0.0
2019,15,6.0,Singapore,1,0,3.4968252e-05,0.0
2019,15,7.0,Singapore,1,0,2.1555936e-05,0.0
2019,15,8.0,Singapore,1,0,3.8930404e-05,0.0
2019,15,9.0,Singapore,1,0,6.4047235e-05,0.0
2019,15,10.0,Singapore,1,0,0.001399691,0.0
2019,15,11.0,Singapore,1,0,7.11733e-05,0.0
2019,15,12.0,Singapore,1,0,1.515809e-05,0.0
2019,15,13.0,Singapore,1,0,6.240833e-05,0.0
2019,15,14.0,Singapore,1,0,0.0016860684,0.0
2019,15,15.0,Singapore,1,0,0.00014287421,0.0
2019,15,16.0,Singapore,1,0,0.00034110603,0.0
2019,15,17.0,Singapore,1,0,0.00043263953,0.0
2019,15,18.0,Singapore,1,0,0.00020689893,0.0
2019,15,19.0,Singapore,1,0,0.00106055,0.0
2019,15,20.0,Singapore,1,0,0.0069035245,0.0
2019,15,21.0,Singapore,1,0,0.0005639752,0.0
2019,15,22.0,Singapore,1,0,0.0002795876,0.0
2019,15,23.0,Singapore,1,0,0.0034498624,0.0
2019,15,24.0,Singapore,1,0,1.6875889e-05,0.0
2019,15,25.0,Singapore,1,0,0.0014233454,0.0
2019,15,26.0,Singapore,1,0,0.0018336873,0.0
2019,15,27.0,Singapore,1,0,0.0002958626,0.0
2019,15,28.0,Singapore,1,0,8.871363e-06,0.0
2019,15,29.0,Singapore,1,0,0.0013360865,0.0
2019,15,30.0,Singapore,1,0,0.004847532,0.0
2019,15,31.0,Singapore,1,0,0.0042510876,0.0
2019,15,32.0,Singapore,1,1,0.9999021,0.0
2019,15,33.0,Singapore,1,1,0.9997216,0.0
2019,15,34.0,Singapore,1,1,0.99964774,0.0
2019,15,35.0,Singapore,12,0,8.756544e-05,0.0
2019,15,36.0,Singapore,24,0,0.00033755242,0.0
2019,15,37.0,Singapore,4,0,0.00014338328,0.0
2019,15,38.0,Singapore,4,0,1.9055833e-05,1.0
2019,15,39.0,Singapore,4,0,1.9827807e-05,1.0
2019,15,40.0,Singapore,41,0,1.061249e-05,1.0
2019,15,41.0,Singapore,1,1,0.002017581,1.0
2019,15,42.0,Singapore,1,1,0.99971646,1.0
2019,15,43.0,Singapore,1,1,0.9996425,1.0
2019,15,44.0,Singapore,124,0,1.6629632e-05,1.0
2019,15,45.0,Singapore,4,0,3.9327093e-05,1.0
2019,15,46.0,Singapore,4,0,1.5152627e-05,1.0
2019,15,47.0,Singapore,41,0,6.184331e-06,1.0
2019,15,48.0,Singapore,1,0,6.4360895e-05,1.0
2019,15,49.0,Singapore,1,0,0.03649002,1.0
2019,15,50.0,Singapore,124,0,0.011418236,1.0
2019,15,51.0,Singapore,41,0,0.0007596945,1.0
2019,15,52.0,Singapore,1,0,8.789341e-06,1.0
2019,15,53.0,Singapore,1,0,0.002345104,1.0
2019,15,54.0,Singapore,1,0,7.144565e-05,1.0
2019,15,55.0,Singapore,1,0,0.00012153703,1.0
2019,15,56.0,Singapore,1,0,7.3993024e-06,1.0
2019,15,57.0,Singapore,1,0,0.00045035486,1.0
2019,15,58.0,Singapore,1,0,4.1377716e-05,1.0
2019,15,59.0,Singapore,1,0,0.0010024622,1.0
2019,15,60.0,Singapore,1,0,3.4826592e-06,1.0
2019,15,61.0,Singapore,1,0,0.0028646828,1.0
2019,16,1.0,Sochi,124,0,0.00036965622,0.0
2019,16,2.0,Sochi,4,0,0.00066095375,0.0
2019,16,3.0,Sochi,41,0,0.0093825245,1.0
2019,16,4.0,Sochi,1,0,1.7218591e-06,1.0
2019,16,5.0,Sochi,1,0,0.00028307905,1.0
2019,16,6.0,Sochi,1,0,9.1669186e-05,1.0
2019,16,7.0,Sochi,1,0,3.1413865e-06,1.0
2019,16,8.0,Sochi,1,0,1.3613275e-05,1.0
2019,16,9.0,Sochi,1,0,0.00010804832,1.0
2019,16,10.0,Sochi,1,0,0.002168416,1.0
2019,16,11.0,Sochi,1,0,1.1805746e-05,1.0
2019,16,12.0,Sochi,1,0,2.1403657e-05,1.0
2019,16,13.0,Sochi,1,0,5.782818e-07,1.0
2019,16,14.0,Sochi,1,0,1.9188967e-06,1.0
2019,16,15.0,Sochi,1,0,0.001081975,1.0
2019,16,16.0,Sochi,1,0,8.647969e-05,1.0
2019,16,17.0,Sochi,1,0,4.5528108e-05,1.0
2019,16,18.0,Sochi,1,0,4.5069173e-05,1.0
2019,16,19.0,Sochi,1,0,0.00014363411,1.0
2019,16,20.0,Sochi,1,0,0.0012878788,1.0
2019,16,21.0,Sochi,1,0,0.00048526246,1.0
2019,16,22.0,Sochi,1,0,0.0002446136,1.0
2019,16,23.0,Sochi,1,0,0.00047620555,1.0
2019,16,24.0,Sochi,1,0,0.004836609,1.0
2019,16,25.0,Sochi,1,1,0.9996942,1.0
2019,16,26.0,Sochi,1,1,0.9997446,1.0
2019,16,27.0,Sochi,1,1,0.00010170003,1.0
2019,16,28.0,Sochi,126,0,2.7804651e-06,1.0
2019,16,29.0,Sochi,67124,0,1.8829415e-06,1.0
2019,16,30.0,Sochi,4,0,2.5264526e-06,1.0
2019,16,31.0,Sochi,4,0,1.6601382e-06,1.0
2019,16,32.0,Sochi,41,0,6.248955e-07,1.0
2019,16,33.0,Sochi,1,0,1.2754178e-07,1.0
2019,16,34.0,Sochi,1,0,5.073914e-06,1.0
2019,16,35.0,Sochi,1,0,3.8104724e-07,1.0
2019,16,36.0,Sochi,1,0,2.6201256e-08,1.0
2019,16,37.0,Sochi,1,0,9.888878e-07,1.0
2019,16,38.0,Sochi,1,0,1.1443257e-05,1.0
2019,16,39.0,Sochi,1,0,1.4851017e-06,1.0
2019,16,40.0,Sochi,1,0,3.4345916e-07,1.0
2019,16,41.0,Sochi,1,0,5.0772024e-07,1.0
2019,16,42.0,Sochi,1,0,1.3327254e-06,1.0
2019,16,43.0,Sochi,1,0,9.757688e-07,1.0
2019,16,44.0,Sochi,1,0,2.7275132e-07,1.0
2019,16,45.0,Sochi,1,0,5.592496e-07,1.0
2019,16,46.0,Sochi,1,0,6.938037e-07,1.0
2019,16,47.0,Sochi,1,0,3.2250577e-07,1.0
2019,16,48.0,Sochi,1,0,1.2460963e-05,1.0
2019,16,49.0,Sochi,1,0,7.492314e-05,1.0
2019,16,50.0,Sochi,1,0,1.2544989e-07,1.0
2019,16,51.0,Sochi,1,0,6.418827e-08,1.0
2019,16,52.0,Sochi,1,0,7.7997086e-08,1.0
2019,16,53.0,Sochi,1,0,1.6456599e-09,1.0
2019,17,1.0,Suzuka,1,0,8.7518434e-05,0.0
2019,17,2.0,Suzuka,1,0,8.566147e-05,0.0
2019,17,3.0,Suzuka,1,0,4.8545326e-06,0.0
2019,17,4.0,Suzuka,12,0,6.6661065e-05,0.0
2019,17,5.0,Suzuka,1,0,3.7005734e-07,0.0
2019,17,6.0,Suzuka,1,0,2.5117668e-06,0.0
2019,17,7.0,Suzuka,1,0,2.889707e-06,0.0
2019,17,8.0,Suzuka,1,0,2.9006906e-06,0.0
2019,17,9.0,Suzuka,1,0,7.999649e-06,0.0
2019,17,10.0,Suzuka,1,0,8.905295e-06,0.0
2019,17,11.0,Suzuka,1,0,2.8796492e-06,0.0
2019,17,12.0,Suzuka,1,0,2.3234236e-06,0.0
2019,17,13.0,Suzuka,1,0,4.2305282e-06,0.0
2019,17,14.0,Suzuka,1,0,5.4154054e-07,0.0
2019,17,15.0,Suzuka,1,0,1.6553178e-05,0.0
2019,17,16.0,Suzuka,1,0,6.148971e-07,0.0
2019,17,17.0,Suzuka,1,0,2.5512434e-06,0.0
2019,17,18.0,Suzuka,1,0,3.3624704e-07,0.0
2019,17,19.0,Suzuka,1,0,9.701175e-08,0.0
2019,17,20.0,Suzuka,1,0,9.1073167e-07,0.0
2019,17,21.0,Suzuka,1,0,5.5839864e-06,0.0
2019,17,22.0,Suzuka,1,0,1.9596985e-07,0.0
2019,17,23.0,Suzuka,1,0,4.3580377e-07,0.0
2019,17,24.0,Suzuka,1,0,1.4780478e-05,0.0
2019,17,25.0,Suzuka,1,0,9.894339e-07,0.0
2019,17,26.0,Suzuka,1,0,8.902841e-08,0.0
2019,17,27.0,Suzuka,1,0,7.052768e-07,0.0
2019,17,28.0,Suzuka,1,0,2.418663e-07,0.0
2019,17,29.0,Suzuka,1,0,2.0270821e-07,0.0
2019,17,30.0,Suzuka,1,0,9.363617e-06,0.0
2019,17,31.0,Suzuka,1,0,1.1538918e-06,0.0
2019,17,32.0,Suzuka,1,0,2.3982652e-06,0.0
2019,17,33.0,Suzuka,1,0,9.3155165e-08,0.0
2019,17,34.0,Suzuka,1,0,7.503768e-08,0.0
2019,17,35.0,Suzuka,1,0,2.0692846e-06,0.0
2019,17,36.0,Suzuka,1,0,1.1198055e-06,0.0
2019,17,37.0,Suzuka,1,0,1.3900774e-06,0.0
2019,17,38.0,Suzuka,1,0,1.6962494e-07,0.0
2019,17,39.0,Suzuka,1,0,1.0288588e-07,0.0
2019,17,40.0,Suzuka,1,0,5.307376e-07,0.0
2019,17,41.0,Suzuka,1,0,2.4520928e-08,0.0
2019,17,42.0,Suzuka,1,0,1.5932018e-08,0.0
2019,17,43.0,Suzuka,1,0,5.355281e-08,0.0
2019,17,44.0,Suzuka,1,0,5.796787e-07,0.0
2019,17,45.0,Suzuka,1,0,6.6457766e-08,0.0
2019,17,46.0,Suzuka,1,0,1.1917863e-07,0.0
2019,17,47.0,Suzuka,1,0,9.697267e-09,0.0
2019,17,48.0,Suzuka,1,0,3.4512024e-07,0.0
2019,17,49.0,Suzuka,1,0,3.691712e-06,0.0
2019,17,50.0,Suzuka,1,0,1.8279238e-06,0.0
2019,17,51.0,Suzuka,1,0,5.0267963e-06,0.0
2019,17,52.0,Suzuka,1,0,3.9822993e-05,0.0
2019,17,53.0,Suzuka,12,0,0.007945004,0.0
2019,18,1.0,Mexico City,16,0,0.0010063943,0.0
2019,18,2.0,Mexico City,6,0,0.0007167411,0.0
2019,18,3.0,Mexico City,671,0,0.00042903706,1.0
2019,18,4.0,Mexico City,1,0,2.3198205e-05,1.0
2019,18,5.0,Mexico City,12,0,1.7199247e-05,1.0
2019,18,6.0,Mexico City,1,0,7.338529e-06,1.0
2019,18,7.0,Mexico City,1,0,2.1829972e-07,1.0
2019,18,8.0,Mexico City,1,0,1.1363285e-06,1.0
2019,18,9.0,Mexico City,1,0,3.834661e-05,1.0
2019,18,10.0,Mexico City,1,0,8.679338e-05,1.0
2019,18,11.0,Mexico City,1,0,1.9663248e-05,1.0
2019,18,12.0,Mexico City,1,0,2.4297028e-06,1.0
2019,18,13.0,Mexico City,1,0,0.00015652171,1.0
2019,18,14.0,Mexico City,1,0,1.8585948e-07,1.0
2019,18,15.0,Mexico City,1,0,5.5215673e-07,1.0
2019,18,16.0,Mexico City,1,0,8.956465e-06,1.0
2019,18,17.0,Mexico City,1,0,1.3389412e-06,1.0
2019,18,18.0,Mexico City,1,0,9.146485e-07,1.0
2019,18,19.0,Mexico City,1,0,1.5085618e-07,1.0
2019,18,20.0,Mexico City,1,0,2.8081388e-08,1.0
2019,18,21.0,Mexico City,1,0,1.9523222e-05,1.0
2019,18,22.0,Mexico City,1,0,5.279376e-05,1.0
2019,18,23.0,Mexico City,1,0,2.753808e-05,1.0
2019,18,24.0,Mexico City,1,0,1.4317814e-05,1.0
2019,18,25.0,Mexico City,1,0,5.070174e-05,1.0
2019,18,26.0,Mexico City,1,0,6.3482426e-06,1.0
2019,18,27.0,Mexico City,1,0,7.922355e-08,1.0
2019,18,28.0,Mexico City,1,0,4.2399492e-07,1.0
2019,18,29.0,Mexico City,1,0,8.83115e-08,1.0
2019,18,30.0,Mexico City,1,0,3.3621018e-07,1.0
2019,18,31.0,Mexico City,1,0,1.049994e-07,1.0
2019,18,32.0,Mexico City,1,0,8.903908e-09,1.0
2019,18,33.0,Mexico City,1,0,8.197974e-07,1.0
2019,18,34.0,Mexico City,1,0,1.2120871e-07,1.0
2019,18,35.0,Mexico City,1,0,4.160841e-07,1.0
2019,18,36.0,Mexico City,1,0,7.3370335e-05,1.0
2019,18,37.0,Mexico City,1,0,1.2487742e-05,1.0
2019,18,38.0,Mexico City,1,0,0.0016595569,1.0
2019,18,39.0,Mexico City,1,0,8.898205e-06,1.0
2019,18,40.0,Mexico City,1,0,3.237683e-08,1.0
2019,18,41.0,Mexico City,1,0,1.4329848e-06,1.0
2019,18,42.0,Mexico City,1,0,3.778187e-08,1.0
2019,18,43.0,Mexico City,1,0,1.0917501e-07,1.0
2019,18,44.0,Mexico City,1,0,4.2359323e-05,1.0
2019,18,45.0,Mexico City,1,0,0.0004823885,1.0
2019,18,46.0,Mexico City,1,0,2.138609e-05,1.0
2019,18,47.0,Mexico City,1,0,0.00048599357,1.0
2019,18,48.0,Mexico City,1,0,9.4701835e-07,1.0
2019,18,49.0,Mexico City,1,0,9.0302665e-06,1.0
2019,18,50.0,Mexico City,1,0,3.7566879e-06,1.0
2019,18,51.0,Mexico City,1,0,5.314437e-07,1.0
2019,18,52.0,Mexico City,1,0,0.00016581634,1.0
2019,18,53.0,Mexico City,1,0,7.184692e-06,1.0
2019,18,54.0,Mexico City,1,0,1.4314756e-05,1.0
2019,18,55.0,Mexico City,1,0,1.2082756e-06,1.0
2019,18,56.0,Mexico City,1,0,0.00021469337,1.0
2019,18,57.0,Mexico City,1,0,0.00014293376,1.0
2019,18,58.0,Mexico City,1,0,0.00016464574,1.0
2019,18,59.0,Mexico City,1,0,1.9175227e-06,1.0
2019,18,60.0,Mexico City,1,0,4.6425234e-07,1.0
2019,18,61.0,Mexico City,1,0,9.091011e-07,1.0
2019,18,62.0,Mexico City,1,0,1.1882188e-06,1.0
2019,18,63.0,Mexico City,1,0,5.115311e-07,1.0
2019,18,64.0,Mexico City,1,0,3.627539e-09,1.0
2019,18,65.0,Mexico City,1,0,9.89927e-08,1.0
2019,18,66.0,Mexico City,1,0,2.0304809e-08,1.0
2019,18,67.0,Mexico City,1,0,6.6091155e-09,1.0
2019,18,68.0,Mexico City,1,0,8.4306734e-10,1.0
2019,18,69.0,Mexico City,1,0,1.2375345e-08,1.0
2019,18,70.0,Mexico City,1,0,2.0085278e-07,1.0
2019,18,71.0,Mexico City,1,0,7.413532e-08,1.0
2019,19,1.0,Austin,1,0,0.00055353786,0.0
2019,19,2.0,Austin,1,0,5.072411e-10,0.0
2019,19,3.0,Austin,1,0,3.3703855e-06,0.0
2019,19,4.0,Austin,1,0,4.196345e-05,0.0
2019,19,5.0,Austin,1,0,0.000236573,0.0
2019,19,6.0,Austin,1,0,0.00015505539,0.0
2019,19,7.0,Austin,1,0,0.0026999896,0.0
2019,19,8.0,Austin,12,0,0.026253557,0.0
2019,19,9.0,Austin,21,0,0.0100743715,0.0
2019,19,10.0,Austin,1,0,7.918078e-06,0.0
2019,19,11.0,Austin,1,0,4.1067756e-06,0.0
2019,19,12.0,Austin,1,0,1.1121746e-05,0.0
2019,19,13.0,Austin,1,0,9.118919e-06,0.0
2019,19,14.0,Austin,1,0,1.4065513e-07,0.0
2019,19,15.0,Austin,1,0,7.4351515e-06,0.0
2019,19,16.0,Austin,1,0,2.0473626e-06,0.0
2019,19,17.0,Austin,1,0,6.263971e-06,0.0
2019,19,18.0,Austin,1,0,1.680524e-05,0.0
2019,19,19.0,Austin,1,0,5.309634e-07,0.0
2019,19,20.0,Austin,1,0,5.7390203e-06,0.0
2019,19,21.0,Austin,1,0,7.856991e-07,0.0
2019,19,22.0,Austin,1,0,4.8024713e-06,0.0
2019,19,23.0,Austin,1,0,9.442682e-06,0.0
2019,19,24.0,Austin,1,0,1.632436e-05,0.0
2019,19,25.0,Austin,1,0,0.00062634074,0.0
2019,19,26.0,Austin,1,0,2.2428807e-05,0.0
2019,19,27.0,Austin,1,0,4.507678e-05,0.0
2019,19,28.0,Austin,1,0,0.00058835134,0.0
2019,19,29.0,Austin,1,0,1.4290137e-06,0.0
2019,19,30.0,Austin,1,0,4.221416e-06,0.0
2019,19,31.0,Austin,1,0,3.9925326e-06,0.0
2019,19,32.0,Austin,1,0,1.1370113e-05,0.0
2019,19,33.0,Austin,1,0,1.0530304e-07,0.0
2019,19,34.0,Austin,1,0,2.773254e-06,0.0
2019,19,35.0,Austin,1,0,1.18316475e-05,0.0
2019,19,36.0,Austin,1,0,0.0014272763,0.0
2019,19,37.0,Austin,1,0,3.4513374e-07,0.0
2019,19,38.0,Austin,1,0,2.039441e-06,0.0
2019,19,39.0,Austin,1,0,0.00011521396,0.0
2019,19,40.0,Austin,1,0,1.7655855e-06,0.0
2019,19,41.0,Austin,1,0,1.7474605e-06,0.0
2019,19,42.0,Austin,1,0,7.972451e-06,0.0
2019,19,43.0,Austin,1,0,2.953965e-05,0.0
2019,19,44.0,Austin,1,0,2.0239972e-07,0.0
2019,19,45.0,Austin,1,0,6.7893956e-07,0.0
2019,19,46.0,Austin,1,0,6.8818135e-06,0.0
2019,19,47.0,Austin,1,0,4.5007013e-07,0.0
2019,19,48.0,Austin,1,0,0.00010939565,0.0
2019,19,49.0,Austin,1,0,3.1528818e-06,0.0
2019,19,50.0,Austin,1,0,3.669969e-07,0.0
2019,19,51.0,Austin,1,0,4.082335e-06,0.0
2019,19,52.0,Austin,1,0,1.3215385e-06,0.0
2019,19,53.0,Austin,1,0,3.1172556e-05,0.0
2019,19,54.0,Austin,1,0,0.0007616836,0.0
2019,19,55.0,Austin,12,0,0.002254684,0.0
2019,19,56.0,Austin,2,0,0.047493186,0.0
2019,20,1.0,São Paulo,1,0,0.0007058309,0.0
2019,20,2.0,São Paulo,1,0,0.00018906334,0.0
2019,20,3.0,São Paulo,1,0,0.0031272809,0.0
2019,20,4.0,São Paulo,1,0,0.00032672784,0.0
2019,20,5.0,São Paulo,1,0,0.004307391,0.0
2019,20,6.0,São Paulo,1,0,0.00027907174,0.0
2019,20,7.0,São Paulo,1,0,0.0040099923,0.0
2019,20,8.0,São Paulo,12,0,5.3165702e-05,0.0
2019,20,9.0,São Paulo,1,0,3.6341692e-06,0.0
2019,20,10.0,São Paulo,1,0,0.00033262235,0.0
2019,20,11.0,São Paulo,1,0,0.0001238098,0.0
2019,20,12.0,São Paulo,1,0,3.750735e-05,0.0
2019,20,13.0,São Paulo,1,0,5.5652945e-06,0.0
2019,20,14.0,São Paulo,1,0,1.8423129e-06,0.0
2019,20,15.0,São Paulo,1,0,5.0004235e-07,0.0
2019,20,16.0,São Paulo,1,0,3.2310438e-06,0.0
2019,20,17.0,São Paulo,1,0,0.00016527381,0.0
2019,20,18.0,São Paulo,1,0,1.4380887e-05,0.0
2019,20,19.0,São Paulo,1,0,6.7274885e-07,0.0
2019,20,20.0,São Paulo,1,0,4.788025e-07,0.0
2019,20,21.0,São Paulo,1,0,0.00088787434,0.0
2019,20,22.0,São Paulo,1,0,6.516424e-05,0.0
2019,20,23.0,São Paulo,1,0,7.266915e-05,0.0
2019,20,24.0,São Paulo,1,0,7.537997e-06,0.0
2019,20,25.0,São Paulo,1,0,0.0012478104,0.0
2019,20,26.0,São Paulo,1,0,0.0007861524,0.0
2019,20,27.0,São Paulo,1,0,4.0061703e-05,0.0
2019,20,28.0,São Paulo,1,0,2.502733e-06,0.0
2019,20,29.0,São Paulo,1,0,0.000746978,0.0
2019,20,30.0,São Paulo,1,0,0.001558985,0.0
2019,20,31.0,São Paulo,1,0,5.8709833e-05,0.0
2019,20,32.0,São Paulo,1,0,0.00095514656,0.0
2019,20,33.0,São Paulo,1,0,0.0023676315,0.0
2019,20,34.0,São Paulo,1,0,0.0048613353,0.0
2019,20,35.0,São Paulo,1,0,0.00023447293,0.0
2019,20,36.0,São Paulo,1,0,5.1612376e-05,0.0
2019,20,37.0,São Paulo,1,0,3.7680156e-06,0.0
2019,20,38.0,São Paulo,1,0,0.00017154848,0.0
2019,20,39.0,São Paulo,1,0,6.713429e-05,0.0
2019,20,40.0,São Paulo,1,0,5.6448334e-05,0.0
2019,20,41.0,São Paulo,1,0,0.00061743805,0.0
2019,20,42.0,São Paulo,1,0,0.0007917398,0.0
2019,20,43.0,São Paulo,1,0,2.7288609e-06,0.0
2019,20,44.0,São Paulo,1,0,1.829488e-06,0.0
2019,20,45.0,São Paulo,1,0,0.00021672169,0.0
2019,20,46.0,São Paulo,1,0,0.0001888866,0.0
2019,20,47.0,São Paulo,1,0,0.0001473539,0.0
2019,20,48.0,São Paulo,1,0,0.0025068235,0.0
2019,20,49.0,São Paulo,1,0,0.05455178,0.0
2019,20,50.0,São Paulo,1,1,0.9996125,0.0
2019,20,51.0,São Paulo,1,1,0.05344781,0.0
2019,20,52.0,São Paulo,1,1,0.9996971,0.0
2019,20,53.0,São Paulo,12,0,0.970547,0.0
2019,20,54.0,São Paulo,24,0,0.8566626,0.0
2019,20,55.0,São Paulo,4,0,0.67065287,0.0
2019,20,56.0,São Paulo,4,0,0.22936186,1.0
2019,20,57.0,São Paulo,4,0,0.5243756,1.0
2019,20,58.0,São Paulo,4,0,0.6862955,1.0
2019,20,59.0,São Paulo,41,0,0.37980434,1.0
2019,20,60.0,São Paulo,1,0,0.6158747,1.0
2019,20,61.0,São Paulo,1,0,0.005079519,1.0
2019,20,62.0,São Paulo,1,0,0.014462179,1.0
2019,20,63.0,São Paulo,1,1,0.99963665,1.0
2019,20,64.0,São Paulo,1,1,0.99967396,1.0
2019,20,65.0,São Paulo,1,1,0.9996854,1.0
2019,20,66.0,São Paulo,14,0,0.013463087,1.0
2019,20,67.0,São Paulo,4,0,0.00019510499,1.0
2019,20,68.0,São Paulo,4,0,5.079855e-06,1.0
2019,20,69.0,São Paulo,41,0,1.4912782e-06,1.0
2019,20,70.0,São Paulo,12,0,0.0021395485,1.0
2019,20,71.0,São Paulo,1,0,3.6938272e-05,1.0
2019,21,1.0,Yas Island,12,0,0.06551848,0.0
2019,21,2.0,Yas Island,1,0,0.00028099536,0.0
2019,21,3.0,Yas Island,1,0,5.3035918e-05,0.0
2019,21,4.0,Yas Island,1,0,0.0024918092,0.0
2019,21,5.0,Yas Island,1,0,0.0025015646,0.0
2019,21,6.0,Yas Island,1,0,2.3840283e-07,0.0
2019,21,7.0,Yas Island,1,0,0.0015053191,0.0
2019,21,8.0,Yas Island,1,0,0.0015217055,0.0
2019,21,9.0,Yas Island,1,0,5.126039e-05,0.0
2019,21,10.0,Yas Island,1,0,0.0026192863,0.0
2019,21,11.0,Yas Island,1,0,0.00018942983,0.0
2019,21,12.0,Yas Island,1,0,0.0008932188,0.0
2019,21,13.0,Yas Island,1,0,0.00019529129,0.0
2019,21,14.0,Yas Island,1,0,0.00027302757,0.0
2019,21,15.0,Yas Island,1,0,1.646528e-06,0.0
2019,21,16.0,Yas Island,1,0,7.1259674e-06,0.0
2019,21,17.0,Yas Island,1,0,1.7659054e-06,0.0
2019,21,18.0,Yas Island,1,0,2.3196569e-07,0.0
2019,21,19.0,Yas Island,1,0,4.1665947e-07,0.0
2019,21,20.0,Yas Island,1,0,4.046745e-05,0.0
2019,21,21.0,Yas Island,1,0,1.339963e-06,0.0
2019,21,22.0,Yas Island,1,0,6.7536657e-06,0.0
2019,21,23.0,Yas Island,1,0,1.1834536e-05,0.0
2019,21,24.0,Yas Island,1,0,2.3154751e-05,0.0
2019,21,25.0,Yas Island,1,0,7.579378e-07,0.0
2019,21,26.0,Yas Island,1,0,3.753444e-05,0.0
2019,21,27.0,Yas Island,1,0,5.014937e-07,0.0
2019,21,28.0,Yas Island,1,0,0.00020200286,0.0
2019,21,29.0,Yas Island,1,0,7.659675e-06,0.0
2019,21,30.0,Yas Island,1,0,2.38026e-06,0.0
2019,21,31.0,Yas Island,1,0,0.002311996,0.0
2019,21,32.0,Yas Island,1,0,6.858893e-05,0.0
2019,21,33.0,Yas Island,1,0,1.05765004e-07,0.0
2019,21,34.0,Yas Island,1,0,1.19403285e-05,0.0
2019,21,35.0,Yas Island,1,0,2.5672002e-06,0.0
2019,21,36.0,Yas Island,1,0,6.6861827e-07,0.0
2019,21,37.0,Yas Island,1,0,9.85211e-07,0.0
2019,21,38.0,Yas Island,1,0,1.6908275e-06,0.0
2019,21,39.0,Yas Island,1,0,0.002296277,0.0
2019,21,40.0,Yas Island,1,0,8.339595e-06,0.0
2019,21,41.0,Yas Island,1,0,6.938018e-05,0.0
2019,21,42.0,Yas Island,1,0,3.6091646e-05,0.0
2019,21,43.0,Yas Island,1,0,1.0534364e-05,0.0
2019,21,44.0,Yas Island,1,0,0.0001221627,0.0
2019,21,45.0,Yas Island,1,0,6.406709e-05,0.0
2019,21,46.0,Yas Island,1,0,0.00016167741,0.0
2019,21,47.0,Yas Island,1,0,0.00088977045,0.0
2019,21,48.0,Yas Island,1,0,0.00018537963,0.0
2019,21,49.0,Yas Island,1,0,0.0003486827,0.0
2019,21,50.0,Yas Island,1,0,0.00055752817,0.0
2019,21,51.0,Yas Island,1,0,0.00079422694,0.0
2019,21,52.0,Yas Island,1,0,0.0003187666,0.0
2019,21,53.0,Yas Island,1,0,0.00022104409,0.0
2019,21,54.0,Yas Island,1,0,0.0033128099,0.0
2019,21,55.0,Yas Island,1,0,0.021697875,0.0
2020,1,1.0,Spielberg,1,0,0.0012093956,0.0
2020,1,2.0,Spielberg,1,0,0.00010428878,0.0
2020,1,3.0,Spielberg,1,0,0.0005925574,0.0
2020,1,4.0,Spielberg,1,0,8.051103e-06,0.0
2020,1,5.0,Spielberg,1,0,7.575753e-05,0.0
2020,1,6.0,Spielberg,1,0,8.434544e-06,0.0
2020,1,7.0,Spielberg,1,0,0.00042803437,0.0
2020,1,8.0,Spielberg,1,0,7.676458e-05,0.0
2020,1,9.0,Spielberg,1,0,0.0005003249,0.0
2020,1,10.0,Spielberg,1,0,0.00043095334,0.0
2020,1,11.0,Spielberg,1,0,4.4177277e-06,0.0
2020,1,12.0,Spielberg,1,0,5.6286004e-05,0.0
2020,1,13.0,Spielberg,1,0,4.4467478e-07,0.0
2020,1,14.0,Spielberg,1,0,2.0020301e-05,0.0
2020,1,15.0,Spielberg,1,0,0.0015564323,0.0
2020,1,16.0,Spielberg,1,0,0.00024806376,0.0
2020,1,17.0,Spielberg,1,0,2.6517613e-05,0.0
2020,1,18.0,Spielberg,1,0,0.00020986846,0.0
2020,1,19.0,Spielberg,1,0,0.0021057725,0.0
2020,1,20.0,Spielberg,1,0,0.0045078835,0.0
2020,1,21.0,Spielberg,12,1,0.765363,0.0
2020,1,22.0,Spielberg,1,1,0.8748868,0.0
2020,1,23.0,Spielberg,1,1,0.99990046,0.0
2020,1,24.0,Spielberg,12,0,0.00030037484,0.0
2020,1,25.0,Spielberg,24,0,0.00017958086,0.0
2020,1,26.0,Spielberg,4,0,0.0006137336,0.0
2020,1,27.0,Spielberg,4,0,0.00036677902,1.0
2020,1,28.0,Spielberg,4,0,1.3828533e-05,1.0
2020,1,29.0,Spielberg,4,0,9.005741e-08,1.0
2020,1,30.0,Spielberg,41,0,7.0605056e-05,1.0
2020,1,31.0,Spielberg,12,0,2.4547271e-05,1.0
2020,1,32.0,Spielberg,1,0,4.67002e-06,1.0
2020,1,33.0,Spielberg,1,0,1.0483192e-05,1.0
2020,1,34.0,Spielberg,1,0,1.8793335e-05,1.0
2020,1,35.0,Spielberg,1,0,6.042167e-06,1.0
2020,1,36.0,Spielberg,1,0,6.02736e-07,1.0
2020,1,37.0,Spielberg,1,0,1.2791871e-06,1.0
2020,1,38.0,Spielberg,1,0,5.003361e-10,1.0
2020,1,39.0,Spielberg,1,0,1.9452565e-07,1.0
2020,1,40.0,Spielberg,1,0,8.110182e-08,1.0
2020,1,41.0,Spielberg,1,0,6.5431806e-08,1.0
2020,1,42.0,Spielberg,1,0,8.682185e-09,1.0
2020,1,43.0,Spielberg,1,0,3.4287928e-07,1.0
2020,1,44.0,Spielberg,1,0,0.0038674178,1.0
2020,1,45.0,Spielberg,1,0,0.001607276,1.0
2020,1,46.0,Spielberg,1,0,0.024625894,1.0
2020,1,47.0,Spielberg,1,1,0.99947053,1.0
2020,1,48.0,Spielberg,1,1,0.99987555,1.0
2020,1,49.0,Spielberg,1,1,0.0002522555,1.0
2020,1,50.0,Spielberg,124,0,0.00051768904,1.0
2020,1,51.0,Spielberg,4,0,0.0071032187,1.0
2020,1,52.0,Spielberg,4,0,0.019502522,1.0
2020,1,53.0,Spielberg,412,0,0.03114609,1.0
2020,1,54.0,Spielberg,4,0,0.0017351666,1.0
2020,1,55.0,Spielberg,4,0,0.0021812879,1.0
2020,1,56.0,Spielberg,4,0,0.00024255224,1.0
2020,1,57.0,Spielberg,4,0,0.0022814884,1.0
2020,1,58.0,Spielberg,4,0,0.00043370714,1.0
2020,1,59.0,Spielberg,4,0,0.0012081411,1.0
2020,1,60.0,Spielberg,41,0,0.0009276187,1.0
2020,1,61.0,Spielberg,1,0,8.595328e-07,1.0
2020,1,62.0,Spielberg,1,0,4.92729e-08,1.0
2020,1,63.0,Spielberg,1,0,2.9777965e-07,1.0
2020,1,64.0,Spielberg,1,0,2.1843299e-07,1.0
2020,1,65.0,Spielberg,1,0,3.098049e-07,1.0
2020,1,66.0,Spielberg,1,0,2.890606e-07,1.0
2020,1,67.0,Spielberg,1,0,3.216937e-09,1.0
2020,1,68.0,Spielberg,12,0,0.00048532904,1.0
2020,2,1.0,Spielberg,14,0,8.142788e-05,0.0
2020,2,2.0,Spielberg,4,0,0.0003550803,0.0
2020,2,3.0,Spielberg,41,0,7.056306e-05,1.0
2020,2,4.0,Spielberg,12,0,2.9916619e-05,1.0
2020,2,5.0,Spielberg,1,0,8.104318e-06,1.0
2020,2,6.0,Spielberg,1,0,2.4161047e-06,1.0
2020,2,7.0,Spielberg,1,0,1.27641415e-05,1.0
2020,2,8.0,Spielberg,1,0,2.1015826e-06,1.0
2020,2,9.0,Spielberg,1,0,3.3300017e-05,1.0
2020,2,10.0,Spielberg,1,0,2.0251133e-05,1.0
2020,2,11.0,Spielberg,1,0,0.00033181946,1.0
2020,2,12.0,Spielberg,1,0,1.5275284e-05,1.0
2020,2,13.0,Spielberg,1,0,1.0506362e-05,1.0
2020,2,14.0,Spielberg,1,0,4.973595e-07,1.0
2020,2,15.0,Spielberg,1,0,1.5149361e-05,1.0
2020,2,16.0,Spielberg,1,0,0.000278666,1.0
2020,2,17.0,Spielberg,1,0,0.00024917812,1.0
2020,2,18.0,Spielberg,1,0,0.0023423154,1.0
2020,2,19.0,Spielberg,1,0,3.5869612e-05,1.0
2020,2,20.0,Spielberg,1,0,4.8976303e-06,1.0
2020,2,21.0,Spielberg,1,0,2.265547e-06,1.0
2020,2,22.0,Spielberg,1,0,0.0009339365,1.0
2020,2,23.0,Spielberg,1,0,2.9473026e-06,1.0
2020,2,24.0,Spielberg,1,0,2.5008098e-05,1.0
2020,2,25.0,Spielberg,1,0,0.001979243,1.0
2020,2,26.0,Spielberg,1,0,8.0151045e-07,1.0
2020,2,27.0,Spielberg,1,0,7.976452e-07,1.0
2020,2,28.0,Spielberg,1,0,3.307667e-07,1.0
2020,2,29.0,Spielberg,1,0,2.7494632e-08,1.0
2020,2,30.0,Spielberg,1,0,7.2351263e-09,1.0
2020,2,31.0,Spielberg,1,0,3.2531632e-06,1.0
2020,2,32.0,Spielberg,1,0,2.4710036e-05,1.0
2020,2,33.0,Spielberg,1,0,2.0664038e-05,1.0
2020,2,34.0,Spielberg,1,0,4.9966053e-07,1.0
2020,2,35.0,Spielberg,1,0,1.4705936e-06,1.0
2020,2,36.0,Spielberg,1,0,2.5288246e-06,1.0
2020,2,37.0,Spielberg,1,0,6.7089985e-08,1.0
2020,2,38.0,Spielberg,1,0,1.2607583e-07,1.0
2020,2,39.0,Spielberg,1,0,7.1698075e-08,1.0
2020,2,40.0,Spielberg,1,0,6.360026e-05,1.0
2020,2,41.0,Spielberg,1,0,4.5275126e-05,1.0
2020,2,42.0,Spielberg,1,0,0.0013898812,1.0
2020,2,43.0,Spielberg,1,0,4.462265e-05,1.0
2020,2,44.0,Spielberg,1,0,2.012377e-06,1.0
2020,2,45.0,Spielberg,1,0,0.00022282072,1.0
2020,2,46.0,Spielberg,1,0,1.6649548e-05,1.0
2020,2,47.0,Spielberg,1,0,5.9445254e-05,1.0
2020,2,48.0,Spielberg,1,0,0.0005250383,1.0
2020,2,49.0,Spielberg,1,0,8.538777e-05,1.0
2020,2,50.0,Spielberg,1,0,4.984573e-07,1.0
2020,2,51.0,Spielberg,1,0,1.6748825e-05,1.0
2020,2,52.0,Spielberg,1,0,4.837013e-05,1.0
2020,2,53.0,Spielberg,1,0,1.3989256e-05,1.0
2020,2,54.0,Spielberg,1,0,8.1049836e-07,1.0
2020,2,55.0,Spielberg,1,0,4.3518926e-09,1.0
2020,2,56.0,Spielberg,1,0,1.5552537e-08,1.0
2020,2,57.0,Spielberg,1,0,8.879167e-08,1.0
2020,2,58.0,Spielberg,1,0,5.229071e-08,1.0
2020,2,59.0,Spielberg,1,0,7.946338e-09,1.0
2020,2,60.0,Spielberg,1,0,3.2382554e-09,1.0
2020,2,61.0,Spielberg,1,0,3.9811187e-08,1.0
2020,2,62.0,Spielberg,1,0,1.1850424e-08,1.0
2020,2,63.0,Spielberg,1,0,3.5899834e-07,1.0
2020,2,64.0,Spielberg,1,0,1.861152e-06,1.0
2020,2,65.0,Spielberg,1,0,1.6664053e-06,1.0
2020,2,66.0,Spielberg,1,0,1.2403652e-06,1.0
2020,2,67.0,Spielberg,1,0,2.8597636e-08,1.0
2020,2,68.0,Spielberg,1,0,4.288552e-06,1.0
2020,2,69.0,Spielberg,1,0,1.8551003e-08,1.0
2020,2,70.0,Spielberg,1,0,1.6265585e-07,1.0
2020,2,71.0,Spielberg,1,0,9.2993446e-08,1.0
2020,3,1.0,Budapest,1,0,0.05081948,0.0
2020,3,2.0,Budapest,1,0,0.00017871073,0.0
2020,3,3.0,Budapest,1,0,0.005586459,0.0
2020,3,4.0,Budapest,12,0,0.44775176,0.0
2020,3,5.0,Budapest,12,0,1.7236941e-06,0.0
2020,3,6.0,Budapest,1,0,3.3483932e-08,0.0
2020,3,7.0,Budapest,1,0,5.6166446e-08,0.0
2020,3,8.0,Budapest,1,0,5.15939e-07,0.0
2020,3,9.0,Budapest,1,0,1.0597072e-06,0.0
2020,3,10.0,Budapest,1,0,1.5579784e-07,0.0
2020,3,11.0,Budapest,1,0,0.00035269035,0.0
2020,3,12.0,Budapest,1,0,2.3989262e-06,0.0
2020,3,13.0,Budapest,1,0,6.138072e-06,0.0
2020,3,14.0,Budapest,1,0,2.3192108e-06,0.0
2020,3,15.0,Budapest,1,0,6.392179e-05,0.0
2020,3,16.0,Budapest,1,0,3.5191665e-08,0.0
2020,3,17.0,Budapest,1,0,2.9082912e-08,0.0
2020,3,18.0,Budapest,1,0,2.1583023e-06,0.0
2020,3,19.0,Budapest,1,0,1.0190619e-06,0.0
2020,3,20.0,Budapest,1,0,1.8527652e-07,0.0
2020,3,21.0,Budapest,1,0,2.896506e-07,0.0
2020,3,22.0,Budapest,1,0,2.849281e-07,0.0
2020,3,23.0,Budapest,1,0,7.98263e-06,0.0
2020,3,24.0,Budapest,1,0,3.4500023e-05,0.0
2020,3,25.0,Budapest,1,0,2.6559767e-06,0.0
2020,3,26.0,Budapest,1,0,6.8672784e-07,0.0
2020,3,27.0,Budapest,1,0,5.8302467e-06,0.0
2020,3,28.0,Budapest,1,0,3.2440747e-07,0.0
2020,3,29.0,Budapest,1,0,7.483144e-08,0.0
2020,3,30.0,Budapest,1,0,6.790546e-05,0.0
2020,3,31.0,Budapest,1,0,3.7437097e-05,0.0
2020,3,32.0,Budapest,1,0,0.00014351691,0.0
2020,3,33.0,Budapest,1,0,0.00010065783,0.0
2020,3,34.0,Budapest,1,0,1.1725688e-05,0.0
2020,3,35.0,Budapest,1,0,6.7344095e-05,0.0
2020,3,36.0,Budapest,1,0,2.5325238e-07,0.0
2020,3,37.0,Budapest,1,0,1.17347945e-07,0.0
2020,3,38.0,Budapest,1,0,9.747001e-07,0.0
2020,3,39.0,Budapest,1,0,8.952894e-07,0.0
2020,3,40.0,Budapest,1,0,8.2426766e-08,0.0
2020,3,41.0,Budapest,1,0,2.4972592e-06,0.0
2020,3,42.0,Budapest,1,0,0.0018248092,0.0
2020,3,43.0,Budapest,12,0,0.0015521249,0.0
2020,3,44.0,Budapest,1,0,3.926921e-06,0.0
2020,3,45.0,Budapest,1,0,0.000644581,0.0
2020,3,46.0,Budapest,1,0,0.00068043015,0.0
2020,3,47.0,Budapest,1,0,2.3163388e-05,0.0
2020,3,48.0,Budapest,1,0,0.00011264582,0.0
2020,3,49.0,Budapest,1,0,0.00016849795,0.0
2020,3,50.0,Budapest,1,0,6.2908407e-07,0.0
2020,3,51.0,Budapest,1,0,6.412454e-05,0.0
2020,3,52.0,Budapest,1,0,3.94024e-05,0.0
2020,3,53.0,Budapest,1,0,0.0003563294,0.0
2020,3,54.0,Budapest,1,0,1.7377819e-05,0.0
2020,3,55.0,Budapest,1,0,1.5452896e-06,0.0
2020,3,56.0,Budapest,1,0,4.6485493e-06,0.0
2020,3,57.0,Budapest,1,0,2.8163757e-07,0.0
2020,3,58.0,Budapest,1,0,8.99326e-07,0.0
2020,3,59.0,Budapest,1,0,3.4115954e-05,0.0
2020,3,60.0,Budapest,1,0,4.4625347e-07,0.0
2020,3,61.0,Budapest,1,0,1.6483393e-05,0.0
2020,3,62.0,Budapest,1,0,6.278025e-06,0.0
2020,3,63.0,Budapest,1,0,5.980688e-06,0.0
2020,3,64.0,Budapest,1,0,1.2036789e-05,0.0
2020,3,65.0,Budapest,1,0,6.807531e-06,0.0
2020,3,66.0,Budapest,1,0,6.9360854e-06,0.0
2020,3,67.0,Budapest,1,0,1.1059828e-06,0.0
2020,3,68.0,Budapest,1,0,2.218025e-08,0.0
2020,3,69.0,Budapest,1,0,9.1585565e-07,0.0
2020,3,70.0,Budapest,1,0,1.7413371e-05,0.0
2020,4,1.0,Silverstone,1,0,0.00028649849,0.0
2020,4,2.0,Silverstone,124,0,0.0058282427,0.0
2020,4,3.0,Silverstone,4,0,0.30464742,0.0
2020,4,4.0,Silverstone,4,0,0.00013111229,1.0
2020,4,5.0,Silverstone,41,0,0.0023967242,1.0
2020,4,6.0,Silverstone,1,0,0.000105987805,1.0
2020,4,7.0,Silverstone,1,0,0.0005496138,1.0
2020,4,8.0,Silverstone,1,0,0.1189826,1.0
2020,4,9.0,Silverstone,1,1,0.9997843,1.0
2020,4,10.0,Silverstone,1,1,0.9998147,1.0
2020,4,11.0,Silverstone,1,1,0.9996088,1.0
2020,4,12.0,Silverstone,12,0,0.0003646662,1.0
2020,4,13.0,Silverstone,24,0,0.00043603315,1.0
2020,4,14.0,Silverstone,4,0,0.0027810915,1.0
2020,4,15.0,Silverstone,4,0,0.00050308136,1.0
2020,4,16.0,Silverstone,4,0,0.0005356391,1.0
2020,4,17.0,Silverstone,4,0,0.00015862276,1.0
2020,4,18.0,Silverstone,41,0,0.00016327434,1.0
2020,4,19.0,Silverstone,1,0,0.0004029897,1.0
2020,4,20.0,Silverstone,1,0,1.6944086e-05,1.0
2020,4,21.0,Silverstone,1,0,2.9626402e-05,1.0
2020,4,22.0,Silverstone,1,0,0.00017682655,1.0
2020,4,23.0,Silverstone,1,0,6.955864e-05,1.0
2020,4,24.0,Silverstone,1,0,0.0027481094,1.0
2020,4,25.0,Silverstone,1,0,9.282716e-05,1.0
2020,4,26.0,Silverstone,1,0,0.00023206271,1.0
2020,4,27.0,Silverstone,1,0,5.0872168e-05,1.0
2020,4,28.0,Silverstone,1,0,0.0001617346,1.0
2020,4,29.0,Silverstone,1,0,1.6490925e-05,1.0
2020,4,30.0,Silverstone,1,0,0.0023750125,1.0
2020,4,31.0,Silverstone,1,0,2.7183383e-05,1.0
2020,4,32.0,Silverstone,1,0,7.960474e-05,1.0
2020,4,33.0,Silverstone,1,0,1.1456556e-05,1.0
2020,4,34.0,Silverstone,1,0,2.5981873e-05,1.0
2020,4,35.0,Silverstone,1,0,0.00015204622,1.0
2020,4,36.0,Silverstone,1,0,0.0039131837,1.0
2020,4,37.0,Silverstone,1,0,3.214788e-05,1.0
2020,4,38.0,Silverstone,1,0,1.1920634e-05,1.0
2020,4,39.0,Silverstone,1,0,1.1519464e-05,1.0
2020,4,40.0,Silverstone,1,0,5.4257675e-06,1.0
2020,4,41.0,Silverstone,1,0,6.356109e-05,1.0
2020,4,42.0,Silverstone,1,0,0.00033670652,1.0
2020,4,43.0,Silverstone,1,0,3.015194e-05,1.0
2020,4,44.0,Silverstone,1,0,0.00021828909,1.0
2020,4,45.0,Silverstone,1,0,0.00029763876,1.0
2020,4,46.0,Silverstone,1,0,1.1022018e-05,1.0
2020,4,47.0,Silverstone,1,0,0.0054636025,1.0
2020,4,48.0,Silverstone,12,0,1.8889987e-05,1.0
2020,4,49.0,Silverstone,1,0,6.308646e-05,1.0
2020,4,50.0,Silverstone,1,0,0.0015752324,1.0
2020,4,51.0,Silverstone,1,0,9.067892e-06,1.0
2020,4,52.0,Silverstone,1,0,0.0030476511,1.0
2020,5,1.0,Silverstone,12,0,0.007940623,0.0
2020,5,2.0,Silverstone,1,0,0.00021673118,0.0
2020,5,3.0,Silverstone,1,0,9.153073e-05,0.0
2020,5,4.0,Silverstone,1,0,6.851839e-05,0.0
2020,5,5.0,Silverstone,1,0,6.4974347e-06,0.0
2020,5,6.0,Silverstone,1,0,2.950714e-06,0.0
2020,5,7.0,Silverstone,1,0,0.0003345601,0.0
2020,5,8.0,Silverstone,1,0,0.0005864104,0.0
2020,5,9.0,Silverstone,1,0,0.0032457768,0.0
2020,5,10.0,Silverstone,1,0,9.7244956e-05,0.0
2020,5,11.0,Silverstone,1,0,6.119236e-08,0.0
2020,5,12.0,Silverstone,1,0,5.65494e-06,0.0
2020,5,13.0,Silverstone,1,0,0.0003869243,0.0
2020,5,14.0,Silverstone,1,0,6.168771e-05,0.0
2020,5,15.0,Silverstone,1,0,0.00030346282,0.0
2020,5,16.0,Silverstone,1,0,0.00014388797,0.0
2020,5,17.0,Silverstone,1,0,0.0002721559,0.0
2020,5,18.0,Silverstone,1,0,0.00042070533,0.0
2020,5,19.0,Silverstone,1,0,2.2273832e-06,0.0
2020,5,20.0,Silverstone,1,0,0.0006667665,0.0
2020,5,21.0,Silverstone,1,0,2.3982604e-05,0.0
2020,5,22.0,Silverstone,1,0,6.2574174e-05,0.0
2020,5,23.0,Silverstone,1,0,4.9587797e-08,0.0
2020,5,24.0,Silverstone,1,0,2.657256e-06,0.0
2020,5,25.0,Silverstone,1,0,4.6275123e-05,0.0
2020,5,26.0,Silverstone,1,0,2.6781609e-06,0.0
2020,5,27.0,Silverstone,1,0,0.00011392286,0.0
2020,5,28.0,Silverstone,1,0,1.1658652e-05,0.0
2020,5,29.0,Silverstone,1,0,0.0008369456,0.0
2020,5,30.0,Silverstone,1,0,0.00028505365,0.0
2020,5,31.0,Silverstone,12,0,9.894361e-06,0.0
2020,5,32.0,Silverstone,1,0,0.002771971,0.0
2020,5,33.0,Silverstone,1,0,7.33979e-05,0.0
2020,5,34.0,Silverstone,1,0,7.1191425e-05,0.0
2020,5,35.0,Silverstone,1,0,0.00023589548,0.0
2020,5,36.0,Silverstone,1,0,0.00010303912,0.0
2020,5,37.0,Silverstone,1,0,9.341988e-06,0.0
2020,5,38.0,Silverstone,1,0,1.1760539e-05,0.0
2020,5,39.0,Silverstone,1,0,6.719718e-06,0.0
2020,5,40.0,Silverstone,1,0,7.344396e-06,0.0
2020,5,41.0,Silverstone,1,0,0.0003078006,0.0
2020,5,42.0,Silverstone,1,0,0.0014019355,0.0
2020,5,43.0,Silverstone,1,0,0.00022031396,0.0
2020,5,44.0,Silverstone,1,0,9.386263e-05,0.0
2020,5,45.0,Silverstone,1,0,0.00024334095,0.0
2020,5,46.0,Silverstone,1,0,4.288789e-06,0.0
2020,5,47.0,Silverstone,1,0,7.8215904e-05,0.0
2020,5,48.0,Silverstone,1,0,2.9719784e-05,0.0
2020,5,49.0,Silverstone,1,0,4.097523e-05,0.0
2020,5,50.0,Silverstone,1,0,0.00012415466,0.0
2020,5,51.0,Silverstone,1,0,0.0001010639,0.0
2020,5,52.0,Silverstone,1,0,0.00014966163,0.0
2020,6,1.0,Barcelona,1,0,3.8243696e-05,0.0
2020,6,2.0,Barcelona,1,0,1.7117834e-07,0.0
2020,6,3.0,Barcelona,1,0,1.3193172e-05,0.0
2020,6,4.0,Barcelona,1,0,4.4116396e-06,0.0
2020,6,5.0,Barcelona,1,0,9.4035435e-08,0.0
2020,6,6.0,Barcelona,1,0,1.4541124e-06,0.0
2020,6,7.0,Barcelona,1,0,6.947538e-06,0.0
2020,6,8.0,Barcelona,1,0,3.2428263e-05,0.0
2020,6,9.0,Barcelona,1,0,3.705032e-05,0.0
2020,6,10.0,Barcelona,1,0,2.7887776e-05,0.0
2020,6,11.0,Barcelona,1,0,1.0306956e-05,0.0
2020,6,12.0,Barcelona,1,0,1.12713344e-07,0.0
2020,6,13.0,Barcelona,1,0,9.300015e-07,0.0
2020,6,14.0,Barcelona,1,0,2.5519328e-05,0.0
2020,6,15.0,Barcelona,1,0,4.3226592e-07,0.0
2020,6,16.0,Barcelona,1,0,0.00011407832,0.0
2020,6,17.0,Barcelona,1,0,0.0023039258,0.0
2020,6,18.0,Barcelona,1,0,4.836727e-05,0.0
2020,6,19.0,Barcelona,1,0,0.0029347814,0.0
2020,6,20.0,Barcelona,1,0,2.9542694e-05,0.0
2020,6,21.0,Barcelona,1,0,8.242759e-06,0.0
2020,6,22.0,Barcelona,1,0,1.0936639e-06,0.0
2020,6,23.0,Barcelona,1,0,1.0186451e-06,0.0
2020,6,24.0,Barcelona,1,0,2.4797538e-07,0.0
2020,6,25.0,Barcelona,1,0,4.129701e-08,0.0
2020,6,26.0,Barcelona,1,0,1.7417419e-08,0.0
2020,6,27.0,Barcelona,1,0,2.995756e-07,0.0
2020,6,28.0,Barcelona,1,0,5.6485e-05,0.0
2020,6,29.0,Barcelona,1,0,1.8062921e-07,0.0
2020,6,30.0,Barcelona,1,0,1.6725208e-07,0.0
2020,6,31.0,Barcelona,1,0,4.4145924e-07,0.0
2020,6,32.0,Barcelona,1,0,3.0357487e-08,0.0
2020,6,33.0,Barcelona,1,0,3.7359706e-09,0.0
2020,6,34.0,Barcelona,1,0,7.016146e-07,0.0
2020,6,35.0,Barcelona,1,0,1.14991686e-07,0.0
2020,6,36.0,Barcelona,1,0,0.00022316257,0.0
2020,6,37.0,Barcelona,12,0,0.0011580465,0.0
2020,6,38.0,Barcelona,21,0,3.327724e-07,0.0
2020,6,39.0,Barcelona,1,0,3.471752e-07,0.0
2020,6,40.0,Barcelona,1,0,2.1914158e-07,0.0
2020,6,41.0,Barcelona,1,0,1.8966186e-06,0.0
2020,6,42.0,Barcelona,1,0,2.2560753e-06,0.0
2020,6,43.0,Barcelona,1,0,1.9001019e-06,0.0
2020,6,44.0,Barcelona,1,0,6.866827e-08,0.0
2020,6,45.0,Barcelona,1,0,1.7000777e-06,0.0
2020,6,46.0,Barcelona,1,0,6.2332976e-05,0.0
2020,6,47.0,Barcelona,1,0,0.00045252524,0.0
2020,6,48.0,Barcelona,1,0,4.3269825e-05,0.0
2020,6,49.0,Barcelona,1,0,0.00011431866,0.0
2020,6,50.0,Barcelona,1,0,0.0013495268,0.0
2020,6,51.0,Barcelona,1,0,7.698019e-06,0.0
2020,6,52.0,Barcelona,1,0,4.6983996e-06,0.0
2020,6,53.0,Barcelona,1,0,1.0847754e-06,0.0
2020,6,54.0,Barcelona,1,0,0.0033565701,0.0
2020,6,55.0,Barcelona,1,0,6.4415376e-06,0.0
2020,6,56.0,Barcelona,1,0,2.1056912e-06,0.0
2020,6,57.0,Barcelona,1,0,5.1531383e-06,0.0
2020,6,58.0,Barcelona,1,0,1.686325e-06,0.0
2020,6,59.0,Barcelona,1,0,2.3168939e-06,0.0
2020,6,60.0,Barcelona,1,0,1.872096e-05,0.0
2020,6,61.0,Barcelona,1,0,1.2913755e-07,0.0
2020,6,62.0,Barcelona,1,0,6.9684406e-06,0.0
2020,6,63.0,Barcelona,1,0,0.0012739573,0.0
2020,6,64.0,Barcelona,1,0,5.8757334e-05,0.0
2020,6,65.0,Barcelona,1,0,4.1104224e-05,0.0
2020,6,66.0,Barcelona,1,0,1.7084987e-07,0.0
2020,7,1.0,Spa-Francorchamps,1,0,0.0031498321,0.0
2020,7,2.0,Spa-Francorchamps,1,0,1.0439773e-05,0.0
2020,7,3.0,Spa-Francorchamps,1,0,2.499289e-06,0.0
2020,7,4.0,Spa-Francorchamps,1,0,0.00034885225,0.0
2020,7,5.0,Spa-Francorchamps,1,0,4.8845905e-05,0.0
2020,7,6.0,Spa-Francorchamps,1,0,0.0013551422,0.0
2020,7,7.0,Spa-Francorchamps,1,0,0.0029984785,0.0
2020,7,8.0,Spa-Francorchamps,1,1,0.89973843,0.0
2020,7,9.0,Spa-Francorchamps,1,1,0.99958974,0.0
2020,7,10.0,Spa-Francorchamps,1,1,0.99969757,0.0
2020,7,11.0,Spa-Francorchamps,124,0,0.00866202,0.0
2020,7,12.0,Spa-Francorchamps,4,0,0.0026592617,0.0
2020,7,13.0,Spa-Francorchamps,4,0,5.909257e-05,1.0
2020,7,14.0,Spa-Francorchamps,41,0,2.2062733e-05,1.0
2020,7,15.0,Spa-Francorchamps,1,0,5.453422e-06,1.0
2020,7,16.0,Spa-Francorchamps,1,0,3.7128007e-07,1.0
2020,7,17.0,Spa-Francorchamps,1,0,8.256303e-08,1.0
2020,7,18.0,Spa-Francorchamps,1,0,1.9257299e-05,1.0
2020,7,19.0,Spa-Francorchamps,1,0,2.50407e-05,1.0
2020,7,20.0,Spa-Francorchamps,1,0,4.50217e-06,1.0
2020,7,21.0,Spa-Francorchamps,1,0,2.3978148e-06,1.0
2020,7,22.0,Spa-Francorchamps,1,0,2.3783428e-05,1.0
2020,7,23.0,Spa-Francorchamps,1,0,7.245106e-07,1.0
2020,7,24.0,Spa-Francorchamps,1,0,4.2352513e-06,1.0
2020,7,25.0,Spa-Francorchamps,1,0,1.02360126e-07,1.0
2020,7,26.0,Spa-Francorchamps,1,0,1.6841e-05,1.0
2020,7,27.0,Spa-Francorchamps,1,0,2.2028019e-07,1.0
2020,7,28.0,Spa-Francorchamps,1,0,1.5141268e-07,1.0
2020,7,29.0,Spa-Francorchamps,1,0,2.073956e-07,1.0
2020,7,30.0,Spa-Francorchamps,1,0,1.9877163e-05,1.0
2020,7,31.0,Spa-Francorchamps,1,0,2.6806035e-06,1.0
2020,7,32.0,Spa-Francorchamps,1,0,2.0346483e-06,1.0
2020,7,33.0,Spa-Francorchamps,1,0,3.0406713e-06,1.0
2020,7,34.0,Spa-Francorchamps,1,0,4.884705e-07,1.0
2020,7,35.0,Spa-Francorchamps,1,0,3.1129126e-05,1.0
2020,7,36.0,Spa-Francorchamps,1,0,3.416008e-07,1.0
2020,7,37.0,Spa-Francorchamps,1,0,3.435178e-07,1.0
2020,7,38.0,Spa-Francorchamps,1,0,3.190532e-07,1.0
2020,7,39.0,Spa-Francorchamps,1,0,4.7707504e-06,1.0
2020,7,40.0,Spa-Francorchamps,1,0,1.2934267e-06,1.0
2020,7,41.0,Spa-Francorchamps,1,0,4.640829e-06,1.0
2020,7,42.0,Spa-Francorchamps,1,0,3.6140436e-06,1.0
2020,7,43.0,Spa-Francorchamps,1,0,4.565038e-06,1.0
2020,7,44.0,Spa-Francorchamps,1,0,0.0008122075,1.0
2020,8,1.0,Monza,1,0,4.139761e-05,0.0
2020,8,2.0,Monza,1,0,6.9253847e-06,0.0
2020,8,3.0,Monza,1,0,1.8083277e-07,0.0
2020,8,4.0,Monza,1,0,1.5914766e-08,0.0
2020,8,5.0,Monza,1,0,8.030108e-06,0.0
2020,8,6.0,Monza,1,0,0.00041347847,0.0
2020,8,7.0,Monza,1,0,7.3144963e-07,0.0
2020,8,8.0,Monza,12,0,0.0052410588,0.0
2020,8,9.0,Monza,21,0,0.015834754,0.0
2020,8,10.0,Monza,1,0,0.00046131664,0.0
2020,8,11.0,Monza,1,0,2.7419477e-05,0.0
2020,8,12.0,Monza,1,0,0.00013016904,0.0
2020,8,13.0,Monza,1,0,0.0002680547,0.0
2020,8,14.0,Monza,1,0,8.545873e-06,0.0
2020,8,15.0,Monza,1,0,0.00043304905,0.0
2020,8,16.0,Monza,1,0,0.003031081,0.0
2020,8,17.0,Monza,1,1,0.9996755,0.0
2020,8,18.0,Monza,1,1,0.99967945,0.0
2020,8,19.0,Monza,1,1,0.99954045,0.0
2020,8,20.0,Monza,124,0,0.016321652,0.0
2020,8,21.0,Monza,4,0,0.05485308,0.0
2020,8,22.0,Monza,4,0,0.00028910904,1.0
2020,8,23.0,Monza,41,0,0.0013703182,1.0
2020,8,24.0,Monza,1,0,0.00013312987,1.0
2020,8,25.0,Monza,124,0,0.0008896582,1.0
2020,8,26.0,Monza,45,0,0.0009729684,1.0
2020,8,27.0,Monza,1,0,0.0008900876,1.0
2020,8,28.0,Monza,1,0,9.430102e-06,1.0
2020,8,29.0,Monza,1,0,1.0349582e-07,1.0
2020,8,30.0,Monza,1,0,1.0007067e-05,1.0
2020,8,31.0,Monza,1,0,1.4916763e-07,1.0
2020,8,32.0,Monza,1,0,2.6337993e-08,1.0
2020,8,33.0,Monza,1,0,4.945259e-07,1.0
2020,8,34.0,Monza,1,0,2.4132678e-06,1.0
2020,8,35.0,Monza,1,0,3.2283917e-06,1.0
2020,8,36.0,Monza,1,0,1.7317134e-06,1.0
2020,8,37.0,Monza,1,0,1.7872887e-06,1.0
2020,8,38.0,Monza,1,0,1.461687e-06,1.0
2020,8,39.0,Monza,1,0,0.00037585438,1.0
2020,8,40.0,Monza,1,0,2.0822254e-06,1.0
2020,8,41.0,Monza,1,0,9.656928e-07,1.0
2020,8,42.0,Monza,1,0,5.4111592e-06,1.0
2020,8,43.0,Monza,1,0,6.329581e-06,1.0
2020,8,44.0,Monza,1,0,4.928447e-08,1.0
2020,8,45.0,Monza,1,0,1.4730668e-06,1.0
2020,8,46.0,Monza,1,0,9.899516e-08,1.0
2020,8,47.0,Monza,1,0,6.735244e-05,1.0
2020,8,48.0,Monza,1,0,4.2632532e-06,1.0
2020,8,49.0,Monza,1,0,7.274511e-08,1.0
2020,8,50.0,Monza,1,0,7.381208e-08,1.0
2020,8,51.0,Monza,1,0,2.7027874e-05,1.0
2020,8,52.0,Monza,1,0,3.0062668e-06,1.0
2020,8,53.0,Monza,1,0,1.0829757e-06,1.0
2020,9,1.0,Mugello,124,0,0.01932272,0.0
2020,9,2.0,Mugello,4,0,0.11739835,0.0
2020,9,3.0,Mugello,4,0,0.0049657146,1.0
2020,9,4.0,Mugello,4,0,0.0029298977,1.0
2020,9,5.0,Mugello,4,0,0.0003037042,1.0
2020,9,6.0,Mugello,41,0,0.0008233383,1.0
2020,9,7.0,Mugello,124,0,0.00013399041,1.0
2020,9,8.0,Mugello,45,0,0.00012934043,1.0
2020,9,9.0,Mugello,1,0,3.7387672e-06,1.0
2020,9,10.0,Mugello,1,0,1.5500497e-06,1.0
2020,9,11.0,Mugello,1,0,2.0731247e-06,1.0
2020,9,12.0,Mugello,1,0,2.4487704e-07,1.0
2020,9,13.0,Mugello,1,0,1.8310699e-07,1.0
2020,9,14.0,Mugello,1,0,1.3464984e-07,1.0
2020,9,15.0,Mugello,1,0,9.064754e-06,1.0
2020,9,16.0,Mugello,1,0,4.0736784e-05,1.0
2020,9,17.0,Mugello,1,0,1.1679244e-06,1.0
2020,9,18.0,Mugello,1,0,0.00011456517,1.0
2020,9,19.0,Mugello,1,0,0.00010473665,1.0
2020,9,20.0,Mugello,1,0,5.677008e-06,1.0
2020,9,21.0,Mugello,1,0,0.0005381684,1.0
2020,9,22.0,Mugello,1,0,7.761939e-06,1.0
2020,9,23.0,Mugello,1,0,4.8804303e-08,1.0
2020,9,24.0,Mugello,1,0,8.831309e-06,1.0
2020,9,25.0,Mugello,1,0,1.2992276e-05,1.0
2020,9,26.0,Mugello,1,0,6.194313e-05,1.0
2020,9,27.0,Mugello,1,0,6.062392e-06,1.0
2020,9,28.0,Mugello,1,0,0.012614367,1.0
2020,9,29.0,Mugello,1,0,0.00019573125,1.0
2020,9,30.0,Mugello,1,0,5.8203506e-05,1.0
2020,9,31.0,Mugello,1,0,3.942021e-05,1.0
2020,9,32.0,Mugello,1,0,0.00092208444,1.0
2020,9,33.0,Mugello,1,0,0.00017496172,1.0
2020,9,34.0,Mugello,1,0,9.847101e-05,1.0
2020,9,35.0,Mugello,1,0,1.2170022e-05,1.0
2020,9,36.0,Mugello,1,0,1.5070382e-05,1.0
2020,9,37.0,Mugello,1,0,0.00021729192,1.0
2020,9,38.0,Mugello,1,0,0.0015574442,1.0
2020,9,39.0,Mugello,1,0,0.00030470305,1.0
2020,9,40.0,Mugello,1,1,0.01961817,1.0
2020,9,41.0,Mugello,1,1,0.9996834,1.0
2020,9,42.0,Mugello,1,1,0.008185192,1.0
2020,9,43.0,Mugello,124,0,0.014687961,1.0
2020,9,44.0,Mugello,4,0,0.020234123,1.0
2020,9,45.0,Mugello,45,0,0.006155305,1.0
2020,9,46.0,Mugello,1,0,2.2600447e-05,1.0
2020,9,47.0,Mugello,1,0,0.0006644546,1.0
2020,9,48.0,Mugello,1,0,0.0002070207,1.0
2020,9,49.0,Mugello,1,0,0.0005492857,1.0
2020,9,50.0,Mugello,1,0,0.0028801153,1.0
2020,9,51.0,Mugello,1,0,0.0024801758,1.0
2020,9,52.0,Mugello,1,0,0.00085158215,1.0
2020,9,53.0,Mugello,1,0,4.5453553e-06,1.0
2020,9,54.0,Mugello,1,0,7.1856307e-06,1.0
2020,9,55.0,Mugello,1,0,1.2939967e-06,1.0
2020,9,56.0,Mugello,1,0,3.7843833e-07,1.0
2020,9,57.0,Mugello,1,0,9.513257e-06,1.0
2020,9,58.0,Mugello,1,0,1.7263842e-07,1.0
2020,9,59.0,Mugello,1,0,4.5333538e-05,1.0
2020,10,1.0,Sochi,124,0,0.028621607,0.0
2020,10,2.0,Sochi,4,0,0.031577073,0.0
2020,10,3.0,Sochi,4,0,0.0005572232,1.0
2020,10,4.0,Sochi,4,0,0.00033036305,1.0
2020,10,5.0,Sochi,41,0,0.00039894832,1.0
2020,10,6.0,Sochi,1,0,0.0004405584,1.0
2020,10,7.0,Sochi,1,0,8.601292e-06,1.0
2020,10,8.0,Sochi,1,0,0.0002234628,1.0
2020,10,9.0,Sochi,1,0,0.00027356774,1.0
2020,10,10.0,Sochi,1,0,0.00078162825,1.0
2020,10,11.0,Sochi,1,0,0.0009962574,1.0
2020,10,12.0,Sochi,1,0,1.6148602e-05,1.0
2020,10,13.0,Sochi,1,0,6.4396874e-05,1.0
2020,10,14.0,Sochi,1,0,1.7505112e-05,1.0
2020,10,15.0,Sochi,1,0,8.21071e-05,1.0
2020,10,16.0,Sochi,1,0,0.00017791182,1.0
2020,10,17.0,Sochi,1,0,1.3853348e-05,1.0
2020,10,18.0,Sochi,1,0,3.430102e-05,1.0
2020,10,19.0,Sochi,1,0,3.9044713e-07,1.0
2020,10,20.0,Sochi,1,0,1.141002e-05,1.0
2020,10,21.0,Sochi,1,0,3.3492797e-06,1.0
2020,10,22.0,Sochi,1,0,1.7838306e-07,1.0
2020,10,23.0,Sochi,1,0,5.4707876e-08,1.0
2020,10,24.0,Sochi,1,0,6.167701e-08,1.0
2020,10,25.0,Sochi,1,0,6.4088476e-06,1.0
2020,10,26.0,Sochi,1,0,2.8489492e-06,1.0
2020,10,27.0,Sochi,1,0,1.6156073e-05,1.0
2020,10,28.0,Sochi,1,0,5.042007e-07,1.0
2020,10,29.0,Sochi,1,0,9.64619e-08,1.0
2020,10,30.0,Sochi,1,0,0.00016763597,1.0
2020,10,31.0,Sochi,1,0,6.421303e-06,1.0
2020,10,32.0,Sochi,1,0,4.377923e-05,1.0
2020,10,33.0,Sochi,1,0,3.0622832e-05,1.0
2020,10,34.0,Sochi,1,0,1.4658955e-05,1.0
2020,10,35.0,Sochi,1,0,1.3468426e-05,1.0
2020,10,36.0,Sochi,1,0,5.38892e-07,1.0
2020,10,37.0,Sochi,1,0,3.4137793e-05,1.0
2020,10,38.0,Sochi,1,0,0.00017059002,1.0
2020,10,39.0,Sochi,1,0,1.310893e-05,1.0
2020,10,40.0,Sochi,1,0,2.4654673e-05,1.0
2020,10,41.0,Sochi,1,0,1.554796e-05,1.0
2020,10,42.0,Sochi,1,0,0.00027157736,1.0
2020,10,43.0,Sochi,167,0,1.1348025e-05,1.0
2020,10,44.0,Sochi,1,0,6.352025e-05,1.0
2020,10,45.0,Sochi,1,0,0.000295692,1.0
2020,10,46.0,Sochi,1,0,3.841398e-06,1.0
2020,10,47.0,Sochi,1,0,2.7847487e-05,1.0
2020,10,48.0,Sochi,1,0,8.637345e-05,1.0
2020,10,49.0,Sochi,1,0,0.0010907936,1.0
2020,10,50.0,Sochi,1,0,5.6435903e-05,1.0
2020,10,51.0,Sochi,1,0,5.20841e-06,1.0
2020,10,52.0,Sochi,1,0,7.949895e-06,1.0
2020,10,53.0,Sochi,1,0,4.8758644e-05,1.0
2020,11,1.0,Nürburgring,nan,0,0.0026339816,0.0
2020,11,2.0,Nürburgring,nan,0,1.2372577e-07,0.0
2020,11,3.0,Nürburgring,1,0,2.413854e-07,0.0
2020,11,4.0,Nürburgring,1,0,1.6498633e-07,0.0
2020,11,5.0,Nürburgring,1,0,9.1762774e-07,0.0
2020,11,6.0,Nürburgring,1,0,8.11935e-07,0.0
2020,11,7.0,Nürburgring,1,0,4.096298e-07,0.0
2020,11,8.0,Nürburgring,1,0,2.4210938e-06,0.0
2020,11,9.0,Nürburgring,1,0,5.3048767e-05,0.0
2020,11,10.0,Nürburgring,1,0,2.6642376e-05,0.0
2020,11,11.0,Nürburgring,1,0,2.093317e-05,0.0
2020,11,12.0,Nürburgring,1,0,8.50833e-05,0.0
2020,11,13.0,Nürburgring,12,0,0.048982352,0.0
2020,11,14.0,Nürburgring,12,0,0.0001568492,0.0
2020,11,15.0,Nürburgring,1,0,2.2005038e-06,0.0
2020,11,16.0,Nürburgring,16,0,0.42857656,0.0
2020,11,17.0,Nürburgring,6712,0,0.7051082,0.0
2020,11,18.0,Nürburgring,2,0,0.7556626,0.0
2020,11,19.0,Nürburgring,2,0,0.9746319,0.0
2020,11,20.0,Nürburgring,21,0,1.3757823e-06,0.0
2020,11,21.0,Nürburgring,1,0,1.178234e-05,0.0
2020,11,22.0,Nürburgring,1,0,1.0438231e-05,0.0
2020,11,23.0,Nürburgring,1,0,0.00053013366,0.0
2020,11,24.0,Nürburgring,1,0,8.665007e-05,0.0
2020,11,25.0,Nürburgring,1,0,2.8841298e-05,0.0
2020,11,26.0,Nürburgring,1,0,0.00094947766,0.0
2020,11,27.0,Nürburgring,1,0,1.2348898e-05,0.0
2020,11,28.0,Nürburgring,1,0,5.75147e-05,0.0
2020,11,29.0,Nürburgring,1,0,0.0011638126,0.0
2020,11,30.0,Nürburgring,1,0,0.00062616135,0.0
2020,11,31.0,Nürburgring,1,0,0.0015137685,0.0
2020,11,32.0,Nürburgring,1,0,1.6652819e-05,0.0
2020,11,33.0,Nürburgring,1,0,0.00011165756,0.0
2020,11,34.0,Nürburgring,1,0,0.0022885,0.0
2020,11,35.0,Nürburgring,1,0,0.00046732335,0.0
2020,11,36.0,Nürburgring,1,0,0.0002670028,0.0
2020,11,37.0,Nürburgring,1,0,0.0069851824,0.0
2020,11,38.0,Nürburgring,1,0,0.000101726604,0.0
2020,11,39.0,Nürburgring,1,0,0.005471018,0.0
2020,11,40.0,Nürburgring,1,0,2.5066407e-05,0.0
2020,11,41.0,Nürburgring,1,0,2.0614829e-05,0.0
2020,11,42.0,Nürburgring,1,1,0.9998235,0.0
2020,11,43.0,Nürburgring,1,1,0.99982125,0.0
2020,11,44.0,Nürburgring,1,1,0.999723,0.0
2020,11,45.0,Nürburgring,124,0,0.9759496,0.0
2020,11,46.0,Nürburgring,4,0,0.97251725,0.0
2020,11,47.0,Nürburgring,4,0,0.7725043,1.0
2020,11,48.0,Nürburgring,4,0,0.7518214,1.0
2020,11,49.0,Nürburgring,41,0,0.93046707,1.0
2020,11,50.0,Nürburgring,1,0,0.00019717168,1.0
2020,11,51.0,Nürburgring,1,0,6.734088e-05,1.0
2020,11,52.0,Nürburgring,1,0,5.441163e-05,1.0
2020,11,53.0,Nürburgring,1,0,2.7303577e-06,1.0
2020,11,54.0,Nürburgring,1,0,8.99873e-05,1.0
2020,11,55.0,Nürburgring,1,0,7.203596e-07,1.0
2020,11,56.0,Nürburgring,1,0,5.0614744e-06,1.0
2020,11,57.0,Nürburgring,1,0,3.1377948e-07,1.0
2020,11,58.0,Nürburgring,1,0,5.9687634e-05,1.0
2020,11,59.0,Nürburgring,1,0,0.00037809668,1.0
2020,11,60.0,Nürburgring,1,0,9.130048e-06,1.0
2020,12,1.0,Portimão,12,0,0.019858873,0.0
2020,12,2.0,Portimão,1,0,4.4120015e-06,0.0
2020,12,3.0,Portimão,1,0,5.439541e-08,0.0
2020,12,4.0,Portimão,1,0,9.776046e-07,0.0
2020,12,5.0,Portimão,1,0,1.7215516e-08,0.0
2020,12,6.0,Portimão,1,0,6.17094e-06,0.0
2020,12,7.0,Portimão,1,0,2.0508789e-07,0.0
2020,12,8.0,Portimão,1,0,4.8157035e-05,0.0
2020,12,9.0,Portimão,1,0,0.00024101048,0.0
2020,12,10.0,Portimão,1,0,1.8538412e-05,0.0
2020,12,11.0,Portimão,1,0,0.0010789561,0.0
2020,12,12.0,Portimão,1,0,4.450613e-07,0.0
2020,12,13.0,Portimão,1,0,1.6473712e-05,0.0
2020,12,14.0,Portimão,1,0,1.526535e-06,0.0
2020,12,15.0,Portimão,1,0,3.293187e-06,0.0
2020,12,16.0,Portimão,1,0,1.7092294e-05,0.0
2020,12,17.0,Portimão,1,0,7.747115e-05,0.0
2020,12,18.0,Portimão,1,0,3.6002973e-06,0.0
2020,12,19.0,Portimão,1,0,0.00022806982,0.0
2020,12,20.0,Portimão,1,0,2.894595e-05,0.0
2020,12,21.0,Portimão,1,0,2.2738699e-05,0.0
2020,12,22.0,Portimão,1,0,3.9484953e-06,0.0
2020,12,23.0,Portimão,1,0,0.00019872785,0.0
2020,12,24.0,Portimão,1,0,1.2994928e-05,0.0
2020,12,25.0,Portimão,1,0,5.5666e-06,0.0
2020,12,26.0,Portimão,1,0,4.116207e-07,0.0
2020,12,27.0,Portimão,1,0,9.163903e-06,0.0
2020,12,28.0,Portimão,1,0,1.4727227e-06,0.0
2020,12,29.0,Portimão,1,0,1.5623558e-06,0.0
2020,12,30.0,Portimão,1,0,3.4527363e-07,0.0
2020,12,31.0,Portimão,1,0,2.8420322e-07,0.0
2020,12,32.0,Portimão,1,0,0.00018398726,0.0
2020,12,33.0,Portimão,1,0,0.00014448867,0.0
2020,12,34.0,Portimão,1,0,9.560064e-07,0.0
2020,12,35.0,Portimão,1,0,2.0713756e-05,0.0
2020,12,36.0,Portimão,1,0,3.1671873e-06,0.0
2020,12,37.0,Portimão,1,0,8.157659e-06,0.0
2020,12,38.0,Portimão,1,0,6.588686e-06,0.0
2020,12,39.0,Portimão,1,0,8.0292426e-07,0.0
2020,12,40.0,Portimão,1,0,4.195025e-06,0.0
2020,12,41.0,Portimão,1,0,4.8891042e-08,0.0
2020,12,42.0,Portimão,1,0,1.5393385e-05,0.0
2020,12,43.0,Portimão,1,0,2.3294886e-07,0.0
2020,12,44.0,Portimão,1,0,1.9468948e-06,0.0
2020,12,45.0,Portimão,1,0,1.278883e-07,0.0
2020,12,46.0,Portimão,1,0,1.6249306e-06,0.0
2020,12,47.0,Portimão,1,0,4.8627345e-07,0.0
2020,12,48.0,Portimão,1,0,1.4578556e-07,0.0
2020,12,49.0,Portimão,1,0,1.3409435e-06,0.0
2020,12,50.0,Portimão,1,0,2.283133e-06,0.0
2020,12,51.0,Portimão,1,0,4.232853e-06,0.0
2020,12,52.0,Portimão,1,0,1.7819357e-05,0.0
2020,12,53.0,Portimão,1,0,1.9171963e-05,0.0
2020,12,54.0,Portimão,1,0,2.1510554e-05,0.0
2020,12,55.0,Portimão,1,0,6.7925885e-07,0.0
2020,12,56.0,Portimão,1,0,7.026377e-06,0.0
2020,12,57.0,Portimão,1,0,3.924218e-06,0.0
2020,12,58.0,Portimão,1,0,3.2266157e-06,0.0
2020,12,59.0,Portimão,1,0,3.2460323e-06,0.0
2020,12,60.0,Portimão,1,0,3.6088113e-07,0.0
2020,12,61.0,Portimão,1,0,1.8762947e-08,0.0
2020,12,62.0,Portimão,1,0,1.2820511e-06,0.0
2020,12,63.0,Portimão,1,0,2.8573677e-06,0.0
2020,12,64.0,Portimão,1,0,0.00010530026,0.0
2020,12,65.0,Portimão,1,0,0.00029353568,0.0
2020,12,66.0,Portimão,1,0,0.0005744119,0.0
2020,13,1.0,Imola,12,0,0.17314172,0.0
2020,13,2.0,Imola,1,0,6.4376167e-07,0.0
2020,13,3.0,Imola,1,0,1.1740576e-06,0.0
2020,13,4.0,Imola,1,0,2.0836535e-06,0.0
2020,13,5.0,Imola,1,0,6.526524e-05,0.0
2020,13,6.0,Imola,1,0,1.0115916e-06,0.0
2020,13,7.0,Imola,1,0,1.8133744e-05,0.0
2020,13,8.0,Imola,1,0,0.00085436634,0.0
2020,13,9.0,Imola,1,0,0.00063496426,0.0
2020,13,10.0,Imola,1,0,0.00016097687,0.0
2020,13,11.0,Imola,1,0,0.00046188646,0.0
2020,13,12.0,Imola,1,0,0.00016125092,0.0
2020,13,13.0,Imola,1,0,1.5378419e-05,0.0
2020,13,14.0,Imola,1,0,0.00021240822,0.0
2020,13,15.0,Imola,1,0,9.446223e-06,0.0
2020,13,16.0,Imola,1,0,0.00046123815,0.0
2020,13,17.0,Imola,1,0,0.002343041,0.0
2020,13,18.0,Imola,1,0,0.00059567613,0.0
2020,13,19.0,Imola,1,0,0.0021688598,0.0
2020,13,20.0,Imola,1,0,2.9511804e-05,0.0
2020,13,21.0,Imola,1,0,1.0199904e-05,0.0
2020,13,22.0,Imola,1,0,2.9514897e-05,0.0
2020,13,23.0,Imola,1,0,9.800047e-06,0.0
2020,13,24.0,Imola,1,0,1.6572371e-06,0.0
2020,13,25.0,Imola,1,0,4.867462e-07,0.0
2020,13,26.0,Imola,1,0,4.1972577e-05,0.0
2020,13,27.0,Imola,1,0,8.31644e-08,0.0
2020,13,28.0,Imola,1,0,0.0013757016,0.0
2020,13,29.0,Imola,12,0,0.0036532278,0.0
2020,13,30.0,Imola,26,0,0.028357603,0.0
2020,13,31.0,Imola,671,0,1.9482231e-05,0.0
2020,13,32.0,Imola,1,0,0.0009053201,0.0
2020,13,33.0,Imola,1,0,0.00038963006,0.0
2020,13,34.0,Imola,1,0,3.5713456e-05,0.0
2020,13,35.0,Imola,1,0,0.00028794736,0.0
2020,13,36.0,Imola,1,0,3.114682e-06,0.0
2020,13,37.0,Imola,1,0,1.4077772e-05,0.0
2020,13,38.0,Imola,1,0,0.00012877348,0.0
2020,13,39.0,Imola,1,0,0.0005133217,0.0
2020,13,40.0,Imola,1,0,0.00071155507,0.0
2020,13,41.0,Imola,1,0,0.00014221716,0.0
2020,13,42.0,Imola,1,0,0.006953021,0.0
2020,13,43.0,Imola,1,0,4.3300992e-05,0.0
2020,13,44.0,Imola,1,0,0.00022982291,0.0
2020,13,45.0,Imola,1,0,0.00011729624,0.0
2020,13,46.0,Imola,1,0,0.0042368006,0.0
2020,13,47.0,Imola,1,0,0.004180326,0.0
2020,13,48.0,Imola,1,1,0.99962616,0.0
2020,13,49.0,Imola,1,1,0.99965036,0.0
2020,13,50.0,Imola,1,1,0.999908,0.0
2020,13,51.0,Imola,124,0,0.8259257,0.0
2020,13,52.0,Imola,4,0,0.87922347,0.0
2020,13,53.0,Imola,4,0,0.8011519,1.0
2020,13,54.0,Imola,4,0,0.8124579,1.0
2020,13,55.0,Imola,4,0,0.6667339,1.0
2020,13,56.0,Imola,4,0,0.75752693,1.0
2020,13,57.0,Imola,41,0,0.755445,1.0
2020,13,58.0,Imola,12,0,0.5638824,1.0
2020,13,59.0,Imola,1,0,0.0004865681,1.0
2020,13,60.0,Imola,1,0,0.004017476,1.0
2020,13,61.0,Imola,1,0,0.00043483792,1.0
2020,13,62.0,Imola,1,0,0.00018844748,1.0
2020,13,63.0,Imola,1,0,1.9575011e-06,1.0
2020,14,1.0,Istanbul,12,0,0.19612542,0.0
2020,14,2.0,Istanbul,12,0,0.03638355,0.0
2020,14,3.0,Istanbul,1,0,0.0015469188,0.0
2020,14,4.0,Istanbul,1,0,0.0012364191,0.0
2020,14,5.0,Istanbul,1,0,0.00023093876,0.0
2020,14,6.0,Istanbul,1,0,0.00019731424,0.0
2020,14,7.0,Istanbul,1,0,0.0044503757,0.0
2020,14,8.0,Istanbul,1,0,0.0024759832,0.0
2020,14,9.0,Istanbul,1,0,0.014435867,0.0
2020,14,10.0,Istanbul,1,1,0.00066587585,0.0
2020,14,11.0,Istanbul,1,1,0.99970907,0.0
2020,14,12.0,Istanbul,1,1,0.9995684,0.0
2020,14,13.0,Istanbul,126,0,0.04273471,0.0
2020,14,14.0,Istanbul,6,0,0.22100088,0.0
2020,14,15.0,Istanbul,671,0,8.3333296e-05,1.0
2020,14,16.0,Istanbul,1,0,0.00039181032,1.0
2020,14,17.0,Istanbul,1,0,0.0006357139,1.0
2020,14,18.0,Istanbul,12,0,0.00070145406,1.0
2020,14,19.0,Istanbul,21,0,1.6851507e-05,1.0
2020,14,20.0,Istanbul,1,0,9.435314e-07,1.0
2020,14,21.0,Istanbul,12,0,0.00022322664,1.0
2020,14,22.0,Istanbul,1,0,3.988183e-06,1.0
2020,14,23.0,Istanbul,1,0,3.000605e-05,1.0
2020,14,24.0,Istanbul,1,0,1.0097006e-06,1.0
2020,14,25.0,Istanbul,1,0,6.7257884e-07,1.0
2020,14,26.0,Istanbul,1,0,1.2381789e-06,1.0
2020,14,27.0,Istanbul,1,0,5.932652e-06,1.0
2020,14,28.0,Istanbul,1,0,2.3076786e-06,1.0
2020,14,29.0,Istanbul,1,0,3.6723355e-07,1.0
2020,14,30.0,Istanbul,1,0,0.00021411976,1.0
2020,14,31.0,Istanbul,1,0,4.1396266e-05,1.0
2020,14,32.0,Istanbul,1,0,9.716526e-08,1.0
2020,14,33.0,Istanbul,1,0,0.00021853567,1.0
2020,14,34.0,Istanbul,12,0,0.041529655,1.0
2020,14,35.0,Istanbul,1,0,7.4650845e-05,1.0
2020,14,36.0,Istanbul,1,0,3.4418883e-06,1.0
2020,14,37.0,Istanbul,1,0,0.0015661184,1.0
2020,14,38.0,Istanbul,1,0,6.988736e-05,1.0
2020,14,39.0,Istanbul,12,0,0.0535093,1.0
2020,14,40.0,Istanbul,12,0,0.08484144,1.0
2020,14,41.0,Istanbul,21,0,5.775053e-06,1.0
2020,14,42.0,Istanbul,1,0,5.2373252e-08,1.0
2020,14,43.0,Istanbul,1,0,0.0004225868,1.0
2020,14,44.0,Istanbul,1,0,8.481211e-08,1.0
2020,14,45.0,Istanbul,1,0,9.252819e-07,1.0
2020,14,46.0,Istanbul,1,0,6.9362574e-07,1.0
2020,14,47.0,Istanbul,1,0,5.563771e-06,1.0
2020,14,48.0,Istanbul,1,0,0.00031305666,1.0
2020,14,49.0,Istanbul,12,0,1.1999162e-05,1.0
2020,14,50.0,Istanbul,1,0,0.0008708203,1.0
2020,14,51.0,Istanbul,12,0,0.763108,1.0
2020,14,52.0,Istanbul,1,0,0.004415558,1.0
2020,14,53.0,Istanbul,1,0,0.0007800828,1.0
2020,14,54.0,Istanbul,1,0,0.0009358828,1.0
2020,14,55.0,Istanbul,1,0,0.0025111232,1.0
2020,14,56.0,Istanbul,1,0,0.00026205237,1.0
2020,14,57.0,Istanbul,1,0,0.00020170146,1.0
2020,14,58.0,Istanbul,1,0,0.00012300666,1.0
2020,15,1.0,Sakhir,15,1,0.6074383,0.0
2020,15,2.0,Sakhir,1,1,0.9995078,0.0
2020,15,3.0,Sakhir,124,0,0.84417456,0.0
2020,15,4.0,Sakhir,4,0,0.8826427,0.0
2020,15,5.0,Sakhir,4,0,0.037008226,1.0
2020,15,6.0,Sakhir,4,0,0.03194361,1.0
2020,15,7.0,Sakhir,4,0,0.03934803,1.0
2020,15,8.0,Sakhir,41,0,0.0332739,1.0
2020,15,9.0,Sakhir,1,0,0.00095664983,1.0
2020,15,10.0,Sakhir,1,0,7.0475166e-05,1.0
2020,15,11.0,Sakhir,1,0,0.00034338544,1.0
2020,15,12.0,Sakhir,1,0,0.00010720195,1.0
2020,15,13.0,Sakhir,12,0,0.009694472,1.0
2020,15,14.0,Sakhir,21,0,2.862872e-06,1.0
2020,15,15.0,Sakhir,1,0,1.0232036e-06,1.0
2020,15,16.0,Sakhir,1,0,1.4100531e-06,1.0
2020,15,17.0,Sakhir,1,0,6.421879e-05,1.0
2020,15,18.0,Sakhir,1,0,0.00015604365,1.0
2020,15,19.0,Sakhir,1,0,9.0439455e-05,1.0
2020,15,20.0,Sakhir,1,0,0.00018494409,1.0
2020,15,21.0,Sakhir,1,0,0.00041016546,1.0
2020,15,22.0,Sakhir,1,0,5.4453412e-06,1.0
2020,15,23.0,Sakhir,1,0,0.00018700566,1.0
2020,15,24.0,Sakhir,1,0,0.0013189454,1.0
2020,15,25.0,Sakhir,1,0,0.002559987,1.0
2020,15,26.0,Sakhir,1,0,0.00027286884,1.0
2020,15,27.0,Sakhir,1,0,1.886885e-05,1.0
2020,15,28.0,Sakhir,1,0,4.4678627e-06,1.0
2020,15,29.0,Sakhir,1,0,3.0792933e-06,1.0
2020,15,30.0,Sakhir,1,0,2.452377e-06,1.0
2020,15,31.0,Sakhir,1,0,8.876025e-06,1.0
2020,15,32.0,Sakhir,1,0,4.7356828e-08,1.0
2020,15,33.0,Sakhir,1,0,2.4410107e-07,1.0
2020,15,34.0,Sakhir,1,0,1.0659666e-05,1.0
2020,15,35.0,Sakhir,1,0,5.3688236e-05,1.0
2020,15,36.0,Sakhir,1,0,1.5538059e-07,1.0
2020,15,37.0,Sakhir,1,0,9.033833e-07,1.0
2020,15,38.0,Sakhir,1,0,1.2866074e-06,1.0
2020,15,39.0,Sakhir,1,0,2.5678082e-05,1.0
2020,15,40.0,Sakhir,1,0,8.161242e-05,1.0
2020,15,41.0,Sakhir,1,0,0.00010549333,1.0
2020,15,42.0,Sakhir,1,0,1.675838e-05,1.0
2020,15,43.0,Sakhir,1,0,8.973572e-06,1.0
2020,15,44.0,Sakhir,1,0,3.4081193e-05,1.0
2020,15,45.0,Sakhir,1,0,6.927571e-06,1.0
2020,15,46.0,Sakhir,1,0,3.3113015e-06,1.0
2020,15,47.0,Sakhir,1,0,2.1987248e-06,1.0
2020,15,48.0,Sakhir,1,0,2.6239615e-08,1.0
2020,15,49.0,Sakhir,1,0,9.041351e-08,1.0
2020,15,50.0,Sakhir,1,0,1.3402185e-06,1.0
2020,15,51.0,Sakhir,1,0,1.8613047e-06,1.0
2020,15,52.0,Sakhir,1,0,1.2831789e-06,1.0
2020,15,53.0,Sakhir,1,0,2.2313618e-08,1.0
2020,15,54.0,Sakhir,1,0,0.0009806013,1.0
2020,15,55.0,Sakhir,124,0,0.94820035,1.0
2020,15,56.0,Sakhir,4,0,0.94558203,1.0
2020,15,57.0,Sakhir,4,0,0.83850133,1.0
2020,16,1.0,Sakhir,124,0,0.008260301,0.0
2020,16,2.0,Sakhir,4,0,0.026794983,0.0
2020,16,3.0,Sakhir,4,0,0.00049352006,1.0
2020,16,4.0,Sakhir,4,0,0.00014909814,1.0
2020,16,5.0,Sakhir,4,0,0.00016740627,1.0
2020,16,6.0,Sakhir,41,0,0.00010038101,1.0
2020,16,7.0,Sakhir,1,0,8.561367e-09,1.0
2020,16,8.0,Sakhir,1,0,2.4809927e-08,1.0
2020,16,9.0,Sakhir,1,0,5.8735424e-07,1.0
2020,16,10.0,Sakhir,1,0,3.275589e-07,1.0
2020,16,11.0,Sakhir,1,0,3.7719428e-09,1.0
2020,16,12.0,Sakhir,1,0,4.7069207e-07,1.0
2020,16,13.0,Sakhir,1,0,2.4859835e-07,1.0
2020,16,14.0,Sakhir,1,0,6.778611e-08,1.0
2020,16,15.0,Sakhir,1,0,1.2628e-08,1.0
2020,16,16.0,Sakhir,1,0,2.6553362e-09,1.0
2020,16,17.0,Sakhir,1,0,5.034783e-09,1.0
2020,16,18.0,Sakhir,1,0,7.527421e-08,1.0
2020,16,19.0,Sakhir,1,0,7.5837464e-10,1.0
2020,16,20.0,Sakhir,1,0,4.6470328e-07,1.0
2020,16,21.0,Sakhir,1,0,3.0261894e-05,1.0
2020,16,22.0,Sakhir,1,0,1.3049565e-07,1.0
2020,16,23.0,Sakhir,1,0,1.8531573e-05,1.0
2020,16,24.0,Sakhir,1,0,3.3368808e-05,1.0
2020,16,25.0,Sakhir,1,0,4.984212e-07,1.0
2020,16,26.0,Sakhir,1,0,4.2194508e-05,1.0
2020,16,27.0,Sakhir,1,0,0.006513508,1.0
2020,16,28.0,Sakhir,1,0,0.0009498178,1.0
2020,16,29.0,Sakhir,1,0,0.00020522634,1.0
2020,16,30.0,Sakhir,1,0,4.6938552e-05,1.0
2020,16,31.0,Sakhir,1,0,3.7549755e-06,1.0
2020,16,32.0,Sakhir,1,0,0.000672381,1.0
2020,16,33.0,Sakhir,1,0,0.001966975,1.0
2020,16,34.0,Sakhir,1,0,0.0005061062,1.0
2020,16,35.0,Sakhir,1,0,0.0009631311,1.0
2020,16,36.0,Sakhir,1,0,0.00014412787,1.0
2020,16,37.0,Sakhir,1,0,6.4894426e-05,1.0
2020,16,38.0,Sakhir,1,0,2.1435604e-05,1.0
2020,16,39.0,Sakhir,1,0,0.00014175156,1.0
2020,16,40.0,Sakhir,1,0,1.9203117e-06,1.0
2020,16,41.0,Sakhir,1,0,6.795507e-05,1.0
2020,16,42.0,Sakhir,1,0,0.00015607981,1.0
2020,16,43.0,Sakhir,1,0,3.190921e-05,1.0
2020,16,44.0,Sakhir,1,0,3.9656476e-07,1.0
2020,16,45.0,Sakhir,1,0,1.8195742e-05,1.0
2020,16,46.0,Sakhir,1,0,0.0002902862,1.0
2020,16,47.0,Sakhir,1,0,2.7555945e-05,1.0
2020,16,48.0,Sakhir,1,0,0.0026333504,1.0
2020,16,49.0,Sakhir,1,0,4.8269033e-08,1.0
2020,16,50.0,Sakhir,1,0,0.00039109812,1.0
2020,16,51.0,Sakhir,1,0,3.4380523e-07,1.0
2020,16,52.0,Sakhir,1,0,2.967962e-05,1.0
2020,16,53.0,Sakhir,1,0,0.001508272,1.0
2020,16,54.0,Sakhir,12,0,0.88075185,1.0
2020,16,55.0,Sakhir,26,0,0.033981677,1.0
2020,16,56.0,Sakhir,671,0,0.07484785,1.0
2020,16,57.0,Sakhir,1,0,0.007042569,1.0
2020,16,58.0,Sakhir,1,1,0.9877501,1.0
2020,16,59.0,Sakhir,1,1,0.99977225,1.0
2020,16,60.0,Sakhir,1,1,0.9995003,1.0
2020,16,61.0,Sakhir,12,0,0.8354817,1.0
2020,16,62.0,Sakhir,264,0,0.81031466,1.0
2020,16,63.0,Sakhir,4,0,0.80193377,1.0
2020,16,64.0,Sakhir,4,0,0.92510194,1.0
2020,16,65.0,Sakhir,4,0,0.94467807,1.0
2020,16,66.0,Sakhir,4,0,0.96514267,1.0
2020,16,67.0,Sakhir,4,0,0.93208766,1.0
2020,16,68.0,Sakhir,41,0,0.61502826,1.0
2020,16,69.0,Sakhir,1,0,0.0021250532,1.0
2020,16,70.0,Sakhir,1,0,2.0721245e-05,1.0
2020,16,71.0,Sakhir,1,0,4.57181e-05,1.0
2020,16,72.0,Sakhir,1,0,5.546959e-07,1.0
2020,16,73.0,Sakhir,1,0,2.3368477e-06,1.0
2020,16,74.0,Sakhir,1,0,1.6523402e-06,1.0
2020,16,75.0,Sakhir,1,0,5.5884175e-07,1.0
2020,16,76.0,Sakhir,1,0,2.7800434e-06,1.0
2020,16,77.0,Sakhir,1,0,4.1285657e-06,1.0
2020,16,78.0,Sakhir,1,0,0.0011814518,1.0
2020,16,79.0,Sakhir,1,0,0.00017773666,1.0
2020,16,80.0,Sakhir,1,0,7.0667306e-06,1.0
2020,16,81.0,Sakhir,1,0,0.00082820735,1.0
2020,16,82.0,Sakhir,1,0,2.5850932e-05,1.0
2020,16,83.0,Sakhir,1,0,6.552322e-05,1.0
2020,16,84.0,Sakhir,1,0,2.4973162e-06,1.0
2020,16,85.0,Sakhir,1,0,0.00017366216,1.0
2020,16,86.0,Sakhir,1,0,0.0007712874,1.0
2020,16,87.0,Sakhir,1,0,0.00026957758,1.0
2020,17,1.0,Yas Island,1,0,0.007983303,0.0
2020,17,2.0,Yas Island,1,0,0.0019820046,0.0
2020,17,3.0,Yas Island,1,0,0.0027153883,0.0
2020,17,4.0,Yas Island,1,0,2.7373258e-05,0.0
2020,17,5.0,Yas Island,1,0,0.008703478,0.0
2020,17,6.0,Yas Island,1,0,0.010243804,0.0
2020,17,7.0,Yas Island,1,1,0.999524,0.0
2020,17,8.0,Yas Island,1,1,0.99958175,0.0
2020,17,9.0,Yas Island,1,1,0.99974567,0.0
2020,17,10.0,Yas Island,126,0,0.028689101,0.0
2020,17,11.0,Yas Island,64,0,0.01918648,0.0
2020,17,12.0,Yas Island,4,0,0.008751934,0.0
2020,17,13.0,Yas Island,41,0,0.0006233069,1.0
2020,17,14.0,Yas Island,1,0,0.00051034597,1.0
2020,17,15.0,Yas Island,1,0,8.39857e-05,1.0
2020,17,16.0,Yas Island,1,0,1.0743762e-05,1.0
2020,17,17.0,Yas Island,1,0,3.8138554e-05,1.0
2020,17,18.0,Yas Island,1,0,0.0012001438,1.0
2020,17,19.0,Yas Island,1,0,0.0004055825,1.0
2020,17,20.0,Yas Island,1,0,0.0014260405,1.0
2020,17,21.0,Yas Island,1,0,0.00022429253,1.0
2020,17,22.0,Yas Island,1,0,1.4996747e-05,1.0
2020,17,23.0,Yas Island,1,0,6.526617e-05,1.0
2020,17,24.0,Yas Island,1,0,0.001667807,1.0
2020,17,25.0,Yas Island,1,0,3.4778004e-06,1.0
2020,17,26.0,Yas Island,1,0,1.5225125e-05,1.0
2020,17,27.0,Yas Island,1,0,3.464813e-05,1.0
2020,17,28.0,Yas Island,1,0,3.991546e-05,1.0
2020,17,29.0,Yas Island,1,0,4.9936905e-05,1.0
2020,17,30.0,Yas Island,1,0,0.00028960587,1.0
2020,17,31.0,Yas Island,1,0,0.0004957691,1.0
2020,17,32.0,Yas Island,1,0,2.3852206e-05,1.0
2020,17,33.0,Yas Island,1,0,0.002182514,1.0
2020,17,34.0,Yas Island,1,0,0.00090803014,1.0
2020,17,35.0,Yas Island,1,0,0.0027585744,1.0
2020,17,36.0,Yas Island,1,0,1.368531e-05,1.0
2020,17,37.0,Yas Island,1,0,1.029393e-05,1.0
2020,17,38.0,Yas Island,1,0,4.0970226e-05,1.0
2020,17,39.0,Yas Island,1,0,2.0211157e-05,1.0
2020,17,40.0,Yas Island,1,0,3.2027858e-06,1.0
2020,17,41.0,Yas Island,1,0,8.267661e-06,1.0
2020,17,42.0,Yas Island,1,0,2.3806233e-05,1.0
2020,17,43.0,Yas Island,1,0,8.199645e-06,1.0
2020,17,44.0,Yas Island,1,0,5.4756583e-05,1.0
2020,17,45.0,Yas Island,1,0,9.930149e-06,1.0
2020,17,46.0,Yas Island,1,0,1.3768987e-05,1.0
2020,17,47.0,Yas Island,1,0,2.4514917e-05,1.0
2020,17,48.0,Yas Island,1,0,1.1601954e-05,1.0
2020,17,49.0,Yas Island,1,0,0.0003500072,1.0
2020,17,50.0,Yas Island,1,0,0.0026261192,1.0
2020,17,51.0,Yas Island,1,0,5.6965735e-05,1.0
2020,17,52.0,Yas Island,1,0,0.00023858332,1.0
2020,17,53.0,Yas Island,1,0,0.000518219,1.0
2020,17,54.0,Yas Island,1,0,0.000121440054,1.0
2020,17,55.0,Yas Island,1,0,0.00019180658,1.0
2021,1,1.0,Sakhir,124,0,0.9598963,0.0
2021,1,2.0,Sakhir,4,0,0.8222136,0.0
2021,1,3.0,Sakhir,41,0,0.0162083,1.0
2021,1,4.0,Sakhir,126,0,0.025841197,1.0
2021,1,5.0,Sakhir,671,0,0.051576708,1.0
2021,1,6.0,Sakhir,1,0,1.9826078e-07,1.0
2021,1,7.0,Sakhir,1,0,6.52984e-08,1.0
2021,1,8.0,Sakhir,1,0,2.9569921e-05,1.0
2021,1,9.0,Sakhir,1,0,3.0193314e-05,1.0
2021,1,10.0,Sakhir,1,0,9.868722e-05,1.0
2021,1,11.0,Sakhir,1,0,2.2454908e-06,1.0
2021,1,12.0,Sakhir,1,0,4.379379e-06,1.0
2021,1,13.0,Sakhir,1,0,1.5397732e-06,1.0
2021,1,14.0,Sakhir,1,0,0.0001158379,1.0
2021,1,15.0,Sakhir,1,0,6.4068854e-06,1.0
2021,1,16.0,Sakhir,1,0,9.808593e-05,1.0
2021,1,17.0,Sakhir,1,0,0.0023035773,1.0
2021,1,18.0,Sakhir,1,0,0.0024567482,1.0
2021,1,19.0,Sakhir,1,0,0.00027825663,1.0
2021,1,20.0,Sakhir,1,0,1.5150878e-05,1.0
2021,1,21.0,Sakhir,1,0,2.2602062e-05,1.0
2021,1,22.0,Sakhir,1,0,1.5942533e-05,1.0
2021,1,23.0,Sakhir,1,0,2.5213305e-06,1.0
2021,1,24.0,Sakhir,1,0,2.1340027e-05,1.0
2021,1,25.0,Sakhir,1,0,0.0011786182,1.0
2021,1,26.0,Sakhir,1,0,0.00040251785,1.0
2021,1,27.0,Sakhir,1,0,5.43482e-06,1.0
2021,1,28.0,Sakhir,1,0,5.7977877e-07,1.0
2021,1,29.0,Sakhir,1,0,0.00020045602,1.0
2021,1,30.0,Sakhir,1,0,1.7416793e-05,1.0
2021,1,31.0,Sakhir,1,0,3.1257852e-07,1.0
2021,1,32.0,Sakhir,1,0,0.00024267645,1.0
2021,1,33.0,Sakhir,1,0,0.0004735917,1.0
2021,1,34.0,Sakhir,1,0,5.4823163e-06,1.0
2021,1,35.0,Sakhir,1,0,9.767941e-06,1.0
2021,1,36.0,Sakhir,1,0,5.6320954e-05,1.0
2021,1,37.0,Sakhir,1,0,1.0495556e-05,1.0
2021,1,38.0,Sakhir,1,0,3.6768488e-05,1.0
2021,1,39.0,Sakhir,1,0,3.7525777e-05,1.0
2021,1,40.0,Sakhir,1,0,6.060428e-05,1.0
2021,1,41.0,Sakhir,1,0,6.998134e-09,1.0
2021,1,42.0,Sakhir,1,0,1.18104e-07,1.0
2021,1,43.0,Sakhir,1,0,3.5297126e-05,1.0
2021,1,44.0,Sakhir,12,0,1.5678486e-06,1.0
2021,1,45.0,Sakhir,21,0,1.7075896e-06,1.0
2021,1,46.0,Sakhir,1,0,2.6611536e-07,1.0
2021,1,47.0,Sakhir,1,0,2.7042255e-08,1.0
2021,1,48.0,Sakhir,1,0,8.846977e-09,1.0
2021,1,49.0,Sakhir,1,0,6.8242856e-09,1.0
2021,1,50.0,Sakhir,1,0,4.8156204e-07,1.0
2021,1,51.0,Sakhir,1,0,2.7339997e-08,1.0
2021,1,52.0,Sakhir,1,0,2.1100675e-06,1.0
2021,1,53.0,Sakhir,1,0,0.000976851,1.0
2021,1,54.0,Sakhir,1,0,0.00023239617,1.0
2021,1,55.0,Sakhir,1,0,5.3975713e-05,1.0
2021,1,56.0,Sakhir,1,0,3.6080787e-06,1.0
2021,2,1.0,Imola,124,0,0.029749453,0.0
2021,2,2.0,Imola,24,0,0.050887074,0.0
2021,2,3.0,Imola,4,0,0.10603564,0.0
2021,2,4.0,Imola,4,0,0.002018817,1.0
2021,2,5.0,Imola,4,0,0.005268741,1.0
2021,2,6.0,Imola,41,0,0.000901857,1.0
2021,2,7.0,Imola,1,0,4.0646864e-06,1.0
2021,2,8.0,Imola,1,0,6.699561e-07,1.0
2021,2,9.0,Imola,1,0,1.657502e-08,1.0
2021,2,10.0,Imola,12,0,0.0061374814,1.0
2021,2,11.0,Imola,1,0,9.679085e-07,1.0
2021,2,12.0,Imola,1,0,4.692735e-07,1.0
2021,2,13.0,Imola,12,0,0.7531242,1.0
2021,2,14.0,Imola,1,0,6.6062403e-06,1.0
2021,2,15.0,Imola,1,0,4.2215153e-05,1.0
2021,2,16.0,Imola,1,0,4.6363647e-07,1.0
2021,2,17.0,Imola,1,0,2.685752e-07,1.0
2021,2,18.0,Imola,1,0,2.0594341e-07,1.0
2021,2,19.0,Imola,1,0,2.6712125e-06,1.0
2021,2,20.0,Imola,1,0,5.5148945e-07,1.0
2021,2,21.0,Imola,1,0,0.00023811747,1.0
2021,2,22.0,Imola,1,0,0.00012591023,1.0
2021,2,23.0,Imola,1,0,0.000974976,1.0
2021,2,24.0,Imola,1,0,6.28636e-05,1.0
2021,2,25.0,Imola,1,0,0.00046809178,1.0
2021,2,26.0,Imola,1,0,0.00653008,1.0
2021,2,27.0,Imola,1,0,0.00071618083,1.0
2021,2,28.0,Imola,1,0,2.4434219e-06,1.0
2021,2,29.0,Imola,1,0,8.5280726e-07,1.0
2021,2,30.0,Imola,1,0,1.175365e-06,1.0
2021,2,31.0,Imola,12,0,0.0021305569,1.0
2021,2,32.0,Imola,24,0,0.012185009,1.0
2021,2,33.0,Imola,45,0,0.0001275008,1.0
2021,2,34.0,Imola,1,0,0.00015581424,1.0
2021,2,35.0,Imola,12,0,2.4001276e-05,1.0
2021,2,36.0,Imola,1,0,2.2402965e-07,1.0
2021,2,37.0,Imola,1,0,4.0725055e-08,1.0
2021,2,38.0,Imola,12,0,3.1679122e-06,1.0
2021,2,39.0,Imola,1,0,1.6353482e-05,1.0
2021,2,40.0,Imola,1,0,4.0486866e-05,1.0
2021,2,41.0,Imola,1,0,1.1373171e-05,1.0
2021,2,42.0,Imola,1,0,2.2693423e-05,1.0
2021,2,43.0,Imola,1,0,8.3591055e-07,1.0
2021,2,44.0,Imola,1,0,1.2413179e-06,1.0
2021,2,45.0,Imola,1,0,1.1020982e-07,1.0
2021,2,46.0,Imola,1,0,6.3049794e-07,1.0
2021,2,47.0,Imola,1,0,1.4860347e-05,1.0
2021,2,48.0,Imola,1,0,1.1620001e-07,1.0
2021,2,49.0,Imola,1,0,3.476841e-07,1.0
2021,2,50.0,Imola,1,0,7.007649e-05,1.0
2021,2,51.0,Imola,1,0,2.9616788e-07,1.0
2021,2,52.0,Imola,1,0,7.274729e-05,1.0
2021,2,53.0,Imola,1,0,4.3180694e-07,1.0
2021,2,54.0,Imola,1,0,2.1298217e-06,1.0
2021,2,55.0,Imola,1,0,8.239089e-06,1.0
2021,2,56.0,Imola,1,0,5.225512e-07,1.0
2021,2,57.0,Imola,1,0,9.838394e-06,1.0
2021,2,58.0,Imola,1,0,5.500184e-06,1.0
2021,2,59.0,Imola,1,0,2.5127269e-05,1.0
2021,2,60.0,Imola,1,0,4.874151e-06,1.0
2021,2,61.0,Imola,1,0,4.0292394e-05,1.0
2021,2,62.0,Imola,12,0,0.0008991727,1.0
2021,2,63.0,Imola,1,0,5.925664e-07,1.0
2021,3,1.0,Portimão,1,0,3.942382e-05,0.0
2021,3,2.0,Portimão,14,0,0.029558431,0.0
2021,3,3.0,Portimão,4,0,0.0139307855,0.0
2021,3,4.0,Portimão,4,0,0.00027501627,1.0
2021,3,5.0,Portimão,4,0,0.0006476479,1.0
2021,3,6.0,Portimão,41,0,0.0002685471,1.0
2021,3,7.0,Portimão,1,0,0.0022659258,1.0
2021,3,8.0,Portimão,1,0,0.001241033,1.0
2021,3,9.0,Portimão,1,0,0.002864101,1.0
2021,3,10.0,Portimão,1,0,0.002525624,1.0
2021,3,11.0,Portimão,1,0,1.2624187e-05,1.0
2021,3,12.0,Portimão,1,0,2.2380005e-05,1.0
2021,3,13.0,Portimão,1,0,2.4514277e-06,1.0
2021,3,14.0,Portimão,1,0,2.608401e-05,1.0
2021,3,15.0,Portimão,1,0,1.8910228e-05,1.0
2021,3,16.0,Portimão,1,0,9.45043e-06,1.0
2021,3,17.0,Portimão,1,0,1.2291222e-06,1.0
2021,3,18.0,Portimão,1,0,0.0001747525,1.0
2021,3,19.0,Portimão,1,0,2.4716775e-05,1.0
2021,3,20.0,Portimão,1,0,1.2757079e-06,1.0
2021,3,21.0,Portimão,1,0,1.0754409e-06,1.0
2021,3,22.0,Portimão,1,0,3.7332604e-05,1.0
2021,3,23.0,Portimão,1,0,0.00017091547,1.0
2021,3,24.0,Portimão,1,0,4.862841e-06,1.0
2021,3,25.0,Portimão,1,0,0.00016213344,1.0
2021,3,26.0,Portimão,1,0,3.188786e-07,1.0
2021,3,27.0,Portimão,1,0,0.00013546833,1.0
2021,3,28.0,Portimão,1,0,4.838951e-08,1.0
2021,3,29.0,Portimão,1,0,0.00042778676,1.0
2021,3,30.0,Portimão,1,0,4.0717566e-07,1.0
2021,3,31.0,Portimão,1,0,4.675864e-05,1.0
2021,3,32.0,Portimão,1,0,5.313342e-05,1.0
2021,3,33.0,Portimão,1,0,3.6453005e-07,1.0
2021,3,34.0,Portimão,1,0,1.6684791e-07,1.0
2021,3,35.0,Portimão,1,0,6.2608855e-08,1.0
2021,3,36.0,Portimão,1,0,1.6734828e-07,1.0
2021,3,37.0,Portimão,1,0,4.399376e-06,1.0
2021,3,38.0,Portimão,1,0,9.91399e-08,1.0
2021,3,39.0,Portimão,1,0,1.5539312e-08,1.0
2021,3,40.0,Portimão,1,0,2.732087e-06,1.0
2021,3,41.0,Portimão,1,0,2.8043362e-06,1.0
2021,3,42.0,Portimão,1,0,3.8250434e-07,1.0
2021,3,43.0,Portimão,1,0,8.4428603e-07,1.0
2021,3,44.0,Portimão,1,0,1.7676105e-06,1.0
2021,3,45.0,Portimão,1,0,2.6378237e-05,1.0
2021,3,46.0,Portimão,1,0,3.1152528e-08,1.0
2021,3,47.0,Portimão,1,0,2.914708e-06,1.0
2021,3,48.0,Portimão,1,0,5.070863e-07,1.0
2021,3,49.0,Portimão,1,0,1.4451442e-06,1.0
2021,3,50.0,Portimão,1,0,8.652075e-07,1.0
2021,3,51.0,Portimão,1,0,4.0172936e-06,1.0
2021,3,52.0,Portimão,1,0,4.635857e-06,1.0
2021,3,53.0,Portimão,1,0,1.6317324e-07,1.0
2021,3,54.0,Portimão,1,0,2.1444166e-06,1.0
2021,3,55.0,Portimão,1,0,2.9800097e-07,1.0
2021,3,56.0,Portimão,1,0,2.863459e-06,1.0
2021,3,57.0,Portimão,1,0,4.5209926e-08,1.0
2021,3,58.0,Portimão,1,0,7.5045264e-08,1.0
2021,3,59.0,Portimão,1,0,1.9941675e-09,1.0
2021,3,60.0,Portimão,1,0,3.4115293e-09,1.0
2021,3,61.0,Portimão,1,0,7.425186e-10,1.0
2021,3,62.0,Portimão,1,0,1.8731218e-07,1.0
2021,3,63.0,Portimão,1,0,4.6600803e-07,1.0
2021,3,64.0,Portimão,1,0,1.0108465e-07,1.0
2021,3,65.0,Portimão,1,0,8.865281e-07,1.0
2021,3,66.0,Portimão,1,0,9.745327e-09,1.0
2021,4,1.0,Barcelona,1,0,0.049386695,0.0
2021,4,2.0,Barcelona,1,0,0.003792531,0.0
2021,4,3.0,Barcelona,1,0,0.005023135,0.0
2021,4,4.0,Barcelona,1,0,0.004768938,0.0
2021,4,5.0,Barcelona,1,1,0.99957234,0.0
2021,4,6.0,Barcelona,1,1,0.9997737,0.0
2021,4,7.0,Barcelona,1,1,0.99983585,0.0
2021,4,8.0,Barcelona,124,0,0.92976266,0.0
2021,4,9.0,Barcelona,4,0,0.94481194,0.0
2021,4,10.0,Barcelona,41,0,0.0362591,1.0
2021,4,11.0,Barcelona,1,0,1.7963002e-05,1.0
2021,4,12.0,Barcelona,1,0,1.3569271e-05,1.0
2021,4,13.0,Barcelona,1,0,2.3541945e-06,1.0
2021,4,14.0,Barcelona,1,0,1.8956331e-06,1.0
2021,4,15.0,Barcelona,1,0,2.684382e-07,1.0
2021,4,16.0,Barcelona,1,0,2.175145e-06,1.0
2021,4,17.0,Barcelona,1,0,0.00012162316,1.0
2021,4,18.0,Barcelona,1,0,1.9495092e-05,1.0
2021,4,19.0,Barcelona,1,0,0.00025179054,1.0
2021,4,20.0,Barcelona,1,0,6.1184044e-05,1.0
2021,4,21.0,Barcelona,1,0,5.2546082e-05,1.0
2021,4,22.0,Barcelona,1,0,1.9782723e-05,1.0
2021,4,23.0,Barcelona,1,0,0.00015431392,1.0
2021,4,24.0,Barcelona,1,0,8.3996133e-07,1.0
2021,4,25.0,Barcelona,1,0,6.8385356e-07,1.0
2021,4,26.0,Barcelona,1,0,7.76867e-06,1.0
2021,4,27.0,Barcelona,1,0,2.4697292e-05,1.0
2021,4,28.0,Barcelona,1,0,2.1118221e-05,1.0
2021,4,29.0,Barcelona,1,0,1.2458006e-05,1.0
2021,4,30.0,Barcelona,1,0,7.7142215e-07,1.0
2021,4,31.0,Barcelona,1,0,5.9428453e-06,1.0
2021,4,32.0,Barcelona,1,0,8.354481e-06,1.0
2021,4,33.0,Barcelona,1,0,4.6923426e-05,1.0
2021,4,34.0,Barcelona,1,0,1.2773116e-05,1.0
2021,4,35.0,Barcelona,1,0,2.3068477e-08,1.0
2021,4,36.0,Barcelona,1,0,2.6877244e-08,1.0
2021,4,37.0,Barcelona,1,0,4.9026707e-09,1.0
2021,4,38.0,Barcelona,1,0,1.5141917e-07,1.0
2021,4,39.0,Barcelona,1,0,5.2044595e-07,1.0
2021,4,40.0,Barcelona,1,0,4.9116534e-06,1.0
2021,4,41.0,Barcelona,1,0,4.9888004e-06,1.0
2021,4,42.0,Barcelona,1,0,2.7577198e-06,1.0
2021,4,43.0,Barcelona,1,0,2.3398526e-08,1.0
2021,4,44.0,Barcelona,1,0,5.2351866e-06,1.0
2021,4,45.0,Barcelona,1,0,2.8640518e-06,1.0
2021,4,46.0,Barcelona,1,0,7.365596e-07,1.0
2021,4,47.0,Barcelona,1,0,1.4342237e-05,1.0
2021,4,48.0,Barcelona,1,0,3.377685e-05,1.0
2021,4,49.0,Barcelona,1,0,2.4125836e-07,1.0
2021,4,50.0,Barcelona,1,0,1.0962789e-05,1.0
2021,4,51.0,Barcelona,1,0,4.4594446e-05,1.0
2021,4,52.0,Barcelona,1,0,5.978008e-06,1.0
2021,4,53.0,Barcelona,1,0,1.2974851e-06,1.0
2021,4,54.0,Barcelona,1,0,0.000115411545,1.0
2021,4,55.0,Barcelona,1,0,7.1974064e-06,1.0
2021,4,56.0,Barcelona,1,0,3.923766e-07,1.0
2021,4,57.0,Barcelona,1,0,1.2048225e-06,1.0
2021,4,58.0,Barcelona,1,0,2.605644e-05,1.0
2021,4,59.0,Barcelona,1,0,6.0432575e-07,1.0
2021,4,60.0,Barcelona,1,0,2.179112e-07,1.0
2021,4,61.0,Barcelona,1,0,1.851954e-06,1.0
2021,4,62.0,Barcelona,1,0,3.4669974e-05,1.0
2021,4,63.0,Barcelona,1,0,9.140757e-05,1.0
2021,4,64.0,Barcelona,1,0,1.2362013e-05,1.0
2021,4,65.0,Barcelona,1,0,7.460757e-06,1.0
2021,4,66.0,Barcelona,1,0,9.111017e-06,1.0
2021,5,1.0,Monte Carlo,1,0,3.8002152e-05,0.0
2021,5,2.0,Monte Carlo,1,0,7.175496e-06,0.0
2021,5,3.0,Monte Carlo,1,0,3.1070308e-06,0.0
2021,5,4.0,Monte Carlo,1,0,1.4765831e-06,0.0
2021,5,5.0,Monte Carlo,1,0,5.7325263e-08,0.0
2021,5,6.0,Monte Carlo,1,0,2.2848428e-06,0.0
2021,5,7.0,Monte Carlo,1,0,3.0060408e-05,0.0
2021,5,8.0,Monte Carlo,1,0,0.0014623397,0.0
2021,5,9.0,Monte Carlo,1,0,0.0009598741,0.0
2021,5,10.0,Monte Carlo,1,0,0.0023087491,0.0
2021,5,11.0,Monte Carlo,1,0,0.0010607668,0.0
2021,5,12.0,Monte Carlo,1,0,0.00026304187,0.0
2021,5,13.0,Monte Carlo,1,0,3.031536e-06,0.0
2021,5,14.0,Monte Carlo,1,0,8.45683e-06,0.0
2021,5,15.0,Monte Carlo,1,0,2.084331e-05,0.0
2021,5,16.0,Monte Carlo,1,0,1.2218306e-06,0.0
2021,5,17.0,Monte Carlo,1,0,8.482374e-07,0.0
2021,5,18.0,Monte Carlo,1,0,6.85037e-06,0.0
2021,5,19.0,Monte Carlo,1,0,0.00011426776,0.0
2021,5,20.0,Monte Carlo,1,0,1.2093236e-05,0.0
2021,5,21.0,Monte Carlo,1,0,1.5984377e-06,0.0
2021,5,22.0,Monte Carlo,1,0,1.145519e-05,0.0
2021,5,23.0,Monte Carlo,1,0,2.6728187e-05,0.0
2021,5,24.0,Monte Carlo,1,0,0.000117211035,0.0
2021,5,25.0,Monte Carlo,1,0,0.00028335257,0.0
2021,5,26.0,Monte Carlo,1,0,2.4582152e-05,0.0
2021,5,27.0,Monte Carlo,1,0,4.7219466e-05,0.0
2021,5,28.0,Monte Carlo,1,0,4.638121e-06,0.0
2021,5,29.0,Monte Carlo,1,0,3.1420968e-06,0.0
2021,5,30.0,Monte Carlo,1,0,1.0021239e-06,0.0
2021,5,31.0,Monte Carlo,1,0,9.6479795e-05,0.0
2021,5,32.0,Monte Carlo,1,0,0.000111663845,0.0
2021,5,33.0,Monte Carlo,1,0,1.971825e-05,0.0
2021,5,34.0,Monte Carlo,1,0,3.602851e-05,0.0
2021,5,35.0,Monte Carlo,1,0,0.00013287787,0.0
2021,5,36.0,Monte Carlo,1,0,3.0345761e-06,0.0
2021,5,37.0,Monte Carlo,1,0,0.001686456,0.0
2021,5,38.0,Monte Carlo,1,0,1.1645195e-05,0.0
2021,5,39.0,Monte Carlo,1,0,7.854101e-06,0.0
2021,5,40.0,Monte Carlo,1,0,3.367696e-06,0.0
2021,5,41.0,Monte Carlo,1,0,5.8172554e-07,0.0
2021,5,42.0,Monte Carlo,1,0,4.0381083e-06,0.0
2021,5,43.0,Monte Carlo,1,0,2.8474216e-05,0.0
2021,5,44.0,Monte Carlo,1,0,2.9029907e-05,0.0
2021,5,45.0,Monte Carlo,1,0,9.571427e-05,0.0
2021,5,46.0,Monte Carlo,1,0,1.1653905e-05,0.0
2021,5,47.0,Monte Carlo,1,0,0.00018325419,0.0
2021,5,48.0,Monte Carlo,1,0,0.00025334326,0.0
2021,5,49.0,Monte Carlo,1,0,0.00029608665,0.0
2021,5,50.0,Monte Carlo,1,0,0.0013128027,0.0
2021,5,51.0,Monte Carlo,1,0,0.0028013745,0.0
2021,5,52.0,Monte Carlo,1,0,0.0010275216,0.0
2021,5,53.0,Monte Carlo,1,0,1.2086028e-06,0.0
2021,5,54.0,Monte Carlo,1,0,3.500482e-05,0.0
2021,5,55.0,Monte Carlo,1,0,6.625199e-06,0.0
2021,5,56.0,Monte Carlo,1,0,2.8677036e-07,0.0
2021,5,57.0,Monte Carlo,1,0,4.0037263e-05,0.0
2021,5,58.0,Monte Carlo,1,0,1.4704879e-05,0.0
2021,5,59.0,Monte Carlo,1,0,2.3674502e-07,0.0
2021,5,60.0,Monte Carlo,1,0,1.0975834e-05,0.0
2021,5,61.0,Monte Carlo,1,0,2.3567411e-07,0.0
2021,5,62.0,Monte Carlo,1,0,2.0913716e-05,0.0
2021,5,63.0,Monte Carlo,1,0,3.042977e-05,0.0
2021,5,64.0,Monte Carlo,1,0,1.3117059e-05,0.0
2021,5,65.0,Monte Carlo,1,0,1.7120548e-05,0.0
2021,5,66.0,Monte Carlo,1,0,1.8348369e-07,0.0
2021,5,67.0,Monte Carlo,1,0,9.684019e-06,0.0
2021,5,68.0,Monte Carlo,1,0,1.5022435e-07,0.0
2021,5,69.0,Monte Carlo,1,0,1.5726204e-08,0.0
2021,5,70.0,Monte Carlo,1,0,3.3820046e-07,0.0
2021,5,71.0,Monte Carlo,1,0,3.9185377e-08,0.0
2021,5,72.0,Monte Carlo,1,0,5.0655316e-08,0.0
2021,5,73.0,Monte Carlo,1,0,5.292688e-08,0.0
2021,5,74.0,Monte Carlo,1,0,1.5291417e-07,0.0
2021,5,75.0,Monte Carlo,1,0,2.70795e-06,0.0
2021,5,76.0,Monte Carlo,1,0,3.154559e-05,0.0
2021,5,77.0,Monte Carlo,1,0,1.611904e-06,0.0
2021,5,78.0,Monte Carlo,1,0,9.042598e-06,0.0
2021,6,1.0,Baku,1,0,0.001032025,0.0
2021,6,2.0,Baku,1,0,0.0029831424,0.0
2021,6,3.0,Baku,1,0,0.006228702,0.0
2021,6,4.0,Baku,12,0,0.20330673,0.0
2021,6,5.0,Baku,1,0,0.0003949126,0.0
2021,6,6.0,Baku,1,0,3.8539187e-05,0.0
2021,6,7.0,Baku,1,0,6.25706e-05,0.0
2021,6,8.0,Baku,1,0,0.000858177,0.0
2021,6,9.0,Baku,1,0,0.00017262388,0.0
2021,6,10.0,Baku,1,0,3.416795e-05,0.0
2021,6,11.0,Baku,12,0,0.04619358,0.0
2021,6,12.0,Baku,21,0,0.5574953,0.0
2021,6,13.0,Baku,1,0,0.000703738,0.0
2021,6,14.0,Baku,1,0,0.0036602693,0.0
2021,6,15.0,Baku,1,0,1.6368274e-05,0.0
2021,6,16.0,Baku,1,0,3.2010848e-06,0.0
2021,6,17.0,Baku,1,0,4.876583e-06,0.0
2021,6,18.0,Baku,1,0,4.799669e-06,0.0
2021,6,19.0,Baku,1,0,0.0002892932,0.0
2021,6,20.0,Baku,1,0,0.0001668307,0.0
2021,6,21.0,Baku,1,0,0.00082878483,0.0
2021,6,22.0,Baku,1,0,7.710573e-05,0.0
2021,6,23.0,Baku,1,0,0.0029401123,0.0
2021,6,24.0,Baku,12,0,0.99798393,0.0
2021,6,25.0,Baku,12,0,0.01203802,0.0
2021,6,26.0,Baku,1,0,0.0012610568,0.0
2021,6,27.0,Baku,1,0,0.008405086,0.0
2021,6,28.0,Baku,1,1,0.9995659,0.0
2021,6,29.0,Baku,1,1,0.9997756,0.0
2021,6,30.0,Baku,1,1,0.9996871,0.0
2021,6,31.0,Baku,124,0,0.26968297,0.0
2021,6,32.0,Baku,4,0,0.26943707,0.0
2021,6,33.0,Baku,4,0,0.0023548533,1.0
2021,6,34.0,Baku,4,0,0.0012994559,1.0
2021,6,35.0,Baku,41,0,0.0024982935,1.0
2021,6,36.0,Baku,1,0,1.6378298e-06,1.0
2021,6,37.0,Baku,1,0,5.061079e-08,1.0
2021,6,38.0,Baku,1,0,1.3695274e-07,1.0
2021,6,39.0,Baku,1,0,3.8112103e-07,1.0
2021,6,40.0,Baku,1,0,6.0285363e-09,1.0
2021,6,41.0,Baku,1,0,1.7235695e-07,1.0
2021,6,42.0,Baku,1,0,4.944505e-07,1.0
2021,6,43.0,Baku,1,0,1.0479412e-07,1.0
2021,6,44.0,Baku,1,0,8.682669e-08,1.0
2021,6,45.0,Baku,1,0,9.929593e-10,1.0
2021,6,46.0,Baku,124,0,0.0029663765,1.0
2021,6,47.0,Baku,124,0,0.0012135751,1.0
2021,6,48.0,Baku,45,0,0.0012299417,1.0
2021,6,49.0,Baku,1,0,0.001294815,1.0
2021,6,50.0,Baku,12,0,0.025157636,1.0
2021,6,51.0,Baku,1,0,5.09542e-06,1.0
2021,7,1.0,Le Castellet,1,0,2.601954e-05,0.0
2021,7,2.0,Le Castellet,1,0,4.9676974e-06,0.0
2021,7,3.0,Le Castellet,1,0,1.4004006e-05,0.0
2021,7,4.0,Le Castellet,1,0,6.8832676e-05,0.0
2021,7,5.0,Le Castellet,1,0,3.5950925e-06,0.0
2021,7,6.0,Le Castellet,1,0,1.1424679e-06,0.0
2021,7,7.0,Le Castellet,1,0,4.035956e-06,0.0
2021,7,8.0,Le Castellet,1,0,1.1187935e-05,0.0
2021,7,9.0,Le Castellet,1,0,1.159316e-05,0.0
2021,7,10.0,Le Castellet,1,0,0.00021426413,0.0
2021,7,11.0,Le Castellet,1,0,4.5640968e-07,0.0
2021,7,12.0,Le Castellet,1,0,9.2640046e-05,0.0
2021,7,13.0,Le Castellet,1,0,2.4396697e-05,0.0
2021,7,14.0,Le Castellet,1,0,0.0007258644,0.0
2021,7,15.0,Le Castellet,1,0,6.1075094e-05,0.0
2021,7,16.0,Le Castellet,1,0,8.290046e-05,0.0
2021,7,17.0,Le Castellet,1,0,2.8297127e-05,0.0
2021,7,18.0,Le Castellet,1,0,9.8450924e-05,0.0
2021,7,19.0,Le Castellet,1,0,0.0003552538,0.0
2021,7,20.0,Le Castellet,1,0,1.9163126e-06,0.0
2021,7,21.0,Le Castellet,1,0,1.375274e-05,0.0
2021,7,22.0,Le Castellet,1,0,0.00042602402,0.0
2021,7,23.0,Le Castellet,1,0,4.392551e-05,0.0
2021,7,24.0,Le Castellet,1,0,0.0008022686,0.0
2021,7,25.0,Le Castellet,1,0,1.5321095e-05,0.0
2021,7,26.0,Le Castellet,1,0,8.593434e-07,0.0
2021,7,27.0,Le Castellet,1,0,0.0017820386,0.0
2021,7,28.0,Le Castellet,1,0,0.0007601616,0.0
2021,7,29.0,Le Castellet,1,0,7.77902e-06,0.0
2021,7,30.0,Le Castellet,1,0,6.6411785e-06,0.0
2021,7,31.0,Le Castellet,1,0,0.0001563117,0.0
2021,7,32.0,Le Castellet,1,0,0.00015960756,0.0
2021,7,33.0,Le Castellet,1,0,0.0020518105,0.0
2021,7,34.0,Le Castellet,1,0,4.9308015e-05,0.0
2021,7,35.0,Le Castellet,1,0,0.00062102283,0.0
2021,7,36.0,Le Castellet,1,0,2.5840114e-05,0.0
2021,7,37.0,Le Castellet,1,0,0.00041288623,0.0
2021,7,38.0,Le Castellet,1,0,0.000103200975,0.0
2021,7,39.0,Le Castellet,1,0,1.2844552e-05,0.0
2021,7,40.0,Le Castellet,1,0,6.499614e-07,0.0
2021,7,41.0,Le Castellet,1,0,9.6669855e-06,0.0
2021,7,42.0,Le Castellet,1,0,1.4345653e-07,0.0
2021,7,43.0,Le Castellet,1,0,4.107167e-06,0.0
2021,7,44.0,Le Castellet,1,0,2.1212472e-06,0.0
2021,7,45.0,Le Castellet,1,0,1.6655379e-06,0.0
2021,7,46.0,Le Castellet,1,0,5.2666186e-05,0.0
2021,7,47.0,Le Castellet,1,0,6.729312e-06,0.0
2021,7,48.0,Le Castellet,1,0,1.9074005e-06,0.0
2021,7,49.0,Le Castellet,1,0,2.48495e-07,0.0
2021,7,50.0,Le Castellet,1,0,6.5773776e-08,0.0
2021,7,51.0,Le Castellet,1,0,2.3312398e-07,0.0
2021,7,52.0,Le Castellet,1,0,9.476588e-07,0.0
2021,7,53.0,Le Castellet,1,0,5.011632e-06,0.0
2021,8,1.0,Spielberg,12,0,0.002735425,0.0
2021,8,2.0,Spielberg,1,0,1.9383363e-07,0.0
2021,8,3.0,Spielberg,1,0,5.08364e-06,0.0
2021,8,4.0,Spielberg,1,0,1.3225727e-08,0.0
2021,8,5.0,Spielberg,1,0,6.6710954e-06,0.0
2021,8,6.0,Spielberg,1,0,7.931954e-06,0.0
2021,8,7.0,Spielberg,1,0,6.0934603e-05,0.0
2021,8,8.0,Spielberg,1,0,4.945782e-05,0.0
2021,8,9.0,Spielberg,1,0,0.0001348681,0.0
2021,8,10.0,Spielberg,1,0,0.00036847315,0.0
2021,8,11.0,Spielberg,1,0,0.0010523631,0.0
2021,8,12.0,Spielberg,1,0,5.342459e-06,0.0
2021,8,13.0,Spielberg,1,0,5.0207404e-06,0.0
2021,8,14.0,Spielberg,1,0,1.1454473e-06,0.0
2021,8,15.0,Spielberg,1,0,2.7429267e-06,0.0
2021,8,16.0,Spielberg,1,0,1.8349958e-06,0.0
2021,8,17.0,Spielberg,1,0,2.105135e-06,0.0
2021,8,18.0,Spielberg,1,0,2.009353e-06,0.0
2021,8,19.0,Spielberg,1,0,4.946706e-05,0.0
2021,8,20.0,Spielberg,1,0,8.128939e-05,0.0
2021,8,21.0,Spielberg,1,0,6.614434e-07,0.0
2021,8,22.0,Spielberg,1,0,3.5116618e-06,0.0
2021,8,23.0,Spielberg,1,0,4.9512614e-06,0.0
2021,8,24.0,Spielberg,1,0,4.446054e-06,0.0
2021,8,25.0,Spielberg,1,0,2.279591e-05,0.0
2021,8,26.0,Spielberg,1,0,0.0001403497,0.0
2021,8,27.0,Spielberg,1,0,0.0012008722,0.0
2021,8,28.0,Spielberg,1,0,1.4945421e-05,0.0
2021,8,29.0,Spielberg,1,0,7.805792e-09,0.0
2021,8,30.0,Spielberg,1,0,3.2493706e-05,0.0
2021,8,31.0,Spielberg,1,0,8.145077e-08,0.0
2021,8,32.0,Spielberg,1,0,2.0589778e-05,0.0
2021,8,33.0,Spielberg,1,0,5.2712494e-07,0.0
2021,8,34.0,Spielberg,1,0,4.5935076e-06,0.0
2021,8,35.0,Spielberg,1,0,2.2310667e-07,0.0
2021,8,36.0,Spielberg,1,0,9.820637e-07,0.0
2021,8,37.0,Spielberg,1,0,6.037837e-08,0.0
2021,8,38.0,Spielberg,1,0,1.5314769e-06,0.0
2021,8,39.0,Spielberg,1,0,4.4927032e-07,0.0
2021,8,40.0,Spielberg,1,0,2.6451272e-07,0.0
2021,8,41.0,Spielberg,1,0,3.8495468e-08,0.0
2021,8,42.0,Spielberg,1,0,7.805146e-05,0.0
2021,8,43.0,Spielberg,1,0,7.6844174e-07,0.0
2021,8,44.0,Spielberg,1,0,9.807967e-06,0.0
2021,8,45.0,Spielberg,1,0,7.257872e-07,0.0
2021,8,46.0,Spielberg,1,0,5.029832e-08,0.0
2021,8,47.0,Spielberg,1,0,8.265662e-08,0.0
2021,8,48.0,Spielberg,1,0,3.6465412e-08,0.0
2021,8,49.0,Spielberg,1,0,2.807778e-07,0.0
2021,8,50.0,Spielberg,1,0,7.520934e-08,0.0
2021,8,51.0,Spielberg,1,0,7.414273e-07,0.0
2021,8,52.0,Spielberg,1,0,1.7283992e-05,0.0
2021,8,53.0,Spielberg,1,0,0.00057078095,0.0
2021,8,54.0,Spielberg,1,0,0.000110960216,0.0
2021,8,55.0,Spielberg,1,0,2.45692e-07,0.0
2021,8,56.0,Spielberg,1,0,2.2312942e-07,0.0
2021,8,57.0,Spielberg,1,0,3.1482537e-09,0.0
2021,8,58.0,Spielberg,1,0,2.0337755e-08,0.0
2021,8,59.0,Spielberg,1,0,4.239359e-07,0.0
2021,8,60.0,Spielberg,1,0,1.0731342e-07,0.0
2021,8,61.0,Spielberg,1,0,4.6602178e-08,0.0
2021,8,62.0,Spielberg,1,0,2.6239996e-07,0.0
2021,8,63.0,Spielberg,1,0,6.1708775e-08,0.0
2021,8,64.0,Spielberg,1,0,5.6068803e-09,0.0
2021,8,65.0,Spielberg,1,0,3.055294e-09,0.0
2021,8,66.0,Spielberg,1,0,2.300654e-10,0.0
2021,8,67.0,Spielberg,1,0,1.2263991e-08,0.0
2021,8,68.0,Spielberg,1,0,4.6229506e-10,0.0
2021,8,69.0,Spielberg,1,0,6.682894e-08,0.0
2021,8,70.0,Spielberg,1,0,3.7642472e-08,0.0
2021,8,71.0,Spielberg,1,0,1.0818186e-06,0.0
2021,9,1.0,Spielberg,14,0,0.016264347,0.0
2021,9,2.0,Spielberg,4,0,0.009833467,0.0
2021,9,3.0,Spielberg,41,0,0.0013266229,1.0
2021,9,4.0,Spielberg,1,0,0.00096178264,1.0
2021,9,5.0,Spielberg,1,0,0.00044073502,1.0
2021,9,6.0,Spielberg,1,0,0.0012371647,1.0
2021,9,7.0,Spielberg,1,0,3.795051e-05,1.0
2021,9,8.0,Spielberg,1,0,0.0028044668,1.0
2021,9,9.0,Spielberg,1,0,0.0014273647,1.0
2021,9,10.0,Spielberg,1,0,0.017003614,1.0
2021,9,11.0,Spielberg,1,0,0.00020309053,1.0
2021,9,12.0,Spielberg,1,0,7.317685e-05,1.0
2021,9,13.0,Spielberg,1,0,5.9023187e-05,1.0
2021,9,14.0,Spielberg,1,0,2.4085193e-05,1.0
2021,9,15.0,Spielberg,1,0,0.0009067299,1.0
2021,9,16.0,Spielberg,1,0,6.2029903e-06,1.0
2021,9,17.0,Spielberg,1,0,5.5926043e-06,1.0
2021,9,18.0,Spielberg,1,0,2.176056e-06,1.0
2021,9,19.0,Spielberg,1,0,2.8715838e-06,1.0
2021,9,20.0,Spielberg,1,0,9.7001475e-06,1.0
2021,9,21.0,Spielberg,1,0,3.739402e-06,1.0
2021,9,22.0,Spielberg,1,0,1.877422e-05,1.0
2021,9,23.0,Spielberg,1,0,3.0073854e-06,1.0
2021,9,24.0,Spielberg,1,0,1.0326131e-05,1.0
2021,9,25.0,Spielberg,1,0,6.955109e-06,1.0
2021,9,26.0,Spielberg,1,0,4.3700823e-07,1.0
2021,9,27.0,Spielberg,1,0,8.259803e-06,1.0
2021,9,28.0,Spielberg,1,0,3.6223664e-06,1.0
2021,9,29.0,Spielberg,1,0,8.8522364e-07,1.0
2021,9,30.0,Spielberg,1,0,0.00064959883,1.0
2021,9,31.0,Spielberg,1,0,0.00047436028,1.0
2021,9,32.0,Spielberg,1,0,1.4540153e-06,1.0
2021,9,33.0,Spielberg,1,0,0.0002001476,1.0
2021,9,34.0,Spielberg,1,0,0.0012262377,1.0
2021,9,35.0,Spielberg,1,0,0.00010351874,1.0
2021,9,36.0,Spielberg,1,0,4.119186e-06,1.0
2021,9,37.0,Spielberg,1,0,1.1675031e-05,1.0
2021,9,38.0,Spielberg,1,0,0.14673354,1.0
2021,9,39.0,Spielberg,1,0,5.2735384e-05,1.0
2021,9,40.0,Spielberg,1,0,0.012941666,1.0
2021,9,41.0,Spielberg,1,0,9.069068e-05,1.0
2021,9,42.0,Spielberg,1,0,7.97809e-05,1.0
2021,9,43.0,Spielberg,1,0,3.9337636e-05,1.0
2021,9,44.0,Spielberg,1,0,0.00010291314,1.0
2021,9,45.0,Spielberg,1,0,1.7097918e-05,1.0
2021,9,46.0,Spielberg,1,0,0.003708396,1.0
2021,9,47.0,Spielberg,1,0,6.750348e-05,1.0
2021,9,48.0,Spielberg,1,0,1.4399124e-05,1.0
2021,9,49.0,Spielberg,1,0,6.580943e-06,1.0
2021,9,50.0,Spielberg,1,0,0.00029879308,1.0
2021,9,51.0,Spielberg,1,0,1.4754528e-06,1.0
2021,9,52.0,Spielberg,1,0,2.8807515e-05,1.0
2021,9,53.0,Spielberg,1,0,2.5765972e-05,1.0
2021,9,54.0,Spielberg,1,0,2.4907516e-05,1.0
2021,9,55.0,Spielberg,1,0,6.4766546e-06,1.0
2021,9,56.0,Spielberg,1,0,4.22173e-06,1.0
2021,9,57.0,Spielberg,1,0,2.0932132e-05,1.0
2021,9,58.0,Spielberg,1,0,4.2345728e-06,1.0
2021,9,59.0,Spielberg,1,0,6.4490337e-07,1.0
2021,9,60.0,Spielberg,1,0,1.6533254e-06,1.0
2021,9,61.0,Spielberg,1,0,7.503224e-08,1.0
2021,9,62.0,Spielberg,1,0,2.56062e-07,1.0
2021,9,63.0,Spielberg,1,0,6.927161e-07,1.0
2021,9,64.0,Spielberg,1,0,4.4395206e-06,1.0
2021,9,65.0,Spielberg,1,0,1.1670834e-07,1.0
2021,9,66.0,Spielberg,1,0,2.3038406e-07,1.0
2021,9,67.0,Spielberg,1,0,4.071753e-07,1.0
2021,9,68.0,Spielberg,1,0,5.906746e-07,1.0
2021,9,69.0,Spielberg,1,0,1.5852863e-06,1.0
2021,9,70.0,Spielberg,1,0,4.484999e-06,1.0
2021,9,71.0,Spielberg,12,0,0.0002323009,1.0
2021,10,1.0,Silverstone,124,0,0.017921187,0.0
2021,10,2.0,Silverstone,45,0,0.0043408484,0.0
2021,10,3.0,Silverstone,1,0,0.0054167868,0.0
2021,10,4.0,Silverstone,12,0,0.0007268774,0.0
2021,10,5.0,Silverstone,1,0,0.00022641948,0.0
2021,10,6.0,Silverstone,1,0,8.6163544e-07,0.0
2021,10,7.0,Silverstone,1,0,5.9992876e-06,0.0
2021,10,8.0,Silverstone,1,0,3.210661e-05,0.0
2021,10,9.0,Silverstone,1,0,4.747608e-06,0.0
2021,10,10.0,Silverstone,1,0,0.00014994074,0.0
2021,10,11.0,Silverstone,1,0,7.468951e-05,0.0
2021,10,12.0,Silverstone,1,0,5.5822446e-05,0.0
2021,10,13.0,Silverstone,1,0,2.6756676e-05,0.0
2021,10,14.0,Silverstone,1,0,4.20404e-06,0.0
2021,10,15.0,Silverstone,1,0,4.179033e-06,0.0
2021,10,16.0,Silverstone,1,0,2.9563503e-06,0.0
2021,10,17.0,Silverstone,1,0,9.389818e-06,0.0
2021,10,18.0,Silverstone,1,0,1.1224463e-05,0.0
2021,10,19.0,Silverstone,1,0,2.86397e-06,0.0
2021,10,20.0,Silverstone,1,0,1.3230135e-07,0.0
2021,10,21.0,Silverstone,1,0,1.7330946e-06,0.0
2021,10,22.0,Silverstone,1,0,1.5532088e-06,0.0
2021,10,23.0,Silverstone,1,0,7.0375895e-06,0.0
2021,10,24.0,Silverstone,1,0,2.8036173e-05,0.0
2021,10,25.0,Silverstone,1,0,1.7795095e-06,0.0
2021,10,26.0,Silverstone,1,0,1.7319132e-06,0.0
2021,10,27.0,Silverstone,1,0,2.1920478e-05,0.0
2021,10,28.0,Silverstone,1,0,1.4271598e-07,0.0
2021,10,29.0,Silverstone,1,0,4.3341186e-07,0.0
2021,10,30.0,Silverstone,1,0,3.3768705e-05,0.0
2021,10,31.0,Silverstone,1,0,0.0021121597,0.0
2021,10,32.0,Silverstone,1,0,9.317996e-05,0.0
2021,10,33.0,Silverstone,1,0,0.0004447976,0.0
2021,10,34.0,Silverstone,1,0,0.0005901159,0.0
2021,10,35.0,Silverstone,1,0,4.2428008e-05,0.0
2021,10,36.0,Silverstone,1,0,1.5608766e-05,0.0
2021,10,37.0,Silverstone,1,0,9.698363e-06,0.0
2021,10,38.0,Silverstone,1,0,3.0900278e-06,0.0
2021,10,39.0,Silverstone,1,0,6.2521394e-05,0.0
2021,10,40.0,Silverstone,1,0,2.392072e-07,0.0
2021,10,41.0,Silverstone,1,0,4.0312065e-07,0.0
2021,10,42.0,Silverstone,1,0,2.2775179e-05,0.0
2021,10,43.0,Silverstone,1,0,5.06989e-06,0.0
2021,10,44.0,Silverstone,1,0,8.986921e-05,0.0
2021,10,45.0,Silverstone,1,0,3.310109e-05,0.0
2021,10,46.0,Silverstone,1,0,4.9246595e-05,0.0
2021,10,47.0,Silverstone,12,0,0.0008110807,0.0
2021,10,48.0,Silverstone,1,0,1.0946819e-07,0.0
2021,10,49.0,Silverstone,1,0,8.9092345e-07,0.0
2021,10,50.0,Silverstone,1,0,1.2500972e-06,0.0
2021,10,51.0,Silverstone,1,0,1.651469e-06,0.0
2021,10,52.0,Silverstone,1,0,1.875742e-06,0.0
2021,11,1.0,Budapest,124,0,0.6452815,0.0
2021,11,2.0,Budapest,45,0,0.4504627,0.0
2021,11,3.0,Budapest,1,0,0.0041113156,0.0
2021,11,4.0,Budapest,1,0,1.4902184e-05,0.0
2021,11,5.0,Budapest,1,0,2.38162e-06,0.0
2021,11,6.0,Budapest,1,0,4.3967694e-07,0.0
2021,11,7.0,Budapest,1,0,2.6668533e-05,0.0
2021,11,8.0,Budapest,1,0,7.2759496e-05,0.0
2021,11,9.0,Budapest,1,0,1.8003261e-06,0.0
2021,11,10.0,Budapest,1,0,4.2914567e-06,0.0
2021,11,11.0,Budapest,1,0,8.184842e-07,0.0
2021,11,12.0,Budapest,1,0,2.0342857e-06,0.0
2021,11,13.0,Budapest,1,0,6.3483517e-06,0.0
2021,11,14.0,Budapest,1,0,2.7427045e-06,0.0
2021,11,15.0,Budapest,1,0,1.800878e-05,0.0
2021,11,16.0,Budapest,1,0,1.0812163e-06,0.0
2021,11,17.0,Budapest,1,0,0.00010445598,0.0
2021,11,18.0,Budapest,1,0,0.0006853274,0.0
2021,11,19.0,Budapest,1,0,7.9046106e-07,0.0
2021,11,20.0,Budapest,1,0,2.8903298e-08,0.0
2021,11,21.0,Budapest,1,0,6.627561e-08,0.0
2021,11,22.0,Budapest,1,0,1.1499124e-07,0.0
2021,11,23.0,Budapest,1,0,4.418075e-08,0.0
2021,11,24.0,Budapest,1,0,1.4121401e-06,0.0
2021,11,25.0,Budapest,1,0,2.5256406e-06,0.0
2021,11,26.0,Budapest,1,0,1.9979948e-06,0.0
2021,11,27.0,Budapest,1,0,3.9714536e-07,0.0
2021,11,28.0,Budapest,1,0,1.1825235e-06,0.0
2021,11,29.0,Budapest,1,0,1.9531824e-06,0.0
2021,11,30.0,Budapest,1,0,8.806833e-07,0.0
2021,11,31.0,Budapest,1,0,6.7831706e-06,0.0
2021,11,32.0,Budapest,1,0,1.6516831e-05,0.0
2021,11,33.0,Budapest,1,0,8.17623e-05,0.0
2021,11,34.0,Budapest,1,0,0.00014076223,0.0
2021,11,35.0,Budapest,1,0,0.00031984664,0.0
2021,11,36.0,Budapest,1,0,1.5842308e-05,0.0
2021,11,37.0,Budapest,1,0,6.326856e-07,0.0
2021,11,38.0,Budapest,1,0,6.411122e-05,0.0
2021,11,39.0,Budapest,1,0,1.9902827e-05,0.0
2021,11,40.0,Budapest,1,0,1.2230769e-06,0.0
2021,11,41.0,Budapest,1,0,9.4783957e-07,0.0
2021,11,42.0,Budapest,1,0,5.7329157e-06,0.0
2021,11,43.0,Budapest,1,0,3.8417793e-06,0.0
2021,11,44.0,Budapest,1,0,2.3552147e-05,0.0
2021,11,45.0,Budapest,1,0,0.00042204798,0.0
2021,11,46.0,Budapest,1,0,0.0007271927,0.0
2021,11,47.0,Budapest,1,0,4.9586884e-05,0.0
2021,11,48.0,Budapest,1,0,1.33285375e-05,0.0
2021,11,49.0,Budapest,1,0,1.2688814e-06,0.0
2021,11,50.0,Budapest,1,0,1.3542639e-05,0.0
2021,11,51.0,Budapest,1,0,4.037374e-07,0.0
2021,11,52.0,Budapest,1,0,3.0642055e-05,0.0
2021,11,53.0,Budapest,1,0,8.8684374e-08,0.0
2021,11,54.0,Budapest,1,0,3.2134267e-06,0.0
2021,11,55.0,Budapest,1,0,1.0005302e-05,0.0
2021,11,56.0,Budapest,1,0,1.6392157e-06,0.0
2021,11,57.0,Budapest,1,0,2.6203438e-06,0.0
2021,11,58.0,Budapest,1,0,2.4037925e-05,0.0
2021,11,59.0,Budapest,1,0,6.272441e-06,0.0
2021,11,60.0,Budapest,1,0,2.8539694e-07,0.0
2021,11,61.0,Budapest,1,0,4.8410055e-07,0.0
2021,11,62.0,Budapest,1,0,9.098779e-05,0.0
2021,11,63.0,Budapest,12,0,9.867006e-06,0.0
2021,11,64.0,Budapest,1,0,2.0573073e-06,0.0
2021,11,65.0,Budapest,1,0,1.9977536e-07,0.0
2021,11,66.0,Budapest,1,0,7.1128786e-10,0.0
2021,11,67.0,Budapest,1,0,3.5932521e-09,0.0
2021,11,68.0,Budapest,1,0,2.4249124e-08,0.0
2021,11,69.0,Budapest,1,0,1.7423588e-09,0.0
2021,11,70.0,Budapest,1,0,2.6322425e-08,0.0
2021,12,1.0,Spa-Francorchamps,1,0,3.4067596e-06,0.0
2021,12,2.0,Spa-Francorchamps,1,0,0.0050199255,0.0
2021,12,3.0,Spa-Francorchamps,15,0,0.628957,0.0
2021,13,1.0,Zandvoort,1,0,0.0005389528,0.0
2021,13,2.0,Zandvoort,1,0,1.8395587e-05,0.0
2021,13,3.0,Zandvoort,1,0,1.40818e-05,0.0
2021,13,4.0,Zandvoort,1,0,1.2717885e-05,0.0
2021,13,5.0,Zandvoort,1,0,1.3742242e-07,0.0
2021,13,6.0,Zandvoort,1,0,1.1953074e-06,0.0
2021,13,7.0,Zandvoort,1,0,1.1110393e-05,0.0
2021,13,8.0,Zandvoort,1,0,0.0006398591,0.0
2021,13,9.0,Zandvoort,1,0,0.00031689974,0.0
2021,13,10.0,Zandvoort,1,0,0.0007736451,0.0
2021,13,11.0,Zandvoort,1,0,0.0016041617,0.0
2021,13,12.0,Zandvoort,1,0,0.00020359812,0.0
2021,13,13.0,Zandvoort,1,0,4.085751e-06,0.0
2021,13,14.0,Zandvoort,1,0,3.825769e-06,0.0
2021,13,15.0,Zandvoort,1,0,6.125815e-06,0.0
2021,13,16.0,Zandvoort,1,0,9.086944e-05,0.0
2021,13,17.0,Zandvoort,1,0,3.4805067e-05,0.0
2021,13,18.0,Zandvoort,1,0,3.176457e-05,0.0
2021,13,19.0,Zandvoort,1,0,2.1036532e-05,0.0
2021,13,20.0,Zandvoort,1,0,6.781269e-06,0.0
2021,13,21.0,Zandvoort,1,0,5.129549e-06,0.0
2021,13,22.0,Zandvoort,1,0,8.422881e-05,0.0
2021,13,23.0,Zandvoort,1,0,0.0019454798,0.0
2021,13,24.0,Zandvoort,1,0,5.3934393e-05,0.0
2021,13,25.0,Zandvoort,1,0,7.084739e-05,0.0
2021,13,26.0,Zandvoort,1,0,0.00023909,0.0
2021,13,27.0,Zandvoort,1,0,6.2041327e-06,0.0
2021,13,28.0,Zandvoort,1,0,0.0003892347,0.0
2021,13,29.0,Zandvoort,1,0,0.0004777664,0.0
2021,13,30.0,Zandvoort,1,0,2.6680691e-05,0.0
2021,13,31.0,Zandvoort,1,0,2.4389072e-07,0.0
2021,13,32.0,Zandvoort,1,0,7.9486854e-05,0.0
2021,13,33.0,Zandvoort,1,0,4.256546e-06,0.0
2021,13,34.0,Zandvoort,1,0,0.00030941085,0.0
2021,13,35.0,Zandvoort,1,0,8.609468e-05,0.0
2021,13,36.0,Zandvoort,1,0,1.4962429e-06,0.0
2021,13,37.0,Zandvoort,12,0,6.088629e-07,0.0
2021,13,38.0,Zandvoort,1,0,2.882295e-06,0.0
2021,13,39.0,Zandvoort,1,0,1.5794658e-06,0.0
2021,13,40.0,Zandvoort,1,0,3.762758e-06,0.0
2021,13,41.0,Zandvoort,1,0,8.9484494e-08,0.0
2021,13,42.0,Zandvoort,1,0,1.03313184e-07,0.0
2021,13,43.0,Zandvoort,1,0,2.597699e-07,0.0
2021,13,44.0,Zandvoort,1,0,9.51704e-08,0.0
2021,13,45.0,Zandvoort,1,0,1.0186761e-05,0.0
2021,13,46.0,Zandvoort,1,0,0.00019479197,0.0
2021,13,47.0,Zandvoort,1,0,4.879979e-07,0.0
2021,13,48.0,Zandvoort,1,0,4.539081e-05,0.0
2021,13,49.0,Zandvoort,1,0,1.9577476e-06,0.0
2021,13,50.0,Zandvoort,1,0,1.0198863e-05,0.0
2021,13,51.0,Zandvoort,1,0,0.00013631019,0.0
2021,13,52.0,Zandvoort,1,0,5.929036e-05,0.0
2021,13,53.0,Zandvoort,1,0,1.1942162e-05,0.0
2021,13,54.0,Zandvoort,1,0,0.00010436638,0.0
2021,13,55.0,Zandvoort,1,0,0.0036824187,0.0
2021,13,56.0,Zandvoort,1,0,1.9517263e-06,0.0
2021,13,57.0,Zandvoort,1,0,6.1295086e-06,0.0
2021,13,58.0,Zandvoort,1,0,5.016678e-07,0.0
2021,13,59.0,Zandvoort,1,0,1.8430757e-06,0.0
2021,13,60.0,Zandvoort,1,0,1.2369939e-06,0.0
2021,13,61.0,Zandvoort,1,0,2.6590938e-06,0.0
2021,13,62.0,Zandvoort,1,0,2.2359475e-06,0.0
2021,13,63.0,Zandvoort,1,0,2.8141338e-05,0.0
2021,13,64.0,Zandvoort,1,0,6.3424154e-06,0.0
2021,13,65.0,Zandvoort,1,0,2.0444968e-05,0.0
2021,13,66.0,Zandvoort,1,0,2.2249735e-06,0.0
2021,13,67.0,Zandvoort,1,0,1.2115734e-06,0.0
2021,13,68.0,Zandvoort,1,0,1.7281156e-05,0.0
2021,13,69.0,Zandvoort,1,0,9.652039e-05,0.0
2021,13,70.0,Zandvoort,1,0,9.559502e-06,0.0
2021,13,71.0,Zandvoort,1,0,3.9461134e-05,0.0
2021,13,72.0,Zandvoort,1,0,0.00014603096,0.0
2021,14,1.0,Monza,1267,0,0.33338308,0.0
2021,14,2.0,Monza,671,0,3.1420427e-06,0.0
2021,14,3.0,Monza,1,0,0.00016583214,0.0
2021,14,4.0,Monza,1,0,1.917317e-05,0.0
2021,14,5.0,Monza,1,0,9.754313e-06,0.0
2021,14,6.0,Monza,1,0,7.605171e-06,0.0
2021,14,7.0,Monza,1,0,2.2650936e-05,0.0
2021,14,8.0,Monza,1,0,3.2738317e-06,0.0
2021,14,9.0,Monza,1,0,4.6831856e-06,0.0
2021,14,10.0,Monza,1,0,1.4398506e-05,0.0
2021,14,11.0,Monza,1,0,1.6572416e-05,0.0
2021,14,12.0,Monza,1,0,2.11832e-06,0.0
2021,14,13.0,Monza,1,0,0.0003595801,0.0
2021,14,14.0,Monza,1,0,9.6197495e-05,0.0
2021,14,15.0,Monza,1,0,1.6492324e-05,0.0
2021,14,16.0,Monza,1,0,9.189727e-05,0.0
2021,14,17.0,Monza,1,0,0.00014119643,0.0
2021,14,18.0,Monza,1,0,0.004146669,0.0
2021,14,19.0,Monza,1,0,0.00077710196,0.0
2021,14,20.0,Monza,1,0,0.00023575743,0.0
2021,14,21.0,Monza,1,0,0.0008326993,0.0
2021,14,22.0,Monza,1,0,0.008076812,0.0
2021,14,23.0,Monza,1,1,0.99966574,0.0
2021,14,24.0,Monza,1,1,0.999728,0.0
2021,14,25.0,Monza,1,1,0.99979705,0.0
2021,14,26.0,Monza,124,0,0.092622556,0.0
2021,14,27.0,Monza,4,0,0.032586917,0.0
2021,14,28.0,Monza,4,0,0.0003828523,1.0
2021,14,29.0,Monza,4,0,0.0018205079,1.0
2021,14,30.0,Monza,41,0,0.0010313125,1.0
2021,14,31.0,Monza,1,0,7.141841e-08,1.0
2021,14,32.0,Monza,12,0,0.000745767,1.0
2021,14,33.0,Monza,1,0,5.926252e-08,1.0
2021,14,34.0,Monza,1,0,1.1811788e-06,1.0
2021,14,35.0,Monza,1,0,2.0068148e-05,1.0
2021,14,36.0,Monza,1,0,2.177915e-07,1.0
2021,14,37.0,Monza,1,0,6.6822445e-06,1.0
2021,14,38.0,Monza,1,0,0.00017512798,1.0
2021,14,39.0,Monza,1,0,3.1173236e-06,1.0
2021,14,40.0,Monza,1,0,0.00012919768,1.0
2021,14,41.0,Monza,12,0,0.033706162,1.0
2021,14,42.0,Monza,1,0,5.5105455e-05,1.0
2021,14,43.0,Monza,12,0,0.005832839,1.0
2021,14,44.0,Monza,2671,0,0.0070213866,1.0
2021,14,45.0,Monza,1,0,1.0624515e-06,1.0
2021,14,46.0,Monza,1,0,1.7639142e-06,1.0
2021,14,47.0,Monza,1,0,4.120775e-07,1.0
2021,14,48.0,Monza,1,0,9.300233e-05,1.0
2021,14,49.0,Monza,1,0,1.04190825e-07,1.0
2021,14,50.0,Monza,1,0,0.00020622043,1.0
2021,14,51.0,Monza,1,0,1.6451609e-06,1.0
2021,14,52.0,Monza,1,0,0.00041724,1.0
2021,14,53.0,Monza,1,0,1.2054834e-06,1.0
2021,15,1.0,Sochi,1,0,2.4443738e-05,0.0
2021,15,2.0,Sochi,12,0,0.015447823,0.0
2021,15,3.0,Sochi,1,0,1.6451576e-06,0.0
2021,15,4.0,Sochi,1,0,1.2624259e-05,0.0
2021,15,5.0,Sochi,1,0,0.0052481834,0.0
2021,15,6.0,Sochi,1,0,0.00058696006,0.0
2021,15,7.0,Sochi,1,0,4.938001e-05,0.0
2021,15,8.0,Sochi,1,0,1.4697888e-06,0.0
2021,15,9.0,Sochi,1,0,1.7039758e-05,0.0
2021,15,10.0,Sochi,1,0,1.1206313e-05,0.0
2021,15,11.0,Sochi,1,0,8.6365594e-07,0.0
2021,15,12.0,Sochi,1,0,0.00033380216,0.0
2021,15,13.0,Sochi,1,0,4.2806947e-05,0.0
2021,15,14.0,Sochi,1,0,0.00012635668,0.0
2021,15,15.0,Sochi,1,0,1.8717872e-05,0.0
2021,15,16.0,Sochi,1,0,0.000111852365,0.0
2021,15,17.0,Sochi,1,0,6.488376e-06,0.0
2021,15,18.0,Sochi,1,0,3.116076e-05,0.0
2021,15,19.0,Sochi,1,0,5.1109368e-05,0.0
2021,15,20.0,Sochi,1,0,2.9718785e-07,0.0
2021,15,21.0,Sochi,1,0,1.13472744e-07,0.0
2021,15,22.0,Sochi,1,0,2.1517144e-07,0.0
2021,15,23.0,Sochi,1,0,9.978372e-07,0.0
2021,15,24.0,Sochi,1,0,1.5393414e-07,0.0
2021,15,25.0,Sochi,1,0,9.0725834e-08,0.0
2021,15,26.0,Sochi,1,0,1.6230272e-06,0.0
2021,15,27.0,Sochi,1,0,1.8368188e-05,0.0
2021,15,28.0,Sochi,1,0,1.0478813e-07,0.0
2021,15,29.0,Sochi,1,0,1.5470148e-05,0.0
2021,15,30.0,Sochi,1,0,0.00012140741,0.0
2021,15,31.0,Sochi,1,0,6.104441e-06,0.0
2021,15,32.0,Sochi,1,0,0.00011706672,0.0
2021,15,33.0,Sochi,1,0,1.1715589e-06,0.0
2021,15,34.0,Sochi,1,0,1.2053104e-07,0.0
2021,15,35.0,Sochi,1,0,2.3737766e-06,0.0
2021,15,36.0,Sochi,1,0,5.300725e-05,0.0
2021,15,37.0,Sochi,1,0,8.3629493e-07,0.0
2021,15,38.0,Sochi,1,0,3.676688e-06,0.0
2021,15,39.0,Sochi,1,0,1.4447288e-08,0.0
2021,15,40.0,Sochi,1,0,1.858655e-07,0.0
2021,15,41.0,Sochi,1,0,5.37089e-08,0.0
2021,15,42.0,Sochi,1,0,9.906164e-08,0.0
2021,15,43.0,Sochi,1,0,2.4333383e-07,0.0
2021,15,44.0,Sochi,1,0,1.8301041e-06,0.0
2021,15,45.0,Sochi,1,0,1.8972361e-07,0.0
2021,15,46.0,Sochi,1,0,1.3917298e-07,0.0
2021,15,47.0,Sochi,1,0,4.5551014e-06,0.0
2021,15,48.0,Sochi,12,0,0.2980275,0.0
2021,15,49.0,Sochi,12,0,0.00016285827,0.0
2021,15,50.0,Sochi,1,0,0.0004969865,0.0
2021,15,51.0,Sochi,12,0,0.10408782,0.0
2021,15,52.0,Sochi,12,0,0.5612391,0.0
2021,15,53.0,Sochi,1,0,0.016646601,0.0
2021,16,1.0,Istanbul,12,0,0.12664333,0.0
2021,16,2.0,Istanbul,12,0,0.24092473,0.0
2021,16,3.0,Istanbul,1,0,6.567952e-06,0.0
2021,16,4.0,Istanbul,1,0,0.000104557046,0.0
2021,16,5.0,Istanbul,1,0,8.481694e-07,0.0
2021,16,6.0,Istanbul,1,0,5.3367465e-05,0.0
2021,16,7.0,Istanbul,1,0,3.4443776e-05,0.0
2021,16,8.0,Istanbul,1,0,8.618617e-08,0.0
2021,16,9.0,Istanbul,1,0,8.350818e-09,0.0
2021,16,10.0,Istanbul,1,0,8.7178137e-07,0.0
2021,16,11.0,Istanbul,1,0,3.806063e-07,0.0
2021,16,12.0,Istanbul,1,0,1.08054664e-07,0.0
2021,16,13.0,Istanbul,1,0,1.347386e-05,0.0
2021,16,14.0,Istanbul,1,0,4.4191756e-07,0.0
2021,16,15.0,Istanbul,1,0,8.8647647e-07,0.0
2021,16,16.0,Istanbul,1,0,2.5802504e-07,0.0
2021,16,17.0,Istanbul,1,0,2.3143125e-06,0.0
2021,16,18.0,Istanbul,1,0,8.211289e-06,0.0
2021,16,19.0,Istanbul,1,0,2.5798347e-06,0.0
2021,16,20.0,Istanbul,1,0,1.0134397e-06,0.0
2021,16,21.0,Istanbul,1,0,4.9632176e-06,0.0
2021,16,22.0,Istanbul,1,0,0.012966823,0.0
2021,16,23.0,Istanbul,12,0,0.04054826,0.0
2021,16,24.0,Istanbul,1,0,0.0003090659,0.0
2021,16,25.0,Istanbul,1,0,5.2549043e-05,0.0
2021,16,26.0,Istanbul,1,0,0.00048577358,0.0
2021,16,27.0,Istanbul,1,0,6.1539e-05,0.0
2021,16,28.0,Istanbul,1,0,0.02425244,0.0
2021,16,29.0,Istanbul,1,0,0.00023281177,0.0
2021,16,30.0,Istanbul,1,0,0.001030838,0.0
2021,16,31.0,Istanbul,1,0,0.00018963676,0.0
2021,16,32.0,Istanbul,1,0,8.360937e-06,0.0
2021,16,33.0,Istanbul,1,0,5.8746013e-05,0.0
2021,16,34.0,Istanbul,1,0,9.748362e-06,0.0
2021,16,35.0,Istanbul,1,0,0.0011445432,0.0
2021,16,36.0,Istanbul,1,0,0.003654219,0.0
2021,16,37.0,Istanbul,1,0,0.003037727,0.0
2021,16,38.0,Istanbul,12,0,0.07705284,0.0
2021,16,39.0,Istanbul,1,0,4.9489194e-05,0.0
2021,16,40.0,Istanbul,1,0,0.00011495782,0.0
2021,16,41.0,Istanbul,1,0,0.0017434483,0.0
2021,16,42.0,Istanbul,1,0,1.3081918e-05,0.0
2021,16,43.0,Istanbul,1,0,0.0004171865,0.0
2021,16,44.0,Istanbul,1,0,5.642309e-05,0.0
2021,16,45.0,Istanbul,1,0,1.4677323e-07,0.0
2021,16,46.0,Istanbul,1,0,1.5526386e-07,0.0
2021,16,47.0,Istanbul,1,0,8.352662e-05,0.0
2021,16,48.0,Istanbul,1,0,0.00065645983,0.0
2021,16,49.0,Istanbul,1,0,1.3132691e-06,0.0
2021,16,50.0,Istanbul,1,0,4.143485e-07,0.0
2021,16,51.0,Istanbul,1,0,1.5254524e-05,0.0
2021,16,52.0,Istanbul,1,0,2.3657244e-06,0.0
2021,16,53.0,Istanbul,1,0,1.9712317e-07,0.0
2021,16,54.0,Istanbul,1,0,1.0077856e-07,0.0
2021,16,55.0,Istanbul,1,0,5.7411054e-08,0.0
2021,16,56.0,Istanbul,1,0,4.075941e-07,0.0
2021,16,57.0,Istanbul,1,0,1.8816398e-05,0.0
2021,16,58.0,Istanbul,1,0,6.27732e-05,0.0
2021,17,1.0,Austin,12,0,0.5339788,0.0
2021,17,2.0,Austin,1,0,2.7366377e-07,0.0
2021,17,3.0,Austin,1,0,7.1439576e-06,0.0
2021,17,4.0,Austin,1,0,1.1354208e-06,0.0
2021,17,5.0,Austin,1,0,6.2596114e-06,0.0
2021,17,6.0,Austin,1,0,3.5433142e-05,0.0
2021,17,7.0,Austin,1,0,3.4900604e-06,0.0
2021,17,8.0,Austin,1,0,1.9585936e-05,0.0
2021,17,9.0,Austin,1,0,3.8196973e-05,0.0
2021,17,10.0,Austin,1,0,0.0014871802,0.0
2021,17,11.0,Austin,1,0,0.0022255555,0.0
2021,17,12.0,Austin,1,0,9.857821e-05,0.0
2021,17,13.0,Austin,1,0,0.0010826528,0.0
2021,17,14.0,Austin,1,0,7.0217616e-06,0.0
2021,17,15.0,Austin,1,0,5.570482e-06,0.0
2021,17,16.0,Austin,1,0,1.07786655e-05,0.0
2021,17,17.0,Austin,1,0,8.9807486e-08,0.0
2021,17,18.0,Austin,1,0,4.1802704e-07,0.0
2021,17,19.0,Austin,1,0,1.2507126e-06,0.0
2021,17,20.0,Austin,1,0,1.2660671e-07,0.0
2021,17,21.0,Austin,1,0,6.224913e-07,0.0
2021,17,22.0,Austin,1,0,4.7865734e-07,0.0
2021,17,23.0,Austin,1,0,1.341106e-06,0.0
2021,17,24.0,Austin,1,0,3.0456465e-07,0.0
2021,17,25.0,Austin,1,0,1.0663519e-07,0.0
2021,17,26.0,Austin,1,0,5.506587e-06,0.0
2021,17,27.0,Austin,1,0,4.1335297e-06,0.0
2021,17,28.0,Austin,167,0,2.7795191e-05,0.0
2021,17,29.0,Austin,1,0,3.161067e-05,0.0
2021,17,30.0,Austin,1,0,4.9001486e-08,0.0
2021,17,31.0,Austin,1,0,5.342732e-08,0.0
2021,17,32.0,Austin,1,0,1.577855e-07,0.0
2021,17,33.0,Austin,1,0,7.951436e-08,0.0
2021,17,34.0,Austin,1,0,1.8182955e-07,0.0
2021,17,35.0,Austin,1,0,3.6438276e-05,0.0
2021,17,36.0,Austin,1,0,1.0543389e-05,0.0
2021,17,37.0,Austin,1,0,9.602763e-07,0.0
2021,17,38.0,Austin,1,0,3.8884327e-06,0.0
2021,17,39.0,Austin,1,0,8.548685e-06,0.0
2021,17,40.0,Austin,1,0,1.1150888e-06,0.0
2021,17,41.0,Austin,1,0,5.145911e-07,0.0
2021,17,42.0,Austin,1,0,4.472692e-07,0.0
2021,17,43.0,Austin,1,0,0.00033816267,0.0
2021,17,44.0,Austin,1,0,7.097431e-05,0.0
2021,17,45.0,Austin,1,0,1.1272865e-05,0.0
2021,17,46.0,Austin,1,0,1.9627073e-06,0.0
2021,17,47.0,Austin,1,0,6.6135784e-05,0.0
2021,17,48.0,Austin,1,0,0.00024894657,0.0
2021,17,49.0,Austin,1,0,0.0004768228,0.0
2021,17,50.0,Austin,1,0,5.2253068e-05,0.0
2021,17,51.0,Austin,1,0,0.0026686888,0.0
2021,17,52.0,Austin,1,0,1.3126007e-05,0.0
2021,17,53.0,Austin,12,0,0.00054455287,0.0
2021,17,54.0,Austin,1,0,0.00012375067,0.0
2021,17,55.0,Austin,1,0,3.287609e-05,0.0
2021,17,56.0,Austin,1,0,3.6005153e-05,0.0
2021,18,1.0,Mexico City,124,0,0.03081659,0.0
2021,18,2.0,Mexico City,4,0,0.022862617,0.0
2021,18,3.0,Mexico City,4,0,8.241366e-05,1.0
2021,18,4.0,Mexico City,41,0,3.650088e-05,1.0
2021,18,5.0,Mexico City,1,0,1.6711952e-05,1.0
2021,18,6.0,Mexico City,1,0,1.3670569e-05,1.0
2021,18,7.0,Mexico City,1,0,3.0731753e-05,1.0
2021,18,8.0,Mexico City,1,0,7.9119636e-05,1.0
2021,18,9.0,Mexico City,1,0,6.432672e-05,1.0
2021,18,10.0,Mexico City,1,0,9.4444156e-05,1.0
2021,18,11.0,Mexico City,1,0,3.326796e-05,1.0
2021,18,12.0,Mexico City,1,0,1.0558159e-05,1.0
2021,18,13.0,Mexico City,1,0,2.4410263e-05,1.0
2021,18,14.0,Mexico City,1,0,6.53561e-08,1.0
2021,18,15.0,Mexico City,1,0,9.5089075e-07,1.0
2021,18,16.0,Mexico City,1,0,3.6305005e-06,1.0
2021,18,17.0,Mexico City,1,0,8.439451e-05,1.0
2021,18,18.0,Mexico City,1,0,2.1441639e-07,1.0
2021,18,19.0,Mexico City,1,0,3.8650708e-08,1.0
2021,18,20.0,Mexico City,1,0,7.476407e-09,1.0
2021,18,21.0,Mexico City,1,0,6.502448e-08,1.0
2021,18,22.0,Mexico City,1,0,3.1237196e-08,1.0
2021,18,23.0,Mexico City,1,0,4.925994e-07,1.0
2021,18,24.0,Mexico City,1,0,6.5722986e-08,1.0
2021,18,25.0,Mexico City,1,0,1.1092177e-07,1.0
2021,18,26.0,Mexico City,1,0,7.132694e-08,1.0
2021,18,27.0,Mexico City,1,0,4.9319517e-09,1.0
2021,18,28.0,Mexico City,1,0,1.0960911e-09,1.0
2021,18,29.0,Mexico City,1,0,1.633309e-08,1.0
2021,18,30.0,Mexico City,1,0,1.0628027e-05,1.0
2021,18,31.0,Mexico City,1,0,1.3658205e-07,1.0
2021,18,32.0,Mexico City,1,0,1.9653912e-06,1.0
2021,18,33.0,Mexico City,1,0,1.6055786e-06,1.0
2021,18,34.0,Mexico City,1,0,5.5169844e-06,1.0
2021,18,35.0,Mexico City,1,0,1.1969267e-07,1.0
2021,18,36.0,Mexico City,1,0,4.8310156e-10,1.0
2021,18,37.0,Mexico City,1,0,6.1378076e-09,1.0
2021,18,38.0,Mexico City,1,0,3.6844325e-09,1.0
2021,18,39.0,Mexico City,1,0,1.3921549e-06,1.0
2021,18,40.0,Mexico City,1,0,7.255242e-07,1.0
2021,18,41.0,Mexico City,1,0,3.621285e-07,1.0
2021,18,42.0,Mexico City,1,0,1.2965764e-08,1.0
2021,18,43.0,Mexico City,1,0,2.2401592e-08,1.0
2021,18,44.0,Mexico City,1,0,3.084396e-08,1.0
2021,18,45.0,Mexico City,1,0,1.1068549e-07,1.0
2021,18,46.0,Mexico City,1,0,3.9018392e-08,1.0
2021,18,47.0,Mexico City,1,0,2.0735406e-07,1.0
2021,18,48.0,Mexico City,1,0,1.3092802e-08,1.0
2021,18,49.0,Mexico City,1,0,4.8962065e-08,1.0
2021,18,50.0,Mexico City,1,0,4.0848093e-07,1.0
2021,18,51.0,Mexico City,1,0,5.932631e-08,1.0
2021,18,52.0,Mexico City,1,0,2.7542507e-07,1.0
2021,18,53.0,Mexico City,1,0,1.0448024e-06,1.0
2021,18,54.0,Mexico City,1,0,2.6570042e-08,1.0
2021,18,55.0,Mexico City,1,0,2.7882953e-08,1.0
2021,18,56.0,Mexico City,1,0,5.4763312e-08,1.0
2021,18,57.0,Mexico City,1,0,3.4815701e-09,1.0
2021,18,58.0,Mexico City,1,0,6.490887e-08,1.0
2021,18,59.0,Mexico City,1,0,9.6828735e-08,1.0
2021,18,60.0,Mexico City,1,0,1.2206505e-09,1.0
2021,18,61.0,Mexico City,1,0,5.8028166e-07,1.0
2021,18,62.0,Mexico City,1,0,1.5940002e-07,1.0
2021,18,63.0,Mexico City,1,0,3.714734e-08,1.0
2021,18,64.0,Mexico City,1,0,8.888586e-09,1.0
2021,18,65.0,Mexico City,1,0,9.783152e-09,1.0
2021,18,66.0,Mexico City,1,0,1.0613963e-08,1.0
2021,18,67.0,Mexico City,1,0,2.6968394e-08,1.0
2021,18,68.0,Mexico City,1,0,1.6885055e-07,1.0
2021,18,69.0,Mexico City,1,0,3.561055e-09,1.0
2021,18,70.0,Mexico City,1,0,4.498454e-09,1.0
2021,18,71.0,Mexico City,1,0,3.7288817e-08,1.0
2021,19,1.0,São Paulo,1,0,0.0034335174,0.0
2021,19,2.0,São Paulo,1,0,0.94408363,0.0
2021,19,3.0,São Paulo,1,1,0.9996679,0.0
2021,19,4.0,São Paulo,1,1,0.059115082,0.0
2021,19,5.0,São Paulo,1,1,0.9904163,0.0
2021,19,6.0,São Paulo,14,0,0.02202723,0.0
2021,19,7.0,São Paulo,4,0,0.0014270942,0.0
2021,19,8.0,São Paulo,4,0,0.00012248651,1.0
2021,19,9.0,São Paulo,41,1,0.00082324055,1.0
2021,19,10.0,São Paulo,1,1,0.99979573,1.0
2021,19,11.0,São Paulo,1,1,0.9999075,1.0
2021,19,12.0,São Paulo,16,0,0.00046284948,1.0
2021,19,13.0,São Paulo,6,0,1.57757e-05,1.0
2021,19,14.0,São Paulo,671,0,0.00012568662,1.0
2021,19,15.0,São Paulo,1,0,1.1822759e-05,1.0
2021,19,16.0,São Paulo,1,0,0.00021320464,1.0
2021,19,17.0,São Paulo,1,0,1.3603269e-05,1.0
2021,19,18.0,São Paulo,1,0,4.3007444e-06,1.0
2021,19,19.0,São Paulo,1,0,2.2435538e-06,1.0
2021,19,20.0,São Paulo,1,0,1.2867821e-05,1.0
2021,19,21.0,São Paulo,1,0,5.1032555e-07,1.0
2021,19,22.0,São Paulo,1,0,4.2688208e-07,1.0
2021,19,23.0,São Paulo,1,0,4.5335496e-06,1.0
2021,19,24.0,São Paulo,1,0,5.276669e-06,1.0
2021,19,25.0,São Paulo,1,0,1.0641303e-05,1.0
2021,19,26.0,São Paulo,1,0,1.1284879e-05,1.0
2021,19,27.0,São Paulo,1,0,0.00073034776,1.0
2021,19,28.0,São Paulo,1,0,0.00015097758,1.0
2021,19,29.0,São Paulo,1,0,1.5682894e-05,1.0
2021,19,30.0,São Paulo,16,0,0.00012398702,1.0
2021,19,31.0,São Paulo,671,0,3.0264577e-05,1.0
2021,19,32.0,São Paulo,1,0,1.3363692e-05,1.0
2021,19,33.0,São Paulo,1,0,3.9421906e-05,1.0
2021,19,34.0,São Paulo,1,0,2.749752e-06,1.0
2021,19,35.0,São Paulo,1,0,1.7104947e-05,1.0
2021,19,36.0,São Paulo,1,0,0.00029461284,1.0
2021,19,37.0,São Paulo,1,0,3.860488e-06,1.0
2021,19,38.0,São Paulo,1,0,4.8194015e-05,1.0
2021,19,39.0,São Paulo,1,0,1.9328833e-07,1.0
2021,19,40.0,São Paulo,1,0,6.005551e-07,1.0
2021,19,41.0,São Paulo,1,0,5.603409e-06,1.0
2021,19,42.0,São Paulo,1,0,3.8079585e-07,1.0
2021,19,43.0,São Paulo,1,0,1.0472099e-07,1.0
2021,19,44.0,São Paulo,1,0,0.00013465581,1.0
2021,19,45.0,São Paulo,1,0,6.116071e-05,1.0
2021,19,46.0,São Paulo,1,0,0.00019773685,1.0
2021,19,47.0,São Paulo,1,0,8.453307e-06,1.0
2021,19,48.0,São Paulo,1,0,1.40368975e-05,1.0
2021,19,49.0,São Paulo,1,0,9.670556e-05,1.0
2021,19,50.0,São Paulo,1,0,1.02316835e-05,1.0
2021,19,51.0,São Paulo,1,0,9.58489e-05,1.0
2021,19,52.0,São Paulo,1,0,7.856396e-05,1.0
2021,19,53.0,São Paulo,1,0,0.00020631916,1.0
2021,19,54.0,São Paulo,1,0,1.4659895e-06,1.0
2021,19,55.0,São Paulo,1,0,3.5342046e-07,1.0
2021,19,56.0,São Paulo,1,0,4.7521724e-05,1.0
2021,19,57.0,São Paulo,1,0,6.272497e-05,1.0
2021,19,58.0,São Paulo,1,0,5.2925527e-05,1.0
2021,19,59.0,São Paulo,1,0,1.519678e-05,1.0
2021,19,60.0,São Paulo,1,0,3.665562e-06,1.0
2021,19,61.0,São Paulo,1,0,8.528402e-06,1.0
2021,19,62.0,São Paulo,1,0,1.5503467e-06,1.0
2021,19,63.0,São Paulo,1,0,0.0020459283,1.0
2021,19,64.0,São Paulo,1,0,0.0012841228,1.0
2021,19,65.0,São Paulo,1,0,0.00044970817,1.0
2021,19,66.0,São Paulo,1,0,3.7475424e-05,1.0
2021,19,67.0,São Paulo,1,0,9.082657e-06,1.0
2021,19,68.0,São Paulo,1,0,5.5843262e-05,1.0
2021,19,69.0,São Paulo,1,0,4.284029e-07,1.0
2021,19,70.0,São Paulo,1,0,0.0010215056,1.0
2021,19,71.0,São Paulo,1,0,0.00018525046,1.0
2021,20,1.0,Lusail,1,0,5.5621214e-05,0.0
2021,20,2.0,Lusail,1,0,5.1476286e-07,0.0
2021,20,3.0,Lusail,1,0,0.00015538782,0.0
2021,20,4.0,Lusail,1,0,0.0066856053,0.0
2021,20,5.0,Lusail,1,0,4.0836745e-05,0.0
2021,20,6.0,Lusail,1,0,1.6953775e-06,0.0
2021,20,7.0,Lusail,1,0,0.00152509,0.0
2021,20,8.0,Lusail,1,0,8.818907e-05,0.0
2021,20,9.0,Lusail,1,0,0.0010925953,0.0
2021,20,10.0,Lusail,1,0,5.9320384e-05,0.0
2021,20,11.0,Lusail,1,0,0.0008136007,0.0
2021,20,12.0,Lusail,1,0,0.00045873687,0.0
2021,20,13.0,Lusail,1,0,6.040214e-06,0.0
2021,20,14.0,Lusail,1,0,9.285142e-06,0.0
2021,20,15.0,Lusail,1,0,2.904131e-06,0.0
2021,20,16.0,Lusail,1,0,5.474495e-06,0.0
2021,20,17.0,Lusail,1,0,1.816898e-06,0.0
2021,20,18.0,Lusail,1,0,6.62235e-05,0.0
2021,20,19.0,Lusail,1,0,0.00045958668,0.0
2021,20,20.0,Lusail,1,0,1.6242612e-06,0.0
2021,20,21.0,Lusail,1,0,4.5607425e-07,0.0
2021,20,22.0,Lusail,1,0,6.8540626e-06,0.0
2021,20,23.0,Lusail,1,0,1.0660764e-05,0.0
2021,20,24.0,Lusail,1,0,0.0001856947,0.0
2021,20,25.0,Lusail,1,0,0.004566818,0.0
2021,20,26.0,Lusail,1,0,0.0016493395,0.0
2021,20,27.0,Lusail,1,0,0.00048467488,0.0
2021,20,28.0,Lusail,1,0,0.0034110018,0.0
2021,20,29.0,Lusail,1,0,0.00065351994,0.0
2021,20,30.0,Lusail,1,0,0.0011439938,0.0
2021,20,31.0,Lusail,1,0,0.00040090564,0.0
2021,20,32.0,Lusail,1,0,0.00032618255,0.0
2021,20,33.0,Lusail,12,0,0.89820176,0.0
2021,20,34.0,Lusail,21,0,0.0061007906,0.0
2021,20,35.0,Lusail,1,0,0.0002904869,0.0
2021,20,36.0,Lusail,1,0,0.00044826668,0.0
2021,20,37.0,Lusail,1,0,0.0091480035,0.0
2021,20,38.0,Lusail,1,0,2.9158062e-05,0.0
2021,20,39.0,Lusail,1,0,0.00012766942,0.0
2021,20,40.0,Lusail,1,0,3.8700204e-05,0.0
2021,20,41.0,Lusail,1,0,0.001129336,0.0
2021,20,42.0,Lusail,1,0,5.400058e-05,0.0
2021,20,43.0,Lusail,1,0,2.0182188e-05,0.0
2021,20,44.0,Lusail,1,0,4.214259e-05,0.0
2021,20,45.0,Lusail,1,0,9.403529e-06,0.0
2021,20,46.0,Lusail,1,0,4.658366e-06,0.0
2021,20,47.0,Lusail,1,0,3.6581406e-07,0.0
2021,20,48.0,Lusail,1,0,0.00022852825,0.0
2021,20,49.0,Lusail,1,0,1.7732327e-05,0.0
2021,20,50.0,Lusail,1,0,9.2752925e-06,0.0
2021,20,51.0,Lusail,12,0,0.02843936,0.0
2021,20,52.0,Lusail,12,1,0.0025993364,0.0
2021,20,53.0,Lusail,1,1,0.9996623,0.0
2021,20,54.0,Lusail,1,1,0.99982125,0.0
2021,20,55.0,Lusail,16,0,0.0009092436,0.0
2021,20,56.0,Lusail,6,0,1.4098863e-06,0.0
2021,20,57.0,Lusail,671,0,4.920627e-07,1.0
2021,21,1.0,Jeddah,1,0,0.00018687484,0.0
2021,21,2.0,Jeddah,1,0,0.0017873214,0.0
2021,21,3.0,Jeddah,1,0,0.014825504,0.0
2021,21,4.0,Jeddah,1,0,0.0019732285,0.0
2021,21,5.0,Jeddah,1,0,0.018981304,0.0
2021,21,6.0,Jeddah,1,0,0.0029637755,0.0
2021,21,7.0,Jeddah,1,1,0.90093184,0.0
2021,21,8.0,Jeddah,1,1,0.99949694,0.0
2021,21,9.0,Jeddah,1,1,0.49486494,0.0
2021,21,10.0,Jeddah,124,0,0.15962854,0.0
2021,21,11.0,Jeddah,4,0,0.08167493,0.0
2021,21,12.0,Jeddah,4,0,0.0010705915,1.0
2021,21,13.0,Jeddah,45,0,0.065801114,1.0
2021,21,14.0,Jeddah,1,0,0.0029602086,1.0
2021,21,15.0,Jeddah,125,0,0.0053565213,1.0
2021,21,16.0,Jeddah,1,0,0.007327255,1.0
2021,21,17.0,Jeddah,1,0,0.000676801,1.0
2021,21,18.0,Jeddah,1,0,3.810416e-05,1.0
2021,21,19.0,Jeddah,1,0,3.63898e-05,1.0
2021,21,20.0,Jeddah,1,0,0.00062402914,1.0
2021,21,21.0,Jeddah,1,0,4.5080524e-05,1.0
2021,21,22.0,Jeddah,1,0,3.728278e-06,1.0
2021,21,23.0,Jeddah,126,0,0.0002626587,1.0
2021,21,24.0,Jeddah,671,0,0.0017988982,1.0
2021,21,25.0,Jeddah,1,1,0.9998124,1.0
2021,21,26.0,Jeddah,1,1,0.9997131,1.0
2021,21,27.0,Jeddah,1,1,0.4466839,1.0
2021,21,28.0,Jeddah,167,0,2.1967919e-05,1.0
2021,21,29.0,Jeddah,16,0,0.0007846622,1.0
2021,21,30.0,Jeddah,6,0,0.0006825006,1.0
2021,21,31.0,Jeddah,6,0,0.0011850687,1.0
2021,21,32.0,Jeddah,6,0,0.00025386893,1.0
2021,21,33.0,Jeddah,671,0,1.8177912e-05,1.0
2021,21,34.0,Jeddah,1,0,3.828371e-06,1.0
2021,21,35.0,Jeddah,1,0,6.9251996e-06,1.0
2021,21,36.0,Jeddah,167,0,4.6083073e-06,1.0
2021,21,37.0,Jeddah,1,0,0.00011687331,1.0
2021,21,38.0,Jeddah,1,0,2.7959645e-06,1.0
2021,21,39.0,Jeddah,1,0,6.149876e-05,1.0
2021,21,40.0,Jeddah,1,0,9.653586e-07,1.0
2021,21,41.0,Jeddah,1,0,2.408065e-06,1.0
2021,21,42.0,Jeddah,1,0,3.9016456e-08,1.0
2021,21,43.0,Jeddah,1,0,4.9274644e-07,1.0
2021,21,44.0,Jeddah,1,0,2.9770246e-05,1.0
2021,21,45.0,Jeddah,1,0,6.271732e-07,1.0
2021,21,46.0,Jeddah,1,0,3.4571922e-06,1.0
2021,21,47.0,Jeddah,1,0,2.1111447e-08,1.0
2021,21,48.0,Jeddah,1,0,3.2064239e-07,1.0
2021,21,49.0,Jeddah,1,0,1.6894526e-07,1.0
2021,21,50.0,Jeddah,1,0,6.0799525e-06,1.0
2021,22,1.0,Yas Island,1,0,4.181122e-05,0.0
2021,22,2.0,Yas Island,1,0,0.0005944204,0.0
2021,22,3.0,Yas Island,1,0,9.601869e-06,0.0
2021,22,4.0,Yas Island,1,0,8.0278105e-06,0.0
2021,22,5.0,Yas Island,1,0,1.2713198e-06,0.0
2021,22,6.0,Yas Island,1,0,2.9650595e-05,0.0
2021,22,7.0,Yas Island,1,0,0.00012337598,0.0
2021,22,8.0,Yas Island,1,0,0.004897591,0.0
2021,22,9.0,Yas Island,1,0,0.0015292066,0.0
2021,22,10.0,Yas Island,1,0,7.418164e-05,0.0
2021,22,11.0,Yas Island,1,0,0.0012259055,0.0
2021,22,12.0,Yas Island,1,0,0.00031328775,0.0
2021,22,13.0,Yas Island,1,0,8.729265e-05,0.0
2021,22,14.0,Yas Island,1,0,0.00021090476,0.0
2021,22,15.0,Yas Island,1,0,5.7151283e-05,0.0
2021,22,16.0,Yas Island,1,0,9.6024094e-05,0.0
2021,22,17.0,Yas Island,1,0,5.2176434e-05,0.0
2021,22,18.0,Yas Island,1,0,1.2680813e-05,0.0
2021,22,19.0,Yas Island,1,0,0.00011039759,0.0
2021,22,20.0,Yas Island,1,0,1.3314145e-06,0.0
2021,22,21.0,Yas Island,1,0,7.578831e-05,0.0
2021,22,22.0,Yas Island,1,0,0.0001924663,0.0
2021,22,23.0,Yas Island,1,0,5.2385683e-05,0.0
2021,22,24.0,Yas Island,1,0,1.9204133e-05,0.0
2021,22,25.0,Yas Island,1,0,0.008482865,0.0
2021,22,26.0,Yas Island,12,0,0.023952028,0.0
2021,22,27.0,Yas Island,1,0,6.417244e-05,0.0
2021,22,28.0,Yas Island,1,0,0.00052400964,0.0
2021,22,29.0,Yas Island,1,0,0.0011877137,0.0
2021,22,30.0,Yas Island,1,0,1.7746266e-05,0.0
2021,22,31.0,Yas Island,1,0,0.000113569164,0.0
2021,22,32.0,Yas Island,1,0,1.58875e-05,0.0
2021,22,33.0,Yas Island,1,0,7.58348e-06,0.0
2021,22,34.0,Yas Island,1,0,0.0004922269,0.0
2021,22,35.0,Yas Island,1,0,0.0021778801,0.0
2021,22,36.0,Yas Island,16,0,0.06760997,0.0
2021,22,37.0,Yas Island,67,0,0.00012977268,0.0
2021,22,38.0,Yas Island,71,0,9.1934606e-05,0.0
2021,22,39.0,Yas Island,1,0,0.00022034653,0.0
2021,22,40.0,Yas Island,1,0,0.0020275204,0.0
2021,22,41.0,Yas Island,1,0,8.326069e-05,0.0
2021,22,42.0,Yas Island,1,0,3.723795e-05,0.0
2021,22,43.0,Yas Island,1,0,0.00012245463,0.0
2021,22,44.0,Yas Island,1,0,7.5344537e-06,0.0
2021,22,45.0,Yas Island,1,0,0.0012689142,0.0
2021,22,46.0,Yas Island,1,0,0.00012131425,0.0
2021,22,47.0,Yas Island,1,0,0.0066292416,0.0
2021,22,48.0,Yas Island,1,0,0.016453916,0.0
2021,22,49.0,Yas Island,1,0,0.033990897,0.0
2021,22,50.0,Yas Island,1,1,0.99963975,0.0
2021,22,51.0,Yas Island,1,1,0.9997024,0.0
2021,22,52.0,Yas Island,1,1,0.1295893,0.0
2021,22,53.0,Yas Island,124,0,0.86992425,0.0
2021,22,54.0,Yas Island,4,0,0.88999456,0.0
2021,22,55.0,Yas Island,4,0,0.41306302,1.0
2021,22,56.0,Yas Island,4,0,0.21587342,1.0
2021,22,57.0,Yas Island,41,0,0.0013483423,1.0
2021,22,58.0,Yas Island,1,0,0.12119216,1.0
2022,1,1.0,Sakhir,1,0,0.00034893642,0.0
2022,1,2.0,Sakhir,1,0,2.4888355e-05,0.0
2022,1,3.0,Sakhir,1,0,7.2363e-06,0.0
2022,1,4.0,Sakhir,1,0,0.00032697836,0.0
2022,1,5.0,Sakhir,1,0,0.00029518333,0.0
2022,1,6.0,Sakhir,1,0,5.010558e-05,0.0
2022,1,7.0,Sakhir,1,0,0.0016653315,0.0
2022,1,8.0,Sakhir,1,0,0.0014918589,0.0
2022,1,9.0,Sakhir,1,0,0.0036923615,0.0
2022,1,10.0,Sakhir,1,0,0.0078009753,0.0
2022,1,11.0,Sakhir,1,0,4.027699e-05,0.0
2022,1,12.0,Sakhir,1,0,9.943368e-06,0.0
2022,1,13.0,Sakhir,1,0,0.00012276188,0.0
2022,1,14.0,Sakhir,1,0,5.4322303e-05,0.0
2022,1,15.0,Sakhir,12,0,4.6027868e-05,0.0
2022,1,16.0,Sakhir,1,0,7.1078684e-05,0.0
2022,1,17.0,Sakhir,1,0,0.00010808481,0.0
2022,1,18.0,Sakhir,1,0,8.5960724e-05,0.0
2022,1,19.0,Sakhir,1,0,6.2059316e-06,0.0
2022,1,20.0,Sakhir,1,0,6.377412e-06,0.0
2022,1,21.0,Sakhir,1,0,3.1430918e-06,0.0
2022,1,22.0,Sakhir,1,0,1.2786957e-06,0.0
2022,1,23.0,Sakhir,1,0,6.391928e-06,0.0
2022,1,24.0,Sakhir,1,0,0.00012246339,0.0
2022,1,25.0,Sakhir,1,0,0.00049502397,0.0
2022,1,26.0,Sakhir,1,0,0.0011490083,0.0
2022,1,27.0,Sakhir,1,0,8.6211345e-05,0.0
2022,1,28.0,Sakhir,1,0,0.0008574737,0.0
2022,1,29.0,Sakhir,1,0,1.3400868e-05,0.0
2022,1,30.0,Sakhir,1,0,4.0463092e-05,0.0
2022,1,31.0,Sakhir,1,0,1.3013569e-05,0.0
2022,1,32.0,Sakhir,1,0,7.1691074e-06,0.0
2022,1,33.0,Sakhir,1,0,6.881249e-06,0.0
2022,1,34.0,Sakhir,1,0,0.00014537631,0.0
2022,1,35.0,Sakhir,1,0,6.461253e-05,0.0
2022,1,36.0,Sakhir,1,0,1.553422e-05,0.0
2022,1,37.0,Sakhir,1,0,0.00036872673,0.0
2022,1,38.0,Sakhir,1,0,8.770851e-05,0.0
2022,1,39.0,Sakhir,1,0,0.00044858514,0.0
2022,1,40.0,Sakhir,1,0,7.0344904e-05,0.0
2022,1,41.0,Sakhir,1,0,0.00013351966,0.0
2022,1,42.0,Sakhir,1,0,0.0005304643,0.0
2022,1,43.0,Sakhir,1,1,0.03725464,0.0
2022,1,44.0,Sakhir,1,1,0.9996847,0.0
2022,1,45.0,Sakhir,1,1,0.99987435,0.0
2022,1,46.0,Sakhir,164,0,0.955127,0.0
2022,1,47.0,Sakhir,4,0,0.95852095,0.0
2022,1,48.0,Sakhir,4,0,0.20632577,1.0
2022,1,49.0,Sakhir,4,0,0.35805714,1.0
2022,1,50.0,Sakhir,41,0,0.9854651,1.0
2022,1,51.0,Sakhir,1,0,0.0006775913,1.0
2022,1,52.0,Sakhir,1,0,0.0001967525,1.0
2022,1,53.0,Sakhir,1,0,0.0004185632,1.0
2022,1,54.0,Sakhir,1,0,6.246251e-05,1.0
2022,1,55.0,Sakhir,1,0,5.6583763e-06,1.0
2022,1,56.0,Sakhir,1,0,0.00020215855,1.0
2022,1,57.0,Sakhir,12,0,0.7801177,1.0
2022,2,1.0,Jeddah,1,0,4.4007982e-05,0.0
2022,2,2.0,Jeddah,1,0,4.0068785e-06,0.0
2022,2,3.0,Jeddah,1,0,5.932941e-06,0.0
2022,2,4.0,Jeddah,1,0,3.2181746e-05,0.0
2022,2,5.0,Jeddah,1,0,3.2295713e-05,0.0
2022,2,6.0,Jeddah,1,0,3.8606282e-05,0.0
2022,2,7.0,Jeddah,1,0,5.2289404e-05,0.0
2022,2,8.0,Jeddah,1,0,0.0005974384,0.0
2022,2,9.0,Jeddah,1,0,0.00049129856,0.0
2022,2,10.0,Jeddah,1,0,0.0002697087,0.0
2022,2,11.0,Jeddah,1,0,0.0006320827,0.0
2022,2,12.0,Jeddah,1,0,0.0018349629,0.0
2022,2,13.0,Jeddah,1,1,0.99968684,0.0
2022,2,14.0,Jeddah,1,1,0.9998522,0.0
2022,2,15.0,Jeddah,1,1,0.9999367,0.0
2022,2,16.0,Jeddah,1264,0,0.3022754,0.0
2022,2,17.0,Jeddah,4,0,0.34328273,0.0
2022,2,18.0,Jeddah,4,0,0.0017612559,1.0
2022,2,19.0,Jeddah,4,0,0.0025202062,1.0
2022,2,20.0,Jeddah,41,0,0.0019885774,1.0
2022,2,21.0,Jeddah,1,0,0.00026052602,1.0
2022,2,22.0,Jeddah,1,0,0.00024992903,1.0
2022,2,23.0,Jeddah,1,0,0.0009540557,1.0
2022,2,24.0,Jeddah,1,0,0.0012122685,1.0
2022,2,25.0,Jeddah,1,0,0.0007571346,1.0
2022,2,26.0,Jeddah,1,0,0.0007997936,1.0
2022,2,27.0,Jeddah,1,0,0.0012877445,1.0
2022,2,28.0,Jeddah,1,0,0.0010874454,1.0
2022,2,29.0,Jeddah,1,0,0.0006345465,1.0
2022,2,30.0,Jeddah,1,0,0.0046439325,1.0
2022,2,31.0,Jeddah,1,0,0.066799976,1.0
2022,2,32.0,Jeddah,1,0,0.002712883,1.0
2022,2,33.0,Jeddah,1,0,0.015692458,1.0
2022,2,34.0,Jeddah,1,1,0.9995894,1.0
2022,2,35.0,Jeddah,1,1,0.99966526,1.0
2022,2,36.0,Jeddah,1,1,0.9997631,1.0
2022,2,37.0,Jeddah,12,0,0.0005426932,1.0
2022,2,38.0,Jeddah,26,0,0.0009567277,1.0
2022,2,39.0,Jeddah,6,0,0.0013075835,1.0
2022,2,40.0,Jeddah,6,0,0.00058106007,1.0
2022,2,41.0,Jeddah,671,0,0.047915842,1.0
2022,2,42.0,Jeddah,1,0,0.00052236667,1.0
2022,2,43.0,Jeddah,1,0,0.0098416,1.0
2022,2,44.0,Jeddah,1,0,0.0034229024,1.0
2022,2,45.0,Jeddah,1,0,0.0006383598,1.0
2022,2,46.0,Jeddah,1,0,0.0002031994,1.0
2022,2,47.0,Jeddah,1,0,0.002069751,1.0
2022,2,48.0,Jeddah,12,0,0.0012916962,1.0
2022,2,49.0,Jeddah,21,0,0.0015118482,1.0
2022,2,50.0,Jeddah,2,0,0.020730792,1.0
2022,3,1.0,Melbourne,1,0,1.1719886e-05,0.0
2022,3,2.0,Melbourne,12,0,0.0004271236,0.0
2022,3,3.0,Melbourne,264,0,0.0051819175,0.0
2022,3,4.0,Melbourne,4,0,0.0005598763,0.0
2022,3,5.0,Melbourne,4,0,6.0154666e-06,1.0
2022,3,6.0,Melbourne,41,0,1.2530402e-05,1.0
2022,3,7.0,Melbourne,1,0,1.0817835e-06,1.0
2022,3,8.0,Melbourne,1,0,4.908329e-07,1.0
2022,3,9.0,Melbourne,1,0,6.757453e-07,1.0
2022,3,10.0,Melbourne,1,0,0.00015684725,1.0
2022,3,11.0,Melbourne,1,0,9.589425e-05,1.0
2022,3,12.0,Melbourne,1,0,0.0002646622,1.0
2022,3,13.0,Melbourne,1,0,0.00021466309,1.0
2022,3,14.0,Melbourne,1,0,0.0015379369,1.0
2022,3,15.0,Melbourne,1,0,7.5514736e-06,1.0
2022,3,16.0,Melbourne,1,0,5.802462e-07,1.0
2022,3,17.0,Melbourne,1,0,1.4248968e-07,1.0
2022,3,18.0,Melbourne,1,0,2.840501e-06,1.0
2022,3,19.0,Melbourne,1,0,0.0007037742,1.0
2022,3,20.0,Melbourne,1,1,7.4819263e-06,1.0
2022,3,21.0,Melbourne,1,1,0.9995479,1.0
2022,3,22.0,Melbourne,1,1,0.0005220894,1.0
2022,3,23.0,Melbourne,124,0,2.0979774e-05,1.0
2022,3,24.0,Melbourne,4,0,1.3546514e-05,1.0
2022,3,25.0,Melbourne,4,0,4.8889662e-05,1.0
2022,3,26.0,Melbourne,41,0,5.8315923e-06,1.0
2022,3,27.0,Melbourne,1,0,2.365197e-05,1.0
2022,3,28.0,Melbourne,1,0,5.599051e-06,1.0
2022,3,29.0,Melbourne,1,0,2.2909451e-05,1.0
2022,3,30.0,Melbourne,1,0,6.527283e-05,1.0
2022,3,31.0,Melbourne,1,0,1.1148347e-05,1.0
2022,3,32.0,Melbourne,1,0,2.8617706e-05,1.0
2022,3,33.0,Melbourne,1,0,1.6518627e-05,1.0
2022,3,34.0,Melbourne,1,0,4.591922e-06,1.0
2022,3,35.0,Melbourne,1,0,3.3983804e-07,1.0
2022,3,36.0,Melbourne,1,0,1.4022367e-05,1.0
2022,3,37.0,Melbourne,1,0,1.38861515e-05,1.0
2022,3,38.0,Melbourne,1,0,6.0575105e-05,1.0
2022,3,39.0,Melbourne,16,0,2.246854e-05,1.0
2022,3,40.0,Melbourne,671,0,8.041212e-06,1.0
2022,3,41.0,Melbourne,1,0,4.311335e-05,1.0
2022,3,42.0,Melbourne,1,0,3.207732e-05,1.0
2022,3,43.0,Melbourne,1,0,3.1332573e-05,1.0
2022,3,44.0,Melbourne,1,0,0.0002328564,1.0
2022,3,45.0,Melbourne,1,0,0.00014676804,1.0
2022,3,46.0,Melbourne,1,0,1.0756625e-06,1.0
2022,3,47.0,Melbourne,1,0,2.5482157e-07,1.0
2022,3,48.0,Melbourne,1,0,7.841032e-07,1.0
2022,3,49.0,Melbourne,1,0,8.0716455e-07,1.0
2022,3,50.0,Melbourne,1,0,1.5551428e-05,1.0
2022,3,51.0,Melbourne,1,0,5.8020473e-06,1.0
2022,3,52.0,Melbourne,1,0,5.2579676e-06,1.0
2022,3,53.0,Melbourne,1,0,0.00014180834,1.0
2022,3,54.0,Melbourne,1,0,0.00039067407,1.0
2022,3,55.0,Melbourne,1,0,1.5699986e-06,1.0
2022,3,56.0,Melbourne,1,0,1.2109174e-05,1.0
2022,3,57.0,Melbourne,1,0,2.1363647e-05,1.0
2022,3,58.0,Melbourne,1,0,1.3922815e-05,1.0
2022,4,1.0,Imola,124,0,0.08396815,0.0
2022,4,2.0,Imola,4,0,0.0039277547,0.0
2022,4,3.0,Imola,4,0,0.003332148,1.0
2022,4,4.0,Imola,41,0,0.002821919,1.0
2022,4,5.0,Imola,1,0,1.239496e-05,1.0
2022,4,6.0,Imola,1,0,5.193804e-07,1.0
2022,4,7.0,Imola,1,0,3.8660073e-06,1.0
2022,4,8.0,Imola,1,0,4.73819e-07,1.0
2022,4,9.0,Imola,1,0,7.209953e-07,1.0
2022,4,10.0,Imola,1,0,1.4055892e-05,1.0
2022,4,11.0,Imola,1,0,3.4860823e-06,1.0
2022,4,12.0,Imola,1,0,5.0906715e-07,1.0
2022,4,13.0,Imola,1,0,2.9399317e-07,1.0
2022,4,14.0,Imola,1,0,8.114712e-09,1.0
2022,4,15.0,Imola,1,0,4.3227168e-08,1.0
2022,4,16.0,Imola,1,0,1.9737014e-07,1.0
2022,4,17.0,Imola,1,0,0.110652596,1.0
2022,4,18.0,Imola,1,0,0.00049464166,1.0
2022,4,19.0,Imola,1,0,1.13557435e-05,1.0
2022,4,20.0,Imola,1,0,4.1075165e-08,1.0
2022,4,21.0,Imola,1,0,2.4856095e-06,1.0
2022,4,22.0,Imola,1,0,0.00013323121,1.0
2022,4,23.0,Imola,1,0,1.7245267e-05,1.0
2022,4,24.0,Imola,1,0,6.4125105e-09,1.0
2022,4,25.0,Imola,12,0,2.0959562e-06,1.0
2022,4,26.0,Imola,1,0,2.5116062e-06,1.0
2022,4,27.0,Imola,1,0,1.090306e-07,1.0
2022,4,28.0,Imola,1,0,1.0470786e-06,1.0
2022,4,29.0,Imola,1,0,4.866713e-05,1.0
2022,4,30.0,Imola,1,0,0.0005214961,1.0
2022,4,31.0,Imola,1,0,4.9044215e-06,1.0
2022,4,32.0,Imola,1,0,2.9513902e-07,1.0
2022,4,33.0,Imola,1,0,2.2993799e-08,1.0
2022,4,34.0,Imola,1,0,4.062502e-07,1.0
2022,4,35.0,Imola,1,0,3.486314e-07,1.0
2022,4,36.0,Imola,1,0,9.2421484e-05,1.0
2022,4,37.0,Imola,1,0,5.584598e-08,1.0
2022,4,38.0,Imola,1,0,3.9744089e-07,1.0
2022,4,39.0,Imola,1,0,8.282412e-07,1.0
2022,4,40.0,Imola,1,0,7.7059724e-08,1.0
2022,4,41.0,Imola,1,0,1.9199902e-05,1.0
2022,4,42.0,Imola,1,0,5.1989955e-06,1.0
2022,4,43.0,Imola,1,0,7.8536805e-06,1.0
2022,4,44.0,Imola,1,0,1.44820415e-05,1.0
2022,4,45.0,Imola,1,0,8.34284e-06,1.0
2022,4,46.0,Imola,1,0,0.0001166266,1.0
2022,4,47.0,Imola,1,0,1.5435059e-07,1.0
2022,4,48.0,Imola,1,0,1.1076231e-05,1.0
2022,4,49.0,Imola,1,0,0.0014243807,1.0
2022,4,50.0,Imola,1,0,0.0019941584,1.0
2022,4,51.0,Imola,1,0,0.003411214,1.0
2022,4,52.0,Imola,1,0,9.5983356e-05,1.0
2022,4,53.0,Imola,12,0,0.004145364,1.0
2022,4,54.0,Imola,21,0,0.00073101,1.0
2022,4,55.0,Imola,1,0,1.7451974e-07,1.0
2022,4,56.0,Imola,1,0,2.9468185e-05,1.0
2022,4,57.0,Imola,1,0,1.0026125e-05,1.0
2022,4,58.0,Imola,1,0,1.7386406e-05,1.0
2022,4,59.0,Imola,1,0,3.7658094e-06,1.0
2022,4,60.0,Imola,1,0,1.17855325e-05,1.0
2022,4,61.0,Imola,1,0,1.0275839e-07,1.0
2022,4,62.0,Imola,1,0,5.622356e-05,1.0
2022,4,63.0,Imola,1,0,0.0002639435,1.0
2022,5,1.0,Miami,1,0,9.187582e-06,0.0
2022,5,2.0,Miami,1,0,1.8525352e-06,0.0
2022,5,3.0,Miami,1,0,4.0632335e-06,0.0
2022,5,4.0,Miami,1,0,7.2276716e-06,0.0
2022,5,5.0,Miami,1,0,1.0781236e-07,0.0
2022,5,6.0,Miami,1,0,9.790517e-07,0.0
2022,5,7.0,Miami,1,0,1.5293953e-07,0.0
2022,5,8.0,Miami,1,0,7.249854e-07,0.0
2022,5,9.0,Miami,1,0,1.4467907e-06,0.0
2022,5,10.0,Miami,1,0,2.326711e-05,0.0
2022,5,11.0,Miami,1,0,0.00107013,0.0
2022,5,12.0,Miami,1,0,0.00012765347,0.0
2022,5,13.0,Miami,1,0,0.0011153893,0.0
2022,5,14.0,Miami,1,0,0.00014205683,0.0
2022,5,15.0,Miami,1,0,0.0016518083,0.0
2022,5,16.0,Miami,1,0,9.1170354e-05,0.0
2022,5,17.0,Miami,1,0,5.994918e-05,0.0
2022,5,18.0,Miami,1,0,3.8746588e-05,0.0
2022,5,19.0,Miami,1,0,0.00021885677,0.0
2022,5,20.0,Miami,12,0,4.369385e-05,0.0
2022,5,21.0,Miami,1,0,0.0001868807,0.0
2022,5,22.0,Miami,1,0,0.00023713736,0.0
2022,5,23.0,Miami,1,0,0.0033542581,0.0
2022,5,24.0,Miami,1,0,0.0020825071,0.0
2022,5,25.0,Miami,1,0,0.02577166,0.0
2022,5,26.0,Miami,1,0,0.0013460213,0.0
2022,5,27.0,Miami,1,0,0.0014953598,0.0
2022,5,28.0,Miami,1,0,0.0011392165,0.0
2022,5,29.0,Miami,1,0,0.00026666926,0.0
2022,5,30.0,Miami,1,0,0.00022961177,0.0
2022,5,31.0,Miami,1,0,0.0029590814,0.0
2022,5,32.0,Miami,1,0,0.00012533202,0.0
2022,5,33.0,Miami,1,0,0.00073432265,0.0
2022,5,34.0,Miami,1,0,0.00097471965,0.0
2022,5,35.0,Miami,1,0,0.049134098,0.0
2022,5,36.0,Miami,1,0,0.0016912516,0.0
2022,5,37.0,Miami,1,0,0.009682087,0.0
2022,5,38.0,Miami,1,1,0.99957496,0.0
2022,5,39.0,Miami,1,1,0.99947125,0.0
2022,5,40.0,Miami,1,1,0.99965346,0.0
2022,5,41.0,Miami,1264,0,0.10246575,0.0
2022,5,42.0,Miami,4,0,0.012748507,0.0
2022,5,43.0,Miami,4,0,0.0028367823,1.0
2022,5,44.0,Miami,4,0,0.005329576,1.0
2022,5,45.0,Miami,4,0,0.0023117617,1.0
2022,5,46.0,Miami,41,0,0.0026770502,1.0
2022,5,47.0,Miami,12,0,0.0016157735,1.0
2022,5,48.0,Miami,1,0,2.6519358e-05,1.0
2022,5,49.0,Miami,1,0,0.000288882,1.0
2022,5,50.0,Miami,1,0,1.1381916e-05,1.0
2022,5,51.0,Miami,1,0,2.7604128e-05,1.0
2022,5,52.0,Miami,1,0,3.3676213e-05,1.0
2022,5,53.0,Miami,1,0,1.8009125e-05,1.0
2022,5,54.0,Miami,12,0,0.78133893,1.0
2022,5,55.0,Miami,1,0,2.4080064e-08,1.0
2022,5,56.0,Miami,12,0,0.003686828,1.0
2022,5,57.0,Miami,1,0,4.4647098e-07,1.0
2022,6,1.0,Barcelona,12,0,0.0015382365,0.0
2022,6,2.0,Barcelona,1,0,1.4389651e-07,0.0
2022,6,3.0,Barcelona,1,0,1.7984473e-07,0.0
2022,6,4.0,Barcelona,1,0,4.9405406e-07,0.0
2022,6,5.0,Barcelona,1,0,2.4526576e-06,0.0
2022,6,6.0,Barcelona,1,0,1.9320462e-06,0.0
2022,6,7.0,Barcelona,12,0,1.6561895e-05,0.0
2022,6,8.0,Barcelona,1,0,6.127525e-05,0.0
2022,6,9.0,Barcelona,12,0,0.00040152585,0.0
2022,6,10.0,Barcelona,1,0,3.014892e-05,0.0
2022,6,11.0,Barcelona,1,0,2.373566e-06,0.0
2022,6,12.0,Barcelona,1,0,4.5993293e-05,0.0
2022,6,13.0,Barcelona,1,0,2.900135e-07,0.0
2022,6,14.0,Barcelona,1,0,6.11475e-07,0.0
2022,6,15.0,Barcelona,1,0,0.00020317247,0.0
2022,6,16.0,Barcelona,1,0,0.0004056438,0.0
2022,6,17.0,Barcelona,1,0,5.1927077e-06,0.0
2022,6,18.0,Barcelona,1,0,7.062985e-06,0.0
2022,6,19.0,Barcelona,1,0,4.166303e-06,0.0
2022,6,20.0,Barcelona,1,0,5.460344e-06,0.0
2022,6,21.0,Barcelona,1,0,1.2178614e-06,0.0
2022,6,22.0,Barcelona,1,0,4.3799223e-06,0.0
2022,6,23.0,Barcelona,1,0,9.22187e-06,0.0
2022,6,24.0,Barcelona,1,0,1.528802e-06,0.0
2022,6,25.0,Barcelona,1,0,3.5547225e-07,0.0
2022,6,26.0,Barcelona,1,0,8.660556e-06,0.0
2022,6,27.0,Barcelona,1,0,6.6761726e-07,0.0
2022,6,28.0,Barcelona,1,0,1.3562453e-07,0.0
2022,6,29.0,Barcelona,1,0,2.6409626e-08,0.0
2022,6,30.0,Barcelona,1,0,8.927937e-09,0.0
2022,6,31.0,Barcelona,1,0,3.0571694e-06,0.0
2022,6,32.0,Barcelona,1,0,2.7760592e-07,0.0
2022,6,33.0,Barcelona,1,0,6.396226e-06,0.0
2022,6,34.0,Barcelona,1,0,8.4266196e-07,0.0
2022,6,35.0,Barcelona,1,0,4.158056e-07,0.0
2022,6,36.0,Barcelona,1,0,1.5555376e-06,0.0
2022,6,37.0,Barcelona,1,0,1.071336e-06,0.0
2022,6,38.0,Barcelona,1,0,2.2534132e-06,0.0
2022,6,39.0,Barcelona,1,0,4.2425845e-06,0.0
2022,6,40.0,Barcelona,1,0,5.295354e-07,0.0
2022,6,41.0,Barcelona,1,0,7.457158e-06,0.0
2022,6,42.0,Barcelona,1,0,5.5188862e-05,0.0
2022,6,43.0,Barcelona,1,0,0.00012736216,0.0
2022,6,44.0,Barcelona,1,0,3.8209305e-06,0.0
2022,6,45.0,Barcelona,1,0,4.4386484e-06,0.0
2022,6,46.0,Barcelona,1,0,7.7949926e-07,0.0
2022,6,47.0,Barcelona,1,0,9.961089e-06,0.0
2022,6,48.0,Barcelona,1,0,8.421089e-06,0.0
2022,6,49.0,Barcelona,1,0,3.1984462e-05,0.0
2022,6,50.0,Barcelona,1,0,1.3731601e-05,0.0
2022,6,51.0,Barcelona,1,0,3.1645516e-06,0.0
2022,6,52.0,Barcelona,1,0,1.508979e-07,0.0
2022,6,53.0,Barcelona,1,0,1.6522881e-06,0.0
2022,6,54.0,Barcelona,1,0,1.88763e-05,0.0
2022,6,55.0,Barcelona,1,0,1.210624e-06,0.0
2022,6,56.0,Barcelona,1,0,0.00053939916,0.0
2022,6,57.0,Barcelona,1,0,1.900083e-05,0.0
2022,6,58.0,Barcelona,1,0,2.4271614e-05,0.0
2022,6,59.0,Barcelona,1,0,1.3012896e-06,0.0
2022,6,60.0,Barcelona,1,0,4.786893e-06,0.0
2022,6,61.0,Barcelona,1,0,1.7307495e-05,0.0
2022,6,62.0,Barcelona,1,0,3.3373042e-05,0.0
2022,6,63.0,Barcelona,1,0,8.037759e-05,0.0
2022,6,64.0,Barcelona,1,0,5.4985744e-06,0.0
2022,6,65.0,Barcelona,1,0,2.9624705e-05,0.0
2022,6,66.0,Barcelona,1,0,4.7393883e-06,0.0
2022,7,1.0,Monaco,12,0,0.821732,0.0
2022,7,2.0,Monaco,14,0,0.9292893,0.0
2022,7,3.0,Monaco,1,0,1.552159e-05,0.0
2022,7,4.0,Monaco,1,0,0.0025874663,0.0
2022,7,5.0,Monaco,1,0,0.0025203787,0.0
2022,7,6.0,Monaco,12,0,0.016667578,0.0
2022,7,7.0,Monaco,1,0,0.0020050139,0.0
2022,7,8.0,Monaco,1,0,0.00012061018,0.0
2022,7,9.0,Monaco,1,0,0.00011451711,0.0
2022,7,10.0,Monaco,12,0,0.9811214,0.0
2022,7,11.0,Monaco,12,0,0.24446075,0.0
2022,7,12.0,Monaco,1,0,6.579264e-05,0.0
2022,7,13.0,Monaco,1,0,1.3275095e-05,0.0
2022,7,14.0,Monaco,1,0,2.1929702e-06,0.0
2022,7,15.0,Monaco,1,0,0.0001266881,0.0
2022,7,16.0,Monaco,1,0,6.5481454e-06,0.0
2022,7,17.0,Monaco,1,0,0.08622608,0.0
2022,7,18.0,Monaco,12,0,0.00028046835,0.0
2022,7,19.0,Monaco,1,0,0.0018523575,0.0
2022,7,20.0,Monaco,1,0,0.00045735255,0.0
2022,7,21.0,Monaco,12,0,0.0010356002,0.0
2022,7,22.0,Monaco,1,0,0.0034795746,0.0
2022,7,23.0,Monaco,1,1,0.999708,0.0
2022,7,24.0,Monaco,1,1,0.8667205,0.0
2022,7,25.0,Monaco,1,1,8.859027e-05,0.0
2022,7,26.0,Monaco,12,0,0.6679684,0.0
2022,7,27.0,Monaco,264,0,0.7051767,0.0
2022,7,28.0,Monaco,4,0,0.8054868,0.0
2022,7,29.0,Monaco,4,0,0.021519804,1.0
2022,7,30.0,Monaco,451,0,0.0006576922,1.0
2022,7,31.0,Monaco,1,0,0.00087684597,1.0
2022,7,32.0,Monaco,1,0,2.0631449e-05,1.0
2022,7,33.0,Monaco,1,0,0.00030647762,1.0
2022,7,34.0,Monaco,1,0,2.6445008e-05,1.0
2022,7,35.0,Monaco,1,0,5.7942994e-05,1.0
2022,7,36.0,Monaco,1,0,6.350765e-05,1.0
2022,7,37.0,Monaco,1,0,0.00010675067,1.0
2022,7,38.0,Monaco,1,0,1.8453394e-06,1.0
2022,7,39.0,Monaco,1,0,1.1983996e-06,1.0
2022,7,40.0,Monaco,1,0,8.612074e-07,1.0
2022,7,41.0,Monaco,1,0,1.0415581e-06,1.0
2022,7,42.0,Monaco,1,0,4.5696063e-07,1.0
2022,7,43.0,Monaco,1,0,9.146318e-06,1.0
2022,7,44.0,Monaco,1,0,6.105473e-07,1.0
2022,7,45.0,Monaco,1,0,5.728669e-06,1.0
2022,7,46.0,Monaco,1,0,3.6767477e-07,1.0
2022,7,47.0,Monaco,1,0,1.0081283e-05,1.0
2022,7,48.0,Monaco,1,0,8.667744e-08,1.0
2022,7,49.0,Monaco,1,0,3.4478378e-06,1.0
2022,7,50.0,Monaco,1,0,3.9353417e-06,1.0
2022,7,51.0,Monaco,1,0,5.0310035e-07,1.0
2022,7,52.0,Monaco,1,0,1.0868497e-05,1.0
2022,7,53.0,Monaco,1,0,3.1876e-07,1.0
2022,7,54.0,Monaco,1,0,7.1262043e-06,1.0
2022,7,55.0,Monaco,1,0,1.4388492e-08,1.0
2022,7,56.0,Monaco,1,0,9.329732e-05,1.0
2022,7,57.0,Monaco,12,0,4.5337032e-08,1.0
2022,7,58.0,Monaco,1,0,5.950127e-07,1.0
2022,7,59.0,Monaco,1,0,1.8939941e-06,1.0
2022,7,60.0,Monaco,12,0,1.1194029e-06,1.0
2022,7,61.0,Monaco,1,0,7.2884966e-08,1.0
2022,7,62.0,Monaco,1,0,2.1720327e-07,1.0
2022,7,63.0,Monaco,1,0,5.30072e-07,1.0
2022,7,64.0,Monaco,1,0,6.504284e-08,1.0
2022,8,1.0,Baku,1,0,0.00042403833,0.0
2022,8,2.0,Baku,1,0,0.0034716306,0.0
2022,8,3.0,Baku,1,0,6.7244555e-06,0.0
2022,8,4.0,Baku,1,0,6.28936e-08,0.0
2022,8,5.0,Baku,1,0,7.4118734e-06,0.0
2022,8,6.0,Baku,1,0,9.37312e-08,0.0
2022,8,7.0,Baku,1,0,1.24218e-06,0.0
2022,8,8.0,Baku,1,0,9.303756e-06,0.0
2022,8,9.0,Baku,126,0,0.00029603924,0.0
2022,8,10.0,Baku,671,0,0.025902262,0.0
2022,8,11.0,Baku,1,0,7.596334e-05,0.0
2022,8,12.0,Baku,1,0,5.3834134e-07,0.0
2022,8,13.0,Baku,12,0,0.0030810577,0.0
2022,8,14.0,Baku,1,0,1.9196676e-07,0.0
2022,8,15.0,Baku,1,0,7.763753e-06,0.0
2022,8,16.0,Baku,1,0,0.00018548501,0.0
2022,8,17.0,Baku,1,0,2.4468777e-06,0.0
2022,8,18.0,Baku,1,0,2.1122429e-07,0.0
2022,8,19.0,Baku,1,0,4.8993726e-08,0.0
2022,8,20.0,Baku,1,0,5.102472e-07,0.0
2022,8,21.0,Baku,1,0,2.2607978e-07,0.0
2022,8,22.0,Baku,1,0,2.8253577e-08,0.0
2022,8,23.0,Baku,1,0,4.9897917e-05,0.0
2022,8,24.0,Baku,1,0,3.1396343e-05,0.0
2022,8,25.0,Baku,1,0,4.6451322e-07,0.0
2022,8,26.0,Baku,1,0,3.6779926e-07,0.0
2022,8,27.0,Baku,1,0,1.561368e-07,0.0
2022,8,28.0,Baku,1,0,1.6973634e-05,0.0
2022,8,29.0,Baku,1,0,0.0016081333,0.0
2022,8,30.0,Baku,1,1,0.9998223,0.0
2022,8,31.0,Baku,1,1,0.9998,0.0
2022,8,32.0,Baku,1,1,0.031502467,0.0
2022,8,33.0,Baku,126,0,0.0673146,0.0
2022,8,34.0,Baku,6,0,0.015225183,0.0
2022,8,35.0,Baku,671,0,1.308344e-05,1.0
2022,8,36.0,Baku,1,0,1.5098329e-06,1.0
2022,8,37.0,Baku,1,0,4.3559e-06,1.0
2022,8,38.0,Baku,1,0,4.643361e-06,1.0
2022,8,39.0,Baku,1,0,8.127243e-06,1.0
2022,8,40.0,Baku,1,0,3.6719153e-05,1.0
2022,8,41.0,Baku,1,0,3.7691403e-05,1.0
2022,8,42.0,Baku,1,0,4.8947213e-06,1.0
2022,8,43.0,Baku,1,0,2.4826363e-06,1.0
2022,8,44.0,Baku,1,0,2.4743946e-05,1.0
2022,8,45.0,Baku,1,0,4.0511536e-06,1.0
2022,8,46.0,Baku,1,0,0.00065823435,1.0
2022,8,47.0,Baku,1,0,5.749408e-05,1.0
2022,8,48.0,Baku,1,0,1.3830446e-05,1.0
2022,8,49.0,Baku,1,0,3.2421958e-06,1.0
2022,8,50.0,Baku,1,0,2.9656774e-06,1.0
2022,8,51.0,Baku,1,0,0.00016924429,1.0
2022,9,1.0,Montréal,1,0,1.4824888e-05,0.0
2022,9,2.0,Montréal,1,0,9.546784e-06,0.0
2022,9,3.0,Montréal,1,0,7.247633e-06,0.0
2022,9,4.0,Montréal,1,0,9.5544265e-06,0.0
2022,9,5.0,Montréal,1,0,5.429532e-05,0.0
2022,9,6.0,Montréal,1,0,8.998948e-06,0.0
2022,9,7.0,Montréal,1,0,9.148054e-06,0.0
2022,9,8.0,Montréal,1,0,0.006609845,0.0
2022,9,9.0,Montréal,126,0,0.0047228434,0.0
2022,9,10.0,Montréal,671,0,0.3971833,0.0
2022,9,11.0,Montréal,1,0,4.5545885e-06,0.0
2022,9,12.0,Montréal,1,0,6.223976e-07,0.0
2022,9,13.0,Montréal,1,0,3.2169896e-06,0.0
2022,9,14.0,Montréal,1,0,8.640419e-05,0.0
2022,9,15.0,Montréal,1,0,0.00038291034,0.0
2022,9,16.0,Montréal,1,0,2.1155754e-05,0.0
2022,9,17.0,Montréal,1,0,0.0030244256,0.0
2022,9,18.0,Montréal,1,0,0.002347229,0.0
2022,9,19.0,Montréal,12,0,0.23597306,0.0
2022,9,20.0,Montréal,2671,0,0.0803806,0.0
2022,9,21.0,Montréal,71,0,6.708211e-07,0.0
2022,9,22.0,Montréal,1,0,7.6228866e-07,0.0
2022,9,23.0,Montréal,1,0,6.5139134e-06,0.0
2022,9,24.0,Montréal,1,0,1.0666703e-05,0.0
2022,9,25.0,Montréal,1,0,3.8526032e-05,0.0
2022,9,26.0,Montréal,1,0,3.8950868e-05,0.0
2022,9,27.0,Montréal,1,0,5.441157e-06,0.0
2022,9,28.0,Montréal,1,0,0.00043706974,0.0
2022,9,29.0,Montréal,1,0,7.1937335e-05,0.0
2022,9,30.0,Montréal,1,0,2.7698587e-05,0.0
2022,9,31.0,Montréal,1,0,8.4019994e-05,0.0
2022,9,32.0,Montréal,1,0,0.00017674902,0.0
2022,9,33.0,Montréal,1,0,3.1390024e-05,0.0
2022,9,34.0,Montréal,1,0,0.0002235523,0.0
2022,9,35.0,Montréal,1,0,5.179891e-05,0.0
2022,9,36.0,Montréal,1,0,0.0009090092,0.0
2022,9,37.0,Montréal,1,0,0.00024535332,0.0
2022,9,38.0,Montréal,1,0,0.007394599,0.0
2022,9,39.0,Montréal,1,0,0.0037787007,0.0
2022,9,40.0,Montréal,1,0,0.00794685,0.0
2022,9,41.0,Montréal,1,0,0.0021705993,0.0
2022,9,42.0,Montréal,1,0,0.008976219,0.0
2022,9,43.0,Montréal,1,0,0.0017447236,0.0
2022,9,44.0,Montréal,1,0,0.00021047969,0.0
2022,9,45.0,Montréal,1,0,0.0017711745,0.0
2022,9,46.0,Montréal,1,1,0.9995652,0.0
2022,9,47.0,Montréal,1,1,0.9995709,0.0
2022,9,48.0,Montréal,1,1,0.999752,0.0
2022,9,49.0,Montréal,124,0,0.3809229,0.0
2022,9,50.0,Montréal,4,0,0.5963963,0.0
2022,9,51.0,Montréal,4,0,0.14569624,1.0
2022,9,52.0,Montréal,4,0,0.13667023,1.0
2022,9,53.0,Montréal,4,0,0.13419819,1.0
2022,9,54.0,Montréal,41,0,0.15548065,1.0
2022,9,55.0,Montréal,1,0,9.068653e-05,1.0
2022,9,56.0,Montréal,1,0,0.0004656521,1.0
2022,9,57.0,Montréal,1,0,0.00010348419,1.0
2022,9,58.0,Montréal,1,0,3.9625436e-05,1.0
2022,9,59.0,Montréal,1,0,0.00029307036,1.0
2022,9,60.0,Montréal,1,0,1.2729715e-05,1.0
2022,9,61.0,Montréal,1,0,1.1456272e-05,1.0
2022,9,62.0,Montréal,1,0,4.4807464e-05,1.0
2022,9,63.0,Montréal,1,0,0.00033975576,1.0
2022,9,64.0,Montréal,1,0,0.00013416851,1.0
2022,9,65.0,Montréal,1,0,0.00074621104,1.0
2022,9,66.0,Montréal,1,0,6.693783e-06,1.0
2022,9,67.0,Montréal,1,0,8.0583966e-05,1.0
2022,9,68.0,Montréal,1,0,1.2591278e-05,1.0
2022,9,69.0,Montréal,1,0,9.117827e-05,1.0
2022,9,70.0,Montréal,1,0,1.6841483e-05,1.0
2022,10,1.0,Silverstone,125,0,0.06264395,0.0
2022,10,2.0,Silverstone,1,0,0.08554759,0.0
2022,10,3.0,Silverstone,1,0,7.555029e-07,0.0
2022,10,4.0,Silverstone,1,0,4.9325794e-05,0.0
2022,10,5.0,Silverstone,1,0,1.378618e-06,0.0
2022,10,6.0,Silverstone,1,0,1.2787102e-06,0.0
2022,10,7.0,Silverstone,1,0,2.4343672e-06,0.0
2022,10,8.0,Silverstone,1,0,4.9805763e-06,0.0
2022,10,9.0,Silverstone,1,0,2.098094e-06,0.0
2022,10,10.0,Silverstone,1,0,7.297082e-06,0.0
2022,10,11.0,Silverstone,12,0,0.0027874704,0.0
2022,10,12.0,Silverstone,1,0,6.2186336e-06,0.0
2022,10,13.0,Silverstone,1,0,2.0647076e-05,0.0
2022,10,14.0,Silverstone,1,0,0.0005564876,0.0
2022,10,15.0,Silverstone,1,0,4.5009897e-06,0.0
2022,10,16.0,Silverstone,1,0,8.467588e-06,0.0
2022,10,17.0,Silverstone,1,0,2.935991e-05,0.0
2022,10,18.0,Silverstone,1,0,1.5791195e-06,0.0
2022,10,19.0,Silverstone,1,0,4.2581296e-06,0.0
2022,10,20.0,Silverstone,1,0,2.6798885e-05,0.0
2022,10,21.0,Silverstone,1,0,6.901603e-06,0.0
2022,10,22.0,Silverstone,1,0,0.0001812419,0.0
2022,10,23.0,Silverstone,1,0,0.00012356967,0.0
2022,10,24.0,Silverstone,1,0,0.00017877635,0.0
2022,10,25.0,Silverstone,1,0,0.0031369047,0.0
2022,10,26.0,Silverstone,1,0,0.0034984096,0.0
2022,10,27.0,Silverstone,1,0,0.0002132707,0.0
2022,10,28.0,Silverstone,1,0,0.001461345,0.0
2022,10,29.0,Silverstone,1,0,0.0002422474,0.0
2022,10,30.0,Silverstone,1,0,0.00015743701,0.0
2022,10,31.0,Silverstone,1,0,3.4451856e-05,0.0
2022,10,32.0,Silverstone,1,0,0.00038678414,0.0
2022,10,33.0,Silverstone,1,0,0.004210303,0.0
2022,10,34.0,Silverstone,1,0,0.00023929139,0.0
2022,10,35.0,Silverstone,1,0,0.0058039953,0.0
2022,10,36.0,Silverstone,1,1,0.99963975,0.0
2022,10,37.0,Silverstone,1,1,0.08517464,0.0
2022,10,38.0,Silverstone,1,1,0.9997584,0.0
2022,10,39.0,Silverstone,124,0,0.043591104,0.0
2022,10,40.0,Silverstone,4,0,0.0056708893,0.0
2022,10,41.0,Silverstone,4,0,9.159203e-05,1.0
2022,10,42.0,Silverstone,41,0,6.486577e-05,1.0
2022,10,43.0,Silverstone,1,0,9.284886e-06,1.0
2022,10,44.0,Silverstone,1,0,3.3343676e-06,1.0
2022,10,45.0,Silverstone,1,0,0.00084647327,1.0
2022,10,46.0,Silverstone,1,0,2.6441327e-05,1.0
2022,10,47.0,Silverstone,1,0,0.0012823006,1.0
2022,10,48.0,Silverstone,1,0,4.6525347e-05,1.0
2022,10,49.0,Silverstone,1,0,1.8246668e-06,1.0
2022,10,50.0,Silverstone,1,0,0.002655665,1.0
2022,10,51.0,Silverstone,1,0,5.9418703e-06,1.0
2022,10,52.0,Silverstone,1,0,1.9264878e-06,1.0
2022,11,1.0,Spielberg,1,0,5.2380088e-05,0.0
2022,11,2.0,Spielberg,1,0,6.0428443e-05,0.0
2022,11,3.0,Spielberg,1,0,0.00013898875,0.0
2022,11,4.0,Spielberg,1,0,2.069125e-05,0.0
2022,11,5.0,Spielberg,1,0,9.9335564e-05,0.0
2022,11,6.0,Spielberg,1,0,0.00025379777,0.0
2022,11,7.0,Spielberg,1,0,0.00075228466,0.0
2022,11,8.0,Spielberg,1,0,0.04541903,0.0
2022,11,9.0,Spielberg,1,0,0.00091499026,0.0
2022,11,10.0,Spielberg,1,0,0.0027806393,0.0
2022,11,11.0,Spielberg,1,0,0.028066704,0.0
2022,11,12.0,Spielberg,1,0,3.428584e-06,0.0
2022,11,13.0,Spielberg,1,0,0.00060612883,0.0
2022,11,14.0,Spielberg,1,0,0.00050271343,0.0
2022,11,15.0,Spielberg,1,0,0.00063420134,0.0
2022,11,16.0,Spielberg,1,0,0.0003054057,0.0
2022,11,17.0,Spielberg,1,0,0.00012759068,0.0
2022,11,18.0,Spielberg,1,0,0.00043428157,0.0
2022,11,19.0,Spielberg,1,0,0.0002858475,0.0
2022,11,20.0,Spielberg,1,0,9.676718e-05,0.0
2022,11,21.0,Spielberg,1,0,6.765467e-05,0.0
2022,11,22.0,Spielberg,1,0,0.00022130854,0.0
2022,11,23.0,Spielberg,1,0,3.5253765e-05,0.0
2022,11,24.0,Spielberg,1,0,1.817065e-05,0.0
2022,11,25.0,Spielberg,1,0,1.7570943e-05,0.0
2022,11,26.0,Spielberg,1,0,2.7363422e-08,0.0
2022,11,27.0,Spielberg,1,0,4.2378875e-07,0.0
2022,11,28.0,Spielberg,1,0,5.996314e-08,0.0
2022,11,29.0,Spielberg,1,0,7.7538825e-06,0.0
2022,11,30.0,Spielberg,1,0,0.00083962386,0.0
2022,11,31.0,Spielberg,1,0,5.4035503e-05,0.0
2022,11,32.0,Spielberg,1,0,5.7158777e-06,0.0
2022,11,33.0,Spielberg,1,0,7.005461e-06,0.0
2022,11,34.0,Spielberg,1,0,2.4616073e-05,0.0
2022,11,35.0,Spielberg,1,0,3.5477804e-06,0.0
2022,11,36.0,Spielberg,1,0,3.913183e-06,0.0
2022,11,37.0,Spielberg,1,0,0.00015376841,0.0
2022,11,38.0,Spielberg,1,0,3.2808535e-07,0.0
2022,11,39.0,Spielberg,1,0,5.942536e-05,0.0
2022,11,40.0,Spielberg,12,0,2.6155849e-05,0.0
2022,11,41.0,Spielberg,1,0,2.650884e-05,0.0
2022,11,42.0,Spielberg,1,0,4.169777e-06,0.0
2022,11,43.0,Spielberg,1,0,1.2765998e-06,0.0
2022,11,44.0,Spielberg,1,0,5.3751155e-06,0.0
2022,11,45.0,Spielberg,1,0,0.32720417,0.0
2022,11,46.0,Spielberg,1,0,5.927939e-05,0.0
2022,11,47.0,Spielberg,1,0,0.00047769974,0.0
2022,11,48.0,Spielberg,1,0,4.848551e-07,0.0
2022,11,49.0,Spielberg,1,0,0.00011283869,0.0
2022,11,50.0,Spielberg,1,0,3.5597677e-05,0.0
2022,11,51.0,Spielberg,1,0,4.0603714e-05,0.0
2022,11,52.0,Spielberg,1,0,2.2740802e-05,0.0
2022,11,53.0,Spielberg,1,0,0.00010231088,0.0
2022,11,54.0,Spielberg,1,0,1.8945102e-05,0.0
2022,11,55.0,Spielberg,1,0,1.2670115e-05,0.0
2022,11,56.0,Spielberg,1,0,0.00023847599,0.0
2022,11,57.0,Spielberg,12,0,0.016718501,0.0
2022,11,58.0,Spielberg,26,0,0.02135249,0.0
2022,11,59.0,Spielberg,67,0,0.002563575,0.0
2022,11,60.0,Spielberg,71,0,0.002426533,0.0
2022,11,61.0,Spielberg,1,0,0.0006242052,0.0
2022,11,62.0,Spielberg,1,0,0.0006279818,0.0
2022,11,63.0,Spielberg,1,0,0.0014999034,0.0
2022,11,64.0,Spielberg,1,0,7.252459e-05,0.0
2022,11,65.0,Spielberg,1,0,6.696349e-06,0.0
2022,11,66.0,Spielberg,1,0,1.4063883e-05,0.0
2022,11,67.0,Spielberg,1,0,0.0003350504,0.0
2022,11,68.0,Spielberg,1,0,0.00028293955,0.0
2022,11,69.0,Spielberg,1,0,1.3519132e-06,0.0
2022,11,70.0,Spielberg,1,0,2.7061687e-06,0.0
2022,11,71.0,Spielberg,1,0,2.938422e-05,0.0
2022,12,1.0,Le Castellet,12,0,0.00035172116,0.0
2022,12,2.0,Le Castellet,1,0,2.2943168e-05,0.0
2022,12,3.0,Le Castellet,1,0,7.109677e-07,0.0
2022,12,4.0,Le Castellet,1,0,1.5666319e-07,0.0
2022,12,5.0,Le Castellet,1,0,1.2793658e-05,0.0
2022,12,6.0,Le Castellet,1,0,1.7149957e-06,0.0
2022,12,7.0,Le Castellet,1,0,1.999233e-05,0.0
2022,12,8.0,Le Castellet,1,0,0.00012990528,0.0
2022,12,9.0,Le Castellet,1,0,0.000116935065,0.0
2022,12,10.0,Le Castellet,1,0,5.5741748e-05,0.0
2022,12,11.0,Le Castellet,1,0,9.45034e-06,0.0
2022,12,12.0,Le Castellet,1,0,0.0042603584,0.0
2022,12,13.0,Le Castellet,1,0,0.0093771545,0.0
2022,12,14.0,Le Castellet,1,0,0.0031765096,0.0
2022,12,15.0,Le Castellet,1,1,0.99938273,0.0
2022,12,16.0,Le Castellet,1,1,0.99966025,0.0
2022,12,17.0,Le Castellet,1,1,0.001369853,0.0
2022,12,18.0,Le Castellet,124,0,0.008989761,0.0
2022,12,19.0,Le Castellet,4,0,0.027561385,0.0
2022,12,20.0,Le Castellet,41,0,0.0026033004,1.0
2022,12,21.0,Le Castellet,1,0,1.6421323e-07,1.0
2022,12,22.0,Le Castellet,12,0,0.00029008422,1.0
2022,12,23.0,Le Castellet,21,0,1.9821946e-05,1.0
2022,12,24.0,Le Castellet,1,0,1.982626e-06,1.0
2022,12,25.0,Le Castellet,1,0,7.19218e-07,1.0
2022,12,26.0,Le Castellet,1,0,5.8122987e-06,1.0
2022,12,27.0,Le Castellet,1,0,1.9849716e-05,1.0
2022,12,28.0,Le Castellet,1,0,9.987132e-06,1.0
2022,12,29.0,Le Castellet,1,0,1.2466705e-05,1.0
2022,12,30.0,Le Castellet,1,0,0.00025847595,1.0
2022,12,31.0,Le Castellet,1,0,0.00037969157,1.0
2022,12,32.0,Le Castellet,1,0,0.001147958,1.0
2022,12,33.0,Le Castellet,1,0,3.4262266e-07,1.0
2022,12,34.0,Le Castellet,1,0,8.0297614e-05,1.0
2022,12,35.0,Le Castellet,1,0,6.3230016e-07,1.0
2022,12,36.0,Le Castellet,1,0,0.0013450743,1.0
2022,12,37.0,Le Castellet,1,0,7.645873e-08,1.0
2022,12,38.0,Le Castellet,12,0,8.003769e-06,1.0
2022,12,39.0,Le Castellet,1,0,1.0060884e-06,1.0
2022,12,40.0,Le Castellet,1,0,2.0133484e-06,1.0
2022,12,41.0,Le Castellet,1,0,2.3778506e-05,1.0
2022,12,42.0,Le Castellet,1,0,0.00011531298,1.0
2022,12,43.0,Le Castellet,1,0,8.243602e-07,1.0
2022,12,44.0,Le Castellet,1,0,3.4322154e-06,1.0
2022,12,45.0,Le Castellet,1,0,8.836778e-08,1.0
2022,12,46.0,Le Castellet,1,0,1.2960687e-07,1.0
2022,12,47.0,Le Castellet,1,0,1.1768191e-05,1.0
2022,12,48.0,Le Castellet,1,0,1.9635834e-06,1.0
2022,12,49.0,Le Castellet,12,0,0.0007218754,1.0
2022,12,50.0,Le Castellet,2671,0,0.110983826,1.0
2022,12,51.0,Le Castellet,1,0,1.7632008e-08,1.0
2022,12,52.0,Le Castellet,1,0,1.4123442e-08,1.0
2022,12,53.0,Le Castellet,1,0,1.7508654e-07,1.0
2022,13,1.0,Budapest,126,0,0.002215676,0.0
2022,13,2.0,Budapest,16,0,0.0075170747,0.0
2022,13,3.0,Budapest,671,0,0.012739994,0.0
2022,13,4.0,Budapest,1,0,2.488325e-06,0.0
2022,13,5.0,Budapest,1,0,1.2945019e-05,0.0
2022,13,6.0,Budapest,1,0,1.14190125e-05,0.0
2022,13,7.0,Budapest,1,0,1.5139962e-08,0.0
2022,13,8.0,Budapest,1,0,0.00014856624,0.0
2022,13,9.0,Budapest,1,0,1.1391223e-05,0.0
2022,13,10.0,Budapest,1,0,3.1354244e-05,0.0
2022,13,11.0,Budapest,1,0,4.7675485e-06,0.0
2022,13,12.0,Budapest,1,0,1.9213833e-06,0.0
2022,13,13.0,Budapest,1,0,3.9734527e-06,0.0
2022,13,14.0,Budapest,1,0,1.6221189e-06,0.0
2022,13,15.0,Budapest,1,0,4.459432e-05,0.0
2022,13,16.0,Budapest,1,0,0.0013958731,0.0
2022,13,17.0,Budapest,1,0,4.263035e-05,0.0
2022,13,18.0,Budapest,1,0,9.637777e-06,0.0
2022,13,19.0,Budapest,1,0,2.3944485e-05,0.0
2022,13,20.0,Budapest,1,0,1.3359055e-06,0.0
2022,13,21.0,Budapest,1,0,3.459448e-05,0.0
2022,13,22.0,Budapest,1,0,2.716794e-06,0.0
2022,13,23.0,Budapest,1,0,1.7404953e-05,0.0
2022,13,24.0,Budapest,1,0,2.095012e-07,0.0
2022,13,25.0,Budapest,1,0,2.864318e-05,0.0
2022,13,26.0,Budapest,1,0,7.3073816e-06,0.0
2022,13,27.0,Budapest,1,0,1.0052435e-05,0.0
2022,13,28.0,Budapest,1,0,3.7021832e-07,0.0
2022,13,29.0,Budapest,1,0,0.00018484924,0.0
2022,13,30.0,Budapest,1,0,3.5323453e-06,0.0
2022,13,31.0,Budapest,1,0,3.828397e-06,0.0
2022,13,32.0,Budapest,1,0,1.2347885e-05,0.0
2022,13,33.0,Budapest,1,0,1.5667078e-05,0.0
2022,13,34.0,Budapest,1,0,0.00016858008,0.0
2022,13,35.0,Budapest,12,0,1.5688172e-05,0.0
2022,13,36.0,Budapest,1,0,5.6204285e-06,0.0
2022,13,37.0,Budapest,1,0,1.4508212e-06,0.0
2022,13,38.0,Budapest,1,0,2.86619e-05,0.0
2022,13,39.0,Budapest,1,0,3.2240318e-06,0.0
2022,13,40.0,Budapest,1,0,0.00010732899,0.0
2022,13,41.0,Budapest,1,0,4.7608287e-06,0.0
2022,13,42.0,Budapest,12,0,4.2333777e-06,0.0
2022,13,43.0,Budapest,1,0,5.0105573e-08,0.0
2022,13,44.0,Budapest,1,0,5.793173e-07,0.0
2022,13,45.0,Budapest,1,0,4.3459472e-08,0.0
2022,13,46.0,Budapest,1,0,2.82772e-07,0.0
2022,13,47.0,Budapest,1,0,2.3348752e-05,0.0
2022,13,48.0,Budapest,12,0,3.8956816e-08,0.0
2022,13,49.0,Budapest,1,0,6.410617e-07,0.0
2022,13,50.0,Budapest,1,0,1.10506186e-07,0.0
2022,13,51.0,Budapest,1,0,3.71584e-07,0.0
2022,13,52.0,Budapest,1,0,1.1541473e-08,0.0
2022,13,53.0,Budapest,1,0,0.00022990092,0.0
2022,13,54.0,Budapest,1,0,2.410247e-07,0.0
2022,13,55.0,Budapest,1,0,2.0045757e-08,0.0
2022,13,56.0,Budapest,1,0,7.582942e-07,0.0
2022,13,57.0,Budapest,1,0,3.146454e-08,0.0
2022,13,58.0,Budapest,1,0,6.4062783e-07,0.0
2022,13,59.0,Budapest,1,0,2.1070582e-07,0.0
2022,13,60.0,Budapest,1,0,2.1170155e-08,0.0
2022,13,61.0,Budapest,1,0,9.366611e-09,0.0
2022,13,62.0,Budapest,1,0,6.0063963e-09,0.0
2022,13,63.0,Budapest,1,0,1.7387733e-09,0.0
2022,13,64.0,Budapest,1,0,2.738274e-08,0.0
2022,13,65.0,Budapest,1,0,4.5794003e-08,0.0
2022,13,66.0,Budapest,1,0,1.4150882e-07,0.0
2022,13,67.0,Budapest,1,0,0.004310605,0.0
2022,13,68.0,Budapest,126,0,3.9355386e-09,0.0
2022,13,69.0,Budapest,671,0,5.0092597e-11,0.0
2022,13,70.0,Budapest,1,0,1.9689068e-08,0.0
2022,14,1.0,Spa-Francorchamps,12,0,0.005956589,0.0
2022,14,2.0,Spa-Francorchamps,124,0,0.0022900498,0.0
2022,14,3.0,Spa-Francorchamps,4,0,0.00017729185,0.0
2022,14,4.0,Spa-Francorchamps,41,0,6.859941e-06,1.0
2022,14,5.0,Spa-Francorchamps,1,0,4.117433e-05,1.0
2022,14,6.0,Spa-Francorchamps,1,0,2.4360963e-05,1.0
2022,14,7.0,Spa-Francorchamps,1,0,9.6653075e-06,1.0
2022,14,8.0,Spa-Francorchamps,1,0,3.770582e-05,1.0
2022,14,9.0,Spa-Francorchamps,1,0,3.8660477e-05,1.0
2022,14,10.0,Spa-Francorchamps,1,0,6.41845e-05,1.0
2022,14,11.0,Spa-Francorchamps,1,0,2.5291163e-06,1.0
2022,14,12.0,Spa-Francorchamps,1,0,3.871294e-06,1.0
2022,14,13.0,Spa-Francorchamps,1,0,1.42349545e-05,1.0
2022,14,14.0,Spa-Francorchamps,1,0,6.628871e-05,1.0
2022,14,15.0,Spa-Francorchamps,1,0,7.080303e-06,1.0
2022,14,16.0,Spa-Francorchamps,1,0,2.1716463e-05,1.0
2022,14,17.0,Spa-Francorchamps,1,0,3.9003958e-06,1.0
2022,14,18.0,Spa-Francorchamps,1,0,5.4326967e-05,1.0
2022,14,19.0,Spa-Francorchamps,1,0,5.044815e-06,1.0
2022,14,20.0,Spa-Francorchamps,1,0,3.0800334e-06,1.0
2022,14,21.0,Spa-Francorchamps,1,0,2.4415269e-05,1.0
2022,14,22.0,Spa-Francorchamps,1,0,1.1796682e-06,1.0
2022,14,23.0,Spa-Francorchamps,1,0,1.0257573e-05,1.0
2022,14,24.0,Spa-Francorchamps,1,0,1.7490813e-05,1.0
2022,14,25.0,Spa-Francorchamps,1,0,1.6988613e-05,1.0
2022,14,26.0,Spa-Francorchamps,1,0,2.8550608e-06,1.0
2022,14,27.0,Spa-Francorchamps,1,0,1.4079272e-06,1.0
2022,14,28.0,Spa-Francorchamps,1,0,2.9839503e-06,1.0
2022,14,29.0,Spa-Francorchamps,1,0,3.5744672e-06,1.0
2022,14,30.0,Spa-Francorchamps,1,0,6.7019e-07,1.0
2022,14,31.0,Spa-Francorchamps,1,0,0.00022785683,1.0
2022,14,32.0,Spa-Francorchamps,1,0,3.9183806e-06,1.0
2022,14,33.0,Spa-Francorchamps,1,0,1.1124906e-06,1.0
2022,14,34.0,Spa-Francorchamps,1,0,5.625842e-05,1.0
2022,14,35.0,Spa-Francorchamps,1,0,0.0006866251,1.0
2022,14,36.0,Spa-Francorchamps,1,0,9.819523e-07,1.0
2022,14,37.0,Spa-Francorchamps,1,0,1.8857667e-06,1.0
2022,14,38.0,Spa-Francorchamps,1,0,7.551418e-05,1.0
2022,14,39.0,Spa-Francorchamps,1,0,0.0005202898,1.0
2022,14,40.0,Spa-Francorchamps,1,0,3.2545224e-06,1.0
2022,14,41.0,Spa-Francorchamps,1,0,2.6655744e-05,1.0
2022,14,42.0,Spa-Francorchamps,1,0,1.9984275e-06,1.0
2022,14,43.0,Spa-Francorchamps,1,0,0.0016819839,1.0
2022,14,44.0,Spa-Francorchamps,1,0,0.0009914842,1.0
2022,15,1.0,Zandvoort,1,0,0.0028566034,0.0
2022,15,2.0,Zandvoort,12,0,0.0013180408,0.0
2022,15,3.0,Zandvoort,1,0,9.093153e-06,0.0
2022,15,4.0,Zandvoort,12,0,0.0004677519,0.0
2022,15,5.0,Zandvoort,1,0,0.0001966531,0.0
2022,15,6.0,Zandvoort,1,0,0.00012371752,0.0
2022,15,7.0,Zandvoort,1,0,5.8246505e-06,0.0
2022,15,8.0,Zandvoort,1,0,3.0059691e-05,0.0
2022,15,9.0,Zandvoort,1,0,0.0011771579,0.0
2022,15,10.0,Zandvoort,1,0,0.00010389839,0.0
2022,15,11.0,Zandvoort,1,0,0.00027229995,0.0
2022,15,12.0,Zandvoort,1,0,0.0001882275,0.0
2022,15,13.0,Zandvoort,1,0,0.0003063523,0.0
2022,15,14.0,Zandvoort,1,0,4.0392288e-06,0.0
2022,15,15.0,Zandvoort,1,0,1.0964954e-05,0.0
2022,15,16.0,Zandvoort,1,0,2.0339498e-06,0.0
2022,15,17.0,Zandvoort,1,0,0.0018795271,0.0
2022,15,18.0,Zandvoort,1,0,0.00044263495,0.0
2022,15,19.0,Zandvoort,1,0,0.000687027,0.0
2022,15,20.0,Zandvoort,1,0,0.00011626395,0.0
2022,15,21.0,Zandvoort,1,0,1.7462728e-05,0.0
2022,15,22.0,Zandvoort,1,0,0.00013928035,0.0
2022,15,23.0,Zandvoort,1,0,6.4185784e-05,0.0
2022,15,24.0,Zandvoort,1,0,5.639161e-06,0.0
2022,15,25.0,Zandvoort,1,0,2.9959243e-05,0.0
2022,15,26.0,Zandvoort,1,0,2.0608106e-05,0.0
2022,15,27.0,Zandvoort,1,0,9.620803e-07,0.0
2022,15,28.0,Zandvoort,1,0,0.00018334,0.0
2022,15,29.0,Zandvoort,1,0,7.838693e-06,0.0
2022,15,30.0,Zandvoort,1,0,0.00038507982,0.0
2022,15,31.0,Zandvoort,1,0,0.00015806848,0.0
2022,15,32.0,Zandvoort,1,0,0.00026509629,0.0
2022,15,33.0,Zandvoort,1,0,1.3729061e-05,0.0
2022,15,34.0,Zandvoort,1,0,9.244279e-06,0.0
2022,15,35.0,Zandvoort,1,0,6.2197723e-06,0.0
2022,15,36.0,Zandvoort,1,0,3.2022675e-05,0.0
2022,15,37.0,Zandvoort,1,0,6.7544956e-05,0.0
2022,15,38.0,Zandvoort,1,0,8.490067e-06,0.0
2022,15,39.0,Zandvoort,1,0,0.00094599166,0.0
2022,15,40.0,Zandvoort,1,0,1.9517023e-05,0.0
2022,15,41.0,Zandvoort,1,0,0.0007257312,0.0
2022,15,42.0,Zandvoort,1,0,0.00034295768,0.0
2022,15,43.0,Zandvoort,1,0,1.8216332e-07,0.0
2022,15,44.0,Zandvoort,12,1,0.0033023516,0.0
2022,15,45.0,Zandvoort,21,1,0.0036979725,0.0
2022,15,46.0,Zandvoort,1,1,0.9997285,0.0
2022,15,47.0,Zandvoort,12,0,0.00023722961,0.0
2022,15,48.0,Zandvoort,26,0,0.00025473596,0.0
2022,15,49.0,Zandvoort,6,0,0.00046429955,0.0
2022,15,50.0,Zandvoort,671,0,0.9039348,1.0
2022,15,51.0,Zandvoort,1,0,0.009744309,1.0
2022,15,52.0,Zandvoort,1,1,0.9997274,1.0
2022,15,53.0,Zandvoort,1,1,0.41054577,1.0
2022,15,54.0,Zandvoort,1,1,0.99974066,1.0
2022,15,55.0,Zandvoort,12,0,0.00093646,1.0
2022,15,56.0,Zandvoort,24,0,0.0002314943,1.0
2022,15,57.0,Zandvoort,4,0,0.0002314943,1.0
2022,15,58.0,Zandvoort,4,0,0.00045022008,1.0
2022,15,59.0,Zandvoort,4,0,0.0009090789,1.0
2022,15,60.0,Zandvoort,41,0,0.009388075,1.0
2022,15,61.0,Zandvoort,1,0,4.0297353e-05,1.0
2022,15,62.0,Zandvoort,1,0,0.0011816015,1.0
2022,15,63.0,Zandvoort,1,0,0.0005901263,1.0
2022,15,64.0,Zandvoort,1,0,0.0014047493,1.0
2022,15,65.0,Zandvoort,1,0,3.7493406e-05,1.0
2022,15,66.0,Zandvoort,1,0,4.567455e-06,1.0
2022,15,67.0,Zandvoort,1,0,2.5294892e-05,1.0
2022,15,68.0,Zandvoort,1,0,1.0105965e-06,1.0
2022,15,69.0,Zandvoort,1,0,5.0059055e-07,1.0
2022,15,70.0,Zandvoort,1,0,9.461616e-07,1.0
2022,15,71.0,Zandvoort,1,0,3.1702393e-06,1.0
2022,15,72.0,Zandvoort,1,0,2.943222e-07,1.0
2022,16,1.0,Monza,1,0,4.122208e-06,0.0
2022,16,2.0,Monza,1,0,9.769233e-07,0.0
2022,16,3.0,Monza,1,0,1.3329947e-07,0.0
2022,16,4.0,Monza,1,0,1.06401e-06,0.0
2022,16,5.0,Monza,1,0,7.264471e-07,0.0
2022,16,6.0,Monza,1,0,1.9498665e-07,0.0
2022,16,7.0,Monza,1,0,2.3430694e-06,0.0
2022,16,8.0,Monza,1,0,2.935627e-05,0.0
2022,16,9.0,Monza,1,0,1.8161999e-06,0.0
2022,16,10.0,Monza,1,0,5.4827217e-07,0.0
2022,16,11.0,Monza,1,0,0.003993528,0.0
2022,16,12.0,Monza,1267,0,0.0025136708,0.0
2022,16,13.0,Monza,71,0,3.2570202e-07,0.0
2022,16,14.0,Monza,1,0,6.721892e-05,0.0
2022,16,15.0,Monza,1,0,1.5772291e-06,0.0
2022,16,16.0,Monza,1,0,0.00047720523,0.0
2022,16,17.0,Monza,1,0,0.0006857357,0.0
2022,16,18.0,Monza,1,0,1.9512518e-06,0.0
2022,16,19.0,Monza,1,0,2.4875776e-06,0.0
2022,16,20.0,Monza,1,0,2.2691277e-06,0.0
2022,16,21.0,Monza,1,0,8.6077307e-07,0.0
2022,16,22.0,Monza,1,0,7.690664e-07,0.0
2022,16,23.0,Monza,1,0,4.2566938e-07,0.0
2022,16,24.0,Monza,1,0,0.00013867301,0.0
2022,16,25.0,Monza,1,0,5.630799e-06,0.0
2022,16,26.0,Monza,1,0,6.0591803e-05,0.0
2022,16,27.0,Monza,1,0,1.8662605e-07,0.0
2022,16,28.0,Monza,1,0,2.4293965e-07,0.0
2022,16,29.0,Monza,1,0,1.4455479e-07,0.0
2022,16,30.0,Monza,1,0,7.3422434e-08,0.0
2022,16,31.0,Monza,1,0,0.014764681,0.0
2022,16,32.0,Monza,1,0,7.86881e-06,0.0
2022,16,33.0,Monza,1,0,4.8195575e-06,0.0
2022,16,34.0,Monza,1,0,0.0002162189,0.0
2022,16,35.0,Monza,1,0,0.00023435245,0.0
2022,16,36.0,Monza,1,0,1.4447349e-05,0.0
2022,16,37.0,Monza,1,0,1.8143708e-05,0.0
2022,16,38.0,Monza,1,0,1.210208e-07,0.0
2022,16,39.0,Monza,1,0,2.5555376e-08,0.0
2022,16,40.0,Monza,1,0,9.4349325e-06,0.0
2022,16,41.0,Monza,1,0,2.9193538e-05,0.0
2022,16,42.0,Monza,1,0,8.713682e-07,0.0
2022,16,43.0,Monza,1,0,0.0019494959,0.0
2022,16,44.0,Monza,1,0,2.4991887e-06,0.0
2022,16,45.0,Monza,1,0,6.802523e-05,0.0
2022,16,46.0,Monza,1,0,0.0001493658,0.0
2022,16,47.0,Monza,12,0,0.08958256,0.0
2022,16,48.0,Monza,24,0,0.09519895,0.0
2022,16,49.0,Monza,4,0,0.4181793,0.0
2022,16,50.0,Monza,4,0,0.15217057,1.0
2022,16,51.0,Monza,4,0,0.27998737,1.0
2022,16,52.0,Monza,4,0,0.3526597,1.0
2022,16,53.0,Monza,4,0,0.13237743,1.0
2022,17,1.0,Marina Bay,12,0,0.88500255,0.0
2022,17,2.0,Marina Bay,1,0,0.014322161,0.0
2022,17,3.0,Marina Bay,1,0,0.8747546,0.0
2022,17,4.0,Marina Bay,1,1,0.999653,0.0
2022,17,5.0,Marina Bay,1,1,0.99961203,0.0
2022,17,6.0,Marina Bay,1,1,0.9997917,0.0
2022,17,7.0,Marina Bay,12,0,0.9653177,0.0
2022,17,8.0,Marina Bay,24,0,0.8985462,0.0
2022,17,9.0,Marina Bay,4,0,0.7843116,0.0
2022,17,10.0,Marina Bay,41,0,0.011827067,1.0
2022,17,11.0,Marina Bay,1,0,0.001444134,1.0
2022,17,12.0,Marina Bay,1,0,0.00038153608,1.0
2022,17,13.0,Marina Bay,1,0,2.620958e-05,1.0
2022,17,14.0,Marina Bay,1,0,7.942011e-05,1.0
2022,17,15.0,Marina Bay,1,0,2.044805e-05,1.0
2022,17,16.0,Marina Bay,1,0,2.3280383e-05,1.0
2022,17,17.0,Marina Bay,1,0,6.5268355e-06,1.0
2022,17,18.0,Marina Bay,1,0,0.00016783667,1.0
2022,17,19.0,Marina Bay,1,0,0.0004899057,1.0
2022,17,20.0,Marina Bay,1,0,0.00016051199,1.0
2022,17,21.0,Marina Bay,12,0,0.0026515848,1.0
2022,17,22.0,Marina Bay,26,0,0.0035215556,1.0
2022,17,23.0,Marina Bay,671,1,0.02370698,1.0
2022,17,24.0,Marina Bay,1,1,0.9998977,1.0
2022,17,25.0,Marina Bay,1,1,0.9996662,1.0
2022,17,26.0,Marina Bay,126,0,0.0019652834,1.0
2022,17,27.0,Marina Bay,671,0,0.00082521973,1.0
2022,17,28.0,Marina Bay,126,0,0.0023489336,1.0
2022,17,29.0,Marina Bay,6,0,0.003525939,1.0
2022,17,30.0,Marina Bay,671,0,0.84616387,1.0
2022,17,31.0,Marina Bay,1,0,0.009507916,1.0
2022,17,32.0,Marina Bay,1,0,0.009193029,1.0
2022,17,33.0,Marina Bay,12,1,0.6413099,1.0
2022,17,34.0,Marina Bay,1,1,0.9999306,1.0
2022,17,35.0,Marina Bay,1,1,0.9999275,1.0
2022,17,36.0,Marina Bay,124,0,0.00084877235,1.0
2022,17,37.0,Marina Bay,4,0,0.0010019228,1.0
2022,17,38.0,Marina Bay,4,0,0.00063755753,1.0
2022,17,39.0,Marina Bay,41,0,0.00021653993,1.0
2022,17,40.0,Marina Bay,1,0,8.667661e-06,1.0
2022,17,41.0,Marina Bay,1,0,1.7059668e-06,1.0
2022,17,42.0,Marina Bay,1,0,1.6732004e-06,1.0
2022,17,43.0,Marina Bay,1,0,4.5031884e-06,1.0
2022,17,44.0,Marina Bay,1,0,3.443726e-07,1.0
2022,17,45.0,Marina Bay,1,0,5.9747194e-06,1.0
2022,17,46.0,Marina Bay,1,0,1.5752042e-06,1.0
2022,17,47.0,Marina Bay,1,0,9.277913e-07,1.0
2022,17,48.0,Marina Bay,1,0,7.104172e-06,1.0
2022,17,49.0,Marina Bay,1,0,1.0380656e-06,1.0
2022,17,50.0,Marina Bay,1,0,1.4714956e-06,1.0
2022,17,51.0,Marina Bay,1,0,3.22759e-07,1.0
2022,17,52.0,Marina Bay,1,0,7.068094e-08,1.0
2022,17,53.0,Marina Bay,1,0,8.961721e-08,1.0
2022,17,54.0,Marina Bay,1,0,7.630145e-07,1.0
2022,17,55.0,Marina Bay,1,0,2.4375625e-08,1.0
2022,17,56.0,Marina Bay,1,0,8.4241066e-08,1.0
2022,17,57.0,Marina Bay,1,0,6.1046114e-07,1.0
2022,17,58.0,Marina Bay,1,0,1.7536086e-08,1.0
2022,17,59.0,Marina Bay,1,0,2.7651674e-06,1.0
2022,18,1.0,Suzuka,124,0,0.002062241,0.0
2022,18,2.0,Suzuka,45,0,0.15041481,0.0
2022,18,3.0,Suzuka,1,0,0.13200805,0.0
2022,18,4.0,Suzuka,1,0,0.0003102811,0.0
2022,18,5.0,Suzuka,1,0,0.00015834333,0.0
2022,18,6.0,Suzuka,1,0,3.023772e-05,0.0
2022,18,7.0,Suzuka,1,0,0.0018682771,0.0
2022,18,8.0,Suzuka,1,0,0.0004429593,0.0
2022,18,9.0,Suzuka,1,0,0.00011228527,0.0
2022,18,10.0,Suzuka,1,0,1.8749137e-05,0.0
2022,18,11.0,Suzuka,1,0,0.000108719796,0.0
2022,18,12.0,Suzuka,1,0,0.0002711846,0.0
2022,18,13.0,Suzuka,1,0,2.446255e-06,0.0
2022,18,14.0,Suzuka,1,0,2.157578e-06,0.0
2022,18,15.0,Suzuka,1,0,5.201437e-08,0.0
2022,18,16.0,Suzuka,1,0,1.5082713e-07,0.0
2022,18,17.0,Suzuka,1,0,1.134573e-05,0.0
2022,18,18.0,Suzuka,1,0,3.2821146e-05,0.0
2022,18,19.0,Suzuka,1,0,0.00051107665,0.0
2022,18,20.0,Suzuka,1,0,1.042489e-05,0.0
2022,18,21.0,Suzuka,1,0,2.4654903e-06,0.0
2022,18,22.0,Suzuka,1,0,4.8841184e-07,0.0
2022,18,23.0,Suzuka,1,0,4.1137463e-07,0.0
2022,18,24.0,Suzuka,1,0,1.7737419e-06,0.0
2022,18,25.0,Suzuka,1,0,2.014025e-07,0.0
2022,18,26.0,Suzuka,1,0,2.1968542e-07,0.0
2022,18,27.0,Suzuka,1,0,3.4055028e-09,0.0
2022,18,28.0,Suzuka,1,0,5.165396e-07,0.0
2022,18,29.0,Suzuka,1,0,0.00092163554,0.0
2022,19,1.0,Austin,12,0,0.002929179,0.0
2022,19,2.0,Austin,1,0,7.8798774e-07,0.0
2022,19,3.0,Austin,1,0,8.690257e-06,0.0
2022,19,4.0,Austin,1,0,5.9563114e-05,0.0
2022,19,5.0,Austin,1,0,1.1953393e-06,0.0
2022,19,6.0,Austin,1,0,0.0017568349,0.0
2022,19,7.0,Austin,1,0,0.0004381884,0.0
2022,19,8.0,Austin,1,0,0.0002204556,0.0
2022,19,9.0,Austin,1,0,0.005443933,0.0
2022,19,10.0,Austin,1,0,6.654738e-05,0.0
2022,19,11.0,Austin,1,0,0.0010823352,0.0
2022,19,12.0,Austin,1,0,0.00029209824,0.0
2022,19,13.0,Austin,1,0,0.0048634787,0.0
2022,19,14.0,Austin,1,0,0.0008081448,0.0
2022,19,15.0,Austin,1,1,0.999723,0.0
2022,19,16.0,Austin,1,1,0.9997311,0.0
2022,19,17.0,Austin,1,1,0.99971527,0.0
2022,19,18.0,Austin,124,0,0.0487339,0.0
2022,19,19.0,Austin,4,0,0.29161727,0.0
2022,19,20.0,Austin,4,0,0.0009858692,1.0
2022,19,21.0,Austin,41,0,0.0018297614,1.0
2022,19,22.0,Austin,124,0,0.004571175,1.0
2022,19,23.0,Austin,4,0,0.000120353536,1.0
2022,19,24.0,Austin,4,0,0.00011092012,1.0
2022,19,25.0,Austin,41,0,0.00013818634,1.0
2022,19,26.0,Austin,1,0,1.8466879e-05,1.0
2022,19,27.0,Austin,1,0,0.000105623374,1.0
2022,19,28.0,Austin,1,0,9.988488e-05,1.0
2022,19,29.0,Austin,1,0,8.733935e-05,1.0
2022,19,30.0,Austin,1,0,8.646814e-05,1.0
2022,19,31.0,Austin,1,0,0.00021284554,1.0
2022,19,32.0,Austin,1,0,7.651549e-06,1.0
2022,19,33.0,Austin,1,0,6.347641e-05,1.0
2022,19,34.0,Austin,1,0,4.799359e-05,1.0
2022,19,35.0,Austin,1,0,0.00076033256,1.0
2022,19,36.0,Austin,1,0,2.7299463e-06,1.0
2022,19,37.0,Austin,1,0,6.082087e-06,1.0
2022,19,38.0,Austin,1,0,5.237136e-07,1.0
2022,19,39.0,Austin,1,0,0.00029147565,1.0
2022,19,40.0,Austin,1,0,3.3150707e-06,1.0
2022,19,41.0,Austin,1,0,2.0681859e-05,1.0
2022,19,42.0,Austin,1,0,3.3142935e-06,1.0
2022,19,43.0,Austin,1,0,7.201034e-07,1.0
2022,19,44.0,Austin,1,0,1.7430351e-05,1.0
2022,19,45.0,Austin,1,0,2.0943253e-05,1.0
2022,19,46.0,Austin,1,0,2.9390778e-05,1.0
2022,19,47.0,Austin,1,0,8.652605e-06,1.0
2022,19,48.0,Austin,1,0,6.162803e-05,1.0
2022,19,49.0,Austin,1,0,1.5390875e-06,1.0
2022,19,50.0,Austin,1,0,1.0823266e-05,1.0
2022,19,51.0,Austin,1,0,4.471813e-07,1.0
2022,19,52.0,Austin,1,0,6.4241694e-06,1.0
2022,19,53.0,Austin,1,0,1.6515916e-05,1.0
2022,19,54.0,Austin,1,0,1.3835518e-06,1.0
2022,19,55.0,Austin,1,0,3.100871e-08,1.0
2022,19,56.0,Austin,1,0,1.6557995e-07,1.0
2022,20,1.0,Mexico City,1,0,1.6153685e-05,0.0
2022,20,2.0,Mexico City,1,0,7.3693406e-07,0.0
2022,20,3.0,Mexico City,1,0,2.7496972e-07,0.0
2022,20,4.0,Mexico City,1,0,7.962824e-07,0.0
2022,20,5.0,Mexico City,1,0,5.523431e-07,0.0
2022,20,6.0,Mexico City,1,0,1.0509752e-06,0.0
2022,20,7.0,Mexico City,1,0,1.8080964e-06,0.0
2022,20,8.0,Mexico City,1,0,1.8886535e-06,0.0
2022,20,9.0,Mexico City,1,0,1.2748432e-06,0.0
2022,20,10.0,Mexico City,1,0,0.005769903,0.0
2022,20,11.0,Mexico City,1,0,3.4535344e-05,0.0
2022,20,12.0,Mexico City,1,0,0.000109432694,0.0
2022,20,13.0,Mexico City,1,0,5.823021e-05,0.0
2022,20,14.0,Mexico City,1,0,1.652003e-07,0.0
2022,20,15.0,Mexico City,1,0,3.847521e-06,0.0
2022,20,16.0,Mexico City,1,0,6.251644e-05,0.0
2022,20,17.0,Mexico City,1,0,0.0012196939,0.0
2022,20,18.0,Mexico City,1,0,0.000119676384,0.0
2022,20,19.0,Mexico City,1,0,4.5389656e-06,0.0
2022,20,20.0,Mexico City,1,0,0.00023923733,0.0
2022,20,21.0,Mexico City,1,0,4.844095e-07,0.0
2022,20,22.0,Mexico City,1,0,4.0922198e-05,0.0
2022,20,23.0,Mexico City,1,0,1.6109425e-05,0.0
2022,20,24.0,Mexico City,1,0,2.4731205e-05,0.0
2022,20,25.0,Mexico City,1,0,1.6788821e-05,0.0
2022,20,26.0,Mexico City,1,0,1.6977632e-05,0.0
2022,20,27.0,Mexico City,1,0,0.0002375193,0.0
2022,20,28.0,Mexico City,1,0,4.048172e-06,0.0
2022,20,29.0,Mexico City,1,0,2.56673e-07,0.0
2022,20,30.0,Mexico City,1,0,0.0012661839,0.0
2022,20,31.0,Mexico City,1,0,3.6061665e-06,0.0
2022,20,32.0,Mexico City,1,0,1.8072207e-06,0.0
2022,20,33.0,Mexico City,1,0,3.3999925e-09,0.0
2022,20,34.0,Mexico City,1,0,1.8477713e-05,0.0
2022,20,35.0,Mexico City,1,0,8.3414325e-06,0.0
2022,20,36.0,Mexico City,1,0,1.6496552e-08,0.0
2022,20,37.0,Mexico City,1,0,9.642213e-09,0.0
2022,20,38.0,Mexico City,1,0,1.0370807e-05,0.0
2022,20,39.0,Mexico City,1,0,2.6403528e-05,0.0
2022,20,40.0,Mexico City,1,0,1.2219018e-05,0.0
2022,20,41.0,Mexico City,1,0,2.0820487e-06,0.0
2022,20,42.0,Mexico City,1,0,6.794144e-08,0.0
2022,20,43.0,Mexico City,1,0,1.06271855e-05,0.0
2022,20,44.0,Mexico City,1,0,2.6962022e-07,0.0
2022,20,45.0,Mexico City,1,0,7.5914606e-05,0.0
2022,20,46.0,Mexico City,1,0,2.9749614e-05,0.0
2022,20,47.0,Mexico City,1,0,5.6664605e-05,0.0
2022,20,48.0,Mexico City,1,0,9.62456e-06,0.0
2022,20,49.0,Mexico City,1,0,0.00083775347,0.0
2022,20,50.0,Mexico City,1,0,1.2593297e-05,0.0
2022,20,51.0,Mexico City,1,0,0.00017892096,0.0
2022,20,52.0,Mexico City,1,0,4.5237543e-06,0.0
2022,20,53.0,Mexico City,1,0,0.00020212676,0.0
2022,20,54.0,Mexico City,1,0,0.00036032285,0.0
2022,20,55.0,Mexico City,1,0,5.242956e-05,0.0
2022,20,56.0,Mexico City,1,0,1.0895147e-05,0.0
2022,20,57.0,Mexico City,1,0,0.00015016724,0.0
2022,20,58.0,Mexico City,1,0,1.8637416e-05,0.0
2022,20,59.0,Mexico City,1,0,0.0003719798,0.0
2022,20,60.0,Mexico City,1,0,6.730538e-06,0.0
2022,20,61.0,Mexico City,1,0,2.2108486e-06,0.0
2022,20,62.0,Mexico City,1,0,3.2973949e-06,0.0
2022,20,63.0,Mexico City,1,0,8.605001e-06,0.0
2022,20,64.0,Mexico City,1,0,1.474568e-06,0.0
2022,20,65.0,Mexico City,126,0,2.7328162e-05,0.0
2022,20,66.0,Mexico City,671,0,7.968491e-07,0.0
2022,20,67.0,Mexico City,1,0,3.5388123e-06,0.0
2022,20,68.0,Mexico City,1,0,3.088134e-08,0.0
2022,20,69.0,Mexico City,1,0,5.656643e-07,0.0
2022,20,70.0,Mexico City,1,0,6.451784e-08,0.0
2022,20,71.0,Mexico City,1,0,1.3515578e-08,0.0
2022,21,1.0,São Paulo,124,0,0.0002550434,0.0
2022,21,2.0,São Paulo,4,0,0.0003479518,0.0
2022,21,3.0,São Paulo,4,0,7.125358e-05,1.0
2022,21,4.0,São Paulo,4,0,1.757381e-06,1.0
2022,21,5.0,São Paulo,4,0,1.69241e-06,1.0
2022,21,6.0,São Paulo,41,0,5.4596303e-06,1.0
2022,21,7.0,São Paulo,12,0,4.4928074e-06,1.0
2022,21,8.0,São Paulo,1,0,2.998376e-06,1.0
2022,21,9.0,São Paulo,1,0,3.2933516e-05,1.0
2022,21,10.0,São Paulo,1,0,3.845871e-05,1.0
2022,21,11.0,São Paulo,1,0,2.4343894e-05,1.0
2022,21,12.0,São Paulo,1,0,1.29592245e-05,1.0
2022,21,13.0,São Paulo,1,0,4.1084706e-05,1.0
2022,21,14.0,São Paulo,1,0,7.5987685e-08,1.0
2022,21,15.0,São Paulo,1,0,4.9900143e-07,1.0
2022,21,16.0,São Paulo,1,0,6.2861186e-06,1.0
2022,21,17.0,São Paulo,1,0,3.5087492e-06,1.0
2022,21,18.0,São Paulo,1,0,1.7054593e-06,1.0
2022,21,19.0,São Paulo,1,0,3.8417325e-05,1.0
2022,21,20.0,São Paulo,1,0,3.7532932e-06,1.0
2022,21,21.0,São Paulo,1,0,2.3942352e-08,1.0
2022,21,22.0,São Paulo,1,0,8.282578e-05,1.0
2022,21,23.0,São Paulo,1,0,9.632536e-07,1.0
2022,21,24.0,São Paulo,1,0,2.1074122e-05,1.0
2022,21,25.0,São Paulo,1,0,6.725399e-05,1.0
2022,21,26.0,São Paulo,1,0,4.56085e-05,1.0
2022,21,27.0,São Paulo,1,0,0.00011774381,1.0
2022,21,28.0,São Paulo,1,0,6.22888e-07,1.0
2022,21,29.0,São Paulo,1,0,9.127654e-07,1.0
2022,21,30.0,São Paulo,1,0,0.00046520508,1.0
2022,21,31.0,São Paulo,1,0,3.0740048e-05,1.0
2022,21,32.0,São Paulo,1,0,4.868695e-05,1.0
2022,21,33.0,São Paulo,1,0,4.985849e-05,1.0
2022,21,34.0,São Paulo,1,0,1.6490705e-05,1.0
2022,21,35.0,São Paulo,1,0,1.2267118e-07,1.0
2022,21,36.0,São Paulo,1,0,4.5489966e-07,1.0
2022,21,37.0,São Paulo,1,0,7.449506e-07,1.0
2022,21,38.0,São Paulo,1,0,0.00034584996,1.0
2022,21,39.0,São Paulo,1,0,0.00025216772,1.0
2022,21,40.0,São Paulo,1,0,1.5405898e-05,1.0
2022,21,41.0,São Paulo,1,0,2.479499e-05,1.0
2022,21,42.0,São Paulo,1,0,4.685915e-06,1.0
2022,21,43.0,São Paulo,1,0,8.5178355e-05,1.0
2022,21,44.0,São Paulo,1,0,7.637675e-06,1.0
2022,21,45.0,São Paulo,1,0,5.5567452e-06,1.0
2022,21,46.0,São Paulo,1,0,0.00052219967,1.0
2022,21,47.0,São Paulo,1,0,0.002029964,1.0
2022,21,48.0,São Paulo,1,0,0.00052640657,1.0
2022,21,49.0,São Paulo,1,1,0.005434178,1.0
2022,21,50.0,São Paulo,1,1,0.99970007,1.0
2022,21,51.0,São Paulo,1,1,0.9997389,1.0
2022,21,52.0,São Paulo,12,0,0.0021471821,1.0
2022,21,53.0,São Paulo,26,0,0.053352404,1.0
2022,21,54.0,São Paulo,64,0,0.015835973,1.0
2022,21,55.0,São Paulo,4,0,0.0016978047,1.0
2022,21,56.0,São Paulo,4,0,0.00012592452,1.0
2022,21,57.0,São Paulo,4,0,0.00012592452,1.0
2022,21,58.0,São Paulo,4,0,0.009082342,1.0
2022,21,59.0,São Paulo,41,0,0.055084407,1.0
2022,21,60.0,São Paulo,1,0,0.007560643,1.0
2022,21,61.0,São Paulo,1,0,0.00037041202,1.0
2022,21,62.0,São Paulo,1,0,7.577314e-05,1.0
2022,21,63.0,São Paulo,1,0,0.00034986326,1.0
2022,21,64.0,São Paulo,1,0,3.8835704e-05,1.0
2022,21,65.0,São Paulo,1,0,0.0006184923,1.0
2022,21,66.0,São Paulo,1,0,3.33391e-05,1.0
2022,21,67.0,São Paulo,1,0,4.3906748e-05,1.0
2022,21,68.0,São Paulo,1,0,5.95095e-07,1.0
2022,21,69.0,São Paulo,1,0,5.991792e-06,1.0
2022,21,70.0,São Paulo,1,0,4.5757685e-07,1.0
2022,21,71.0,São Paulo,1,0,3.0447545e-08,1.0
2022,22,1.0,Yas Island,1,0,1.5490003e-05,0.0
2022,22,2.0,Yas Island,1,0,4.446595e-05,0.0
2022,22,3.0,Yas Island,1,0,8.525389e-07,0.0
2022,22,4.0,Yas Island,1,0,1.6242133e-06,0.0
2022,22,5.0,Yas Island,1,0,7.2106186e-06,0.0
2022,22,6.0,Yas Island,1,0,2.0816913e-06,0.0
2022,22,7.0,Yas Island,1,0,0.0001756181,0.0
2022,22,8.0,Yas Island,1,0,8.680331e-05,0.0
2022,22,9.0,Yas Island,1,0,0.00024230768,0.0
2022,22,10.0,Yas Island,1,0,0.0016153775,0.0
2022,22,11.0,Yas Island,1,0,0.0023503343,0.0
2022,22,12.0,Yas Island,1,0,0.0017798964,0.0
2022,22,13.0,Yas Island,1,0,1.1670955e-05,0.0
2022,22,14.0,Yas Island,1,0,2.5555324e-05,0.0
2022,22,15.0,Yas Island,1,0,3.3517397e-05,0.0
2022,22,16.0,Yas Island,1,0,2.84121e-05,0.0
2022,22,17.0,Yas Island,1,0,8.91575e-05,0.0
2022,22,18.0,Yas Island,1,0,0.00045636026,0.0
2022,22,19.0,Yas Island,1,0,1.318159e-05,0.0
2022,22,20.0,Yas Island,1,0,3.816604e-06,0.0
2022,22,21.0,Yas Island,1,0,1.328961e-05,0.0
2022,22,22.0,Yas Island,1,0,5.9442587e-05,0.0
2022,22,23.0,Yas Island,1,0,4.0155632e-07,0.0
2022,22,24.0,Yas Island,1,0,0.00011448829,0.0
2022,22,25.0,Yas Island,1,0,4.0560911e-07,0.0
2022,22,26.0,Yas Island,1,0,6.7463593e-06,0.0
2022,22,27.0,Yas Island,1,0,9.180863e-05,0.0
2022,22,28.0,Yas Island,1,0,8.706281e-07,0.0
2022,22,29.0,Yas Island,1,0,3.9778706e-07,0.0
2022,22,30.0,Yas Island,1,0,2.6144202e-05,0.0
2022,22,31.0,Yas Island,1,0,1.2243269e-06,0.0
2022,22,32.0,Yas Island,1,0,6.1504356e-06,0.0
2022,22,33.0,Yas Island,1,0,1.0884759e-06,0.0
2022,22,34.0,Yas Island,1,0,2.8599768e-06,0.0
2022,22,35.0,Yas Island,1,0,3.6566655e-06,0.0
2022,22,36.0,Yas Island,1,0,1.2185468e-05,0.0
2022,22,37.0,Yas Island,1,0,4.325416e-06,0.0
2022,22,38.0,Yas Island,1,0,7.736808e-05,0.0
2022,22,39.0,Yas Island,12,0,2.955902e-06,0.0
2022,22,40.0,Yas Island,1,0,1.11645136e-07,0.0
2022,22,41.0,Yas Island,1,0,1.0814028e-06,0.0
2022,22,42.0,Yas Island,1,0,5.7471425e-06,0.0
2022,22,43.0,Yas Island,1,0,9.84439e-07,0.0
2022,22,44.0,Yas Island,1,0,5.09829e-05,0.0
2022,22,45.0,Yas Island,1,0,5.925082e-07,0.0
2022,22,46.0,Yas Island,1,0,8.852052e-06,0.0
2022,22,47.0,Yas Island,1,0,1.4715204e-05,0.0
2022,22,48.0,Yas Island,1,0,4.622436e-05,0.0
2022,22,49.0,Yas Island,1,0,5.17572e-06,0.0
2022,22,50.0,Yas Island,1,0,9.490476e-06,0.0
2022,22,51.0,Yas Island,1,0,2.4560994e-05,0.0
2022,22,52.0,Yas Island,1,0,1.9261246e-05,0.0
2022,22,53.0,Yas Island,1,0,4.0287476e-05,0.0
2022,22,54.0,Yas Island,1,0,2.9940305e-05,0.0
2022,22,55.0,Yas Island,1,0,5.766721e-05,0.0
2022,22,56.0,Yas Island,1,0,1.0636954e-06,0.0
2022,22,57.0,Yas Island,1,0,6.8387965e-07,0.0
2022,22,58.0,Yas Island,1,0,1.17683264e-07,0.0
2023,1,1.0,Sakhir,12,0,0.16532998,0.0
2023,1,2.0,Sakhir,12,0,0.14136016,0.0
2023,1,3.0,Sakhir,1,0,3.6934962e-05,0.0
2023,1,4.0,Sakhir,1,0,7.3235075e-05,0.0
2023,1,5.0,Sakhir,1,0,0.0037342173,0.0
2023,1,6.0,Sakhir,1,0,0.0005023961,0.0
2023,1,7.0,Sakhir,1,0,8.3675935e-05,0.0
2023,1,8.0,Sakhir,1,0,0.0018476978,0.0
2023,1,9.0,Sakhir,1,0,0.002193839,0.0
2023,1,10.0,Sakhir,1,0,7.180971e-05,0.0
2023,1,11.0,Sakhir,1,0,1.0088958e-05,0.0
2023,1,12.0,Sakhir,1,0,3.429533e-05,0.0
2023,1,13.0,Sakhir,1,0,2.4870892e-06,0.0
2023,1,14.0,Sakhir,1,0,0.0003716537,0.0
2023,1,15.0,Sakhir,1,0,0.0016475336,0.0
2023,1,16.0,Sakhir,1,0,2.1153777e-05,0.0
2023,1,17.0,Sakhir,1,0,7.875544e-06,0.0
2023,1,18.0,Sakhir,1,0,4.4941276e-05,0.0
2023,1,19.0,Sakhir,1,0,0.0019735405,0.0
2023,1,20.0,Sakhir,1,0,1.1679724e-06,0.0
2023,1,21.0,Sakhir,1,0,1.4745567e-06,0.0
2023,1,22.0,Sakhir,1,0,4.3213826e-05,0.0
2023,1,23.0,Sakhir,1,0,0.0012529506,0.0
2023,1,24.0,Sakhir,1,0,0.0015054195,0.0
2023,1,25.0,Sakhir,1,0,0.00015021293,0.0
2023,1,26.0,Sakhir,1,0,0.0004595019,0.0
2023,1,27.0,Sakhir,1,0,4.685747e-05,0.0
2023,1,28.0,Sakhir,1,0,0.0003201197,0.0
2023,1,29.0,Sakhir,1,0,0.000307795,0.0
2023,1,30.0,Sakhir,1,0,1.9938505e-05,0.0
2023,1,31.0,Sakhir,1,0,4.6771172e-05,0.0
2023,1,32.0,Sakhir,1,0,4.3796183e-05,0.0
2023,1,33.0,Sakhir,1,0,1.8417561e-06,0.0
2023,1,34.0,Sakhir,1,0,1.5782201e-05,0.0
2023,1,35.0,Sakhir,1,0,0.00402567,0.0
2023,1,36.0,Sakhir,1,0,0.00014946895,0.0
2023,1,37.0,Sakhir,1,0,6.9275986e-05,0.0
2023,1,38.0,Sakhir,1,0,0.0002743053,0.0
2023,1,39.0,Sakhir,1,0,0.001017282,0.0
2023,1,40.0,Sakhir,1,0,0.98308486,0.0
2023,1,41.0,Sakhir,126,0,0.13432975,0.0
2023,1,42.0,Sakhir,671,0,0.00023354031,0.0
2023,1,43.0,Sakhir,1,0,1.4322813e-05,0.0
2023,1,44.0,Sakhir,1,0,0.0024628313,0.0
2023,1,45.0,Sakhir,1,0,0.001945679,0.0
2023,1,46.0,Sakhir,1,0,0.0013340032,0.0
2023,1,47.0,Sakhir,1,0,7.309254e-05,0.0
2023,1,48.0,Sakhir,1,0,1.9567007e-05,0.0
2023,1,49.0,Sakhir,1,0,0.00034020498,0.0
2023,1,50.0,Sakhir,1,0,4.5303254e-06,0.0
2023,1,51.0,Sakhir,1,0,2.6208032e-05,0.0
2023,1,52.0,Sakhir,1,0,3.2653926e-07,0.0
2023,1,53.0,Sakhir,1,0,0.0011565159,0.0
2023,1,54.0,Sakhir,1,0,6.8578796e-05,0.0
2023,1,55.0,Sakhir,1,0,3.9477658e-05,0.0
2023,1,56.0,Sakhir,1,0,4.9114e-06,0.0
2023,1,57.0,Sakhir,1,0,0.00016085396,0.0
2023,2,1.0,Jeddah,1,0,3.485815e-05,0.0
2023,2,2.0,Jeddah,1,0,1.0107404e-07,0.0
2023,2,3.0,Jeddah,1,0,9.356993e-06,0.0
2023,2,4.0,Jeddah,1,0,0.0069964007,0.0
2023,2,5.0,Jeddah,1,0,0.0038655312,0.0
2023,2,6.0,Jeddah,1,0,0.0076641086,0.0
2023,2,7.0,Jeddah,1,0,0.027727788,0.0
2023,2,8.0,Jeddah,1,0,0.006841869,0.0
2023,2,9.0,Jeddah,1,0,0.0039783833,0.0
2023,2,10.0,Jeddah,1,0,0.0021992885,0.0
2023,2,11.0,Jeddah,1,0,0.000645696,0.0
2023,2,12.0,Jeddah,1,0,0.010054381,0.0
2023,2,13.0,Jeddah,1,0,0.018435748,0.0
2023,2,14.0,Jeddah,1,1,0.9998035,0.0
2023,2,15.0,Jeddah,1,1,0.99985063,0.0
2023,2,16.0,Jeddah,1,1,0.9969997,0.0
2023,2,17.0,Jeddah,12,0,0.083276905,0.0
2023,2,18.0,Jeddah,24,0,0.47863966,0.0
2023,2,19.0,Jeddah,4,0,0.54012537,0.0
2023,2,20.0,Jeddah,41,0,0.0004264037,1.0
2023,2,21.0,Jeddah,1,0,3.2436185e-06,1.0
2023,2,22.0,Jeddah,1,0,1.6539103e-06,1.0
2023,2,23.0,Jeddah,1,0,4.19812e-07,1.0
2023,2,24.0,Jeddah,1,0,2.4305271e-05,1.0
2023,2,25.0,Jeddah,1,0,4.6341197e-06,1.0
2023,2,26.0,Jeddah,1,0,0.00023927062,1.0
2023,2,27.0,Jeddah,1,0,0.00027690773,1.0
2023,2,28.0,Jeddah,1,0,0.00016661131,1.0
2023,2,29.0,Jeddah,1,0,2.7659244e-06,1.0
2023,2,30.0,Jeddah,1,0,0.00013877275,1.0
2023,2,31.0,Jeddah,1,0,2.184387e-05,1.0
2023,2,32.0,Jeddah,1,0,5.9610437e-07,1.0
2023,2,33.0,Jeddah,1,0,4.5304583e-05,1.0
2023,2,34.0,Jeddah,1,0,4.6885216e-06,1.0
2023,2,35.0,Jeddah,1,0,3.2818436e-06,1.0
2023,2,36.0,Jeddah,1,0,2.5800094e-07,1.0
2023,2,37.0,Jeddah,1,0,2.1169277e-05,1.0
2023,2,38.0,Jeddah,1,0,3.94873e-05,1.0
2023,2,39.0,Jeddah,1,0,9.939101e-07,1.0
2023,2,40.0,Jeddah,1,0,7.9842466e-05,1.0
2023,2,41.0,Jeddah,1,0,1.7985636e-06,1.0
2023,2,42.0,Jeddah,1,0,1.0897846e-06,1.0
2023,2,43.0,Jeddah,1,0,3.5255068e-06,1.0
2023,2,44.0,Jeddah,1,0,8.25254e-05,1.0
2023,2,45.0,Jeddah,1,0,4.610664e-06,1.0
2023,2,46.0,Jeddah,1,0,1.5033721e-05,1.0
2023,2,47.0,Jeddah,1,0,1.3032094e-06,1.0
2023,2,48.0,Jeddah,1,0,8.635303e-05,1.0
2023,2,49.0,Jeddah,1,0,1.6386094e-06,1.0
2023,2,50.0,Jeddah,1,0,9.565823e-06,1.0
2023,3,1.0,Melbourne,124,0,0.26097715,0.0
2023,3,2.0,Melbourne,4,0,0.042302284,0.0
2023,3,3.0,Melbourne,41,0,0.002160656,1.0
2023,3,4.0,Melbourne,1,0,7.363739e-05,1.0
2023,3,5.0,Melbourne,1,0,2.7321023e-05,1.0
2023,3,6.0,Melbourne,1,0,1.4566496e-06,1.0
2023,3,7.0,Melbourne,124,0,0.00013725251,1.0
2023,3,8.0,Melbourne,45,0,4.985167e-06,1.0
2023,3,9.0,Melbourne,1,0,7.1505216e-05,1.0
2023,3,10.0,Melbourne,1,0,4.989371e-06,1.0
2023,3,11.0,Melbourne,1,0,4.0280014e-07,1.0
2023,3,12.0,Melbourne,1,0,3.1953355e-06,1.0
2023,3,13.0,Melbourne,1,0,2.287387e-05,1.0
2023,3,14.0,Melbourne,1,0,5.4785264e-06,1.0
2023,3,15.0,Melbourne,1,0,1.5673478e-06,1.0
2023,3,16.0,Melbourne,1,0,6.0852614e-07,1.0
2023,3,17.0,Melbourne,1,0,0.00010299756,1.0
2023,3,18.0,Melbourne,16,0,0.0006181841,1.0
2023,3,19.0,Melbourne,671,0,1.2294773e-05,1.0
2023,3,20.0,Melbourne,1,0,2.2985832e-06,1.0
2023,3,21.0,Melbourne,1,0,1.9777799e-05,1.0
2023,3,22.0,Melbourne,1,0,1.8594418e-06,1.0
2023,3,23.0,Melbourne,1,0,1.9600287e-05,1.0
2023,3,24.0,Melbourne,1,0,2.6323203e-05,1.0
2023,3,25.0,Melbourne,1,0,5.6690496e-05,1.0
2023,3,26.0,Melbourne,1,0,8.676723e-05,1.0
2023,3,27.0,Melbourne,1,0,1.178941e-05,1.0
2023,3,28.0,Melbourne,1,0,2.5864472e-05,1.0
2023,3,29.0,Melbourne,1,0,1.781892e-06,1.0
2023,3,30.0,Melbourne,1,0,8.710153e-06,1.0
2023,3,31.0,Melbourne,1,0,1.4325614e-06,1.0
2023,3,32.0,Melbourne,1,0,1.9862446e-06,1.0
2023,3,33.0,Melbourne,1,0,1.2716229e-06,1.0
2023,3,34.0,Melbourne,1,0,4.2925085e-06,1.0
2023,3,35.0,Melbourne,1,0,9.906852e-06,1.0
2023,3,36.0,Melbourne,1,0,1.5083509e-05,1.0
2023,3,37.0,Melbourne,1,0,1.0960865e-05,1.0
2023,3,38.0,Melbourne,1,0,9.153107e-06,1.0
2023,3,39.0,Melbourne,1,0,1.0396564e-05,1.0
2023,3,40.0,Melbourne,1,0,2.2109931e-07,1.0
2023,3,41.0,Melbourne,1,0,5.950906e-05,1.0
2023,3,42.0,Melbourne,1,0,4.5230295e-06,1.0
2023,3,43.0,Melbourne,1,0,2.1164491e-05,1.0
2023,3,44.0,Melbourne,1,0,1.2568196e-05,1.0
2023,3,45.0,Melbourne,1,0,1.4485412e-05,1.0
2023,3,46.0,Melbourne,1,0,1.6454087e-06,1.0
2023,3,47.0,Melbourne,1,0,7.4782306e-06,1.0
2023,3,48.0,Melbourne,1,0,6.1662404e-06,1.0
2023,3,49.0,Melbourne,1,0,5.36341e-06,1.0
2023,3,50.0,Melbourne,1,0,3.773654e-05,1.0
2023,3,51.0,Melbourne,1,0,0.005877607,1.0
2023,3,52.0,Melbourne,1,0,0.0001943597,1.0
2023,3,53.0,Melbourne,12,0,0.2105938,1.0
2023,3,54.0,Melbourne,214,0,0.08678621,1.0
2023,3,55.0,Melbourne,45,0,0.03611152,1.0
2023,3,56.0,Melbourne,1,0,0.004123187,1.0
2023,3,57.0,Melbourne,125,0,0.26417503,1.0
2023,3,58.0,Melbourne,1,0,1.3716615e-05,1.0
2023,4,1.0,Baku,12,0,0.002766055,0.0
2023,4,2.0,Baku,1,0,6.453581e-05,0.0
2023,4,3.0,Baku,1,0,0.00014131161,0.0
2023,4,4.0,Baku,1,0,0.005142079,0.0
2023,4,5.0,Baku,1,0,0.00090089854,0.0
2023,4,6.0,Baku,1,0,0.010493081,0.0
2023,4,7.0,Baku,1,1,0.9993469,0.0
2023,4,8.0,Baku,1,1,0.99952734,0.0
2023,4,9.0,Baku,1,1,0.9996766,0.0
2023,4,10.0,Baku,12,0,0.35080054,0.0
2023,4,11.0,Baku,24,0,0.091093995,0.0
2023,4,12.0,Baku,4,0,0.005471378,0.0
2023,4,13.0,Baku,41,0,0.00011218135,1.0
2023,4,14.0,Baku,1,0,0.00033146943,1.0
2023,4,15.0,Baku,1,0,9.351097e-06,1.0
2023,4,16.0,Baku,1,0,4.6044943e-06,1.0
2023,4,17.0,Baku,12,0,0.0006865318,1.0
2023,4,18.0,Baku,1,0,2.8913342e-05,1.0
2023,4,19.0,Baku,1,0,3.4421203e-07,1.0
2023,4,20.0,Baku,1,0,0.00011755097,1.0
2023,4,21.0,Baku,1,0,1.3489404e-05,1.0
2023,4,22.0,Baku,1,0,2.8906447e-07,1.0
2023,4,23.0,Baku,1,0,4.9122256e-05,1.0
2023,4,24.0,Baku,1,0,9.917741e-06,1.0
2023,4,25.0,Baku,1,0,1.2210223e-06,1.0
2023,4,26.0,Baku,1,0,1.44532605e-05,1.0
2023,4,27.0,Baku,1,0,3.167035e-05,1.0
2023,4,28.0,Baku,1,0,1.758333e-05,1.0
2023,4,29.0,Baku,1,0,0.00015843759,1.0
2023,4,30.0,Baku,1,0,0.0039236136,1.0
2023,4,31.0,Baku,1,0,0.021598069,1.0
2023,4,32.0,Baku,1,0,0.0027286732,1.0
2023,4,33.0,Baku,1,0,0.00219103,1.0
2023,4,34.0,Baku,1,0,0.051674258,1.0
2023,4,35.0,Baku,1,0,0.0008520806,1.0
2023,4,36.0,Baku,1,0,4.8852427e-05,1.0
2023,4,37.0,Baku,1,0,7.1494032e-06,1.0
2023,4,38.0,Baku,1,0,9.547604e-06,1.0
2023,4,39.0,Baku,1,0,3.4885065e-06,1.0
2023,4,40.0,Baku,1,0,7.738687e-06,1.0
2023,4,41.0,Baku,1,0,9.006358e-06,1.0
2023,4,42.0,Baku,1,0,2.0817843e-05,1.0
2023,4,43.0,Baku,1,0,2.2144562e-07,1.0
2023,4,44.0,Baku,1,0,7.799872e-06,1.0
2023,4,45.0,Baku,1,0,4.4099343e-07,1.0
2023,4,46.0,Baku,1,0,3.764517e-05,1.0
2023,4,47.0,Baku,1,0,1.9286942e-07,1.0
2023,4,48.0,Baku,1,0,0.0019399427,1.0
2023,4,49.0,Baku,12,0,0.0019043691,1.0
2023,4,50.0,Baku,1,0,0.0019980122,1.0
2023,4,51.0,Baku,1,0,5.085668e-07,1.0
2023,5,1.0,Miami,1,0,5.644777e-07,0.0
2023,5,2.0,Miami,1,0,1.7227478e-07,0.0
2023,5,3.0,Miami,1,0,2.2447517e-09,0.0
2023,5,4.0,Miami,1,0,8.3069426e-07,0.0
2023,5,5.0,Miami,1,0,1.5424246e-06,0.0
2023,5,6.0,Miami,1,0,4.717104e-06,0.0
2023,5,7.0,Miami,1,0,1.4791693e-06,0.0
2023,5,8.0,Miami,1,0,3.2167409e-06,0.0
2023,5,9.0,Miami,1,0,2.4297237e-06,0.0
2023,5,10.0,Miami,1,0,2.0783337e-07,0.0
2023,5,11.0,Miami,1,0,2.6361939e-05,0.0
2023,5,12.0,Miami,1,0,1.4136415e-05,0.0
2023,5,13.0,Miami,1,0,0.0002799023,0.0
2023,5,14.0,Miami,1,0,0.0010296425,0.0
2023,5,15.0,Miami,1,0,0.00019197345,0.0
2023,5,16.0,Miami,1,0,0.0007849307,0.0
2023,5,17.0,Miami,1,0,0.0002468506,0.0
2023,5,18.0,Miami,1,0,0.00013894634,0.0
2023,5,19.0,Miami,1,0,0.00063555007,0.0
2023,5,20.0,Miami,1,0,1.1143341e-05,0.0
2023,5,21.0,Miami,1,0,0.0011885337,0.0
2023,5,22.0,Miami,1,0,9.94677e-05,0.0
2023,5,23.0,Miami,1,0,0.0011502508,0.0
2023,5,24.0,Miami,1,0,5.921165e-05,0.0
2023,5,25.0,Miami,1,0,0.0010707338,0.0
2023,5,26.0,Miami,1,0,0.00037156497,0.0
2023,5,27.0,Miami,1,0,0.0018838169,0.0
2023,5,28.0,Miami,1,0,0.00017075031,0.0
2023,5,29.0,Miami,1,0,0.0011540398,0.0
2023,5,30.0,Miami,1,0,0.00081971724,0.0
2023,5,31.0,Miami,1,0,0.0021123076,0.0
2023,5,32.0,Miami,1,0,0.0014248209,0.0
2023,5,33.0,Miami,1,0,0.00059384765,0.0
2023,5,34.0,Miami,1,0,0.0024847253,0.0
2023,5,35.0,Miami,1,0,0.00012161458,0.0
2023,5,36.0,Miami,1,0,0.00067273097,0.0
2023,5,37.0,Miami,1,0,0.0011526692,0.0
2023,5,38.0,Miami,1,0,0.0005258208,0.0
2023,5,39.0,Miami,1,0,9.42225e-05,0.0
2023,5,40.0,Miami,1,0,3.3086948e-05,0.0
2023,5,41.0,Miami,1,0,1.9746956e-07,0.0
2023,5,42.0,Miami,1,0,2.2338596e-05,0.0
2023,5,43.0,Miami,1,0,1.787169e-05,0.0
2023,5,44.0,Miami,1,0,4.6165852e-07,0.0
2023,5,45.0,Miami,1,0,2.8530574e-06,0.0
2023,5,46.0,Miami,1,0,6.3231186e-05,0.0
2023,5,47.0,Miami,1,0,4.3495857e-06,0.0
2023,5,48.0,Miami,1,0,1.0504619e-05,0.0
2023,5,49.0,Miami,1,0,7.752743e-06,0.0
2023,5,50.0,Miami,1,0,2.8728223e-07,0.0
2023,5,51.0,Miami,1,0,6.7378005e-07,0.0
2023,5,52.0,Miami,1,0,7.543632e-07,0.0
2023,5,53.0,Miami,1,0,7.649017e-06,0.0
2023,5,54.0,Miami,1,0,1.3360278e-06,0.0
2023,5,55.0,Miami,1,0,2.5597168e-07,0.0
2023,5,56.0,Miami,1,0,4.807993e-07,0.0
2023,5,57.0,Miami,1,0,1.5415612e-06,0.0
2023,6,1.0,Monaco,12,0,0.2596341,0.0
2023,6,2.0,Monaco,1,0,9.104503e-07,0.0
2023,6,3.0,Monaco,1,0,1.2915667e-06,0.0
2023,6,4.0,Monaco,1,0,1.03000346e-07,0.0
2023,6,5.0,Monaco,1,0,9.550498e-08,0.0
2023,6,6.0,Monaco,1,0,6.160558e-07,0.0
2023,6,7.0,Monaco,1,0,8.08052e-05,0.0
2023,6,8.0,Monaco,1,0,5.0182372e-08,0.0
2023,6,9.0,Monaco,1,0,1.9531927e-09,0.0
2023,6,10.0,Monaco,1,0,1.0895198e-08,0.0
2023,6,11.0,Monaco,1,0,3.264066e-08,0.0
2023,6,12.0,Monaco,12,0,0.013187386,0.0
2023,6,13.0,Monaco,21,0,1.3676325e-06,0.0
2023,6,14.0,Monaco,12,0,0.006991278,0.0
2023,6,15.0,Monaco,21,0,7.388786e-08,0.0
2023,6,16.0,Monaco,1,0,2.1092305e-06,0.0
2023,6,17.0,Monaco,1,0,1.4470265e-05,0.0
2023,6,18.0,Monaco,1,0,0.00097050023,0.0
2023,6,19.0,Monaco,1,0,6.385495e-05,0.0
2023,6,20.0,Monaco,1,0,1.2756706e-05,0.0
2023,6,21.0,Monaco,1,0,6.2008203e-06,0.0
2023,6,22.0,Monaco,1,0,8.861588e-06,0.0
2023,6,23.0,Monaco,1,0,0.00016432768,0.0
2023,6,24.0,Monaco,1,0,2.107451e-06,0.0
2023,6,25.0,Monaco,1,0,4.830532e-05,0.0
2023,6,26.0,Monaco,1,0,3.0261806e-05,0.0
2023,6,27.0,Monaco,1,0,3.4544263e-07,0.0
2023,6,28.0,Monaco,1,0,4.8486294e-07,0.0
2023,6,29.0,Monaco,1,0,8.9051485e-07,0.0
2023,6,30.0,Monaco,1,0,5.7657864e-05,0.0
2023,6,31.0,Monaco,1,0,6.887125e-06,0.0
2023,6,32.0,Monaco,1,0,1.8415752e-06,0.0
2023,6,33.0,Monaco,1,0,1.5341446e-06,0.0
2023,6,34.0,Monaco,1,0,1.3337211e-06,0.0
2023,6,35.0,Monaco,1,0,1.0392368e-07,0.0
2023,6,36.0,Monaco,1,0,1.1768865e-07,0.0
2023,6,37.0,Monaco,1,0,4.0140048e-07,0.0
2023,6,38.0,Monaco,1,0,4.054656e-08,0.0
2023,6,39.0,Monaco,1,0,9.603743e-09,0.0
2023,6,40.0,Monaco,1,0,1.0150958e-06,0.0
2023,6,41.0,Monaco,1,0,9.155084e-08,0.0
2023,6,42.0,Monaco,1,0,4.0729095e-08,0.0
2023,6,43.0,Monaco,1,0,3.9122124e-08,0.0
2023,6,44.0,Monaco,1,0,2.4106614e-06,0.0
2023,6,45.0,Monaco,1,0,3.879762e-07,0.0
2023,6,46.0,Monaco,1,0,2.5281489e-07,0.0
2023,6,47.0,Monaco,1,0,9.278204e-09,0.0
2023,6,48.0,Monaco,1,0,8.797484e-06,0.0
2023,6,49.0,Monaco,1,0,3.5592655e-06,0.0
2023,6,50.0,Monaco,1,0,3.0450415e-06,0.0
2023,6,51.0,Monaco,1,0,3.824802e-06,0.0
2023,6,52.0,Monaco,1,0,0.00019434377,0.0
2023,6,53.0,Monaco,1,0,0.0015177868,0.0
2023,6,54.0,Monaco,1,0,2.4934109e-06,0.0
2023,6,55.0,Monaco,12,0,0.9528598,0.0
2023,6,56.0,Monaco,21,0,0.00019973256,0.0
2023,6,57.0,Monaco,1,0,5.8355868e-06,0.0
2023,6,58.0,Monaco,12,0,0.9871673,0.0
2023,6,59.0,Monaco,12,0,0.96495736,0.0
2023,6,60.0,Monaco,12,0,0.9720519,0.0
2023,6,61.0,Monaco,12,0,0.08171972,0.0
2023,6,62.0,Monaco,1,0,1.8975925e-07,0.0
2023,6,63.0,Monaco,1,0,4.3946525e-07,0.0
2023,6,64.0,Monaco,1,0,6.469164e-05,0.0
2023,6,65.0,Monaco,1,0,3.1977666e-07,0.0
2023,6,66.0,Monaco,1,0,8.197456e-06,0.0
2023,6,67.0,Monaco,1,0,8.363573e-05,0.0
2023,6,68.0,Monaco,1,0,1.4804305e-05,0.0
2023,6,69.0,Monaco,12,0,3.5032992e-06,0.0
2023,6,70.0,Monaco,1,0,0.004322036,0.0
2023,6,71.0,Monaco,1,0,5.5217356e-07,0.0
2023,6,72.0,Monaco,1,0,8.416087e-06,0.0
2023,6,73.0,Monaco,1,0,2.8536602e-05,0.0
2023,6,74.0,Monaco,1,0,1.1909382e-06,0.0
2023,6,75.0,Monaco,1,0,5.2797566e-07,0.0
2023,6,76.0,Monaco,1,0,2.2519807e-05,0.0
2023,6,77.0,Monaco,1,0,0.00040788078,0.0
2023,6,78.0,Monaco,1,0,5.6075125e-05,0.0
2023,7,1.0,Barcelona,1,0,0.00063097366,0.0
2023,7,2.0,Barcelona,1,0,0.00022971864,0.0
2023,7,3.0,Barcelona,1,0,2.2141923e-05,0.0
2023,7,4.0,Barcelona,1,0,5.055135e-05,0.0
2023,7,5.0,Barcelona,1,0,6.747389e-06,0.0
2023,7,6.0,Barcelona,1,0,4.161875e-06,0.0
2023,7,7.0,Barcelona,1,0,9.129317e-06,0.0
2023,7,8.0,Barcelona,1,0,0.00056829554,0.0
2023,7,9.0,Barcelona,1,0,0.00015127615,0.0
2023,7,10.0,Barcelona,1,0,0.0004549161,0.0
2023,7,11.0,Barcelona,1,0,1.6525608e-05,0.0
2023,7,12.0,Barcelona,1,0,0.00034260817,0.0
2023,7,13.0,Barcelona,1,0,0.00095885166,0.0
2023,7,14.0,Barcelona,1,0,9.031446e-06,0.0
2023,7,15.0,Barcelona,1,0,0.004872117,0.0
2023,7,16.0,Barcelona,1,0,0.0007477778,0.0
2023,7,17.0,Barcelona,1,0,0.00014042426,0.0
2023,7,18.0,Barcelona,1,0,0.0014421076,0.0
2023,7,19.0,Barcelona,1,0,0.000527614,0.0
2023,7,20.0,Barcelona,1,0,0.0006747327,0.0
2023,7,21.0,Barcelona,1,0,0.0002368156,0.0
2023,7,22.0,Barcelona,1,0,0.0025398713,0.0
2023,7,23.0,Barcelona,1,0,8.659796e-06,0.0
2023,7,24.0,Barcelona,1,0,5.9095737e-06,0.0
2023,7,25.0,Barcelona,1,0,6.004748e-05,0.0
2023,7,26.0,Barcelona,1,0,1.8287906e-07,0.0
2023,7,27.0,Barcelona,1,0,5.3249674e-05,0.0
2023,7,28.0,Barcelona,1,0,0.0006015108,0.0
2023,7,29.0,Barcelona,1,0,1.27384355e-05,0.0
2023,7,30.0,Barcelona,1,0,0.0025329564,0.0
2023,7,31.0,Barcelona,1,0,2.3721834e-06,0.0
2023,7,32.0,Barcelona,1,0,4.364751e-07,0.0
2023,7,33.0,Barcelona,1,0,3.44465e-06,0.0
2023,7,34.0,Barcelona,1,0,0.00024065525,0.0
2023,7,35.0,Barcelona,1,0,0.00032680726,0.0
2023,7,36.0,Barcelona,1,0,3.3116212e-05,0.0
2023,7,37.0,Barcelona,1,0,2.9962634e-06,0.0
2023,7,38.0,Barcelona,1,0,4.0121818e-06,0.0
2023,7,39.0,Barcelona,1,0,4.1400076e-06,0.0
2023,7,40.0,Barcelona,1,0,4.785291e-06,0.0
2023,7,41.0,Barcelona,1,0,3.9259645e-05,0.0
2023,7,42.0,Barcelona,1,0,0.00063664553,0.0
2023,7,43.0,Barcelona,1,0,0.0006018093,0.0
2023,7,44.0,Barcelona,1,0,4.0997507e-05,0.0
2023,7,45.0,Barcelona,1,0,6.408249e-05,0.0
2023,7,46.0,Barcelona,1,0,7.6410804e-05,0.0
2023,7,47.0,Barcelona,1,0,0.0008883414,0.0
2023,7,48.0,Barcelona,1,0,0.00018364565,0.0
2023,7,49.0,Barcelona,1,0,0.0003086304,0.0
2023,7,50.0,Barcelona,1,0,0.00014780478,0.0
2023,7,51.0,Barcelona,1,0,0.0003810203,0.0
2023,7,52.0,Barcelona,1,0,3.094597e-05,0.0
2023,7,53.0,Barcelona,1,0,6.4257447e-06,0.0
2023,7,54.0,Barcelona,1,0,0.000104238774,0.0
2023,7,55.0,Barcelona,1,0,8.744794e-06,0.0
2023,7,56.0,Barcelona,1,0,5.0567032e-06,0.0
2023,7,57.0,Barcelona,1,0,1.658478e-05,0.0
2023,7,58.0,Barcelona,1,0,9.5339544e-08,0.0
2023,7,59.0,Barcelona,1,0,7.6173365e-06,0.0
2023,7,60.0,Barcelona,1,0,0.00023223336,0.0
2023,7,61.0,Barcelona,1,0,5.642211e-06,0.0
2023,7,62.0,Barcelona,1,0,7.743211e-06,0.0
2023,7,63.0,Barcelona,1,0,3.3953507e-05,0.0
2023,7,64.0,Barcelona,1,0,3.9222878e-06,0.0
2023,7,65.0,Barcelona,1,0,2.1851163e-05,0.0
2023,7,66.0,Barcelona,1,0,1.9326051e-05,0.0
2023,8,1.0,Montréal,1,0,2.339903e-06,0.0
2023,8,2.0,Montréal,1,0,0.00013377555,0.0
2023,8,3.0,Montréal,1,0,5.7453086e-05,0.0
2023,8,4.0,Montréal,1,0,3.4620423e-06,0.0
2023,8,5.0,Montréal,1,0,0.0028054628,0.0
2023,8,6.0,Montréal,1,0,0.00062890537,0.0
2023,8,7.0,Montréal,12,0,0.09136276,0.0
2023,8,8.0,Montréal,2671,0,0.8977101,0.0
2023,8,9.0,Montréal,1,1,0.9996643,0.0
2023,8,10.0,Montréal,1,1,0.9997211,0.0
2023,8,11.0,Montréal,1,1,0.37933743,0.0
2023,8,12.0,Montréal,124,0,0.6149053,0.0
2023,8,13.0,Montréal,4,0,0.000949944,0.0
2023,8,14.0,Montréal,4,0,3.7173268e-05,1.0
2023,8,15.0,Montréal,4,0,0.0037230526,1.0
2023,8,16.0,Montréal,41,0,0.0014174235,1.0
2023,8,17.0,Montréal,1,0,5.6102162e-06,1.0
2023,8,18.0,Montréal,1,0,2.9459425e-06,1.0
2023,8,19.0,Montréal,1,0,7.5196346e-07,1.0
2023,8,20.0,Montréal,1,0,0.0002128293,1.0
2023,8,21.0,Montréal,1,0,0.00041262285,1.0
2023,8,22.0,Montréal,1,0,5.643174e-06,1.0
2023,8,23.0,Montréal,1,0,3.195504e-05,1.0
2023,8,24.0,Montréal,1,0,2.6160189e-05,1.0
2023,8,25.0,Montréal,1,0,1.3919558e-06,1.0
2023,8,26.0,Montréal,1,0,6.5310883e-06,1.0
2023,8,27.0,Montréal,1,0,3.420935e-06,1.0
2023,8,28.0,Montréal,1,0,1.7697e-05,1.0
2023,8,29.0,Montréal,12,0,1.8879524e-05,1.0
2023,8,30.0,Montréal,1,0,2.956917e-06,1.0
2023,8,31.0,Montréal,1,0,0.00021924399,1.0
2023,8,32.0,Montréal,1,0,0.0008538833,1.0
2023,8,33.0,Montréal,1,0,0.0006908719,1.0
2023,8,34.0,Montréal,1,0,7.991756e-06,1.0
2023,8,35.0,Montréal,12,0,0.0004959655,1.0
2023,8,36.0,Montréal,21,0,1.8049444e-05,1.0
2023,8,37.0,Montréal,1,0,1.8840368e-05,1.0
2023,8,38.0,Montréal,1,0,1.4079732e-05,1.0
2023,8,39.0,Montréal,1,0,5.9423637e-06,1.0
2023,8,40.0,Montréal,1,0,7.051073e-05,1.0
2023,8,41.0,Montréal,1,0,3.3085234e-06,1.0
2023,8,42.0,Montréal,1,0,0.000103085404,1.0
2023,8,43.0,Montréal,1,0,0.0007522943,1.0
2023,8,44.0,Montréal,1,0,0.0010002314,1.0
2023,8,45.0,Montréal,1,0,0.00064136076,1.0
2023,8,46.0,Montréal,1,0,5.1712832e-05,1.0
2023,8,47.0,Montréal,1,0,1.2528132e-05,1.0
2023,8,48.0,Montréal,1,0,2.616426e-06,1.0
2023,8,49.0,Montréal,1,0,1.0849598e-05,1.0
2023,8,50.0,Montréal,1,0,0.00081001635,1.0
2023,8,51.0,Montréal,1,0,0.00013205092,1.0
2023,8,52.0,Montréal,1,0,2.5408184e-05,1.0
2023,8,53.0,Montréal,1,0,2.4811054e-05,1.0
2023,8,54.0,Montréal,1,0,2.8178154e-05,1.0
2023,8,55.0,Montréal,1,0,3.9891906e-06,1.0
2023,8,56.0,Montréal,1,0,0.00012776126,1.0
2023,8,57.0,Montréal,1,0,1.6397036e-05,1.0
2023,8,58.0,Montréal,1,0,0.0002559115,1.0
2023,8,59.0,Montréal,1,0,3.3628876e-07,1.0
2023,8,60.0,Montréal,1,0,8.524645e-06,1.0
2023,8,61.0,Montréal,1,0,4.528537e-06,1.0
2023,8,62.0,Montréal,1,0,4.7184087e-05,1.0
2023,8,63.0,Montréal,1,0,2.8946391e-05,1.0
2023,8,64.0,Montréal,1,0,1.8037975e-06,1.0
2023,8,65.0,Montréal,1,0,7.289232e-07,1.0
2023,8,66.0,Montréal,1,0,4.457201e-07,1.0
2023,8,67.0,Montréal,1,0,1.1981323e-05,1.0
2023,8,68.0,Montréal,1,0,6.3840016e-06,1.0
2023,8,69.0,Montréal,1,0,1.131777e-07,1.0
2023,8,70.0,Montréal,1,0,3.4141908e-07,1.0
2023,9,1.0,Spielberg,124,0,0.012067165,0.0
2023,9,2.0,Spielberg,4,0,0.0009041762,0.0
2023,9,3.0,Spielberg,41,0,3.5959823e-05,1.0
2023,9,4.0,Spielberg,1,0,4.786744e-05,1.0
2023,9,5.0,Spielberg,1,0,1.4822132e-05,1.0
2023,9,6.0,Spielberg,1,0,1.37986035e-05,1.0
2023,9,7.0,Spielberg,1,0,0.00016793562,1.0
2023,9,8.0,Spielberg,1,0,0.020079996,1.0
2023,9,9.0,Spielberg,1,0,0.0013686155,1.0
2023,9,10.0,Spielberg,1,1,0.0016143734,1.0
2023,9,11.0,Spielberg,1,1,0.9997217,1.0
2023,9,12.0,Spielberg,1,1,0.99976903,1.0
2023,9,13.0,Spielberg,12,0,0.000110316025,1.0
2023,9,14.0,Spielberg,26,0,1.1019559e-05,1.0
2023,9,15.0,Spielberg,6,0,0.00024380938,1.0
2023,9,16.0,Spielberg,671,0,0.010477986,1.0
2023,9,17.0,Spielberg,1,0,2.6937219e-06,1.0
2023,9,18.0,Spielberg,1,0,0.00012107814,1.0
2023,9,19.0,Spielberg,1,0,4.4509325e-06,1.0
2023,9,20.0,Spielberg,1,0,7.795827e-06,1.0
2023,9,21.0,Spielberg,1,0,5.0334975e-06,1.0
2023,9,22.0,Spielberg,1,0,7.3348656e-07,1.0
2023,9,23.0,Spielberg,1,0,1.5090368e-06,1.0
2023,9,24.0,Spielberg,1,0,2.2976114e-07,1.0
2023,9,25.0,Spielberg,1,0,8.178075e-06,1.0
2023,9,26.0,Spielberg,1,0,0.00087713473,1.0
2023,9,27.0,Spielberg,1,0,7.804828e-06,1.0
2023,9,28.0,Spielberg,1,0,5.254133e-06,1.0
2023,9,29.0,Spielberg,1,0,2.9703511e-07,1.0
2023,9,30.0,Spielberg,1,0,4.653543e-07,1.0
2023,9,31.0,Spielberg,1,0,1.1043202e-07,1.0
2023,9,32.0,Spielberg,1,0,1.013677e-07,1.0
2023,9,33.0,Spielberg,1,0,9.321343e-09,1.0
2023,9,34.0,Spielberg,1,0,8.391379e-06,1.0
2023,9,35.0,Spielberg,1,0,5.4491784e-07,1.0
2023,9,36.0,Spielberg,1,0,1.215996e-07,1.0
2023,9,37.0,Spielberg,1,0,1.8550987e-06,1.0
2023,9,38.0,Spielberg,1,0,4.4531177e-07,1.0
2023,9,39.0,Spielberg,1,0,1.0429925e-06,1.0
2023,9,40.0,Spielberg,1,0,1.7551903e-06,1.0
2023,9,41.0,Spielberg,1,0,3.134148e-05,1.0
2023,9,42.0,Spielberg,1,0,1.1795659e-06,1.0
2023,9,43.0,Spielberg,1,0,8.3754645e-07,1.0
2023,9,44.0,Spielberg,1,0,1.3924245e-06,1.0
2023,9,45.0,Spielberg,1,0,7.687945e-06,1.0
2023,9,46.0,Spielberg,1,0,5.7585266e-06,1.0
2023,9,47.0,Spielberg,1,0,3.5657802e-08,1.0
2023,9,48.0,Spielberg,1,0,2.617881e-06,1.0
2023,9,49.0,Spielberg,1,0,1.5982135e-07,1.0
2023,9,50.0,Spielberg,1,0,0.0002725007,1.0
2023,9,51.0,Spielberg,1,0,0.00015736977,1.0
2023,9,52.0,Spielberg,1,0,5.3740074e-05,1.0
2023,9,53.0,Spielberg,1,0,0.00021225195,1.0
2023,9,54.0,Spielberg,1,0,1.1909975e-05,1.0
2023,9,55.0,Spielberg,1,0,0.00018181882,1.0
2023,9,56.0,Spielberg,1,0,0.00030180783,1.0
2023,9,57.0,Spielberg,1,0,5.096345e-07,1.0
2023,9,58.0,Spielberg,1,0,1.9156748e-06,1.0
2023,9,59.0,Spielberg,1,0,4.015363e-06,1.0
2023,9,60.0,Spielberg,1,0,1.6129173e-06,1.0
2023,9,61.0,Spielberg,1,0,9.867054e-08,1.0
2023,9,62.0,Spielberg,1,0,7.2593184e-07,1.0
2023,9,63.0,Spielberg,1,0,3.6105257e-07,1.0
2023,9,64.0,Spielberg,1,0,4.510194e-06,1.0
2023,9,65.0,Spielberg,1,0,2.206517e-07,1.0
2023,9,66.0,Spielberg,1,0,1.0824358e-08,1.0
2023,9,67.0,Spielberg,1,0,1.0692726e-07,1.0
2023,9,68.0,Spielberg,1,0,1.3198516e-07,1.0
2023,9,69.0,Spielberg,1,0,2.26726e-07,1.0
2023,9,70.0,Spielberg,1,0,1.7601134e-07,1.0
2023,9,71.0,Spielberg,1,0,1.3319159e-09,1.0
2023,10,1.0,Silverstone,1,0,1.024762e-05,0.0
2023,10,2.0,Silverstone,1,0,5.7259485e-06,0.0
2023,10,3.0,Silverstone,1,0,3.0879874e-05,0.0
2023,10,4.0,Silverstone,1,0,0.0014781267,0.0
2023,10,5.0,Silverstone,1,0,1.1947333e-05,0.0
2023,10,6.0,Silverstone,1,0,0.0004910612,0.0
2023,10,7.0,Silverstone,1,0,0.0012500928,0.0
2023,10,8.0,Silverstone,1,0,2.9220361e-08,0.0
2023,10,9.0,Silverstone,1,0,7.750814e-06,0.0
2023,10,10.0,Silverstone,1,0,1.31990755e-05,0.0
2023,10,11.0,Silverstone,1,0,0.00014771319,0.0
2023,10,12.0,Silverstone,1,0,2.6053729e-05,0.0
2023,10,13.0,Silverstone,1,0,0.002331066,0.0
2023,10,14.0,Silverstone,1,0,7.686259e-05,0.0
2023,10,15.0,Silverstone,1,0,0.00018443058,0.0
2023,10,16.0,Silverstone,1,0,0.004479611,0.0
2023,10,17.0,Silverstone,1,0,0.003471662,0.0
2023,10,18.0,Silverstone,1,0,0.0021197945,0.0
2023,10,19.0,Silverstone,1,0,0.0021824257,0.0
2023,10,20.0,Silverstone,1,0,3.0540272e-05,0.0
2023,10,21.0,Silverstone,1,0,4.1708317e-05,0.0
2023,10,22.0,Silverstone,1,0,6.5924387e-06,0.0
2023,10,23.0,Silverstone,1,0,0.00015349052,0.0
2023,10,24.0,Silverstone,1,0,0.00056305033,0.0
2023,10,25.0,Silverstone,1,0,0.0009861308,0.0
2023,10,26.0,Silverstone,1,0,2.6877564e-05,0.0
2023,10,27.0,Silverstone,1,0,0.00011471658,0.0
2023,10,28.0,Silverstone,1,0,6.262575e-05,0.0
2023,10,29.0,Silverstone,1,0,0.010123333,0.0
2023,10,30.0,Silverstone,1,1,0.99943393,0.0
2023,10,31.0,Silverstone,1,1,5.913904e-06,0.0
2023,10,32.0,Silverstone,1,1,0.15215331,0.0
2023,10,33.0,Silverstone,1264,0,0.0052176774,0.0
2023,10,34.0,Silverstone,4,0,0.005577907,0.0
2023,10,35.0,Silverstone,4,0,6.480172e-05,1.0
2023,10,36.0,Silverstone,4,0,9.940019e-05,1.0
2023,10,37.0,Silverstone,4,0,6.5180335e-05,1.0
2023,10,38.0,Silverstone,41,0,0.00021264229,1.0
2023,10,39.0,Silverstone,1,0,1.53233e-06,1.0
2023,10,40.0,Silverstone,1,0,5.904425e-06,1.0
2023,10,41.0,Silverstone,1,0,7.819995e-05,1.0
2023,10,42.0,Silverstone,1,0,2.873304e-06,1.0
2023,10,43.0,Silverstone,1,0,0.00017375889,1.0
2023,10,44.0,Silverstone,1,0,1.576647e-06,1.0
2023,10,45.0,Silverstone,1,0,3.0316025e-06,1.0
2023,10,46.0,Silverstone,1,0,0.0011243471,1.0
2023,10,47.0,Silverstone,1,0,3.4639305e-07,1.0
2023,10,48.0,Silverstone,1,0,1.2372873e-07,1.0
2023,10,49.0,Silverstone,1,0,2.7406415e-07,1.0
2023,10,50.0,Silverstone,1,0,7.345633e-08,1.0
2023,10,51.0,Silverstone,1,0,1.0586083e-08,1.0
2023,10,52.0,Silverstone,1,0,1.5117333e-09,1.0
2023,11,1.0,Budapest,12,0,0.0008110676,0.0
2023,11,2.0,Budapest,1,0,7.008008e-07,0.0
2023,11,3.0,Budapest,1,0,1.8088001e-06,0.0
2023,11,4.0,Budapest,1,0,2.1479052e-07,0.0
2023,11,5.0,Budapest,1,0,6.0414814e-06,0.0
2023,11,6.0,Budapest,1,0,7.60319e-05,0.0
2023,11,7.0,Budapest,1,0,0.00012296117,0.0
2023,11,8.0,Budapest,1,0,4.2547645e-06,0.0
2023,11,9.0,Budapest,1,0,0.00032401577,0.0
2023,11,10.0,Budapest,1,0,7.623404e-08,0.0
2023,11,11.0,Budapest,1,0,3.2559893e-07,0.0
2023,11,12.0,Budapest,1,0,4.489399e-05,0.0
2023,11,13.0,Budapest,1,0,3.5424625e-06,0.0
2023,11,14.0,Budapest,1,0,1.0571974e-05,0.0
2023,11,15.0,Budapest,1,0,1.4218946e-05,0.0
2023,11,16.0,Budapest,1,0,1.1870624e-06,0.0
2023,11,17.0,Budapest,1,0,6.148057e-07,0.0
2023,11,18.0,Budapest,1,0,3.4876535e-08,0.0
2023,11,19.0,Budapest,1,0,9.801348e-08,0.0
2023,11,20.0,Budapest,1,0,3.0122765e-10,0.0
2023,11,21.0,Budapest,1,0,1.08099194e-07,0.0
2023,11,22.0,Budapest,1,0,2.8629825e-09,0.0
2023,11,23.0,Budapest,1,0,5.167318e-07,0.0
2023,11,24.0,Budapest,1,0,1.2870157e-07,0.0
2023,11,25.0,Budapest,1,0,8.053714e-07,0.0
2023,11,26.0,Budapest,1,0,2.2605325e-07,0.0
2023,11,27.0,Budapest,1,0,1.5427505e-08,0.0
2023,11,28.0,Budapest,1,0,4.1456662e-08,0.0
2023,11,29.0,Budapest,1,0,8.593787e-07,0.0
2023,11,30.0,Budapest,1,0,1.7390998e-06,0.0
2023,11,31.0,Budapest,1,0,3.669279e-08,0.0
2023,11,32.0,Budapest,1,0,3.2315707e-05,0.0
2023,11,33.0,Budapest,1,0,9.9159564e-08,0.0
2023,11,34.0,Budapest,1,0,1.4141252e-06,0.0
2023,11,35.0,Budapest,1,0,8.922601e-07,0.0
2023,11,36.0,Budapest,1,0,3.074441e-07,0.0
2023,11,37.0,Budapest,1,0,7.221403e-07,0.0
2023,11,38.0,Budapest,1,0,1.6237302e-06,0.0
2023,11,39.0,Budapest,1,0,0.0002945564,0.0
2023,11,40.0,Budapest,1,0,4.6281254e-08,0.0
2023,11,41.0,Budapest,1,0,5.219082e-07,0.0
2023,11,42.0,Budapest,1,0,1.3023574e-05,0.0
2023,11,43.0,Budapest,1,0,2.712494e-06,0.0
2023,11,44.0,Budapest,1,0,2.5541982e-07,0.0
2023,11,45.0,Budapest,1,0,1.5002692e-07,0.0
2023,11,46.0,Budapest,1,0,6.874421e-06,0.0
2023,11,47.0,Budapest,1,0,3.6806693e-08,0.0
2023,11,48.0,Budapest,1,0,8.194814e-06,0.0
2023,11,49.0,Budapest,1,0,1.7152728e-05,0.0
2023,11,50.0,Budapest,1,0,0.00012467107,0.0
2023,11,51.0,Budapest,1,0,5.5598675e-06,0.0
2023,11,52.0,Budapest,1,0,1.2442224e-07,0.0
2023,11,53.0,Budapest,1,0,2.8819984e-06,0.0
2023,11,54.0,Budapest,1,0,0.00019047435,0.0
2023,11,55.0,Budapest,1,0,3.874659e-06,0.0
2023,11,56.0,Budapest,1,0,3.7833256e-06,0.0
2023,11,57.0,Budapest,1,0,1.0888299e-06,0.0
2023,11,58.0,Budapest,1,0,2.5902702e-06,0.0
2023,11,59.0,Budapest,1,0,0.00013117418,0.0
2023,11,60.0,Budapest,1,0,4.6432714e-08,0.0
2023,11,61.0,Budapest,1,0,3.9254046e-06,0.0
2023,11,62.0,Budapest,1,0,1.7020634e-06,0.0
2023,11,63.0,Budapest,1,0,4.516926e-06,0.0
2023,11,64.0,Budapest,1,0,7.78109e-08,0.0
2023,11,65.0,Budapest,1,0,5.3419775e-08,0.0
2023,11,66.0,Budapest,1,0,1.7572516e-08,0.0
2023,11,67.0,Budapest,1,0,0.00043756416,0.0
2023,11,68.0,Budapest,1,0,2.5875542e-07,0.0
2023,11,69.0,Budapest,12,0,4.864928e-08,0.0
2023,11,70.0,Budapest,1,0,1.6434657e-05,0.0
2023,12,1.0,Spa-Francorchamps,1,0,2.2068125e-06,0.0
2023,12,2.0,Spa-Francorchamps,12,0,0.010118106,0.0
2023,12,3.0,Spa-Francorchamps,21,0,0.52129567,0.0
2023,12,4.0,Spa-Francorchamps,1,0,5.1014395e-06,0.0
2023,12,5.0,Spa-Francorchamps,1,0,5.013349e-05,0.0
2023,12,6.0,Spa-Francorchamps,1,0,3.0834897e-06,0.0
2023,12,7.0,Spa-Francorchamps,1,0,2.35994e-06,0.0
2023,12,8.0,Spa-Francorchamps,1,0,3.7597812e-07,0.0
2023,12,9.0,Spa-Francorchamps,1,0,1.8785669e-06,0.0
2023,12,10.0,Spa-Francorchamps,1,0,1.1691849e-06,0.0
2023,12,11.0,Spa-Francorchamps,1,0,5.3807804e-07,0.0
2023,12,12.0,Spa-Francorchamps,1,0,8.532795e-06,0.0
2023,12,13.0,Spa-Francorchamps,1,0,1.467466e-08,0.0
2023,12,14.0,Spa-Francorchamps,1,0,3.3185536e-06,0.0
2023,12,15.0,Spa-Francorchamps,1,0,1.2068961e-05,0.0
2023,12,16.0,Spa-Francorchamps,1,0,1.806253e-05,0.0
2023,12,17.0,Spa-Francorchamps,1,0,5.555972e-05,0.0
2023,12,18.0,Spa-Francorchamps,1,0,3.941728e-05,0.0
2023,12,19.0,Spa-Francorchamps,1,0,4.8872185e-05,0.0
2023,12,20.0,Spa-Francorchamps,1,0,2.6328457e-06,0.0
2023,12,21.0,Spa-Francorchamps,1,0,0.00035803946,0.0
2023,12,22.0,Spa-Francorchamps,1,0,2.3079487e-05,0.0
2023,12,23.0,Spa-Francorchamps,1,0,1.2860689e-06,0.0
2023,12,24.0,Spa-Francorchamps,1,0,7.356098e-07,0.0
2023,12,25.0,Spa-Francorchamps,1,0,2.967421e-07,0.0
2023,12,26.0,Spa-Francorchamps,1,0,1.2882982e-06,0.0
2023,12,27.0,Spa-Francorchamps,1,0,2.228181e-05,0.0
2023,12,28.0,Spa-Francorchamps,1,0,3.776577e-05,0.0
2023,12,29.0,Spa-Francorchamps,1,0,1.498118e-05,0.0
2023,12,30.0,Spa-Francorchamps,1,0,1.2021322e-06,0.0
2023,12,31.0,Spa-Francorchamps,1,0,0.00010416554,0.0
2023,12,32.0,Spa-Francorchamps,1,0,8.174186e-07,0.0
2023,12,33.0,Spa-Francorchamps,1,0,6.494335e-07,0.0
2023,12,34.0,Spa-Francorchamps,1,0,4.0111936e-05,0.0
2023,12,35.0,Spa-Francorchamps,1,0,0.000111270776,0.0
2023,12,36.0,Spa-Francorchamps,1,0,0.0014553949,0.0
2023,12,37.0,Spa-Francorchamps,1,0,0.0003684665,0.0
2023,12,38.0,Spa-Francorchamps,1,0,0.0003063929,0.0
2023,12,39.0,Spa-Francorchamps,1,0,2.108029e-07,0.0
2023,12,40.0,Spa-Francorchamps,1,0,3.2140133e-07,0.0
2023,12,41.0,Spa-Francorchamps,1,0,7.5888483e-06,0.0
2023,12,42.0,Spa-Francorchamps,1,0,6.475419e-06,0.0
2023,12,43.0,Spa-Francorchamps,1,0,9.052426e-05,0.0
2023,12,44.0,Spa-Francorchamps,1,0,0.0087524345,0.0
2023,13,1.0,Zandvoort,1,0,0.00075342105,0.0
2023,13,2.0,Zandvoort,1,0,0.00034932554,0.0
2023,13,3.0,Zandvoort,1,0,0.0004703523,0.0
2023,13,4.0,Zandvoort,1,0,0.0006205107,0.0
2023,13,5.0,Zandvoort,1,0,0.0105193835,0.0
2023,13,6.0,Zandvoort,1,0,0.00025419155,0.0
2023,13,7.0,Zandvoort,1,0,0.00023430487,0.0
2023,13,8.0,Zandvoort,1,0,1.0374655e-05,0.0
2023,13,9.0,Zandvoort,1,0,7.2566168e-06,0.0
2023,13,10.0,Zandvoort,1,0,0.0002518938,0.0
2023,13,11.0,Zandvoort,1,0,7.595727e-06,0.0
2023,13,12.0,Zandvoort,1,0,0.000117059906,0.0
2023,13,13.0,Zandvoort,1,1,0.9997423,0.0
2023,13,14.0,Zandvoort,1,1,0.99981564,0.0
2023,13,15.0,Zandvoort,1,1,0.9998062,0.0
2023,13,16.0,Zandvoort,124,0,0.0340196,0.0
2023,13,17.0,Zandvoort,4,0,0.0029568553,0.0
2023,13,18.0,Zandvoort,4,0,0.0003474783,1.0
2023,13,19.0,Zandvoort,4,0,0.0007830577,1.0
2023,13,20.0,Zandvoort,4,0,0.00031736263,1.0
2023,13,21.0,Zandvoort,41,0,7.049385e-05,1.0
2023,13,22.0,Zandvoort,1,0,1.8874374e-05,1.0
2023,13,23.0,Zandvoort,1,0,1.6270405e-08,1.0
2023,13,24.0,Zandvoort,1,0,9.706514e-06,1.0
2023,13,25.0,Zandvoort,1,0,7.621641e-09,1.0
2023,13,26.0,Zandvoort,1,0,1.1456107e-07,1.0
2023,13,27.0,Zandvoort,1,0,5.233988e-09,1.0
2023,13,28.0,Zandvoort,1,0,1.2513283e-10,1.0
2023,13,29.0,Zandvoort,1,0,5.0555993e-08,1.0
2023,13,30.0,Zandvoort,1,0,1.162627e-06,1.0
2023,13,31.0,Zandvoort,1,0,1.9637376e-07,1.0
2023,13,32.0,Zandvoort,1,0,7.212974e-08,1.0
2023,13,33.0,Zandvoort,1,0,1.1993949e-07,1.0
2023,13,34.0,Zandvoort,1,0,0.0003839058,1.0
2023,13,35.0,Zandvoort,1,0,3.6295114e-05,1.0
2023,13,36.0,Zandvoort,1,0,8.789297e-07,1.0
2023,13,37.0,Zandvoort,1,0,7.261871e-05,1.0
2023,13,38.0,Zandvoort,1,0,2.1708367e-05,1.0
2023,13,39.0,Zandvoort,1,0,1.9200029e-07,1.0
2023,13,40.0,Zandvoort,1,0,2.3707986e-07,1.0
2023,13,41.0,Zandvoort,1,0,0.0015602605,1.0
2023,13,42.0,Zandvoort,1,0,3.6120637e-05,1.0
2023,13,43.0,Zandvoort,1,0,4.517843e-05,1.0
2023,13,44.0,Zandvoort,1,0,0.0002729183,1.0
2023,13,45.0,Zandvoort,1,0,6.649504e-05,1.0
2023,13,46.0,Zandvoort,1,0,2.128379e-05,1.0
2023,13,47.0,Zandvoort,1,0,8.2253646e-05,1.0
2023,13,48.0,Zandvoort,1,0,2.235443e-05,1.0
2023,13,49.0,Zandvoort,1,0,9.58006e-07,1.0
2023,13,50.0,Zandvoort,1,0,0.002921717,1.0
2023,13,51.0,Zandvoort,1,0,0.00019284489,1.0
2023,13,52.0,Zandvoort,1,0,0.0021773654,1.0
2023,13,53.0,Zandvoort,1,0,8.24436e-05,1.0
2023,13,54.0,Zandvoort,1,0,0.00024789828,1.0
2023,13,55.0,Zandvoort,1,0,5.6866415e-05,1.0
2023,13,56.0,Zandvoort,1,0,0.00094151957,1.0
2023,13,57.0,Zandvoort,1,0,0.00021710823,1.0
2023,13,58.0,Zandvoort,1,0,2.574917e-05,1.0
2023,13,59.0,Zandvoort,1,0,7.4373497e-06,1.0
2023,13,60.0,Zandvoort,1,0,1.516413e-06,1.0
2023,13,61.0,Zandvoort,1,0,3.1774784e-05,1.0
2023,13,62.0,Zandvoort,1,0,0.0038967473,1.0
2023,13,63.0,Zandvoort,12,0,0.12141344,1.0
2023,13,64.0,Zandvoort,265,0,0.63243484,1.0
2023,13,65.0,Zandvoort,14,0,0.098845534,1.0
2023,13,66.0,Zandvoort,41,0,0.015478508,1.0
2023,13,67.0,Zandvoort,1,0,0.0045241904,1.0
2023,13,68.0,Zandvoort,1,0,1.0363837e-05,1.0
2023,13,69.0,Zandvoort,1,0,1.7718384e-06,1.0
2023,13,70.0,Zandvoort,1,0,2.0218944e-05,1.0
2023,13,71.0,Zandvoort,1,0,1.763554e-05,1.0
2023,13,72.0,Zandvoort,1,0,4.3120173e-05,1.0
2023,14,1.0,Monza,1,0,0.00011492527,0.0
2023,14,2.0,Monza,1,0,0.0017440203,0.0
2023,14,3.0,Monza,1,0,3.1029955e-05,0.0
2023,14,4.0,Monza,1,0,7.426845e-06,0.0
2023,14,5.0,Monza,1,0,5.4331927e-06,0.0
2023,14,6.0,Monza,1,0,7.1958806e-05,0.0
2023,14,7.0,Monza,1,0,4.2130294e-05,0.0
2023,14,8.0,Monza,1,0,3.2366905e-05,0.0
2023,14,9.0,Monza,1,0,0.00010675067,0.0
2023,14,10.0,Monza,1,0,8.940422e-05,0.0
2023,14,11.0,Monza,1,0,6.626773e-06,0.0
2023,14,12.0,Monza,1,0,0.0012623726,0.0
2023,14,13.0,Monza,1,0,0.00049165386,0.0
2023,14,14.0,Monza,1,0,5.6148997e-06,0.0
2023,14,15.0,Monza,1,0,0.00024003081,0.0
2023,14,16.0,Monza,1,0,0.00014242032,0.0
2023,14,17.0,Monza,1,0,7.627117e-05,0.0
2023,14,18.0,Monza,1,0,1.0002535e-05,0.0
2023,14,19.0,Monza,1,0,2.8816876e-08,0.0
2023,14,20.0,Monza,1,0,6.77823e-06,0.0
2023,14,21.0,Monza,1,0,4.6297548e-05,0.0
2023,14,22.0,Monza,1,0,6.0633124e-07,0.0
2023,14,23.0,Monza,1,0,1.2850531e-05,0.0
2023,14,24.0,Monza,1,0,0.00011039422,0.0
2023,14,25.0,Monza,1,0,2.4560845e-06,0.0
2023,14,26.0,Monza,1,0,7.8310195e-06,0.0
2023,14,27.0,Monza,1,0,7.552747e-08,0.0
2023,14,28.0,Monza,1,0,1.2992571e-06,0.0
2023,14,29.0,Monza,1,0,7.895072e-07,0.0
2023,14,30.0,Monza,1,0,1.9117582e-08,0.0
2023,14,31.0,Monza,1,0,3.4721006e-09,0.0
2023,14,32.0,Monza,1,0,2.8037425e-06,0.0
2023,14,33.0,Monza,1,0,9.799067e-08,0.0
2023,14,34.0,Monza,1,0,3.3297504e-06,0.0
2023,14,35.0,Monza,1,0,8.5134053e-07,0.0
2023,14,36.0,Monza,1,0,5.901042e-07,0.0
2023,14,37.0,Monza,1,0,3.265553e-06,0.0
2023,14,38.0,Monza,1,0,3.012529e-06,0.0
2023,14,39.0,Monza,1,0,2.6415628e-06,0.0
2023,14,40.0,Monza,1,0,0.0001444479,0.0
2023,14,41.0,Monza,1,0,5.2212354e-06,0.0
2023,14,42.0,Monza,1,0,2.5368598e-05,0.0
2023,14,43.0,Monza,1,0,3.543672e-06,0.0
2023,14,44.0,Monza,1,0,5.218122e-07,0.0
2023,14,45.0,Monza,1,0,3.3466935e-05,0.0
2023,14,46.0,Monza,1,0,1.9204583e-06,0.0
2023,14,47.0,Monza,1,0,6.248336e-05,0.0
2023,14,48.0,Monza,1,0,5.5305456e-05,0.0
2023,14,49.0,Monza,1,0,1.7325809e-07,0.0
2023,14,50.0,Monza,1,0,4.9734567e-06,0.0
2023,14,51.0,Monza,1,0,1.7014378e-05,0.0
2023,15,1.0,Marina Bay,12,0,0.032279562,0.0
2023,15,2.0,Marina Bay,12,0,0.046013355,0.0
2023,15,3.0,Marina Bay,1,0,4.9226683e-06,0.0
2023,15,4.0,Marina Bay,1,0,8.796486e-08,0.0
2023,15,5.0,Marina Bay,1,0,5.3263784e-06,0.0
2023,15,6.0,Marina Bay,1,0,1.3016969e-05,0.0
2023,15,7.0,Marina Bay,1,0,2.5547906e-06,0.0
2023,15,8.0,Marina Bay,1,0,2.9909647e-06,0.0
2023,15,9.0,Marina Bay,1,0,0.0042984695,0.0
2023,15,10.0,Marina Bay,1,0,0.0011632406,0.0
2023,15,11.0,Marina Bay,1,0,0.0008269086,0.0
2023,15,12.0,Marina Bay,1,0,0.0016869338,0.0
2023,15,13.0,Marina Bay,1,0,0.004310939,0.0
2023,15,14.0,Marina Bay,1,0,0.028886948,0.0
2023,15,15.0,Marina Bay,1,0,0.015876452,0.0
2023,15,16.0,Marina Bay,1,1,0.99969196,0.0
2023,15,17.0,Marina Bay,1,1,0.9997603,0.0
2023,15,18.0,Marina Bay,1,1,0.99957937,0.0
2023,15,19.0,Marina Bay,12,0,0.012377435,0.0
2023,15,20.0,Marina Bay,14,0,0.0033487328,0.0
2023,15,21.0,Marina Bay,4,0,0.00085403665,0.0
2023,15,22.0,Marina Bay,41,0,2.2452903e-05,1.0
2023,15,23.0,Marina Bay,1,0,1.2042236e-07,1.0
2023,15,24.0,Marina Bay,1,0,8.0923404e-05,1.0
2023,15,25.0,Marina Bay,1,0,8.461612e-08,1.0
2023,15,26.0,Marina Bay,1,0,1.0256625e-05,1.0
2023,15,27.0,Marina Bay,1,0,5.9032427e-06,1.0
2023,15,28.0,Marina Bay,1,0,0.00029157766,1.0
2023,15,29.0,Marina Bay,1,0,0.0005346314,1.0
2023,15,30.0,Marina Bay,1,0,1.4042718e-06,1.0
2023,15,31.0,Marina Bay,1,0,0.00020651244,1.0
2023,15,32.0,Marina Bay,1,0,3.7961595e-06,1.0
2023,15,33.0,Marina Bay,1,0,4.2893043e-06,1.0
2023,15,34.0,Marina Bay,1,0,3.0827825e-05,1.0
2023,15,35.0,Marina Bay,1,0,0.00022438556,1.0
2023,15,36.0,Marina Bay,1,0,0.00034602097,1.0
2023,15,37.0,Marina Bay,1,0,2.2258917e-05,1.0
2023,15,38.0,Marina Bay,1,0,0.00015930226,1.0
2023,15,39.0,Marina Bay,1,0,0.0011565986,1.0
2023,15,40.0,Marina Bay,1,0,0.0007306899,1.0
2023,15,41.0,Marina Bay,1,0,6.858985e-05,1.0
2023,15,42.0,Marina Bay,1,0,4.3056693e-06,1.0
2023,15,43.0,Marina Bay,12,0,1.2806353e-05,1.0
2023,15,44.0,Marina Bay,26,0,8.2320275e-06,1.0
2023,15,45.0,Marina Bay,671,0,5.2334944e-06,1.0
2023,15,46.0,Marina Bay,1,0,3.285368e-05,1.0
2023,15,47.0,Marina Bay,12,0,5.672639e-08,1.0
2023,15,48.0,Marina Bay,1,0,2.4923365e-06,1.0
2023,15,49.0,Marina Bay,1,0,3.848053e-06,1.0
2023,15,50.0,Marina Bay,1,0,2.9297297e-07,1.0
2023,15,51.0,Marina Bay,1,0,8.653026e-06,1.0
2023,15,52.0,Marina Bay,1,0,4.3999466e-05,1.0
2023,15,53.0,Marina Bay,12,0,0.00029567254,1.0
2023,15,54.0,Marina Bay,1,0,9.0667595e-07,1.0
2023,15,55.0,Marina Bay,1,0,1.9238227e-05,1.0
2023,15,56.0,Marina Bay,1,0,7.0246824e-07,1.0
2023,15,57.0,Marina Bay,1,0,2.2801531e-07,1.0
2023,15,58.0,Marina Bay,1,0,8.99055e-07,1.0
2023,15,59.0,Marina Bay,12,0,8.138071e-07,1.0
2023,15,60.0,Marina Bay,1,0,2.7604145e-07,1.0
2023,15,61.0,Marina Bay,1,0,1.5360522e-06,1.0
2023,15,62.0,Marina Bay,12,0,0.00012147909,1.0
2023,16,1.0,Suzuka,124,0,0.00013113968,0.0
2023,16,2.0,Suzuka,4,0,0.00013445412,0.0
2023,16,3.0,Suzuka,4,0,1.8049892e-05,1.0
2023,16,4.0,Suzuka,41,0,3.9812703e-06,1.0
2023,16,5.0,Suzuka,1,0,3.9793536e-06,1.0
2023,16,6.0,Suzuka,1,0,4.339108e-06,1.0
2023,16,7.0,Suzuka,1,0,0.0015210668,1.0
2023,16,8.0,Suzuka,1,0,3.1459262e-08,1.0
2023,16,9.0,Suzuka,1,0,3.1366178e-06,1.0
2023,16,10.0,Suzuka,1,0,0.00013824605,1.0
2023,16,11.0,Suzuka,1,0,1.687074e-05,1.0
2023,16,12.0,Suzuka,12,0,4.7181748e-05,1.0
2023,16,13.0,Suzuka,1,0,6.347331e-07,1.0
2023,16,14.0,Suzuka,167,0,0.000101814236,1.0
2023,16,15.0,Suzuka,1,0,1.340727e-07,1.0
2023,16,16.0,Suzuka,1,0,2.5810781e-05,1.0
2023,16,17.0,Suzuka,1,0,0.00023381926,1.0
2023,16,18.0,Suzuka,1,0,1.1383121e-05,1.0
2023,16,19.0,Suzuka,1,0,3.1271645e-06,1.0
2023,16,20.0,Suzuka,1,0,2.8950085e-06,1.0
2023,16,21.0,Suzuka,1,0,1.4594858e-05,1.0
2023,16,22.0,Suzuka,1,0,1.2073353e-07,1.0
2023,16,23.0,Suzuka,1,0,0.00020195683,1.0
2023,16,24.0,Suzuka,1,0,0.00085706444,1.0
2023,16,25.0,Suzuka,1,0,4.7579313e-05,1.0
2023,16,26.0,Suzuka,1,0,1.59439e-05,1.0
2023,16,27.0,Suzuka,1,0,4.8379084e-06,1.0
2023,16,28.0,Suzuka,1,0,2.921058e-06,1.0
2023,16,29.0,Suzuka,1,0,3.5497123e-07,1.0
2023,16,30.0,Suzuka,1,0,3.2033236e-06,1.0
2023,16,31.0,Suzuka,1,0,7.1929276e-07,1.0
2023,16,32.0,Suzuka,1,0,3.578785e-07,1.0
2023,16,33.0,Suzuka,1,0,2.3241903e-06,1.0
2023,16,34.0,Suzuka,1,0,1.892043e-07,1.0
2023,16,35.0,Suzuka,1,0,2.3497183e-08,1.0
2023,16,36.0,Suzuka,1,0,1.4521271e-08,1.0
2023,16,37.0,Suzuka,1,0,8.138275e-08,1.0
2023,16,38.0,Suzuka,1,0,1.1642864e-07,1.0
2023,16,39.0,Suzuka,1,0,8.465454e-08,1.0
2023,16,40.0,Suzuka,1,0,1.6679445e-07,1.0
2023,16,41.0,Suzuka,1,0,1.118465e-06,1.0
2023,16,42.0,Suzuka,1,0,2.277696e-05,1.0
2023,16,43.0,Suzuka,1,0,4.3201103e-06,1.0
2023,16,44.0,Suzuka,1,0,3.878274e-05,1.0
2023,16,45.0,Suzuka,1,0,8.894505e-07,1.0
2023,16,46.0,Suzuka,1,0,6.789034e-06,1.0
2023,16,47.0,Suzuka,1,0,1.1888728e-06,1.0
2023,16,48.0,Suzuka,1,0,4.5004062e-06,1.0
2023,16,49.0,Suzuka,1,0,5.715245e-06,1.0
2023,16,50.0,Suzuka,1,0,3.0999836e-06,1.0
2023,16,51.0,Suzuka,1,0,2.726624e-07,1.0
2023,16,52.0,Suzuka,1,0,2.6005498e-06,1.0
2023,16,53.0,Suzuka,1,0,2.425662e-05,1.0
2023,17,1.0,Lusail,124,0,0.0064007333,0.0
2023,17,2.0,Lusail,4,0,0.03318567,0.0
2023,17,3.0,Lusail,4,0,0.0006376855,1.0
2023,17,4.0,Lusail,41,0,0.00027767467,1.0
2023,17,5.0,Lusail,1,0,2.7879073e-06,1.0
2023,17,6.0,Lusail,1,0,6.6866173e-06,1.0
2023,17,7.0,Lusail,1,0,2.8170791e-06,1.0
2023,17,8.0,Lusail,1,0,3.891111e-06,1.0
2023,17,9.0,Lusail,1,0,0.00010037948,1.0
2023,17,10.0,Lusail,1,0,6.6505013e-06,1.0
2023,17,11.0,Lusail,1,0,1.3446686e-05,1.0
2023,17,12.0,Lusail,1,0,2.3033076e-06,1.0
2023,17,13.0,Lusail,1,0,2.1650446e-07,1.0
2023,17,14.0,Lusail,1,0,3.9741462e-06,1.0
2023,17,15.0,Lusail,1,0,1.0798035e-06,1.0
2023,17,16.0,Lusail,1,0,0.00021177669,1.0
2023,17,17.0,Lusail,1,0,2.7107328e-05,1.0
2023,17,18.0,Lusail,1,0,5.4470143e-05,1.0
2023,17,19.0,Lusail,1,0,6.4723354e-05,1.0
2023,17,20.0,Lusail,1,0,0.00027478824,1.0
2023,17,21.0,Lusail,1,0,0.00026923287,1.0
2023,17,22.0,Lusail,1,0,7.523617e-08,1.0
2023,17,23.0,Lusail,1,0,1.7571064e-07,1.0
2023,17,24.0,Lusail,1,0,2.308739e-05,1.0
2023,17,25.0,Lusail,1,0,0.00026168162,1.0
2023,17,26.0,Lusail,1,0,1.0864743e-06,1.0
2023,17,27.0,Lusail,1,0,8.181898e-09,1.0
2023,17,28.0,Lusail,1,0,6.693214e-08,1.0
2023,17,29.0,Lusail,1,0,1.000292e-07,1.0
2023,17,30.0,Lusail,1,0,9.182785e-08,1.0
2023,17,31.0,Lusail,1,0,7.345913e-08,1.0
2023,17,32.0,Lusail,1,0,2.0671942e-08,1.0
2023,17,33.0,Lusail,12,0,1.2885697e-06,1.0
2023,17,34.0,Lusail,1,0,2.5068562e-06,1.0
2023,17,35.0,Lusail,1,0,6.527673e-07,1.0
2023,17,36.0,Lusail,1,0,5.0551076e-08,1.0
2023,17,37.0,Lusail,1,0,4.9856467e-06,1.0
2023,17,38.0,Lusail,1,0,5.132926e-05,1.0
2023,17,39.0,Lusail,1,0,5.664526e-06,1.0
2023,17,40.0,Lusail,1,0,0.00014337603,1.0
2023,17,41.0,Lusail,12,0,3.842084e-07,1.0
2023,17,42.0,Lusail,1,0,1.5230788e-05,1.0
2023,17,43.0,Lusail,1,0,1.36881945e-05,1.0
2023,17,44.0,Lusail,1,0,2.151617e-06,1.0
2023,17,45.0,Lusail,1,0,6.0162124e-06,1.0
2023,17,46.0,Lusail,1,0,4.4586814e-06,1.0
2023,17,47.0,Lusail,1,0,7.2001803e-06,1.0
2023,17,48.0,Lusail,1,0,7.128192e-08,1.0
2023,17,49.0,Lusail,1,0,2.6172268e-07,1.0
2023,17,50.0,Lusail,1,0,4.1512635e-06,1.0
2023,17,51.0,Lusail,1,0,6.8179456e-06,1.0
2023,17,52.0,Lusail,1,0,1.2621346e-05,1.0
2023,17,53.0,Lusail,1,0,7.442859e-07,1.0
2023,17,54.0,Lusail,1,0,1.4979032e-06,1.0
2023,17,55.0,Lusail,1,0,0.00068833673,1.0
2023,17,56.0,Lusail,1,0,4.307427e-06,1.0
2023,17,57.0,Lusail,1,0,1.2080903e-05,1.0
2023,18,1.0,Austin,1,0,1.8856356e-07,0.0
2023,18,2.0,Austin,1,0,2.0678732e-07,0.0
2023,18,3.0,Austin,1,0,3.454169e-07,0.0
2023,18,4.0,Austin,1,0,1.477889e-07,0.0
2023,18,5.0,Austin,1,0,8.8868944e-08,0.0
2023,18,6.0,Austin,1,0,6.1364453e-06,0.0
2023,18,7.0,Austin,1,0,8.6061465e-07,0.0
2023,18,8.0,Austin,1,0,2.151061e-06,0.0
2023,18,9.0,Austin,1,0,1.9092886e-05,0.0
2023,18,10.0,Austin,1,0,1.153113e-06,0.0
2023,18,11.0,Austin,1,0,0.00012444185,0.0
2023,18,12.0,Austin,1,0,1.1271952e-06,0.0
2023,18,13.0,Austin,1,0,4.8256793e-06,0.0
2023,18,14.0,Austin,1,0,0.0002888104,0.0
2023,18,15.0,Austin,1,0,0.0009619527,0.0
2023,18,16.0,Austin,1,0,0.0026475426,0.0
2023,18,17.0,Austin,1,0,5.030489e-06,0.0
2023,18,18.0,Austin,1,0,0.0006982091,0.0
2023,18,19.0,Austin,1,0,0.00043420005,0.0
2023,18,20.0,Austin,1,0,5.833378e-07,0.0
2023,18,21.0,Austin,1,0,7.075077e-05,0.0
2023,18,22.0,Austin,1,0,4.9640537e-05,0.0
2023,18,23.0,Austin,1,0,0.00043080485,0.0
2023,18,24.0,Austin,1,0,6.307629e-05,0.0
2023,18,25.0,Austin,1,0,0.0001738265,0.0
2023,18,26.0,Austin,1,0,9.618229e-06,0.0
2023,18,27.0,Austin,1,0,1.0226123e-05,0.0
2023,18,28.0,Austin,1,0,6.037683e-05,0.0
2023,18,29.0,Austin,1,0,0.00025253947,0.0
2023,18,30.0,Austin,1,0,0.00010511477,0.0
2023,18,31.0,Austin,1,0,1.3389959e-05,0.0
2023,18,32.0,Austin,1,0,5.8255782e-06,0.0
2023,18,33.0,Austin,1,0,1.7737044e-05,0.0
2023,18,34.0,Austin,1,0,6.3844236e-05,0.0
2023,18,35.0,Austin,1,0,1.00193e-05,0.0
2023,18,36.0,Austin,1,0,5.655189e-05,0.0
2023,18,37.0,Austin,1,0,0.0008282057,0.0
2023,18,38.0,Austin,1,0,3.406761e-05,0.0
2023,18,39.0,Austin,1,0,4.4269805e-06,0.0
2023,18,40.0,Austin,1,0,1.9368765e-05,0.0
2023,18,41.0,Austin,1,0,0.00010422257,0.0
2023,18,42.0,Austin,1,0,7.798444e-06,0.0
2023,18,43.0,Austin,1,0,1.3443737e-05,0.0
2023,18,44.0,Austin,1,0,0.0011268465,0.0
2023,18,45.0,Austin,1,0,1.3750341e-05,0.0
2023,18,46.0,Austin,1,0,0.00022616035,0.0
2023,18,47.0,Austin,1,0,3.5644043e-05,0.0
2023,18,48.0,Austin,1,0,1.2002926e-06,0.0
2023,18,49.0,Austin,1,0,2.0027022e-05,0.0
2023,18,50.0,Austin,1,0,0.0001402023,0.0
2023,18,51.0,Austin,1,0,0.00020658413,0.0
2023,18,52.0,Austin,1,0,1.0713355e-05,0.0
2023,18,53.0,Austin,1,0,3.6615264e-05,0.0
2023,18,54.0,Austin,1,0,2.2224513e-05,0.0
2023,18,55.0,Austin,1,0,8.502997e-08,0.0
2023,18,56.0,Austin,1,0,8.873984e-05,0.0
2023,19,1.0,Mexico City,12,0,0.00043011524,0.0
2023,19,2.0,Mexico City,1,0,2.4393566e-06,0.0
2023,19,3.0,Mexico City,1,0,1.1602362e-05,0.0
2023,19,4.0,Mexico City,1,0,0.00852269,0.0
2023,19,5.0,Mexico City,167,0,7.217762e-05,0.0
2023,19,6.0,Mexico City,1,0,5.2479786e-06,0.0
2023,19,7.0,Mexico City,1,0,3.2507533e-06,0.0
2023,19,8.0,Mexico City,12,0,0.00015607847,0.0
2023,19,9.0,Mexico City,1,0,0.00020794594,0.0
2023,19,10.0,Mexico City,1,0,2.7720722e-07,0.0
2023,19,11.0,Mexico City,1,0,6.280037e-06,0.0
2023,19,12.0,Mexico City,1,0,0.0003926874,0.0
2023,19,13.0,Mexico City,1,0,0.00041334485,0.0
2023,19,14.0,Mexico City,1,0,5.3404904e-08,0.0
2023,19,15.0,Mexico City,1,0,9.62367e-06,0.0
2023,19,16.0,Mexico City,1,0,5.17888e-06,0.0
2023,19,17.0,Mexico City,1,0,7.891219e-06,0.0
2023,19,18.0,Mexico City,1,0,1.5709377e-07,0.0
2023,19,19.0,Mexico City,1,0,0.0004472647,0.0
2023,19,20.0,Mexico City,1,0,1.7392758e-05,0.0
2023,19,21.0,Mexico City,1,0,7.4942304e-06,0.0
2023,19,22.0,Mexico City,1,0,2.548939e-05,0.0
2023,19,23.0,Mexico City,1,0,5.6815084e-06,0.0
2023,19,24.0,Mexico City,1,0,2.443656e-05,0.0
2023,19,25.0,Mexico City,1,0,1.5129591e-06,0.0
2023,19,26.0,Mexico City,1,0,2.6589123e-05,0.0
2023,19,27.0,Mexico City,1,0,4.875276e-06,0.0
2023,19,28.0,Mexico City,1,0,5.4422003e-06,0.0
2023,19,29.0,Mexico City,1,0,9.928047e-06,0.0
2023,19,30.0,Mexico City,1,0,3.9202627e-05,0.0
2023,19,31.0,Mexico City,1,0,6.761173e-06,0.0
2023,19,32.0,Mexico City,1,0,0.0014012114,0.0
2023,19,33.0,Mexico City,124,0,0.13399082,0.0
2023,19,34.0,Mexico City,45,0,0.008412055,0.0
2023,19,35.0,Mexico City,14,0,0.0066494127,0.0
2023,19,36.0,Mexico City,1,0,1.7510623e-05,0.0
2023,19,37.0,Mexico City,1,0,6.073492e-07,0.0
2023,19,38.0,Mexico City,1,0,8.834416e-07,0.0
2023,19,39.0,Mexico City,1,0,1.468477e-05,0.0
2023,19,40.0,Mexico City,1,0,3.7384252e-06,0.0
2023,19,41.0,Mexico City,1,0,8.054329e-06,0.0
2023,19,42.0,Mexico City,1,0,7.37267e-05,0.0
2023,19,43.0,Mexico City,1,0,0.00056299474,0.0
2023,19,44.0,Mexico City,1,0,2.9063589e-05,0.0
2023,19,45.0,Mexico City,1,0,3.1350268e-05,0.0
2023,19,46.0,Mexico City,1,0,2.6354558e-06,0.0
2023,19,47.0,Mexico City,1,0,1.3949964e-06,0.0
2023,19,48.0,Mexico City,1,0,0.00026427867,0.0
2023,19,49.0,Mexico City,12,0,0.007716858,0.0
2023,19,50.0,Mexico City,1,0,2.3518905e-05,0.0
2023,19,51.0,Mexico City,1,0,5.1881616e-05,0.0
2023,19,52.0,Mexico City,1,0,2.461159e-05,0.0
2023,19,53.0,Mexico City,1,0,2.6479125e-05,0.0
2023,19,54.0,Mexico City,1,0,8.1590486e-05,0.0
2023,19,55.0,Mexico City,1,0,0.00020502644,0.0
2023,19,56.0,Mexico City,1,0,2.014843e-06,0.0
2023,19,57.0,Mexico City,1,0,9.959938e-07,0.0
2023,19,58.0,Mexico City,1,0,2.4933825e-06,0.0
2023,19,59.0,Mexico City,1,0,9.4926945e-06,0.0
2023,19,60.0,Mexico City,1,0,3.1370694e-06,0.0
2023,19,61.0,Mexico City,1,0,3.5397036e-06,0.0
2023,19,62.0,Mexico City,1,0,7.531426e-07,0.0
2023,19,63.0,Mexico City,1,0,5.023433e-07,0.0
2023,19,64.0,Mexico City,1,0,7.2976417e-07,0.0
2023,19,65.0,Mexico City,1,0,2.9426693e-07,0.0
2023,19,66.0,Mexico City,1,0,2.9920205e-08,0.0
2023,19,67.0,Mexico City,12,0,0.001701746,0.0
2023,19,68.0,Mexico City,1,0,6.4641014e-08,0.0
2023,19,69.0,Mexico City,1,0,3.753085e-08,0.0
2023,19,70.0,Mexico City,1,0,6.1116863e-09,0.0
2023,19,71.0,Mexico City,1,0,4.842337e-09,0.0
2023,20,1.0,São Paulo,124,0,0.010763781,0.0
2023,20,2.0,São Paulo,45,0,7.4334525e-07,0.0
2023,20,3.0,São Paulo,1,0,0.07711079,0.0
2023,20,4.0,São Paulo,1,0,5.1469055e-05,0.0
2023,20,5.0,São Paulo,1,0,6.148673e-05,0.0
2023,20,6.0,São Paulo,1,0,0.0001358094,0.0
2023,20,7.0,São Paulo,1,0,0.00015951719,0.0
2023,20,8.0,São Paulo,1,0,1.49429125e-05,0.0
2023,20,9.0,São Paulo,1,0,3.1676134e-06,0.0
2023,20,10.0,São Paulo,1,0,9.719673e-07,0.0
2023,20,11.0,São Paulo,1,0,6.4377855e-06,0.0
2023,20,12.0,São Paulo,1,0,1.5707948e-05,0.0
2023,20,13.0,São Paulo,1,0,4.916321e-06,0.0
2023,20,14.0,São Paulo,1,0,8.945674e-07,0.0
2023,20,15.0,São Paulo,1,0,9.515896e-08,0.0
2023,20,16.0,São Paulo,1,0,1.2763643e-05,0.0
2023,20,17.0,São Paulo,1,0,1.7828796e-06,0.0
2023,20,18.0,São Paulo,1,0,2.746353e-06,0.0
2023,20,19.0,São Paulo,1,0,3.9447247e-07,0.0
2023,20,20.0,São Paulo,1,0,1.4912754e-06,0.0
2023,20,21.0,São Paulo,1,0,8.0205183e-07,0.0
2023,20,22.0,São Paulo,1,0,5.0185776e-05,0.0
2023,20,23.0,São Paulo,1,0,2.3380129e-07,0.0
2023,20,24.0,São Paulo,1,0,2.1019115e-08,0.0
2023,20,25.0,São Paulo,1,0,3.0868675e-06,0.0
2023,20,26.0,São Paulo,1,0,2.041294e-05,0.0
2023,20,27.0,São Paulo,1,0,6.0898714e-08,0.0
2023,20,28.0,São Paulo,1,0,1.9617303e-06,0.0
2023,20,29.0,São Paulo,1,0,2.67607e-06,0.0
2023,20,30.0,São Paulo,1,0,1.8431266e-06,0.0
2023,20,31.0,São Paulo,1,0,6.5847052e-09,0.0
2023,20,32.0,São Paulo,1,0,3.7568065e-05,0.0
2023,20,33.0,São Paulo,1,0,1.2082514e-06,0.0
2023,20,34.0,São Paulo,1,0,4.0453856e-06,0.0
2023,20,35.0,São Paulo,1,0,0.00012518474,0.0
2023,20,36.0,São Paulo,1,0,5.190156e-05,0.0
2023,20,37.0,São Paulo,1,0,7.607948e-05,0.0
2023,20,38.0,São Paulo,1,0,3.638278e-07,0.0
2023,20,39.0,São Paulo,1,0,4.5177144e-06,0.0
2023,20,40.0,São Paulo,1,0,3.07343e-07,0.0
2023,20,41.0,São Paulo,1,0,2.5206814e-06,0.0
2023,20,42.0,São Paulo,1,0,3.2365566e-07,0.0
2023,20,43.0,São Paulo,1,0,6.2671637e-07,0.0
2023,20,44.0,São Paulo,1,0,4.0868614e-05,0.0
2023,20,45.0,São Paulo,1,0,2.8974064e-05,0.0
2023,20,46.0,São Paulo,1,0,0.00023756053,0.0
2023,20,47.0,São Paulo,1,0,6.7581415e-05,0.0
2023,20,48.0,São Paulo,1,0,5.221018e-05,0.0
2023,20,49.0,São Paulo,1,0,6.2626686e-06,0.0
2023,20,50.0,São Paulo,1,0,0.00014334897,0.0
2023,20,51.0,São Paulo,1,0,8.520399e-07,0.0
2023,20,52.0,São Paulo,1,0,5.5906457e-05,0.0
2023,20,53.0,São Paulo,1,0,0.0025226083,0.0
2023,20,54.0,São Paulo,1,0,0.004692055,0.0
2023,20,55.0,São Paulo,1,0,2.5583171e-05,0.0
2023,20,56.0,São Paulo,1,0,0.00013369777,0.0
2023,20,57.0,São Paulo,1,0,0.0001318652,0.0
2023,20,58.0,São Paulo,1,0,0.003670285,0.0
2023,20,59.0,São Paulo,1,0,2.3628045e-06,0.0
2023,20,60.0,São Paulo,1,0,3.5070178e-05,0.0
2023,20,61.0,São Paulo,1,0,1.3310134e-05,0.0
2023,20,62.0,São Paulo,1,0,4.5313104e-06,0.0
2023,20,63.0,São Paulo,1,0,4.0108858e-07,0.0
2023,20,64.0,São Paulo,1,0,9.614299e-07,0.0
2023,20,65.0,São Paulo,1,0,3.2172695e-05,0.0
2023,20,66.0,São Paulo,1,0,7.3442374e-07,0.0
2023,20,67.0,São Paulo,1,0,0.0011256755,0.0
2023,20,68.0,São Paulo,1,0,4.303475e-08,0.0
2023,20,69.0,São Paulo,1,0,3.530495e-08,0.0
2023,20,70.0,São Paulo,1,0,0.00010446077,0.0
2023,20,71.0,São Paulo,1,0,6.559927e-06,0.0
2023,21,1.0,Las Vegas,126,0,0.28865546,0.0
2023,21,2.0,Las Vegas,671,0,0.0006355234,0.0
2023,21,3.0,Las Vegas,124,0,0.0038155303,0.0
2023,21,4.0,Las Vegas,4,0,0.0019198597,0.0
2023,21,5.0,Las Vegas,4,0,5.5766417e-05,1.0
2023,21,6.0,Las Vegas,41,0,0.00015680703,1.0
2023,21,7.0,Las Vegas,1,0,2.9694337e-07,1.0
2023,21,8.0,Las Vegas,1,0,4.3529322e-08,1.0
2023,21,9.0,Las Vegas,1,0,2.2962944e-08,1.0
2023,21,10.0,Las Vegas,1,0,2.2864733e-06,1.0
2023,21,11.0,Las Vegas,1,0,0.0006280659,1.0
2023,21,12.0,Las Vegas,1,0,1.5237121e-05,1.0
2023,21,13.0,Las Vegas,1,0,0.0006314625,1.0
2023,21,14.0,Las Vegas,12,0,0.00011444114,1.0
2023,21,15.0,Las Vegas,1,0,0.00043262303,1.0
2023,21,16.0,Las Vegas,1,0,9.862391e-05,1.0
2023,21,17.0,Las Vegas,1,0,7.502726e-06,1.0
2023,21,18.0,Las Vegas,1,0,0.0060471413,1.0
2023,21,19.0,Las Vegas,1,0,0.00041260317,1.0
2023,21,20.0,Las Vegas,12,0,7.517534e-05,1.0
2023,21,21.0,Las Vegas,1,0,0.0006409782,1.0
2023,21,22.0,Las Vegas,1,0,0.009677238,1.0
2023,21,23.0,Las Vegas,1,1,0.009360603,1.0
2023,21,24.0,Las Vegas,1,1,0.9995995,1.0
2023,21,25.0,Las Vegas,1,1,0.9995455,1.0
2023,21,26.0,Las Vegas,14,0,0.00010178861,1.0
2023,21,27.0,Las Vegas,4,0,3.332378e-05,1.0
2023,21,28.0,Las Vegas,41,0,3.0151392e-05,1.0
2023,21,29.0,Las Vegas,1,0,8.546856e-07,1.0
2023,21,30.0,Las Vegas,1,0,2.281629e-06,1.0
2023,21,31.0,Las Vegas,1,0,6.2032454e-06,1.0
2023,21,32.0,Las Vegas,1,0,5.233421e-07,1.0
2023,21,33.0,Las Vegas,1,0,1.3382696e-06,1.0
2023,21,34.0,Las Vegas,1,0,1.84548e-06,1.0
2023,21,35.0,Las Vegas,1,0,6.580638e-05,1.0
2023,21,36.0,Las Vegas,1,0,3.8938353e-05,1.0
2023,21,37.0,Las Vegas,1,0,1.5842027e-06,1.0
2023,21,38.0,Las Vegas,1,0,9.078007e-06,1.0
2023,21,39.0,Las Vegas,1,0,3.3790158e-07,1.0
2023,21,40.0,Las Vegas,12,0,0.00017822457,1.0
2023,21,41.0,Las Vegas,1,0,3.7379465e-08,1.0
2023,21,42.0,Las Vegas,1,0,4.3246982e-06,1.0
2023,21,43.0,Las Vegas,1,0,3.5231806e-06,1.0
2023,21,44.0,Las Vegas,1,0,4.8913332e-08,1.0
2023,21,45.0,Las Vegas,1,0,3.8816784e-06,1.0
2023,21,46.0,Las Vegas,1,0,0.00024160916,1.0
2023,21,47.0,Las Vegas,12,0,2.147366e-05,1.0
2023,21,48.0,Las Vegas,12,0,0.010219737,1.0
2023,21,49.0,Las Vegas,1,0,0.00018673339,1.0
2023,21,50.0,Las Vegas,1,0,0.0011099349,1.0
2023,22,1.0,Yas Island,1,0,1.877868e-05,0.0
2023,22,2.0,Yas Island,1,0,1.0769325e-05,0.0
2023,22,3.0,Yas Island,1,0,6.032095e-05,0.0
2023,22,4.0,Yas Island,1,0,5.55004e-06,0.0
2023,22,5.0,Yas Island,1,0,5.0265085e-06,0.0
2023,22,6.0,Yas Island,1,0,7.685313e-06,0.0
2023,22,7.0,Yas Island,1,0,3.673803e-05,0.0
2023,22,8.0,Yas Island,1,0,2.0283796e-05,0.0
2023,22,9.0,Yas Island,1,0,4.6646965e-06,0.0
2023,22,10.0,Yas Island,1,0,2.6792191e-05,0.0
2023,22,11.0,Yas Island,1,0,0.00049734145,0.0
2023,22,12.0,Yas Island,1,0,4.51083e-05,0.0
2023,22,13.0,Yas Island,1,0,0.0006112759,0.0
2023,22,14.0,Yas Island,1,0,0.0007018844,0.0
2023,22,15.0,Yas Island,1,0,8.60688e-06,0.0
2023,22,16.0,Yas Island,1,0,7.044184e-05,0.0
2023,22,17.0,Yas Island,1,0,2.153847e-05,0.0
2023,22,18.0,Yas Island,1,0,0.0012429578,0.0
2023,22,19.0,Yas Island,1,0,2.0483278e-05,0.0
2023,22,20.0,Yas Island,1,0,7.901136e-07,0.0
2023,22,21.0,Yas Island,1,0,5.2328905e-06,0.0
2023,22,22.0,Yas Island,1,0,1.0836204e-06,0.0
2023,22,23.0,Yas Island,1,0,3.2481592e-05,0.0
2023,22,24.0,Yas Island,1,0,8.157866e-05,0.0
2023,22,25.0,Yas Island,1,0,8.790747e-07,0.0
2023,22,26.0,Yas Island,1,0,1.9734936e-05,0.0
2023,22,27.0,Yas Island,1,0,3.0616507e-06,0.0
2023,22,28.0,Yas Island,1,0,1.9639954e-06,0.0
2023,22,29.0,Yas Island,1,0,7.623796e-08,0.0
2023,22,30.0,Yas Island,1,0,5.875867e-07,0.0
2023,22,31.0,Yas Island,1,0,1.0282756e-06,0.0
2023,22,32.0,Yas Island,1,0,4.882125e-06,0.0
2023,22,33.0,Yas Island,1,0,5.678994e-07,0.0
2023,22,34.0,Yas Island,1,0,6.0084844e-08,0.0
2023,22,35.0,Yas Island,1,0,5.9567645e-07,0.0
2023,22,36.0,Yas Island,1,0,1.6781928e-07,0.0
2023,22,37.0,Yas Island,1,0,7.795857e-06,0.0
2023,22,38.0,Yas Island,1,0,6.6070593e-06,0.0
2023,22,39.0,Yas Island,1,0,1.294476e-05,0.0
2023,22,40.0,Yas Island,1,0,1.7896265e-05,0.0
2023,22,41.0,Yas Island,1,0,1.377275e-06,0.0
2023,22,42.0,Yas Island,1,0,3.3303538e-06,0.0
2023,22,43.0,Yas Island,1,0,0.00012425297,0.0
2023,22,44.0,Yas Island,1,0,5.8286096e-05,0.0
2023,22,45.0,Yas Island,1,0,0.00029605025,0.0
2023,22,46.0,Yas Island,1,0,0.00015834274,0.0
2023,22,47.0,Yas Island,1,0,8.870473e-05,0.0
2023,22,48.0,Yas Island,1,0,0.00018717638,0.0
2023,22,49.0,Yas Island,1,0,4.5667253e-05,0.0
2023,22,50.0,Yas Island,1,0,6.938163e-05,0.0
2023,22,51.0,Yas Island,1,0,4.3864646e-05,0.0
2023,22,52.0,Yas Island,1,0,0.001214376,0.0
2023,22,53.0,Yas Island,1,0,1.2216932e-05,0.0
2023,22,54.0,Yas Island,1,0,2.6234888e-05,0.0
2023,22,55.0,Yas Island,1,0,3.3738618e-06,0.0
2023,22,56.0,Yas Island,1,0,8.7710094e-07,0.0
2023,22,57.0,Yas Island,1,0,2.0858784e-06,0.0
2023,22,58.0,Yas Island,1,0,7.962992e-06,0.0
2024,1,1.0,Sakhir,12,0,0.3004106,0.0
2024,1,2.0,Sakhir,1,0,5.6807053e-08,0.0
2024,1,3.0,Sakhir,1,0,1.029557e-05,0.0
2024,1,4.0,Sakhir,1,0,0.0014449705,0.0
2024,1,5.0,Sakhir,1,0,1.1711495e-05,0.0
2024,1,6.0,Sakhir,1,0,0.0003166062,0.0
2024,1,7.0,Sakhir,1,0,1.6986347e-05,0.0
2024,1,8.0,Sakhir,1,0,0.00015155105,0.0
2024,1,9.0,Sakhir,1,0,0.0022988894,0.0
2024,1,10.0,Sakhir,12,0,0.041340325,0.0
2024,1,11.0,Sakhir,21,0,0.0004197353,0.0
2024,1,12.0,Sakhir,1,0,0.00016847017,0.0
2024,1,13.0,Sakhir,1,0,6.5313114e-05,0.0
2024,1,14.0,Sakhir,1,0,0.002821974,0.0
2024,1,15.0,Sakhir,1,0,0.0023978509,0.0
2024,1,16.0,Sakhir,1,0,0.0003753908,0.0
2024,1,17.0,Sakhir,1,0,0.00022944743,0.0
2024,1,18.0,Sakhir,1,0,0.2516222,0.0
2024,1,19.0,Sakhir,1,0,0.00031056668,0.0
2024,1,20.0,Sakhir,1,0,4.5819845e-05,0.0
2024,1,21.0,Sakhir,1,0,4.48198e-06,0.0
2024,1,22.0,Sakhir,1,0,2.916963e-05,0.0
2024,1,23.0,Sakhir,1,0,0.00015436912,0.0
2024,1,24.0,Sakhir,1,0,4.842076e-05,0.0
2024,1,25.0,Sakhir,1,0,0.00016337745,0.0
2024,1,26.0,Sakhir,1,0,1.4757266e-05,0.0
2024,1,27.0,Sakhir,1,0,4.182375e-08,0.0
2024,1,28.0,Sakhir,1,0,3.1684613e-05,0.0
2024,1,29.0,Sakhir,1,0,4.6098635e-06,0.0
2024,1,30.0,Sakhir,1,0,3.22177e-06,0.0
2024,1,31.0,Sakhir,1,0,1.9232111e-06,0.0
2024,1,32.0,Sakhir,1,0,3.4261905e-07,0.0
2024,1,33.0,Sakhir,1,0,2.9376097e-05,0.0
2024,1,34.0,Sakhir,1,0,1.7130757e-05,0.0
2024,1,35.0,Sakhir,1,0,1.7866474e-05,0.0
2024,1,36.0,Sakhir,1,0,2.2672159e-05,0.0
2024,1,37.0,Sakhir,1,0,0.00012191611,0.0
2024,1,38.0,Sakhir,1,0,1.6682432e-05,0.0
2024,1,39.0,Sakhir,1,0,1.1014127e-05,0.0
2024,1,40.0,Sakhir,1,0,2.0167701e-05,0.0
2024,1,41.0,Sakhir,1,0,0.00014199724,0.0
2024,1,42.0,Sakhir,1,0,0.0026358513,0.0
2024,1,43.0,Sakhir,1,0,0.0018079515,0.0
2024,1,44.0,Sakhir,1,0,0.0045412593,0.0
2024,1,45.0,Sakhir,1,0,6.485326e-06,0.0
2024,1,46.0,Sakhir,1,0,0.0001724778,0.0
2024,1,47.0,Sakhir,1,0,0.00012234795,0.0
2024,1,48.0,Sakhir,1,0,7.7007484e-05,0.0
2024,1,49.0,Sakhir,1,0,3.73437e-06,0.0
2024,1,50.0,Sakhir,1,0,5.2138334e-05,0.0
2024,1,51.0,Sakhir,1,0,1.0515407e-06,0.0
2024,1,52.0,Sakhir,1,0,1.0859352e-07,0.0
2024,1,53.0,Sakhir,1,0,9.6847764e-08,0.0
2024,1,54.0,Sakhir,1,0,2.164927e-07,0.0
2024,1,55.0,Sakhir,1,0,2.5176922e-07,0.0
2024,1,56.0,Sakhir,1,0,1.7672448e-06,0.0
2024,1,57.0,Sakhir,1,0,0.0001274308,0.0
2024,2,1.0,Jeddah,1,0,6.211402e-05,0.0
2024,2,2.0,Jeddah,1,0,8.7448774e-05,0.0
2024,2,3.0,Jeddah,1,0,0.0016149975,0.0
2024,2,4.0,Jeddah,1,1,0.99960274,0.0
2024,2,5.0,Jeddah,1,1,0.99983954,0.0
2024,2,6.0,Jeddah,1,1,0.99986696,0.0
2024,2,7.0,Jeddah,124,0,0.8876031,0.0
2024,2,8.0,Jeddah,4,0,0.87578803,0.0
2024,2,9.0,Jeddah,41,0,0.106117405,1.0
2024,2,10.0,Jeddah,1,0,0.00013036591,1.0
2024,2,11.0,Jeddah,1,0,0.00080482144,1.0
2024,2,12.0,Jeddah,1,0,0.00091480673,1.0
2024,2,13.0,Jeddah,1,0,6.966399e-05,1.0
2024,2,14.0,Jeddah,1,0,0.00027680583,1.0
2024,2,15.0,Jeddah,1,0,0.0004650244,1.0
2024,2,16.0,Jeddah,1,0,0.00280008,1.0
2024,2,17.0,Jeddah,1,0,0.00016014845,1.0
2024,2,18.0,Jeddah,1,0,0.001230346,1.0
2024,2,19.0,Jeddah,1,0,0.0007047061,1.0
2024,2,20.0,Jeddah,1,0,2.632112e-05,1.0
2024,2,21.0,Jeddah,1,0,1.1493599e-05,1.0
2024,2,22.0,Jeddah,1,0,8.449832e-06,1.0
2024,2,23.0,Jeddah,1,0,5.7882415e-05,1.0
2024,2,24.0,Jeddah,1,0,4.747327e-06,1.0
2024,2,25.0,Jeddah,1,0,1.2652535e-05,1.0
2024,2,26.0,Jeddah,1,0,5.2866657e-05,1.0
2024,2,27.0,Jeddah,1,0,0.0010510425,1.0
2024,2,28.0,Jeddah,1,0,5.131428e-06,1.0
2024,2,29.0,Jeddah,1,0,3.2993328e-06,1.0
2024,2,30.0,Jeddah,1,0,0.00011757136,1.0
2024,2,31.0,Jeddah,1,0,6.072253e-07,1.0
2024,2,32.0,Jeddah,1,0,7.765774e-06,1.0
2024,2,33.0,Jeddah,1,0,5.8328993e-07,1.0
2024,2,34.0,Jeddah,1,0,6.97868e-05,1.0
2024,2,35.0,Jeddah,1,0,1.0684438e-05,1.0
2024,2,36.0,Jeddah,1,0,1.7650905e-06,1.0
2024,2,37.0,Jeddah,1,0,5.6245412e-06,1.0
2024,2,38.0,Jeddah,1,0,7.0881943e-06,1.0
2024,2,39.0,Jeddah,1,0,5.2837714e-07,1.0
2024,2,40.0,Jeddah,1,0,1.2630537e-06,1.0
2024,2,41.0,Jeddah,1,0,1.7926672e-05,1.0
2024,2,42.0,Jeddah,1,0,4.130529e-05,1.0
2024,2,43.0,Jeddah,1,0,1.1482905e-07,1.0
2024,2,44.0,Jeddah,1,0,5.0036334e-07,1.0
2024,2,45.0,Jeddah,1,0,4.2168022e-08,1.0
2024,2,46.0,Jeddah,1,0,2.3200195e-07,1.0
2024,2,47.0,Jeddah,1,0,1.620908e-06,1.0
2024,2,48.0,Jeddah,1,0,6.8994973e-06,1.0
2024,2,49.0,Jeddah,1,0,6.4496524e-09,1.0
2024,2,50.0,Jeddah,1,0,0.00046118823,1.0
2024,3,1.0,Melbourne,1,0,4.0390725e-05,0.0
2024,3,2.0,Melbourne,1,0,6.957179e-06,0.0
2024,3,3.0,Melbourne,1,0,0.00069811195,0.0
2024,3,4.0,Melbourne,1,0,0.00010521885,0.0
2024,3,5.0,Melbourne,1,0,4.570697e-06,0.0
2024,3,6.0,Melbourne,1,0,3.8742815e-05,0.0
2024,3,7.0,Melbourne,1,0,0.0019084957,0.0
2024,3,8.0,Melbourne,1,0,0.0007590526,0.0
2024,3,9.0,Melbourne,1,0,0.00015158212,0.0
2024,3,10.0,Melbourne,1,0,3.6715966e-05,0.0
2024,3,11.0,Melbourne,1,0,1.0356526e-05,0.0
2024,3,12.0,Melbourne,1,0,7.559924e-08,0.0
2024,3,13.0,Melbourne,1,0,6.066603e-08,0.0
2024,3,14.0,Melbourne,1,0,9.234879e-07,0.0
2024,3,15.0,Melbourne,1,0,2.2373177e-05,0.0
2024,3,16.0,Melbourne,1,0,7.488761e-07,0.0
2024,3,17.0,Melbourne,126,0,0.0023729855,0.0
2024,3,18.0,Melbourne,671,0,1.6948102e-06,0.0
2024,3,19.0,Melbourne,1,0,6.857658e-07,0.0
2024,3,20.0,Melbourne,1,0,3.5909866e-07,0.0
2024,3,21.0,Melbourne,1,0,2.1504462e-05,0.0
2024,3,22.0,Melbourne,1,0,1.6315798e-06,0.0
2024,3,23.0,Melbourne,1,0,2.9810646e-05,0.0
2024,3,24.0,Melbourne,1,0,0.00021828513,0.0
2024,3,25.0,Melbourne,1,0,2.957872e-05,0.0
2024,3,26.0,Melbourne,1,0,5.6165118e-06,0.0
2024,3,27.0,Melbourne,1,0,6.128959e-06,0.0
2024,3,28.0,Melbourne,1,0,7.820496e-06,0.0
2024,3,29.0,Melbourne,1,0,4.5282293e-05,0.0
2024,3,30.0,Melbourne,1,0,0.00013389284,0.0
2024,3,31.0,Melbourne,1,0,8.4910744e-07,0.0
2024,3,32.0,Melbourne,1,0,4.656824e-07,0.0
2024,3,33.0,Melbourne,1,0,5.0780225e-05,0.0
2024,3,34.0,Melbourne,1,0,1.1610553e-05,0.0
2024,3,35.0,Melbourne,1,0,0.00018499912,0.0
2024,3,36.0,Melbourne,1,0,0.0001724237,0.0
2024,3,37.0,Melbourne,1,0,0.00012072848,0.0
2024,3,38.0,Melbourne,1,0,0.00019573722,0.0
2024,3,39.0,Melbourne,1,0,2.3888491e-05,0.0
2024,3,40.0,Melbourne,1,0,9.22929e-05,0.0
2024,3,41.0,Melbourne,1,0,0.0004314431,0.0
2024,3,42.0,Melbourne,1,0,1.9726115e-06,0.0
2024,3,43.0,Melbourne,1,0,5.8090127e-06,0.0
2024,3,44.0,Melbourne,1,0,4.9672376e-06,0.0
2024,3,45.0,Melbourne,1,0,2.190696e-06,0.0
2024,3,46.0,Melbourne,1,0,1.4544685e-05,0.0
2024,3,47.0,Melbourne,1,0,2.0844562e-05,0.0
2024,3,48.0,Melbourne,1,0,9.898637e-05,0.0
2024,3,49.0,Melbourne,1,0,2.452777e-06,0.0
2024,3,50.0,Melbourne,1,0,6.7586143e-06,0.0
2024,3,51.0,Melbourne,1,0,1.3732937e-05,0.0
2024,3,52.0,Melbourne,1,0,3.6216697e-05,0.0
2024,3,53.0,Melbourne,1,0,6.601732e-05,0.0
2024,3,54.0,Melbourne,1,0,4.3616164e-05,0.0
2024,3,55.0,Melbourne,1,0,1.0503701e-06,0.0
2024,3,56.0,Melbourne,1,0,2.1263806e-05,0.0
2024,3,57.0,Melbourne,1,0,0.0049612257,0.0
2024,3,58.0,Melbourne,126,0,0.0020520927,0.0
2024,4,1.0,Suzuka,125,0,0.00023409765,0.0
2024,4,2.0,Suzuka,1,0,0.0013569735,0.0
2024,4,3.0,Suzuka,1,0,4.4580484e-06,0.0
2024,4,4.0,Suzuka,1,0,0.00033603035,0.0
2024,4,5.0,Suzuka,1,0,0.00025818925,0.0
2024,4,6.0,Suzuka,1,0,1.3878428e-06,0.0
2024,4,7.0,Suzuka,1,0,3.407765e-05,0.0
2024,4,8.0,Suzuka,1,0,1.1420321e-06,0.0
2024,4,9.0,Suzuka,1,0,0.0005758522,0.0
2024,4,10.0,Suzuka,1,0,6.3095424e-05,0.0
2024,4,11.0,Suzuka,1,0,9.067027e-05,0.0
2024,4,12.0,Suzuka,1,0,1.3183676e-06,0.0
2024,4,13.0,Suzuka,1,0,2.3189277e-06,0.0
2024,4,14.0,Suzuka,1,0,2.2171249e-05,0.0
2024,4,15.0,Suzuka,1,0,8.228198e-06,0.0
2024,4,16.0,Suzuka,1,0,2.3552057e-05,0.0
2024,4,17.0,Suzuka,1,0,0.00031193494,0.0
2024,4,18.0,Suzuka,1,0,0.00015771273,0.0
2024,4,19.0,Suzuka,1,0,0.00036768717,0.0
2024,4,20.0,Suzuka,1,0,4.588735e-06,0.0
2024,4,21.0,Suzuka,1,0,1.592073e-05,0.0
2024,4,22.0,Suzuka,1,0,1.9347824e-06,0.0
2024,4,23.0,Suzuka,1,0,8.6099835e-06,0.0
2024,4,24.0,Suzuka,1,0,1.213941e-05,0.0
2024,4,25.0,Suzuka,1,0,4.990815e-05,0.0
2024,4,26.0,Suzuka,1,0,6.787865e-05,0.0
2024,4,27.0,Suzuka,1,0,3.850352e-05,0.0
2024,4,28.0,Suzuka,1,0,4.4548647e-06,0.0
2024,4,29.0,Suzuka,1,0,2.3098892e-06,0.0
2024,4,30.0,Suzuka,1,0,3.5242194e-06,0.0
2024,4,31.0,Suzuka,1,0,4.4586923e-05,0.0
2024,4,32.0,Suzuka,1,0,3.8928327e-05,0.0
2024,4,33.0,Suzuka,1,0,1.1991188e-05,0.0
2024,4,34.0,Suzuka,1,0,1.7580043e-05,0.0
2024,4,35.0,Suzuka,1,0,4.111822e-05,0.0
2024,4,36.0,Suzuka,1,0,2.4473127e-05,0.0
2024,4,37.0,Suzuka,1,0,5.3977587e-06,0.0
2024,4,38.0,Suzuka,1,0,2.7623642e-05,0.0
2024,4,39.0,Suzuka,1,0,2.1550592e-05,0.0
2024,4,40.0,Suzuka,1,0,5.606772e-06,0.0
2024,4,41.0,Suzuka,1,0,1.2768245e-05,0.0
2024,4,42.0,Suzuka,12,0,0.00016034234,0.0
2024,4,43.0,Suzuka,1,0,0.00037327182,0.0
2024,4,44.0,Suzuka,1,0,2.1926273e-06,0.0
2024,4,45.0,Suzuka,1,0,4.673544e-06,0.0
2024,4,46.0,Suzuka,1,0,8.883766e-06,0.0
2024,4,47.0,Suzuka,1,0,2.6687332e-05,0.0
2024,4,48.0,Suzuka,1,0,4.9952243e-05,0.0
2024,4,49.0,Suzuka,1,0,8.59905e-07,0.0
2024,4,50.0,Suzuka,1,0,4.6234945e-06,0.0
2024,4,51.0,Suzuka,1,0,3.965159e-06,0.0
2024,4,52.0,Suzuka,1,0,4.1341254e-06,0.0
2024,4,53.0,Suzuka,1,0,2.0608643e-07,0.0
2024,5,1.0,Shanghai,1,0,1.9846913e-05,0.0
2024,5,2.0,Shanghai,1,0,4.645297e-06,0.0
2024,5,3.0,Shanghai,1,0,0.00010754208,0.0
2024,5,4.0,Shanghai,1,0,0.0015555789,0.0
2024,5,5.0,Shanghai,1,0,7.11117e-05,0.0
2024,5,6.0,Shanghai,1,0,4.2360753e-06,0.0
2024,5,7.0,Shanghai,1,0,5.162695e-05,0.0
2024,5,8.0,Shanghai,1,0,0.00042963604,0.0
2024,5,9.0,Shanghai,1,0,0.001844064,0.0
2024,5,10.0,Shanghai,1,0,0.0011492097,0.0
2024,5,11.0,Shanghai,1,0,1.4097078e-05,0.0
2024,5,12.0,Shanghai,1,0,4.4792123e-05,0.0
2024,5,13.0,Shanghai,1,0,0.0020040905,0.0
2024,5,14.0,Shanghai,1,0,0.0015897063,0.0
2024,5,15.0,Shanghai,1,0,0.19517007,0.0
2024,5,16.0,Shanghai,1,0,1.0063177e-05,0.0
2024,5,17.0,Shanghai,1,0,0.037802435,0.0
2024,5,18.0,Shanghai,1,1,0.9995654,0.0
2024,5,19.0,Shanghai,1,1,0.9996629,0.0
2024,5,20.0,Shanghai,1,1,0.9998348,0.0
2024,5,21.0,Shanghai,12,0,0.019745797,0.0
2024,5,22.0,Shanghai,26,0,0.0055256737,0.0
2024,5,23.0,Shanghai,64,0,0.010930892,0.0
2024,5,24.0,Shanghai,4,0,0.0036377476,0.0
2024,5,25.0,Shanghai,4,0,0.00019349044,1.0
2024,5,26.0,Shanghai,41,0,3.521274e-05,1.0
2024,5,27.0,Shanghai,124,0,8.214571e-05,1.0
2024,5,28.0,Shanghai,4,0,5.5835008e-05,1.0
2024,5,29.0,Shanghai,4,0,0.00061922456,1.0
2024,5,30.0,Shanghai,4,0,0.00012297324,1.0
2024,5,31.0,Shanghai,41,0,9.8848934e-05,1.0
2024,5,32.0,Shanghai,1,0,4.9060072e-06,1.0
2024,5,33.0,Shanghai,1,0,2.9395575e-05,1.0
2024,5,34.0,Shanghai,1,0,1.0338447e-05,1.0
2024,5,35.0,Shanghai,1,0,0.00038401596,1.0
2024,5,36.0,Shanghai,1,0,6.731725e-06,1.0
2024,5,37.0,Shanghai,1,0,3.7691113e-06,1.0
2024,5,38.0,Shanghai,1,0,4.1372373e-06,1.0
2024,5,39.0,Shanghai,1,0,8.974538e-05,1.0
2024,5,40.0,Shanghai,1,0,0.00016838602,1.0
2024,5,41.0,Shanghai,1,0,0.00017787822,1.0
2024,5,42.0,Shanghai,1,0,0.0007952611,1.0
2024,5,43.0,Shanghai,1,0,8.263518e-05,1.0
2024,5,44.0,Shanghai,1,0,0.0006134839,1.0
2024,5,45.0,Shanghai,1,0,4.2372492e-05,1.0
2024,5,46.0,Shanghai,1,0,0.00010159476,1.0
2024,5,47.0,Shanghai,1,0,0.0004601929,1.0
2024,5,48.0,Shanghai,1,0,0.00066970073,1.0
2024,5,49.0,Shanghai,1,0,0.0014262709,1.0
2024,5,50.0,Shanghai,1,0,4.257067e-05,1.0
2024,5,51.0,Shanghai,1,0,1.2362991e-05,1.0
2024,5,52.0,Shanghai,1,0,2.098662e-05,1.0
2024,5,53.0,Shanghai,1,0,0.0004645499,1.0
2024,5,54.0,Shanghai,1,0,5.644548e-05,1.0
2024,5,55.0,Shanghai,1,0,0.0001426783,1.0
2024,5,56.0,Shanghai,1,0,0.0004982829,1.0
2024,6,1.0,Miami,1,0,4.607121e-06,0.0
2024,6,2.0,Miami,1,0,4.304764e-07,0.0
2024,6,3.0,Miami,1,0,6.9432195e-07,0.0
2024,6,4.0,Miami,1,0,9.538062e-07,0.0
2024,6,5.0,Miami,1,0,3.8344147e-08,0.0
2024,6,6.0,Miami,1,0,1.8359326e-07,0.0
2024,6,7.0,Miami,1,0,4.9591278e-09,0.0
2024,6,8.0,Miami,1,0,2.0944024e-07,0.0
2024,6,9.0,Miami,1,0,1.3553155e-05,0.0
2024,6,10.0,Miami,1,0,3.5917097e-07,0.0
2024,6,11.0,Miami,1,0,2.0995727e-05,0.0
2024,6,12.0,Miami,1,0,1.552085e-06,0.0
2024,6,13.0,Miami,1,0,5.802158e-07,0.0
2024,6,14.0,Miami,1,0,5.5380756e-06,0.0
2024,6,15.0,Miami,1,0,0.00012288873,0.0
2024,6,16.0,Miami,1,0,2.9646751e-05,0.0
2024,6,17.0,Miami,1,0,2.533318e-05,0.0
2024,6,18.0,Miami,1,0,0.0006275609,0.0
2024,6,19.0,Miami,1,0,2.6116766e-07,0.0
2024,6,20.0,Miami,1,0,0.0025969911,0.0
2024,6,21.0,Miami,1,0,0.00036964862,0.0
2024,6,22.0,Miami,1,0,0.0023116397,0.0
2024,6,23.0,Miami,167,0,0.004697409,0.0
2024,6,24.0,Miami,1,0,0.005747194,0.0
2024,6,25.0,Miami,1,1,0.9994968,0.0
2024,6,26.0,Miami,1,1,0.0033103358,0.0
2024,6,27.0,Miami,1,1,0.9994831,0.0
2024,6,28.0,Miami,124,0,0.0065806787,0.0
2024,6,29.0,Miami,4,0,0.012803434,0.0
2024,6,30.0,Miami,4,0,0.0026645306,1.0
2024,6,31.0,Miami,4,0,0.0017410865,1.0
2024,6,32.0,Miami,41,0,0.0010979453,1.0
2024,6,33.0,Miami,1,0,3.324335e-05,1.0
2024,6,34.0,Miami,1,0,1.3305806e-06,1.0
2024,6,35.0,Miami,1,0,8.983445e-06,1.0
2024,6,36.0,Miami,1,0,2.4610958e-05,1.0
2024,6,37.0,Miami,1,0,3.9733886e-06,1.0
2024,6,38.0,Miami,1,0,3.3949834e-06,1.0
2024,6,39.0,Miami,1,0,1.2123987e-06,1.0
2024,6,40.0,Miami,1,0,1.5923722e-05,1.0
2024,6,41.0,Miami,1,0,6.153518e-05,1.0
2024,6,42.0,Miami,1,0,8.272947e-07,1.0
2024,6,43.0,Miami,1,0,2.1330375e-06,1.0
2024,6,44.0,Miami,1,0,0.0003804218,1.0
2024,6,45.0,Miami,1,0,0.00016074357,1.0
2024,6,46.0,Miami,1,0,0.00040954017,1.0
2024,6,47.0,Miami,1,0,1.2425637e-05,1.0
2024,6,48.0,Miami,1,0,1.5209436e-05,1.0
2024,6,49.0,Miami,1,0,2.9862874e-06,1.0
2024,6,50.0,Miami,1,0,3.114272e-06,1.0
2024,6,51.0,Miami,1,0,0.0005724301,1.0
2024,6,52.0,Miami,1,0,4.683102e-05,1.0
2024,6,53.0,Miami,1,0,3.4887594e-06,1.0
2024,6,54.0,Miami,1,0,4.4464932e-07,1.0
2024,6,55.0,Miami,1,0,2.7661802e-06,1.0
2024,6,56.0,Miami,1,0,5.510105e-07,1.0
2024,6,57.0,Miami,1,0,7.219916e-07,1.0
2024,7,1.0,Imola,1,0,2.8595146e-05,0.0
2024,7,2.0,Imola,1,0,9.964737e-07,0.0
2024,7,3.0,Imola,1,0,1.000077e-06,0.0
2024,7,4.0,Imola,1,0,4.0026248e-07,0.0
2024,7,5.0,Imola,1,0,7.3923606e-05,0.0
2024,7,6.0,Imola,1,0,7.359773e-05,0.0
2024,7,7.0,Imola,1,0,1.2083541e-05,0.0
2024,7,8.0,Imola,1,0,1.2908931e-06,0.0
2024,7,9.0,Imola,1,0,0.0015109616,0.0
2024,7,10.0,Imola,1,0,1.6224283e-06,0.0
2024,7,11.0,Imola,1,0,0.00010076203,0.0
2024,7,12.0,Imola,1,0,1.0523158e-05,0.0
2024,7,13.0,Imola,1,0,0.0012126277,0.0
2024,7,14.0,Imola,1,0,2.8987608e-05,0.0
2024,7,15.0,Imola,1,0,4.517438e-05,0.0
2024,7,16.0,Imola,1,0,0.001343886,0.0
2024,7,17.0,Imola,1,0,0.0011835976,0.0
2024,7,18.0,Imola,1,0,0.0005514769,0.0
2024,7,19.0,Imola,1,0,4.8892463e-05,0.0
2024,7,20.0,Imola,1,0,0.0009437299,0.0
2024,7,21.0,Imola,1,0,0.0019492425,0.0
2024,7,22.0,Imola,1,0,0.0012000684,0.0
2024,7,23.0,Imola,1,0,0.00027897253,0.0
2024,7,24.0,Imola,1,0,0.004292767,0.0
2024,7,25.0,Imola,1,0,0.003710842,0.0
2024,7,26.0,Imola,1,0,0.00017619139,0.0
2024,7,27.0,Imola,1,0,0.0008529693,0.0
2024,7,28.0,Imola,1,0,2.224699e-05,0.0
2024,7,29.0,Imola,1,0,0.0013648135,0.0
2024,7,30.0,Imola,1,0,0.0014761314,0.0
2024,7,31.0,Imola,1,0,0.0032922612,0.0
2024,7,32.0,Imola,1,0,0.0006186539,0.0
2024,7,33.0,Imola,1,0,2.4276012e-05,0.0
2024,7,34.0,Imola,1,0,4.0006118e-05,0.0
2024,7,35.0,Imola,1,0,9.695625e-05,0.0
2024,7,36.0,Imola,1,0,7.852205e-06,0.0
2024,7,37.0,Imola,1,0,0.0019664695,0.0
2024,7,38.0,Imola,1,0,1.303666e-05,0.0
2024,7,39.0,Imola,1,0,7.275818e-05,0.0
2024,7,40.0,Imola,1,0,2.809409e-05,0.0
2024,7,41.0,Imola,1,0,0.0014456324,0.0
2024,7,42.0,Imola,1,0,0.0003535476,0.0
2024,7,43.0,Imola,1,0,0.00060884026,0.0
2024,7,44.0,Imola,1,0,0.001349359,0.0
2024,7,45.0,Imola,1,0,8.197168e-05,0.0
2024,7,46.0,Imola,1,0,7.333326e-05,0.0
2024,7,47.0,Imola,1,0,0.001154655,0.0
2024,7,48.0,Imola,1,0,0.0003118808,0.0
2024,7,49.0,Imola,1,0,0.00092889584,0.0
2024,7,50.0,Imola,1,0,0.00019052846,0.0
2024,7,51.0,Imola,1,0,0.0020581854,0.0
2024,7,52.0,Imola,1,0,0.00023069626,0.0
2024,7,53.0,Imola,1,0,0.0013316377,0.0
2024,7,54.0,Imola,1,0,0.000110082954,0.0
2024,7,55.0,Imola,1,0,0.000978901,0.0
2024,7,56.0,Imola,1,0,1.508513e-06,0.0
2024,7,57.0,Imola,1,0,4.754499e-07,0.0
2024,7,58.0,Imola,1,0,4.141295e-06,0.0
2024,7,59.0,Imola,1,0,5.922381e-06,0.0
2024,7,60.0,Imola,1,0,1.6085907e-05,0.0
2024,7,61.0,Imola,1,0,6.264063e-07,0.0
2024,7,62.0,Imola,1,0,2.7590116e-07,0.0
2024,7,63.0,Imola,1,0,4.166439e-05,0.0
2024,8,1.0,Monaco,1254,0,0.0041450644,0.0
2024,8,2.0,Monaco,14,0,0.0022717793,0.0
2024,8,3.0,Monaco,1,0,1.6407268e-05,0.0
2024,8,4.0,Monaco,1,0,5.2768377e-07,0.0
2024,8,5.0,Monaco,1,0,1.0410065e-07,0.0
2024,8,6.0,Monaco,1,0,2.4731545e-08,0.0
2024,8,7.0,Monaco,1,0,3.9275952e-10,0.0
2024,8,8.0,Monaco,1,0,1.4293979e-09,0.0
2024,8,9.0,Monaco,1,0,2.5316946e-10,0.0
2024,8,10.0,Monaco,1,0,5.0286047e-08,0.0
2024,8,11.0,Monaco,1,0,3.982007e-06,0.0
2024,8,12.0,Monaco,1,0,4.2786962e-07,0.0
2024,8,13.0,Monaco,1,0,4.600907e-07,0.0
2024,8,14.0,Monaco,1,0,4.9917253e-09,0.0
2024,8,15.0,Monaco,1,0,0.0005694681,0.0
2024,8,16.0,Monaco,1,0,0.00025528058,0.0
2024,8,17.0,Monaco,1,0,6.762204e-07,0.0
2024,8,18.0,Monaco,1,0,3.93058e-09,0.0
2024,8,19.0,Monaco,1,0,1.6413792e-06,0.0
2024,8,20.0,Monaco,1,0,3.8193493e-06,0.0
2024,8,21.0,Monaco,1,0,3.3046436e-07,0.0
2024,8,22.0,Monaco,1,0,0.000107855514,0.0
2024,8,23.0,Monaco,1,0,2.0735457e-05,0.0
2024,8,24.0,Monaco,1,0,4.898611e-06,0.0
2024,8,25.0,Monaco,1,0,6.167169e-06,0.0
2024,8,26.0,Monaco,1,0,1.0169096e-05,0.0
2024,8,27.0,Monaco,1,0,4.2279835e-06,0.0
2024,8,28.0,Monaco,1,0,4.98582e-05,0.0
2024,8,29.0,Monaco,1,0,1.1381189e-05,0.0
2024,8,30.0,Monaco,1,0,5.680122e-06,0.0
2024,8,31.0,Monaco,1,0,2.7666076e-06,0.0
2024,8,32.0,Monaco,1,0,2.7631086e-06,0.0
2024,8,33.0,Monaco,1,0,1.1628387e-06,0.0
2024,8,34.0,Monaco,1,0,1.9656875e-06,0.0
2024,8,35.0,Monaco,1,0,2.9670528e-07,0.0
2024,8,36.0,Monaco,1,0,1.0098277e-05,0.0
2024,8,37.0,Monaco,1,0,1.0876948e-05,0.0
2024,8,38.0,Monaco,1,0,2.3571727e-07,0.0
2024,8,39.0,Monaco,1,0,1.1271006e-06,0.0
2024,8,40.0,Monaco,1,0,6.5426815e-05,0.0
2024,8,41.0,Monaco,1,0,0.00021943681,0.0
2024,8,42.0,Monaco,1,0,0.00017124075,0.0
2024,8,43.0,Monaco,1,0,1.1311894e-06,0.0
2024,8,44.0,Monaco,1,0,1.7626164e-07,0.0
2024,8,45.0,Monaco,1,0,2.2336171e-07,0.0
2024,8,46.0,Monaco,1,0,3.1896511e-06,0.0
2024,8,47.0,Monaco,1,0,1.557714e-06,0.0
2024,8,48.0,Monaco,1,0,2.8235558e-05,0.0
2024,8,49.0,Monaco,1,0,7.51208e-07,0.0
2024,8,50.0,Monaco,1,0,1.3693683e-06,0.0
2024,8,51.0,Monaco,1,0,2.8548198e-05,0.0
2024,8,52.0,Monaco,1,0,8.300416e-05,0.0
2024,8,53.0,Monaco,12,0,2.2451875e-05,0.0
2024,8,54.0,Monaco,1,0,3.9629213e-06,0.0
2024,8,55.0,Monaco,1,0,2.868428e-06,0.0
2024,8,56.0,Monaco,1,0,1.4634793e-06,0.0
2024,8,57.0,Monaco,1,0,2.2165437e-05,0.0
2024,8,58.0,Monaco,1,0,3.0315881e-05,0.0
2024,8,59.0,Monaco,1,0,6.647754e-05,0.0
2024,8,60.0,Monaco,1,0,5.5978603e-06,0.0
2024,8,61.0,Monaco,1,0,1.5203912e-05,0.0
2024,8,62.0,Monaco,1,0,2.7422826e-05,0.0
2024,8,63.0,Monaco,1,0,7.90259e-06,0.0
2024,8,64.0,Monaco,1,0,2.92142e-05,0.0
2024,8,65.0,Monaco,1,0,9.306922e-05,0.0
2024,8,66.0,Monaco,1,0,3.7742948e-06,0.0
2024,8,67.0,Monaco,1,0,9.58488e-06,0.0
2024,8,68.0,Monaco,1,0,3.854591e-06,0.0
2024,8,69.0,Monaco,1,0,1.8933277e-06,0.0
2024,8,70.0,Monaco,1,0,6.0207008e-06,0.0
2024,8,71.0,Monaco,1,0,1.8016661e-07,0.0
2024,8,72.0,Monaco,1,0,1.4432883e-08,0.0
2024,8,73.0,Monaco,1,0,5.045639e-07,0.0
2024,8,74.0,Monaco,1,0,3.1913014e-08,0.0
2024,8,75.0,Monaco,1,0,4.6681401e-07,0.0
2024,8,76.0,Monaco,1,0,7.2980725e-07,0.0
2024,8,77.0,Monaco,1,0,0.00018367752,0.0
2024,8,78.0,Monaco,1,0,8.6504247e-07,0.0
2024,9,1.0,Montréal,12,0,0.8132405,0.0
2024,9,2.0,Montréal,1,0,6.1477516e-07,0.0
2024,9,3.0,Montréal,1,0,8.616851e-06,0.0
2024,9,4.0,Montréal,1,0,1.2789571e-05,0.0
2024,9,5.0,Montréal,1,0,2.7538134e-05,0.0
2024,9,6.0,Montréal,12,0,0.7997311,0.0
2024,9,7.0,Montréal,1,0,6.368516e-05,0.0
2024,9,8.0,Montréal,1,0,6.202648e-06,0.0
2024,9,9.0,Montréal,1,0,0.0001012549,0.0
2024,9,10.0,Montréal,1,0,6.098518e-06,0.0
2024,9,11.0,Montréal,1,0,5.851263e-06,0.0
2024,9,12.0,Montréal,1,0,0.00025056608,0.0
2024,9,13.0,Montréal,1,0,0.00026165642,0.0
2024,9,14.0,Montréal,1,0,6.92316e-05,0.0
2024,9,15.0,Montréal,1,0,0.00035559552,0.0
2024,9,16.0,Montréal,1,0,0.00033734238,0.0
2024,9,17.0,Montréal,1,0,0.005125825,0.0
2024,9,18.0,Montréal,1,0,0.0012834742,0.0
2024,9,19.0,Montréal,1,0,0.0006963793,0.0
2024,9,20.0,Montréal,1,0,0.0024000497,0.0
2024,9,21.0,Montréal,1,0,0.0035379212,0.0
2024,9,22.0,Montréal,1,1,0.99977654,0.0
2024,9,23.0,Montréal,1,1,0.9997937,0.0
2024,9,24.0,Montréal,1,1,0.99979216,0.0
2024,9,25.0,Montréal,124,0,0.8373171,0.0
2024,9,26.0,Montréal,4,0,0.14656179,0.0
2024,9,27.0,Montréal,4,0,0.0014871903,1.0
2024,9,28.0,Montréal,4,0,0.00033929793,1.0
2024,9,29.0,Montréal,412,0,0.021887228,1.0
2024,9,30.0,Montréal,1,0,0.002156692,1.0
2024,9,31.0,Montréal,1,0,0.012746124,1.0
2024,9,32.0,Montréal,1,0,2.643516e-06,1.0
2024,9,33.0,Montréal,1,0,3.290263e-07,1.0
2024,9,34.0,Montréal,1,0,4.4044384e-05,1.0
2024,9,35.0,Montréal,1,0,4.1629987e-06,1.0
2024,9,36.0,Montréal,1,0,1.7622162e-07,1.0
2024,9,37.0,Montréal,1,0,4.4166475e-07,1.0
2024,9,38.0,Montréal,1,0,1.1362568e-05,1.0
2024,9,39.0,Montréal,1,0,4.6529175e-07,1.0
2024,9,40.0,Montréal,1,0,0.00021257883,1.0
2024,9,41.0,Montréal,12,0,0.28711,1.0
2024,9,42.0,Montréal,1,0,5.271212e-06,1.0
2024,9,43.0,Montréal,1,0,6.5337284e-05,1.0
2024,9,44.0,Montréal,1,0,0.00017420764,1.0
2024,9,45.0,Montréal,1,0,0.00095240586,1.0
2024,9,46.0,Montréal,1,0,2.1687738e-05,1.0
2024,9,47.0,Montréal,1,0,0.0035653114,1.0
2024,9,48.0,Montréal,1,0,0.0024191756,1.0
2024,9,49.0,Montréal,12,1,6.260904e-05,1.0
2024,9,50.0,Montréal,1,1,0.999655,1.0
2024,9,51.0,Montréal,1,1,0.9999391,1.0
2024,9,52.0,Montréal,12,0,0.9979273,1.0
2024,9,53.0,Montréal,12,0,0.9785386,1.0
2024,9,54.0,Montréal,24,0,0.9742622,1.0
2024,9,55.0,Montréal,4,0,0.91551083,1.0
2024,9,56.0,Montréal,4,0,0.9417296,1.0
2024,9,57.0,Montréal,4,0,0.98756766,1.0
2024,9,58.0,Montréal,41,0,0.9998727,1.0
2024,9,59.0,Montréal,1,0,9.05563e-05,1.0
2024,9,60.0,Montréal,1,0,8.314025e-06,1.0
2024,9,61.0,Montréal,1,0,0.00015969586,1.0
2024,9,62.0,Montréal,1,0,0.0008203166,1.0
2024,9,63.0,Montréal,1,0,0.00023540255,1.0
2024,9,64.0,Montréal,1,0,2.464386e-05,1.0
2024,9,65.0,Montréal,1,0,5.9000067e-06,1.0
2024,9,66.0,Montréal,12,0,0.82685715,1.0
2024,9,67.0,Montréal,21,0,7.349395e-07,1.0
2024,9,68.0,Montréal,1,0,2.4380868e-06,1.0
2024,9,69.0,Montréal,1,0,7.8593666e-07,1.0
2024,9,70.0,Montréal,1,0,3.3806115e-05,1.0
2024,10,1.0,Barcelona,1,0,0.00010016215,0.0
2024,10,2.0,Barcelona,1,0,1.6139658e-05,0.0
2024,10,3.0,Barcelona,1,0,3.8115552e-06,0.0
2024,10,4.0,Barcelona,1,0,0.00015952114,0.0
2024,10,5.0,Barcelona,1,0,1.652485e-05,0.0
2024,10,6.0,Barcelona,1,0,4.0745444e-06,0.0
2024,10,7.0,Barcelona,1,0,6.986047e-06,0.0
2024,10,8.0,Barcelona,1,0,0.00044008996,0.0
2024,10,9.0,Barcelona,1,0,5.330191e-05,0.0
2024,10,10.0,Barcelona,1,0,3.4810015e-05,0.0
2024,10,11.0,Barcelona,1,0,0.0009405253,0.0
2024,10,12.0,Barcelona,1,0,0.00015285198,0.0
2024,10,13.0,Barcelona,1,0,4.3686807e-05,0.0
2024,10,14.0,Barcelona,1,0,0.00078153104,0.0
2024,10,15.0,Barcelona,1,0,5.3564832e-05,0.0
2024,10,16.0,Barcelona,1,0,6.153806e-05,0.0
2024,10,17.0,Barcelona,1,0,0.00027144406,0.0
2024,10,18.0,Barcelona,1,0,0.00076305267,0.0
2024,10,19.0,Barcelona,1,0,0.00015127112,0.0
2024,10,20.0,Barcelona,1,0,2.2957988e-06,0.0
2024,10,21.0,Barcelona,1,0,1.0003318e-05,0.0
2024,10,22.0,Barcelona,1,0,6.083931e-06,0.0
2024,10,23.0,Barcelona,1,0,0.00023433883,0.0
2024,10,24.0,Barcelona,1,0,1.068128e-05,0.0
2024,10,25.0,Barcelona,1,0,4.188413e-05,0.0
2024,10,26.0,Barcelona,1,0,0.00023604104,0.0
2024,10,27.0,Barcelona,1,0,0.00018345121,0.0
2024,10,28.0,Barcelona,1,0,7.65641e-06,0.0
2024,10,29.0,Barcelona,1,0,0.00029754543,0.0
2024,10,30.0,Barcelona,1,0,1.9683437e-06,0.0
2024,10,31.0,Barcelona,1,0,1.9748473e-05,0.0
2024,10,32.0,Barcelona,1,0,2.408455e-05,0.0
2024,10,33.0,Barcelona,1,0,5.731871e-06,0.0
2024,10,34.0,Barcelona,1,0,4.6753092e-07,0.0
2024,10,35.0,Barcelona,1,0,9.237828e-06,0.0
2024,10,36.0,Barcelona,1,0,2.3774744e-05,0.0
2024,10,37.0,Barcelona,1,0,1.0976775e-06,0.0
2024,10,38.0,Barcelona,1,0,1.2343553e-05,0.0
2024,10,39.0,Barcelona,1,0,3.452882e-06,0.0
2024,10,40.0,Barcelona,1,0,1.6705662e-06,0.0
2024,10,41.0,Barcelona,1,0,6.6786735e-05,0.0
2024,10,42.0,Barcelona,1,0,2.0989207e-06,0.0
2024,10,43.0,Barcelona,1,0,3.2306773e-06,0.0
2024,10,44.0,Barcelona,1,0,1.681294e-06,0.0
2024,10,45.0,Barcelona,1,0,2.5915529e-06,0.0
2024,10,46.0,Barcelona,1,0,1.7232724e-05,0.0
2024,10,47.0,Barcelona,1,0,0.00017988867,0.0
2024,10,48.0,Barcelona,1,0,5.1841853e-05,0.0
2024,10,49.0,Barcelona,1,0,0.002521038,0.0
2024,10,50.0,Barcelona,1,0,0.004719097,0.0
2024,10,51.0,Barcelona,1,0,0.00019194966,0.0
2024,10,52.0,Barcelona,1,0,0.00021433688,0.0
2024,10,53.0,Barcelona,1,0,1.3256851e-05,0.0
2024,10,54.0,Barcelona,1,0,0.00010512519,0.0
2024,10,55.0,Barcelona,1,0,7.32844e-05,0.0
2024,10,56.0,Barcelona,1,0,9.472908e-06,0.0
2024,10,57.0,Barcelona,1,0,0.00051422307,0.0
2024,10,58.0,Barcelona,1,0,4.3111213e-05,0.0
2024,10,59.0,Barcelona,1,0,0.00034822244,0.0
2024,10,60.0,Barcelona,1,0,3.7566166e-05,0.0
2024,10,61.0,Barcelona,1,0,0.00021784061,0.0
2024,10,62.0,Barcelona,1,0,1.4983391e-06,0.0
2024,10,63.0,Barcelona,1,0,5.2181995e-06,0.0
2024,10,64.0,Barcelona,1,0,2.2801737e-06,0.0
2024,10,65.0,Barcelona,1,0,6.6321973e-06,0.0
2024,10,66.0,Barcelona,1,0,1.1564929e-06,0.0
2024,11,1.0,Spielberg,1,0,0.00011974876,0.0
2024,11,2.0,Spielberg,1,0,8.82119e-07,0.0
2024,11,3.0,Spielberg,1,0,3.083473e-07,0.0
2024,11,4.0,Spielberg,1,0,9.3524754e-08,0.0
2024,11,5.0,Spielberg,1,0,1.0713882e-06,0.0
2024,11,6.0,Spielberg,1,0,4.87022e-06,0.0
2024,11,7.0,Spielberg,1,0,1.6316152e-08,0.0
2024,11,8.0,Spielberg,1,0,7.8593513e-07,0.0
2024,11,9.0,Spielberg,1,0,4.0129357e-06,0.0
2024,11,10.0,Spielberg,1,0,1.2754238e-05,0.0
2024,11,11.0,Spielberg,1,0,2.0505172e-07,0.0
2024,11,12.0,Spielberg,1,0,1.5543883e-06,0.0
2024,11,13.0,Spielberg,1,0,0.0017056982,0.0
2024,11,14.0,Spielberg,1,0,1.136282e-06,0.0
2024,11,15.0,Spielberg,1,0,5.6617777e-05,0.0
2024,11,16.0,Spielberg,1,0,1.6086699e-06,0.0
2024,11,17.0,Spielberg,1,0,1.538502e-05,0.0
2024,11,18.0,Spielberg,1,0,2.0903728e-06,0.0
2024,11,19.0,Spielberg,1,0,6.118583e-08,0.0
2024,11,20.0,Spielberg,1,0,4.241189e-06,0.0
2024,11,21.0,Spielberg,1,0,1.3092522e-07,0.0
2024,11,22.0,Spielberg,1,0,1.5787785e-08,0.0
2024,11,23.0,Spielberg,1,0,4.0743778e-08,0.0
2024,11,24.0,Spielberg,1,0,2.1066744e-07,0.0
2024,11,25.0,Spielberg,1,0,1.4896193e-07,0.0
2024,11,26.0,Spielberg,1,0,1.9398208e-06,0.0
2024,11,27.0,Spielberg,1,0,7.894696e-07,0.0
2024,11,28.0,Spielberg,1,0,3.81197e-07,0.0
2024,11,29.0,Spielberg,1,0,3.4832097e-05,0.0
2024,11,30.0,Spielberg,1,0,0.00010303842,0.0
2024,11,31.0,Spielberg,1,0,1.4203914e-06,0.0
2024,11,32.0,Spielberg,1,0,3.8831404e-05,0.0
2024,11,33.0,Spielberg,1,0,8.32994e-07,0.0
2024,11,34.0,Spielberg,1,0,2.02882e-06,0.0
2024,11,35.0,Spielberg,1,0,4.2661347e-07,0.0
2024,11,36.0,Spielberg,1,0,3.607283e-08,0.0
2024,11,37.0,Spielberg,1,0,1.0356588e-06,0.0
2024,11,38.0,Spielberg,1,0,1.6199655e-06,0.0
2024,11,39.0,Spielberg,1,0,5.070007e-07,0.0
2024,11,40.0,Spielberg,1,0,2.9574598e-09,0.0
2024,11,41.0,Spielberg,1,0,3.93382e-09,0.0
2024,11,42.0,Spielberg,1,0,3.868795e-08,0.0
2024,11,43.0,Spielberg,1,0,2.8367194e-07,0.0
2024,11,44.0,Spielberg,1,0,1.8694666e-06,0.0
2024,11,45.0,Spielberg,1,0,2.4865294e-06,0.0
2024,11,46.0,Spielberg,1,0,3.818803e-06,0.0
2024,11,47.0,Spielberg,1,0,9.786664e-06,0.0
2024,11,48.0,Spielberg,1,0,0.0011918123,0.0
2024,11,49.0,Spielberg,1,0,5.657496e-07,0.0
2024,11,50.0,Spielberg,1,0,0.0033219082,0.0
2024,11,51.0,Spielberg,1,0,2.4772775e-05,0.0
2024,11,52.0,Spielberg,1,0,1.7636163e-05,0.0
2024,11,53.0,Spielberg,1,0,7.6293654e-05,0.0
2024,11,54.0,Spielberg,1,0,1.3999852e-05,0.0
2024,11,55.0,Spielberg,1,0,0.002660857,0.0
2024,11,56.0,Spielberg,1,0,0.00036267217,0.0
2024,11,57.0,Spielberg,1,0,2.7984854e-06,0.0
2024,11,58.0,Spielberg,1,0,1.26386785e-05,0.0
2024,11,59.0,Spielberg,1,0,9.124835e-07,0.0
2024,11,60.0,Spielberg,1,0,9.000982e-07,0.0
2024,11,61.0,Spielberg,1,0,0.00015123376,0.0
2024,11,62.0,Spielberg,1,0,0.00021309449,0.0
2024,11,63.0,Spielberg,1,0,0.0018469583,0.0
2024,11,64.0,Spielberg,12,0,1.1847918e-05,0.0
2024,11,65.0,Spielberg,1,0,0.011278733,0.0
2024,11,66.0,Spielberg,167,0,1.9805564e-05,0.0
2024,11,67.0,Spielberg,1,0,7.040235e-07,0.0
2024,11,68.0,Spielberg,1,0,8.516144e-08,0.0
2024,11,69.0,Spielberg,1,0,2.487898e-06,0.0
2024,11,70.0,Spielberg,1,0,3.5225924e-07,0.0
2024,11,71.0,Spielberg,1,0,2.6394475e-06,0.0
2024,12,1.0,Silverstone,1,0,2.5069368e-05,0.0
2024,12,2.0,Silverstone,1,0,7.18161e-06,0.0
2024,12,3.0,Silverstone,1,0,1.2644964e-06,0.0
2024,12,4.0,Silverstone,1,0,1.2226012e-05,0.0
2024,12,5.0,Silverstone,1,0,0.0003480882,0.0
2024,12,6.0,Silverstone,1,0,5.8347992e-05,0.0
2024,12,7.0,Silverstone,1,0,1.7415593e-06,0.0
2024,12,8.0,Silverstone,1,0,3.5982166e-07,0.0
2024,12,9.0,Silverstone,1,0,8.4966545e-05,0.0
2024,12,10.0,Silverstone,1,0,0.00012412293,0.0
2024,12,11.0,Silverstone,1,0,0.00030765508,0.0
2024,12,12.0,Silverstone,1,0,0.00014448192,0.0
2024,12,13.0,Silverstone,1,0,3.8091155e-05,0.0
2024,12,14.0,Silverstone,1,0,5.9103844e-05,0.0
2024,12,15.0,Silverstone,1,0,5.704001e-06,0.0
2024,12,16.0,Silverstone,1,0,5.961021e-07,0.0
2024,12,17.0,Silverstone,1,0,1.4268264e-07,0.0
2024,12,18.0,Silverstone,1,0,5.2159253e-06,0.0
2024,12,19.0,Silverstone,1,0,2.4702138e-06,0.0
2024,12,20.0,Silverstone,1,0,9.0148336e-05,0.0
2024,12,21.0,Silverstone,1,0,0.000115520445,0.0
2024,12,22.0,Silverstone,1,0,8.608305e-07,0.0
2024,12,23.0,Silverstone,1,0,2.5260501e-06,0.0
2024,12,24.0,Silverstone,1,0,6.073653e-06,0.0
2024,12,25.0,Silverstone,1,0,9.270004e-06,0.0
2024,12,26.0,Silverstone,1,0,1.6109973e-06,0.0
2024,12,27.0,Silverstone,1,0,9.90042e-05,0.0
2024,12,28.0,Silverstone,1,0,0.31450474,0.0
2024,12,29.0,Silverstone,1,0,3.2599142e-05,0.0
2024,12,30.0,Silverstone,1,0,0.0001327139,0.0
2024,12,31.0,Silverstone,1,0,7.755043e-06,0.0
2024,12,32.0,Silverstone,1,0,1.1585577e-05,0.0
2024,12,33.0,Silverstone,1,0,9.643225e-05,0.0
2024,12,34.0,Silverstone,1,0,0.0002955922,0.0
2024,12,35.0,Silverstone,1,0,1.290256e-05,0.0
2024,12,36.0,Silverstone,1,0,1.1930376e-06,0.0
2024,12,37.0,Silverstone,1,0,5.4615366e-06,0.0
2024,12,38.0,Silverstone,1,0,0.0025301701,0.0
2024,12,39.0,Silverstone,1,0,0.002112784,0.0
2024,12,40.0,Silverstone,1,0,1.4479114e-05,0.0
2024,12,41.0,Silverstone,1,0,0.00017701364,0.0
2024,12,42.0,Silverstone,1,0,0.00011280405,0.0
2024,12,43.0,Silverstone,1,0,0.0021382063,0.0
2024,12,44.0,Silverstone,1,0,0.0015947327,0.0
2024,12,45.0,Silverstone,1,0,4.2697147e-06,0.0
2024,12,46.0,Silverstone,1,0,0.0023432116,0.0
2024,12,47.0,Silverstone,1,0,4.717702e-05,0.0
2024,12,48.0,Silverstone,1,0,9.20231e-05,0.0
2024,12,49.0,Silverstone,1,0,0.00017347449,0.0
2024,12,50.0,Silverstone,1,0,0.0010420568,0.0
2024,12,51.0,Silverstone,1,0,6.6234934e-05,0.0
2024,12,52.0,Silverstone,1,0,0.00012936028,0.0
2024,13,1.0,Budapest,1,0,6.327329e-05,0.0
2024,13,2.0,Budapest,1,0,5.336331e-07,0.0
2024,13,3.0,Budapest,1,0,5.083918e-07,0.0
2024,13,4.0,Budapest,1,0,2.7813192e-07,0.0
2024,13,5.0,Budapest,1,0,1.9132892e-07,0.0
2024,13,6.0,Budapest,1,0,3.818222e-05,0.0
2024,13,7.0,Budapest,1,0,0.0011735109,0.0
2024,13,8.0,Budapest,1,0,0.0074320934,0.0
2024,13,9.0,Budapest,1,0,2.1552258e-05,0.0
2024,13,10.0,Budapest,1,0,1.9611562e-05,0.0
2024,13,11.0,Budapest,1,0,1.180008e-06,0.0
2024,13,12.0,Budapest,1,0,1.8767008e-05,0.0
2024,13,13.0,Budapest,1,0,1.4481766e-05,0.0
2024,13,14.0,Budapest,1,0,4.387264e-05,0.0
2024,13,15.0,Budapest,1,0,3.7410864e-05,0.0
2024,13,16.0,Budapest,1,0,7.3292686e-06,0.0
2024,13,17.0,Budapest,1,0,0.0002734366,0.0
2024,13,18.0,Budapest,1,0,0.00018895484,0.0
2024,13,19.0,Budapest,1,0,3.780545e-06,0.0
2024,13,20.0,Budapest,1,0,4.4008556e-07,0.0
2024,13,21.0,Budapest,1,0,2.449092e-08,0.0
2024,13,22.0,Budapest,1,0,9.40133e-10,0.0
2024,13,23.0,Budapest,1,0,1.1785011e-08,0.0
2024,13,24.0,Budapest,1,0,7.97452e-06,0.0
2024,13,25.0,Budapest,1,0,8.8402567e-07,0.0
2024,13,26.0,Budapest,1,0,1.6365262e-07,0.0
2024,13,27.0,Budapest,1,0,1.0847468e-07,0.0
2024,13,28.0,Budapest,1,0,1.1689133e-05,0.0
2024,13,29.0,Budapest,1,0,1.837877e-05,0.0
2024,13,30.0,Budapest,1,0,2.526033e-07,0.0
2024,13,31.0,Budapest,1,0,6.632076e-08,0.0
2024,13,32.0,Budapest,1,0,1.4228043e-07,0.0
2024,13,33.0,Budapest,1,0,8.2370185e-08,0.0
2024,13,34.0,Budapest,1,0,8.206013e-09,0.0
2024,13,35.0,Budapest,1,0,3.1699327e-07,0.0
2024,13,36.0,Budapest,1,0,8.7542656e-10,0.0
2024,13,37.0,Budapest,1,0,1.9153386e-08,0.0
2024,13,38.0,Budapest,1,0,1.1071837e-06,0.0
2024,13,39.0,Budapest,1,0,1.0653249e-06,0.0
2024,13,40.0,Budapest,1,0,1.5128185e-08,0.0
2024,13,41.0,Budapest,1,0,1.3817674e-07,0.0
2024,13,42.0,Budapest,1,0,2.2698853e-06,0.0
2024,13,43.0,Budapest,1,0,5.162745e-06,0.0
2024,13,44.0,Budapest,1,0,1.5936743e-05,0.0
2024,13,45.0,Budapest,1,0,4.6672362e-08,0.0
2024,13,46.0,Budapest,1,0,1.3690379e-06,0.0
2024,13,47.0,Budapest,1,0,1.5957418e-06,0.0
2024,13,48.0,Budapest,1,0,1.4469617e-05,0.0
2024,13,49.0,Budapest,1,0,8.978553e-05,0.0
2024,13,50.0,Budapest,1,0,0.00017987787,0.0
2024,13,51.0,Budapest,1,0,4.709193e-06,0.0
2024,13,52.0,Budapest,1,0,2.779625e-07,0.0
2024,13,53.0,Budapest,1,0,7.865426e-08,0.0
2024,13,54.0,Budapest,1,0,1.8037657e-05,0.0
2024,13,55.0,Budapest,1,0,1.7165912e-07,0.0
2024,13,56.0,Budapest,1,0,1.4090716e-06,0.0
2024,13,57.0,Budapest,1,0,4.448122e-07,0.0
2024,13,58.0,Budapest,1,0,9.7941715e-08,0.0
2024,13,59.0,Budapest,1,0,2.284248e-06,0.0
2024,13,60.0,Budapest,1,0,1.8244427e-07,0.0
2024,13,61.0,Budapest,1,0,3.013762e-06,0.0
2024,13,62.0,Budapest,1,0,7.033684e-06,0.0
2024,13,63.0,Budapest,12,0,8.0661584e-07,0.0
2024,13,64.0,Budapest,1,0,7.6757743e-07,0.0
2024,13,65.0,Budapest,1,0,2.1107903e-08,0.0
2024,13,66.0,Budapest,1,0,7.2472495e-10,0.0
2024,13,67.0,Budapest,1,0,1.9106234e-09,0.0
2024,13,68.0,Budapest,1,0,3.9161802e-10,0.0
2024,13,69.0,Budapest,1,0,7.780315e-09,0.0
2024,13,70.0,Budapest,1,0,1.17220445e-07,0.0
2024,14,1.0,Spa-Francorchamps,1,0,2.5002231e-05,0.0
2024,14,2.0,Spa-Francorchamps,1,0,0.0012636592,0.0
2024,14,3.0,Spa-Francorchamps,1,0,5.494384e-05,0.0
2024,14,4.0,Spa-Francorchamps,1,0,8.69322e-05,0.0
2024,14,5.0,Spa-Francorchamps,1,0,8.733193e-06,0.0
2024,14,6.0,Spa-Francorchamps,1,0,0.0002833912,0.0
2024,14,7.0,Spa-Francorchamps,1,0,3.369186e-05,0.0
2024,14,8.0,Spa-Francorchamps,1,0,0.0032702845,0.0
2024,14,9.0,Spa-Francorchamps,1,0,1.2213915e-06,0.0
2024,14,10.0,Spa-Francorchamps,1,0,5.727022e-05,0.0
2024,14,11.0,Spa-Francorchamps,1,0,2.7010225e-05,0.0
2024,14,12.0,Spa-Francorchamps,1,0,1.2294704e-06,0.0
2024,14,13.0,Spa-Francorchamps,1,0,2.4945712e-07,0.0
2024,14,14.0,Spa-Francorchamps,1,0,0.00026638363,0.0
2024,14,15.0,Spa-Francorchamps,12,0,0.00032730022,0.0
2024,14,16.0,Spa-Francorchamps,1,0,7.476819e-06,0.0
2024,14,17.0,Spa-Francorchamps,1,0,3.2719183e-06,0.0
2024,14,18.0,Spa-Francorchamps,1,0,6.527352e-06,0.0
2024,14,19.0,Spa-Francorchamps,1,0,3.4718016e-07,0.0
2024,14,20.0,Spa-Francorchamps,1,0,1.4325092e-07,0.0
2024,14,21.0,Spa-Francorchamps,1,0,8.615766e-06,0.0
2024,14,22.0,Spa-Francorchamps,1,0,1.0993149e-06,0.0
2024,14,23.0,Spa-Francorchamps,1,0,8.514254e-06,0.0
2024,14,24.0,Spa-Francorchamps,1,0,3.2924472e-05,0.0
2024,14,25.0,Spa-Francorchamps,1,0,3.6673032e-06,0.0
2024,14,26.0,Spa-Francorchamps,1,0,6.3520038e-06,0.0
2024,14,27.0,Spa-Francorchamps,1,0,0.00013191311,0.0
2024,14,28.0,Spa-Francorchamps,1,0,5.9219633e-07,0.0
2024,14,29.0,Spa-Francorchamps,1,0,4.541727e-08,0.0
2024,14,30.0,Spa-Francorchamps,1,0,1.952177e-05,0.0
2024,14,31.0,Spa-Francorchamps,1,0,9.565343e-07,0.0
2024,14,32.0,Spa-Francorchamps,1,0,1.4328195e-05,0.0
2024,14,33.0,Spa-Francorchamps,1,0,1.2346001e-05,0.0
2024,14,34.0,Spa-Francorchamps,1,0,5.4156735e-05,0.0
2024,14,35.0,Spa-Francorchamps,1,0,1.4883904e-05,0.0
2024,14,36.0,Spa-Francorchamps,1,0,8.92646e-05,0.0
2024,14,37.0,Spa-Francorchamps,1,0,9.367806e-06,0.0
2024,14,38.0,Spa-Francorchamps,1,0,1.4618249e-06,0.0
2024,14,39.0,Spa-Francorchamps,1,0,3.9840164e-05,0.0
2024,14,40.0,Spa-Francorchamps,1,0,1.1119042e-05,0.0
2024,14,41.0,Spa-Francorchamps,1,0,4.20491e-06,0.0
2024,14,42.0,Spa-Francorchamps,1,0,1.4860649e-07,0.0
2024,14,43.0,Spa-Francorchamps,1,0,5.0191324e-05,0.0
2024,14,44.0,Spa-Francorchamps,1,0,2.4579892e-06,0.0
2024,15,1.0,Zandvoort,1,0,8.761964e-05,0.0
2024,15,2.0,Zandvoort,1,0,3.3631604e-05,0.0
2024,15,3.0,Zandvoort,1,0,0.00010124746,0.0
2024,15,4.0,Zandvoort,1,0,0.00013740835,0.0
2024,15,5.0,Zandvoort,1,0,0.0001351405,0.0
2024,15,6.0,Zandvoort,1,0,1.3433279e-05,0.0
2024,15,7.0,Zandvoort,1,0,9.225876e-05,0.0
2024,15,8.0,Zandvoort,1,0,3.4138172e-06,0.0
2024,15,9.0,Zandvoort,1,0,0.0005014823,0.0
2024,15,10.0,Zandvoort,1,0,5.3377342e-05,0.0
2024,15,11.0,Zandvoort,1,0,0.0032821374,0.0
2024,15,12.0,Zandvoort,1,0,0.0002426496,0.0
2024,15,13.0,Zandvoort,1,0,2.517613e-07,0.0
2024,15,14.0,Zandvoort,1,0,2.0634122e-06,0.0
2024,15,15.0,Zandvoort,1,0,2.4929568e-06,0.0
2024,15,16.0,Zandvoort,1,0,8.6648e-05,0.0
2024,15,17.0,Zandvoort,1,0,4.1966578e-06,0.0
2024,15,18.0,Zandvoort,1,0,6.097082e-05,0.0
2024,15,19.0,Zandvoort,1,0,5.4201995e-05,0.0
2024,15,20.0,Zandvoort,1,0,3.761553e-05,0.0
2024,15,21.0,Zandvoort,1,0,2.9172106e-05,0.0
2024,15,22.0,Zandvoort,1,0,1.1878883e-05,0.0
2024,15,23.0,Zandvoort,1,0,1.1907866e-07,0.0
2024,15,24.0,Zandvoort,1,0,1.7029783e-05,0.0
2024,15,25.0,Zandvoort,1,0,1.5543956e-05,0.0
2024,15,26.0,Zandvoort,1,0,3.268041e-05,0.0
2024,15,27.0,Zandvoort,1,0,3.554425e-06,0.0
2024,15,28.0,Zandvoort,1,0,2.7725824e-07,0.0
2024,15,29.0,Zandvoort,1,0,1.3344446e-07,0.0
2024,15,30.0,Zandvoort,1,0,0.00096656685,0.0
2024,15,31.0,Zandvoort,1,0,3.0515585e-05,0.0
2024,15,32.0,Zandvoort,1,0,5.5536884e-06,0.0
2024,15,33.0,Zandvoort,1,0,3.0660833e-06,0.0
2024,15,34.0,Zandvoort,1,0,8.151842e-06,0.0
2024,15,35.0,Zandvoort,1,0,1.3798582e-06,0.0
2024,15,36.0,Zandvoort,1,0,5.219722e-06,0.0
2024,15,37.0,Zandvoort,1,0,6.188644e-06,0.0
2024,15,38.0,Zandvoort,1,0,3.9654883e-06,0.0
2024,15,39.0,Zandvoort,1,0,3.1382376e-07,0.0
2024,15,40.0,Zandvoort,1,0,3.0897667e-07,0.0
2024,15,41.0,Zandvoort,1,0,1.2049662e-06,0.0
2024,15,42.0,Zandvoort,1,0,1.9519872e-05,0.0
2024,15,43.0,Zandvoort,1,0,1.2716616e-06,0.0
2024,15,44.0,Zandvoort,1,0,5.155074e-05,0.0
2024,15,45.0,Zandvoort,1,0,0.00014933376,0.0
2024,15,46.0,Zandvoort,1,0,1.9618594e-05,0.0
2024,15,47.0,Zandvoort,1,0,5.2399122e-05,0.0
2024,15,48.0,Zandvoort,1,0,6.107032e-05,0.0
2024,15,49.0,Zandvoort,1,0,2.7516666e-08,0.0
2024,15,50.0,Zandvoort,1,0,7.128001e-05,0.0
2024,15,51.0,Zandvoort,1,0,2.4316084e-06,0.0
2024,15,52.0,Zandvoort,1,0,3.7301736e-06,0.0
2024,15,53.0,Zandvoort,1,0,2.61081e-06,0.0
2024,15,54.0,Zandvoort,1,0,1.7277647e-05,0.0
2024,15,55.0,Zandvoort,1,0,6.92174e-06,0.0
2024,15,56.0,Zandvoort,1,0,1.5624777e-05,0.0
2024,15,57.0,Zandvoort,1,0,4.443149e-07,0.0
2024,15,58.0,Zandvoort,1,0,3.6664603e-06,0.0
2024,15,59.0,Zandvoort,1,0,2.7462038e-06,0.0
2024,15,60.0,Zandvoort,1,0,2.8723375e-07,0.0
2024,15,61.0,Zandvoort,1,0,3.0945662e-06,0.0
2024,15,62.0,Zandvoort,1,0,3.6258257e-07,0.0
2024,15,63.0,Zandvoort,1,0,7.899162e-05,0.0
2024,15,64.0,Zandvoort,1,0,4.0585237e-06,0.0
2024,15,65.0,Zandvoort,1,0,5.2435933e-08,0.0
2024,15,66.0,Zandvoort,1,0,2.4722706e-07,0.0
2024,15,67.0,Zandvoort,1,0,6.3454854e-07,0.0
2024,15,68.0,Zandvoort,1,0,3.9301735e-06,0.0
2024,15,69.0,Zandvoort,1,0,2.5782407e-07,0.0
2024,15,70.0,Zandvoort,1,0,9.730386e-07,0.0
2024,15,71.0,Zandvoort,1,0,1.2727799e-07,0.0
2024,15,72.0,Zandvoort,1,0,6.8357394e-08,0.0
2024,16,1.0,Monza,1,0,5.1542826e-05,0.0
2024,16,2.0,Monza,1,0,2.9526703e-08,0.0
2024,16,3.0,Monza,1,0,1.1335999e-06,0.0
2024,16,4.0,Monza,1,0,3.4437882e-08,0.0
2024,16,5.0,Monza,1,0,4.754829e-05,0.0
2024,16,6.0,Monza,1,0,5.0122014e-07,0.0
2024,16,7.0,Monza,1,0,8.862678e-06,0.0
2024,16,8.0,Monza,1,0,1.3869851e-07,0.0
2024,16,9.0,Monza,1,0,4.3758203e-07,0.0
2024,16,10.0,Monza,1,0,1.5406926e-06,0.0
2024,16,11.0,Monza,1,0,1.8451196e-05,0.0
2024,16,12.0,Monza,1,0,3.897722e-06,0.0
2024,16,13.0,Monza,1,0,3.7700065e-05,0.0
2024,16,14.0,Monza,1,0,3.2948174e-06,0.0
2024,16,15.0,Monza,1,0,0.00023723728,0.0
2024,16,16.0,Monza,1,0,2.6522352e-07,0.0
2024,16,17.0,Monza,1,0,3.2123125e-07,0.0
2024,16,18.0,Monza,1,0,1.0629699e-05,0.0
2024,16,19.0,Monza,1,0,4.116379e-08,0.0
2024,16,20.0,Monza,1,0,9.696629e-07,0.0
2024,16,21.0,Monza,1,0,3.0943815e-05,0.0
2024,16,22.0,Monza,1,0,1.2620552e-07,0.0
2024,16,23.0,Monza,1,0,5.2497374e-08,0.0
2024,16,24.0,Monza,1,0,2.5980833e-06,0.0
2024,16,25.0,Monza,1,0,6.965889e-07,0.0
2024,16,26.0,Monza,1,0,2.0029314e-05,0.0
2024,16,27.0,Monza,1,0,4.6471163e-05,0.0
2024,16,28.0,Monza,1,0,1.9639187e-05,0.0
2024,16,29.0,Monza,1,0,3.2746468e-06,0.0
2024,16,30.0,Monza,1,0,0.00014693284,0.0
2024,16,31.0,Monza,1,0,0.0014096065,0.0
2024,16,32.0,Monza,1,0,0.003663089,0.0
2024,16,33.0,Monza,1,0,3.4479104e-05,0.0
2024,16,34.0,Monza,1,0,1.8233518e-06,0.0
2024,16,35.0,Monza,1,0,4.2527604e-06,0.0
2024,16,36.0,Monza,1,0,7.571243e-07,0.0
2024,16,37.0,Monza,1,0,1.585659e-05,0.0
2024,16,38.0,Monza,1,0,0.0014871039,0.0
2024,16,39.0,Monza,1,0,8.7448774e-05,0.0
2024,16,40.0,Monza,1,0,5.4025018e-06,0.0
2024,16,41.0,Monza,1,0,1.6305049e-06,0.0
2024,16,42.0,Monza,1,0,6.435882e-06,0.0
2024,16,43.0,Monza,1,0,0.00030715304,0.0
2024,16,44.0,Monza,1,0,8.91223e-05,0.0
2024,16,45.0,Monza,1,0,8.554197e-05,0.0
2024,16,46.0,Monza,1,0,3.0998308e-05,0.0
2024,16,47.0,Monza,1,0,2.910797e-05,0.0
2024,16,48.0,Monza,1,0,6.4280364e-05,0.0
2024,16,49.0,Monza,1,0,7.281614e-05,0.0
2024,16,50.0,Monza,1,0,0.0002843902,0.0
2024,16,51.0,Monza,1,0,0.0002590088,0.0
2024,16,52.0,Monza,1,0,3.973218e-06,0.0
2024,16,53.0,Monza,1,0,5.8394413e-05,0.0
2024,17,1.0,Baku,1,0,0.008232503,0.0
2024,17,2.0,Baku,1,0,0.010591025,0.0
2024,17,3.0,Baku,1,0,6.2056947e-06,0.0
2024,17,4.0,Baku,1,0,0.00038451323,0.0
2024,17,5.0,Baku,1,0,7.1979324e-05,0.0
2024,17,6.0,Baku,1,0,1.4863713e-06,0.0
2024,17,7.0,Baku,1,0,1.8177565e-05,0.0
2024,17,8.0,Baku,1,0,8.8460765e-06,0.0
2024,17,9.0,Baku,1,0,5.8611546e-05,0.0
2024,17,10.0,Baku,1,0,3.9318806e-05,0.0
2024,17,11.0,Baku,1,0,0.0019377347,0.0
2024,17,12.0,Baku,1,0,0.00036427198,0.0
2024,17,13.0,Baku,1,0,3.422055e-05,0.0
2024,17,14.0,Baku,1,0,7.0417593e-07,0.0
2024,17,15.0,Baku,1,0,9.235679e-06,0.0
2024,17,16.0,Baku,1,0,0.00051401457,0.0
2024,17,17.0,Baku,1,0,7.8398036e-05,0.0
2024,17,18.0,Baku,1,0,2.3687917e-07,0.0
2024,17,19.0,Baku,1,0,1.6015657e-07,0.0
2024,17,20.0,Baku,1,0,3.5621753e-07,0.0
2024,17,21.0,Baku,1,0,1.143215e-07,0.0
2024,17,22.0,Baku,1,0,5.3831464e-08,0.0
2024,17,23.0,Baku,1,0,9.5167275e-07,0.0
2024,17,24.0,Baku,1,0,7.354106e-07,0.0
2024,17,25.0,Baku,1,0,6.0978087e-05,0.0
2024,17,26.0,Baku,1,0,0.00012165854,0.0
2024,17,27.0,Baku,1,0,0.0053362558,0.0
2024,17,28.0,Baku,1,0,0.0011099253,0.0
2024,17,29.0,Baku,1,0,0.0006914677,0.0
2024,17,30.0,Baku,1,0,0.00059314765,0.0
2024,17,31.0,Baku,1,0,0.0005565812,0.0
2024,17,32.0,Baku,1,0,0.00076736446,0.0
2024,17,33.0,Baku,1,0,9.564007e-06,0.0
2024,17,34.0,Baku,1,0,0.0017717269,0.0
2024,17,35.0,Baku,1,0,0.00021585924,0.0
2024,17,36.0,Baku,12,0,0.012567126,0.0
2024,17,37.0,Baku,1,0,8.4045474e-05,0.0
2024,17,38.0,Baku,1,0,6.063319e-05,0.0
2024,17,39.0,Baku,1,0,2.4702002e-05,0.0
2024,17,40.0,Baku,1,0,0.0007521033,0.0
2024,17,41.0,Baku,1,0,0.001668277,0.0
2024,17,42.0,Baku,1,0,0.00014096667,0.0
2024,17,43.0,Baku,1,0,0.0018117118,0.0
2024,17,44.0,Baku,1,0,0.0011982465,0.0
2024,17,45.0,Baku,1,0,0.0004444549,0.0
2024,17,46.0,Baku,1,0,0.0001558285,0.0
2024,17,47.0,Baku,1,0,3.728361e-05,0.0
2024,17,48.0,Baku,1,0,3.1336788e-06,0.0
2024,17,49.0,Baku,1,0,1.0354433e-05,0.0
2024,17,50.0,Baku,12,0,0.9896674,0.0
2024,17,51.0,Baku,26,0,0.6918547,0.0
2024,18,1.0,Marina Bay,1,0,3.4855257e-05,0.0
2024,18,2.0,Marina Bay,1,0,9.8434306e-05,0.0
2024,18,3.0,Marina Bay,1,0,3.0744915e-05,0.0
2024,18,4.0,Marina Bay,1,0,2.0285344e-05,0.0
2024,18,5.0,Marina Bay,1,0,2.9049319e-05,0.0
2024,18,6.0,Marina Bay,1,0,8.4292236e-07,0.0
2024,18,7.0,Marina Bay,1,0,0.0050625484,0.0
2024,18,8.0,Marina Bay,1,0,2.2740627e-05,0.0
2024,18,9.0,Marina Bay,1,0,2.8349913e-07,0.0
2024,18,10.0,Marina Bay,1,0,8.4164094e-05,0.0
2024,18,11.0,Marina Bay,1,0,0.00028669715,0.0
2024,18,12.0,Marina Bay,1,0,3.4150784e-05,0.0
2024,18,13.0,Marina Bay,1,0,1.2987854e-05,0.0
2024,18,14.0,Marina Bay,1,0,3.904404e-06,0.0
2024,18,15.0,Marina Bay,1,0,2.2606373e-05,0.0
2024,18,16.0,Marina Bay,1,0,3.6630664e-07,0.0
2024,18,17.0,Marina Bay,1,0,1.1040785e-06,0.0
2024,18,18.0,Marina Bay,1,0,0.0001283033,0.0
2024,18,19.0,Marina Bay,1,0,9.601714e-05,0.0
2024,18,20.0,Marina Bay,1,0,5.5873727e-07,0.0
2024,18,21.0,Marina Bay,1,0,2.9810019e-05,0.0
2024,18,22.0,Marina Bay,1,0,6.183077e-05,0.0
2024,18,23.0,Marina Bay,1,0,0.00010391583,0.0
2024,18,24.0,Marina Bay,1,0,6.787302e-05,0.0
2024,18,25.0,Marina Bay,1,0,6.7446344e-05,0.0
2024,18,26.0,Marina Bay,1,0,0.00027823835,0.0
2024,18,27.0,Marina Bay,1,0,2.6559042e-05,0.0
2024,18,28.0,Marina Bay,1,0,0.00014367054,0.0
2024,18,29.0,Marina Bay,1,0,0.00021281064,0.0
2024,18,30.0,Marina Bay,1,0,1.4509731e-05,0.0
2024,18,31.0,Marina Bay,1,0,1.9261395e-05,0.0
2024,18,32.0,Marina Bay,1,0,1.7385246e-07,0.0
2024,18,33.0,Marina Bay,1,0,2.495188e-06,0.0
2024,18,34.0,Marina Bay,1,0,4.0166813e-07,0.0
2024,18,35.0,Marina Bay,1,0,1.0646702e-05,0.0
2024,18,36.0,Marina Bay,1,0,7.1220006e-07,0.0
2024,18,37.0,Marina Bay,1,0,6.2756008e-06,0.0
2024,18,38.0,Marina Bay,1,0,8.6997015e-06,0.0
2024,18,39.0,Marina Bay,1,0,7.8587706e-05,0.0
2024,18,40.0,Marina Bay,1,0,0.00016767463,0.0
2024,18,41.0,Marina Bay,1,0,9.4159004e-05,0.0
2024,18,42.0,Marina Bay,1,0,0.0001615535,0.0
2024,18,43.0,Marina Bay,1,0,4.334714e-05,0.0
2024,18,44.0,Marina Bay,1,0,1.0478424e-05,0.0
2024,18,45.0,Marina Bay,1,0,1.8422181e-06,0.0
2024,18,46.0,Marina Bay,1,0,1.1439648e-06,0.0
2024,18,47.0,Marina Bay,1,0,0.000121112214,0.0
2024,18,48.0,Marina Bay,1,0,9.2385285e-08,0.0
2024,18,49.0,Marina Bay,1,0,0.00014034087,0.0
2024,18,50.0,Marina Bay,1,0,0.0003177862,0.0
2024,18,51.0,Marina Bay,1,0,9.378917e-06,0.0
2024,18,52.0,Marina Bay,1,0,0.0026180646,0.0
2024,18,53.0,Marina Bay,1,0,0.00031756208,0.0
2024,18,54.0,Marina Bay,1,0,1.9228946e-05,0.0
2024,18,55.0,Marina Bay,1,0,1.3120298e-06,0.0
2024,18,56.0,Marina Bay,1,0,2.8304823e-06,0.0
2024,18,57.0,Marina Bay,1,0,4.7460458e-07,0.0
2024,18,58.0,Marina Bay,1,0,3.868511e-06,0.0
2024,18,59.0,Marina Bay,1,0,1.0337846e-05,0.0
2024,18,60.0,Marina Bay,1,0,1.2068234e-06,0.0
2024,18,61.0,Marina Bay,1,0,6.2124154e-06,0.0
2024,18,62.0,Marina Bay,1,0,0.00068708987,0.0
2024,19,1.0,Austin,12,1,0.040071115,0.0
2024,19,2.0,Austin,1,1,0.99952245,0.0
2024,19,3.0,Austin,124,0,0.047940254,0.0
2024,19,4.0,Austin,4,0,0.0005337615,0.0
2024,19,5.0,Austin,41,0,1.934246e-05,1.0
2024,19,6.0,Austin,1,0,1.2741985e-07,1.0
2024,19,7.0,Austin,1,0,4.6599604e-07,1.0
2024,19,8.0,Austin,1,0,7.3892515e-08,1.0
2024,19,9.0,Austin,1,0,7.987733e-07,1.0
2024,19,10.0,Austin,12,0,9.162111e-06,1.0
2024,19,11.0,Austin,1,0,1.18653674e-07,1.0
2024,19,12.0,Austin,1,0,9.859987e-07,1.0
2024,19,13.0,Austin,1,0,8.652679e-08,1.0
2024,19,14.0,Austin,1,0,4.7909805e-07,1.0
2024,19,15.0,Austin,1,0,4.0306446e-08,1.0
2024,19,16.0,Austin,1,0,2.4283431e-06,1.0
2024,19,17.0,Austin,1,0,1.5283022e-05,1.0
2024,19,18.0,Austin,1,0,0.00010655184,1.0
2024,19,19.0,Austin,1,0,9.951497e-09,1.0
2024,19,20.0,Austin,1,0,1.9250958e-06,1.0
2024,19,21.0,Austin,1,0,4.1791512e-09,1.0
2024,19,22.0,Austin,1,0,6.902055e-09,1.0
2024,19,23.0,Austin,1,0,1.7040742e-07,1.0
2024,19,24.0,Austin,1,0,2.2513764e-09,1.0
2024,19,25.0,Austin,1,0,1.4361834e-07,1.0
2024,19,26.0,Austin,1,0,1.1379541e-06,1.0
2024,19,27.0,Austin,1,0,5.0606636e-06,1.0
2024,19,28.0,Austin,1,0,2.3083447e-07,1.0
2024,19,29.0,Austin,1,0,1.6677393e-07,1.0
2024,19,30.0,Austin,1,0,7.968497e-09,1.0
2024,19,31.0,Austin,1,0,1.0673623e-09,1.0
2024,19,32.0,Austin,1,0,1.1252186e-07,1.0
2024,19,33.0,Austin,1,0,5.7506484e-09,1.0
2024,19,34.0,Austin,1,0,1.4022521e-07,1.0
2024,19,35.0,Austin,1,0,8.9514003e-07,1.0
2024,19,36.0,Austin,1,0,4.3710696e-08,1.0
2024,19,37.0,Austin,1,0,6.3523515e-07,1.0
2024,19,38.0,Austin,1,0,1.0457284e-06,1.0
2024,19,39.0,Austin,1,0,1.735958e-06,1.0
2024,19,40.0,Austin,1,0,4.4091104e-07,1.0
2024,19,41.0,Austin,12,0,0.0048984583,1.0
2024,19,42.0,Austin,1,0,6.3661885e-09,1.0
2024,19,43.0,Austin,1,0,1.7228976e-09,1.0
2024,19,44.0,Austin,1,0,2.704535e-08,1.0
2024,19,45.0,Austin,1,0,4.26132e-08,1.0
2024,19,46.0,Austin,1,0,2.8063116e-09,1.0
2024,19,47.0,Austin,1,0,5.316198e-09,1.0
2024,19,48.0,Austin,1,0,1.2062753e-07,1.0
2024,19,49.0,Austin,1,0,7.199476e-08,1.0
2024,19,50.0,Austin,1,0,3.1999602e-07,1.0
2024,19,51.0,Austin,1,0,7.591177e-08,1.0
2024,19,52.0,Austin,1,0,1.6809508e-06,1.0
2024,19,53.0,Austin,1,0,1.0492532e-07,1.0
2024,19,54.0,Austin,1,0,8.960453e-09,1.0
2024,19,55.0,Austin,1,0,7.3235846e-08,1.0
2024,19,56.0,Austin,1,0,7.7230483e-10,1.0
2024,20,1.0,Mexico City,124,0,0.011972059,0.0
2024,20,2.0,Mexico City,4,0,0.007940263,0.0
2024,20,3.0,Mexico City,4,0,1.9384748e-05,1.0
2024,20,4.0,Mexico City,4,0,1.9901252e-05,1.0
2024,20,5.0,Mexico City,4,0,0.0011435089,1.0
2024,20,6.0,Mexico City,41,0,0.00010720185,1.0
2024,20,7.0,Mexico City,1,0,1.9145207e-06,1.0
2024,20,8.0,Mexico City,1,0,3.293037e-08,1.0
2024,20,9.0,Mexico City,1,0,1.9061874e-08,1.0
2024,20,10.0,Mexico City,1,0,3.498474e-07,1.0
2024,20,11.0,Mexico City,1,0,1.1909608e-06,1.0
2024,20,12.0,Mexico City,1,0,1.0187883e-07,1.0
2024,20,13.0,Mexico City,1,0,2.1231182e-07,1.0
2024,20,14.0,Mexico City,1,0,3.3021688e-06,1.0
2024,20,15.0,Mexico City,1,0,0.0007450496,1.0
2024,20,16.0,Mexico City,1,0,5.822279e-06,1.0
2024,20,17.0,Mexico City,1,0,2.5922056e-05,1.0
2024,20,18.0,Mexico City,1,0,0.0003266509,1.0
2024,20,19.0,Mexico City,1,0,2.7868894e-06,1.0
2024,20,20.0,Mexico City,1,0,0.00048287804,1.0
2024,20,21.0,Mexico City,1,0,3.0497993e-08,1.0
2024,20,22.0,Mexico City,1,0,1.4579349e-07,1.0
2024,20,23.0,Mexico City,1,0,1.2196176e-06,1.0
2024,20,24.0,Mexico City,1,0,2.389311e-07,1.0
2024,20,25.0,Mexico City,1,0,5.937744e-05,1.0
2024,20,26.0,Mexico City,1,0,4.1114887e-05,1.0
2024,20,27.0,Mexico City,1,0,2.1625221e-05,1.0
2024,20,28.0,Mexico City,1,0,3.2841167e-06,1.0
2024,20,29.0,Mexico City,1,0,0.00094555377,1.0
2024,20,30.0,Mexico City,1,0,3.163939e-06,1.0
2024,20,31.0,Mexico City,1,0,0.00057678844,1.0
2024,20,32.0,Mexico City,1,0,3.202704e-05,1.0
2024,20,33.0,Mexico City,1,0,1.3443594e-07,1.0
2024,20,34.0,Mexico City,1,0,5.120488e-06,1.0
2024,20,35.0,Mexico City,1,0,1.4155896e-05,1.0
2024,20,36.0,Mexico City,1,0,2.0874939e-05,1.0
2024,20,37.0,Mexico City,1,0,2.0727905e-06,1.0
2024,20,38.0,Mexico City,1,0,1.608718e-05,1.0
2024,20,39.0,Mexico City,1,0,1.1753863e-06,1.0
2024,20,40.0,Mexico City,1,0,0.001192822,1.0
2024,20,41.0,Mexico City,1,0,3.7528957e-07,1.0
2024,20,42.0,Mexico City,1,0,1.5336589e-07,1.0
2024,20,43.0,Mexico City,1,0,6.3180436e-05,1.0
2024,20,44.0,Mexico City,1,0,0.0015384489,1.0
2024,20,45.0,Mexico City,1,0,1.6688398e-05,1.0
2024,20,46.0,Mexico City,1,0,3.8117316e-05,1.0
2024,20,47.0,Mexico City,1,0,6.417722e-05,1.0
2024,20,48.0,Mexico City,1,0,9.4460875e-06,1.0
2024,20,49.0,Mexico City,1,0,0.0004330701,1.0
2024,20,50.0,Mexico City,1,0,0.00051673927,1.0
2024,20,51.0,Mexico City,1,0,3.2318574e-05,1.0
2024,20,52.0,Mexico City,1,0,5.097437e-06,1.0
2024,20,53.0,Mexico City,1,0,6.2346367e-06,1.0
2024,20,54.0,Mexico City,1,0,1.3046171e-06,1.0
2024,20,55.0,Mexico City,1,0,6.0750203e-06,1.0
2024,20,56.0,Mexico City,1,0,2.1292276e-07,1.0
2024,20,57.0,Mexico City,1,0,5.393578e-07,1.0
2024,20,58.0,Mexico City,1,0,8.315074e-07,1.0
2024,20,59.0,Mexico City,1,0,1.6180833e-07,1.0
2024,20,60.0,Mexico City,1,0,2.4282922e-06,1.0
2024,20,61.0,Mexico City,1,0,1.5258824e-08,1.0
2024,20,62.0,Mexico City,1,0,1.4531194e-07,1.0
2024,20,63.0,Mexico City,1,0,1.3487089e-07,1.0
2024,20,64.0,Mexico City,1,0,7.715458e-08,1.0
2024,20,65.0,Mexico City,1,0,1.6032466e-07,1.0
2024,20,66.0,Mexico City,1,0,1.7573105e-06,1.0
2024,20,67.0,Mexico City,1,0,1.0046933e-08,1.0
2024,20,68.0,Mexico City,1,0,5.9044424e-08,1.0
2024,20,69.0,Mexico City,1,0,1.5084655e-07,1.0
2024,20,70.0,Mexico City,1,0,1.3702801e-06,1.0
2024,20,71.0,Mexico City,1,0,1.4608923e-05,1.0
2024,21,1.0,São Paulo,12,0,0.040568337,0.0
2024,21,2.0,São Paulo,1,0,0.0035164638,0.0
2024,21,3.0,São Paulo,1,0,0.00044842117,0.0
2024,21,4.0,São Paulo,12,0,0.10538981,0.0
2024,21,5.0,São Paulo,1,0,0.005091797,0.0
2024,21,6.0,São Paulo,1,0,0.0061996467,0.0
2024,21,7.0,São Paulo,1,0,3.4834236e-06,0.0
2024,21,8.0,São Paulo,1,0,0.014585545,0.0
2024,21,9.0,São Paulo,1,0,0.00011066308,0.0
2024,21,10.0,São Paulo,1,0,0.00020272391,0.0
2024,21,11.0,São Paulo,1,0,5.017826e-05,0.0
2024,21,12.0,São Paulo,12,0,2.1126891e-06,0.0
2024,21,13.0,São Paulo,1,0,1.9492378e-05,0.0
2024,21,14.0,São Paulo,1,0,6.141846e-05,0.0
2024,21,15.0,São Paulo,1,0,8.4954234e-05,0.0
2024,21,16.0,São Paulo,1,0,6.9801267e-06,0.0
2024,21,17.0,São Paulo,1,0,0.00012236404,0.0
2024,21,18.0,São Paulo,1,0,0.00030590256,0.0
2024,21,19.0,São Paulo,1,0,0.018510722,0.0
2024,21,20.0,São Paulo,1,0,0.004441079,0.0
2024,21,21.0,São Paulo,1,0,0.2783091,0.0
2024,21,22.0,São Paulo,1,0,0.012422236,0.0
2024,21,23.0,São Paulo,1,1,0.9995384,0.0
2024,21,24.0,São Paulo,1,1,0.9999683,0.0
2024,21,25.0,São Paulo,1,1,0.99985766,0.0
2024,21,26.0,São Paulo,12,0,0.98412377,0.0
2024,21,27.0,São Paulo,12,0,0.38577437,0.0
2024,21,28.0,São Paulo,267,0,0.014877948,0.0
2024,21,29.0,São Paulo,71,0,0.00047196416,0.0
2024,21,30.0,São Paulo,14,0,0.63578856,0.0
2024,21,31.0,São Paulo,4,0,0.83084595,0.0
2024,21,32.0,São Paulo,45,0,0.31156075,1.0
2024,21,33.0,São Paulo,12,0,0.056845736,1.0
2024,21,34.0,São Paulo,21,0,0.8737242,1.0
2024,21,35.0,São Paulo,1,1,0.9996439,1.0
2024,21,36.0,São Paulo,12,1,0.51859045,1.0
2024,21,37.0,São Paulo,1,1,0.99987924,1.0
2024,21,38.0,São Paulo,12,0,0.89399946,1.0
2024,21,39.0,São Paulo,124,0,0.0830486,1.0
2024,21,40.0,São Paulo,4,0,0.07617585,1.0
2024,21,41.0,São Paulo,4,0,0.1531279,1.0
2024,21,42.0,São Paulo,41,0,0.01976119,1.0
2024,21,43.0,São Paulo,12,0,0.21062367,1.0
2024,21,44.0,São Paulo,21,0,0.115522444,1.0
2024,21,45.0,São Paulo,1,0,0.0010349384,1.0
2024,21,46.0,São Paulo,1,0,0.00028658318,1.0
2024,21,47.0,São Paulo,1,0,2.2157828e-05,1.0
2024,21,48.0,São Paulo,1,0,3.040239e-06,1.0
2024,21,49.0,São Paulo,1,0,6.815801e-05,1.0
2024,21,50.0,São Paulo,1,0,0.0030927483,1.0
2024,21,51.0,São Paulo,1,0,0.0027864089,1.0
2024,21,52.0,São Paulo,12,0,0.0050608604,1.0
2024,21,53.0,São Paulo,1,0,0.0029623683,1.0
2024,21,54.0,São Paulo,1,0,0.00076004677,1.0
2024,21,55.0,São Paulo,1,0,0.00034183217,1.0
2024,21,56.0,São Paulo,1,0,0.0008542923,1.0
2024,21,57.0,São Paulo,1,0,0.00028628687,1.0
2024,21,58.0,São Paulo,1,0,0.00011105167,1.0
2024,21,59.0,São Paulo,1,0,0.0013971598,1.0
2024,21,60.0,São Paulo,1,0,7.541789e-05,1.0
2024,21,61.0,São Paulo,1,0,6.4803025e-05,1.0
2024,21,62.0,São Paulo,1,0,0.0003640125,1.0
2024,21,63.0,São Paulo,1,0,0.00071967836,1.0
2024,21,64.0,São Paulo,1,0,0.0022519138,1.0
2024,21,65.0,São Paulo,1,0,0.0011398809,1.0
2024,21,66.0,São Paulo,1,0,0.0001115456,1.0
2024,21,67.0,São Paulo,1,0,0.00016021274,1.0
2024,21,68.0,São Paulo,1,0,2.4152885e-05,1.0
2024,21,69.0,São Paulo,1,0,4.981486e-05,1.0
2024,22,1.0,Las Vegas,1,0,2.9093899e-06,0.0
2024,22,2.0,Las Vegas,1,0,2.8667213e-08,0.0
2024,22,3.0,Las Vegas,1,0,9.163452e-08,0.0
2024,22,4.0,Las Vegas,1,0,0.0013101802,0.0
2024,22,5.0,Las Vegas,1,0,8.8394415e-08,0.0
2024,22,6.0,Las Vegas,1,0,5.5682808e-08,0.0
2024,22,7.0,Las Vegas,1,0,1.8654558e-06,0.0
2024,22,8.0,Las Vegas,1,0,1.673379e-07,0.0
2024,22,9.0,Las Vegas,1,0,9.577499e-05,0.0
2024,22,10.0,Las Vegas,1,0,9.874903e-06,0.0
2024,22,11.0,Las Vegas,1,0,0.0018898265,0.0
2024,22,12.0,Las Vegas,1,0,0.0017034877,0.0
2024,22,13.0,Las Vegas,1,0,0.00030573754,0.0
2024,22,14.0,Las Vegas,1,0,0.00060409214,0.0
2024,22,15.0,Las Vegas,1,0,0.07395729,0.0
2024,22,16.0,Las Vegas,1,0,2.054929e-05,0.0
2024,22,17.0,Las Vegas,1,0,1.7116909e-05,0.0
2024,22,18.0,Las Vegas,1,0,0.001700168,0.0
2024,22,19.0,Las Vegas,1,0,9.756639e-06,0.0
2024,22,20.0,Las Vegas,1,0,6.9791686e-06,0.0
2024,22,21.0,Las Vegas,1,0,0.00016695926,0.0
2024,22,22.0,Las Vegas,1,0,2.249187e-07,0.0
2024,22,23.0,Las Vegas,1,0,4.22706e-06,0.0
2024,22,24.0,Las Vegas,1,0,0.0052230456,0.0
2024,22,25.0,Las Vegas,1,0,1.9726866e-05,0.0
2024,22,26.0,Las Vegas,1,0,4.659095e-06,0.0
2024,22,27.0,Las Vegas,1,0,0.0006793254,0.0
2024,22,28.0,Las Vegas,1,0,1.4275574e-06,0.0
2024,22,29.0,Las Vegas,1,0,7.3299496e-05,0.0
2024,22,30.0,Las Vegas,1,0,2.349996e-05,0.0
2024,22,31.0,Las Vegas,1,0,8.643443e-06,0.0
2024,22,32.0,Las Vegas,1,0,4.5396915e-05,0.0
2024,22,33.0,Las Vegas,1,0,3.3883491e-06,0.0
2024,22,34.0,Las Vegas,1,0,1.4264865e-06,0.0
2024,22,35.0,Las Vegas,1,0,0.00015582865,0.0
2024,22,36.0,Las Vegas,1,0,0.0006441072,0.0
2024,22,37.0,Las Vegas,1,0,8.838051e-05,0.0
2024,22,38.0,Las Vegas,1,0,0.00026512358,0.0
2024,22,39.0,Las Vegas,1,0,9.488874e-05,0.0
2024,22,40.0,Las Vegas,1,0,0.00012482025,0.0
2024,22,41.0,Las Vegas,1,0,0.00014489278,0.0
2024,22,42.0,Las Vegas,1,0,0.00015844332,0.0
2024,22,43.0,Las Vegas,1,0,0.00031220628,0.0
2024,22,44.0,Las Vegas,1,0,2.4174476e-05,0.0
2024,22,45.0,Las Vegas,1,0,0.0029679125,0.0
2024,22,46.0,Las Vegas,1,0,2.1797686e-07,0.0
2024,22,47.0,Las Vegas,1,0,4.206767e-05,0.0
2024,22,48.0,Las Vegas,1,0,3.0222613e-05,0.0
2024,22,49.0,Las Vegas,1,0,7.620233e-07,0.0
2024,22,50.0,Las Vegas,1,0,3.9527e-06,0.0
2024,23,1.0,Lusail,124,0,0.010755533,0.0
2024,23,2.0,Lusail,4,0,0.020452634,0.0
2024,23,3.0,Lusail,4,0,0.00065149576,1.0
2024,23,4.0,Lusail,41,0,0.0025429258,1.0
2024,23,5.0,Lusail,12,0,0.0026258768,1.0
2024,23,6.0,Lusail,1,0,7.822436e-06,1.0
2024,23,7.0,Lusail,1,0,4.4097465e-05,1.0
2024,23,8.0,Lusail,1,0,1.3271423e-06,1.0
2024,23,9.0,Lusail,1,0,7.555754e-05,1.0
2024,23,10.0,Lusail,1,0,0.00065311743,1.0
2024,23,11.0,Lusail,1,0,0.00022513734,1.0
2024,23,12.0,Lusail,1,0,0.00011728214,1.0
2024,23,13.0,Lusail,1,0,1.3677077e-05,1.0
2024,23,14.0,Lusail,1,0,3.764517e-07,1.0
2024,23,15.0,Lusail,1,0,1.1277141e-07,1.0
2024,23,16.0,Lusail,1,0,3.0302701e-06,1.0
2024,23,17.0,Lusail,1,0,6.181389e-06,1.0
2024,23,18.0,Lusail,1,0,3.0514391e-05,1.0
2024,23,19.0,Lusail,1,0,4.4324966e-05,1.0
2024,23,20.0,Lusail,1,0,3.238534e-06,1.0
2024,23,21.0,Lusail,1,0,1.7663148e-06,1.0
2024,23,22.0,Lusail,1,0,9.065463e-06,1.0
2024,23,23.0,Lusail,1,0,0.007281652,1.0
2024,23,24.0,Lusail,1,0,0.0059438017,1.0
2024,23,25.0,Lusail,1,0,0.0028527214,1.0
2024,23,26.0,Lusail,1,0,9.614861e-05,1.0
2024,23,27.0,Lusail,1,0,0.00051424734,1.0
2024,23,28.0,Lusail,1,0,0.011080464,1.0
2024,23,29.0,Lusail,1,0,0.011733243,1.0
2024,23,30.0,Lusail,12,0,0.0016733571,1.0
2024,23,31.0,Lusail,1,0,6.6692795e-05,1.0
2024,23,32.0,Lusail,1,1,0.99948764,1.0
2024,23,33.0,Lusail,1,1,0.0055361544,1.0
2024,23,34.0,Lusail,1,1,0.0007074434,1.0
2024,23,35.0,Lusail,14,0,0.008550663,1.0
2024,23,36.0,Lusail,4,0,0.009889054,1.0
2024,23,37.0,Lusail,4,0,0.008550663,1.0
2024,23,38.0,Lusail,4,0,0.009631037,1.0
2024,23,39.0,Lusail,41,0,0.006392345,1.0
2024,23,40.0,Lusail,1264,0,0.043066237,1.0
2024,23,41.0,Lusail,4,0,0.024160886,1.0
2024,23,42.0,Lusail,41,0,0.026050549,1.0
2024,23,43.0,Lusail,1,0,1.6695481e-05,1.0
2024,23,44.0,Lusail,1,0,0.00022938136,1.0
2024,23,45.0,Lusail,1,0,2.2941067e-05,1.0
2024,23,46.0,Lusail,1,0,0.00039238934,1.0
2024,23,47.0,Lusail,1,0,0.00020373095,1.0
2024,23,48.0,Lusail,1,0,0.0004996812,1.0
2024,23,49.0,Lusail,1,0,5.058579e-06,1.0
2024,23,50.0,Lusail,1,0,0.00012292236,1.0
2024,23,51.0,Lusail,1,0,6.0798775e-06,1.0
2024,23,52.0,Lusail,1,0,3.767329e-07,1.0
2024,23,53.0,Lusail,1,0,2.4252967e-07,1.0
2024,23,54.0,Lusail,1,0,1.4079149e-07,1.0
2024,23,55.0,Lusail,1,0,5.266536e-07,1.0
2024,23,56.0,Lusail,1,0,0.00014392502,1.0
2024,23,57.0,Lusail,1,0,9.817466e-06,1.0
2024,24,1.0,Yas Island,12,0,2.5943373e-05,0.0
2024,24,2.0,Yas Island,126,0,0.0008267049,0.0
2024,24,3.0,Yas Island,671,0,2.6582886e-05,0.0
2024,24,4.0,Yas Island,1,0,2.900375e-08,0.0
2024,24,5.0,Yas Island,1,0,0.0002814313,0.0
2024,24,6.0,Yas Island,1,0,0.00019595999,0.0
2024,24,7.0,Yas Island,1,0,5.9511027e-08,0.0
2024,24,8.0,Yas Island,1,0,9.738735e-06,0.0
2024,24,9.0,Yas Island,1,0,2.4299708e-05,0.0
2024,24,10.0,Yas Island,1,0,2.5135081e-05,0.0
2024,24,11.0,Yas Island,1,0,0.00019881237,0.0
2024,24,12.0,Yas Island,1,0,3.5157576e-05,0.0
2024,24,13.0,Yas Island,1,0,1.0630622e-05,0.0
2024,24,14.0,Yas Island,1,0,0.00011050965,0.0
2024,24,15.0,Yas Island,1,0,0.00017879391,0.0
2024,24,16.0,Yas Island,1,0,0.0012074141,0.0
2024,24,17.0,Yas Island,1,0,0.0046193404,0.0
2024,24,18.0,Yas Island,1,0,5.202393e-06,0.0
2024,24,19.0,Yas Island,1,0,1.6000589e-06,0.0
2024,24,20.0,Yas Island,1,0,3.4770105e-07,0.0
2024,24,21.0,Yas Island,1,0,0.00013927092,0.0
2024,24,22.0,Yas Island,1,0,2.1184017e-07,0.0
2024,24,23.0,Yas Island,1,0,1.6091963e-06,0.0
2024,24,24.0,Yas Island,1,0,1.4221492e-06,0.0
2024,24,25.0,Yas Island,1,0,3.995157e-06,0.0
2024,24,26.0,Yas Island,1,0,4.748572e-07,0.0
2024,24,27.0,Yas Island,1,0,6.397623e-06,0.0
2024,24,28.0,Yas Island,1,0,8.781767e-08,0.0
2024,24,29.0,Yas Island,1,0,5.1429968e-08,0.0
2024,24,30.0,Yas Island,1,0,0.002768126,0.0
2024,24,31.0,Yas Island,12,0,2.800766e-07,0.0
2024,24,32.0,Yas Island,1,0,1.145644e-06,0.0
2024,24,33.0,Yas Island,1,0,1.0717984e-07,0.0
2024,24,34.0,Yas Island,1,0,4.197174e-06,0.0
2024,24,35.0,Yas Island,1,0,2.973417e-06,0.0
2024,24,36.0,Yas Island,1,0,4.322891e-05,0.0
2024,24,37.0,Yas Island,1,0,1.188692e-07,0.0
2024,24,38.0,Yas Island,1,0,5.1747725e-06,0.0
2024,24,39.0,Yas Island,1,0,8.185176e-06,0.0
2024,24,40.0,Yas Island,1,0,1.2679089e-06,0.0
2024,24,41.0,Yas Island,1,0,2.2336913e-05,0.0
2024,24,42.0,Yas Island,1,0,6.76103e-07,0.0
2024,24,43.0,Yas Island,1,0,2.5456813e-05,0.0
2024,24,44.0,Yas Island,1,0,1.5480952e-06,0.0
2024,24,45.0,Yas Island,1,0,3.2728252e-07,0.0
2024,24,46.0,Yas Island,1,0,1.5807904e-06,0.0
2024,24,47.0,Yas Island,1,0,0.001052152,0.0
2024,24,48.0,Yas Island,1,0,8.380334e-06,0.0
2024,24,49.0,Yas Island,1,0,2.4815265e-05,0.0
2024,24,50.0,Yas Island,1,0,0.00049805164,0.0
2024,24,51.0,Yas Island,1,0,1.6924108e-05,0.0
2024,24,52.0,Yas Island,1,0,0.0004017188,0.0
2024,24,53.0,Yas Island,1,0,5.8379108e-05,0.0
2024,24,54.0,Yas Island,1,0,1.767752e-05,0.0
2024,24,55.0,Yas Island,1,0,3.285965e-06,0.0
2024,24,56.0,Yas Island,1,0,7.934799e-06,0.0
2024,24,57.0,Yas Island,1,0,0.0001276435,0.0
2024,24,58.0,Yas Island,12,0,4.0342784e-06,0.0
2025,1,1.0,Melbourne,124,0,0.005128814,0.0
2025,1,2.0,Melbourne,4,0,0.040157005,0.0
2025,1,3.0,Melbourne,4,0,0.014404523,1.0
2025,1,4.0,Melbourne,4,0,0.10591773,1.0
2025,1,5.0,Melbourne,4,0,0.0150569845,1.0
2025,1,6.0,Melbourne,4,0,0.0043076775,1.0
2025,1,7.0,Melbourne,41,0,0.0065755993,1.0
2025,1,8.0,Melbourne,1,0,0.0010519224,1.0
2025,1,9.0,Melbourne,1,0,7.520029e-07,1.0
2025,1,10.0,Melbourne,1,0,7.356551e-06,1.0
2025,1,11.0,Melbourne,1,0,2.3011688e-05,1.0
2025,1,12.0,Melbourne,1,0,2.2065995e-05,1.0
2025,1,13.0,Melbourne,1,0,0.00015103388,1.0
2025,1,14.0,Melbourne,1,0,5.5217006e-06,1.0
2025,1,15.0,Melbourne,1,0,2.5586821e-06,1.0
2025,1,16.0,Melbourne,1,0,0.00017426163,1.0
2025,1,17.0,Melbourne,1,0,1.4811837e-06,1.0
2025,1,18.0,Melbourne,1,0,0.00012748975,1.0
2025,1,19.0,Melbourne,1,0,0.00030699963,1.0
2025,1,20.0,Melbourne,1,0,1.5703441e-05,1.0
2025,1,21.0,Melbourne,1,0,3.93252e-06,1.0
2025,1,22.0,Melbourne,1,0,0.00035394318,1.0
2025,1,23.0,Melbourne,1,0,0.0030625244,1.0
2025,1,24.0,Melbourne,1,0,0.0044237995,1.0
2025,1,25.0,Melbourne,1,0,0.0014706034,1.0
2025,1,26.0,Melbourne,1,0,0.0031754046,1.0
2025,1,27.0,Melbourne,1,0,0.00042188427,1.0
2025,1,28.0,Melbourne,1,0,0.003913171,1.0
2025,1,29.0,Melbourne,1,0,0.009402796,1.0
2025,1,30.0,Melbourne,1,0,0.0053129536,1.0
2025,1,31.0,Melbourne,1,1,0.99966276,1.0
2025,1,32.0,Melbourne,1,1,0.9997646,1.0
2025,1,33.0,Melbourne,1,1,0.99966073,1.0
2025,1,34.0,Melbourne,124,0,0.003890487,1.0
2025,1,35.0,Melbourne,4,0,0.0145371575,1.0
2025,1,36.0,Melbourne,4,0,0.00783995,1.0
2025,1,37.0,Melbourne,4,0,0.010297603,1.0
2025,1,38.0,Melbourne,4,0,0.010273798,1.0
2025,1,39.0,Melbourne,4,0,0.010273798,1.0
2025,1,40.0,Melbourne,4,0,0.011002627,1.0
2025,1,41.0,Melbourne,41,0,0.026948415,1.0
2025,1,42.0,Melbourne,1,0,0.00030331127,1.0
2025,1,43.0,Melbourne,1,0,0.0017948356,1.0
2025,1,44.0,Melbourne,12,1,0.02582346,1.0
2025,1,45.0,Melbourne,21,1,0.009292713,1.0
2025,1,46.0,Melbourne,1,1,0.9997619,1.0
2025,1,47.0,Melbourne,124,0,0.14528577,1.0
2025,1,48.0,Melbourne,4,0,0.0798858,1.0
2025,1,49.0,Melbourne,4,0,0.019956836,1.0
2025,1,50.0,Melbourne,4,0,0.5853532,1.0
2025,1,51.0,Melbourne,41,0,0.58405966,1.0
2025,1,52.0,Melbourne,1,0,0.00026235788,1.0
2025,1,53.0,Melbourne,1,0,1.3008791e-05,1.0
2025,1,54.0,Melbourne,1,0,6.657556e-05,1.0
2025,1,55.0,Melbourne,1,0,4.248419e-06,1.0
2025,1,56.0,Melbourne,1,0,0.00012316782,1.0
2025,1,57.0,Melbourne,1,0,9.506109e-05,1.0
2025,2,1.0,Shanghai,12,0,0.00017305388,0.0
2025,2,2.0,Shanghai,1,0,0.0005920776,0.0
2025,2,3.0,Shanghai,12,0,0.0044043013,0.0
2025,2,4.0,Shanghai,1,0,0.0001463008,0.0
2025,2,5.0,Shanghai,1,0,2.0352836e-05,0.0
2025,2,6.0,Shanghai,12,0,0.0001276244,0.0
2025,2,7.0,Shanghai,1,0,6.0019715e-06,0.0
2025,2,8.0,Shanghai,1,0,0.0004577946,0.0
2025,2,9.0,Shanghai,1,0,0.00074934575,0.0
2025,2,10.0,Shanghai,1,0,0.0011389854,0.0
2025,2,11.0,Shanghai,1,0,0.00018311969,0.0
2025,2,12.0,Shanghai,1,0,0.0048552146,0.0
2025,2,13.0,Shanghai,1,0,1.6030255e-05,0.0
2025,2,14.0,Shanghai,1,0,0.00069629273,0.0
2025,2,15.0,Shanghai,1,0,0.002239243,0.0
2025,2,16.0,Shanghai,1,0,0.00010917035,0.0
2025,2,17.0,Shanghai,1,0,1.953842e-06,0.0
2025,2,18.0,Shanghai,1,0,0.00053015316,0.0
2025,2,19.0,Shanghai,1,0,0.0008366119,0.0
2025,2,20.0,Shanghai,1,0,7.082655e-07,0.0
2025,2,21.0,Shanghai,1,0,0.00039296786,0.0
2025,2,22.0,Shanghai,1,0,2.3834198e-06,0.0
2025,2,23.0,Shanghai,1,0,5.23341e-05,0.0
2025,2,24.0,Shanghai,1,0,8.84036e-05,0.0
2025,2,25.0,Shanghai,1,0,3.1947944e-05,0.0
2025,2,26.0,Shanghai,1,0,0.00040169831,0.0
2025,2,27.0,Shanghai,1,0,0.00073820516,0.0
2025,2,28.0,Shanghai,1,0,6.1423057e-06,0.0
2025,2,29.0,Shanghai,1,0,6.73712e-05,0.0
2025,2,30.0,Shanghai,1,0,2.877069e-06,0.0
2025,2,31.0,Shanghai,1,0,8.4279985e-05,0.0
2025,2,32.0,Shanghai,1,0,5.018926e-06,0.0
2025,2,33.0,Shanghai,1,0,2.7747408e-06,0.0
2025,2,34.0,Shanghai,1,0,6.279601e-05,0.0
2025,2,35.0,Shanghai,1,0,3.0200514e-05,0.0
2025,2,36.0,Shanghai,1,0,0.00044854323,0.0
2025,2,37.0,Shanghai,1,0,3.3105098e-05,0.0
2025,2,38.0,Shanghai,1,0,0.0001755918,0.0
2025,2,39.0,Shanghai,1,0,0.00013794516,0.0
2025,2,40.0,Shanghai,1,0,1.1913167e-05,0.0
2025,2,41.0,Shanghai,1,0,8.010779e-05,0.0
2025,2,42.0,Shanghai,1,0,9.16434e-06,0.0
2025,2,43.0,Shanghai,1,0,2.1336627e-05,0.0
2025,2,44.0,Shanghai,1,0,5.6891695e-06,0.0
2025,2,45.0,Shanghai,1,0,1.7700884e-05,0.0
2025,2,46.0,Shanghai,1,0,0.0001967463,0.0
2025,2,47.0,Shanghai,1,0,0.0004847941,0.0
2025,2,48.0,Shanghai,1,0,5.9412723e-05,0.0
2025,2,49.0,Shanghai,1,0,1.3574581e-06,0.0
2025,2,50.0,Shanghai,1,0,5.2645548e-05,0.0
2025,2,51.0,Shanghai,1,0,0.0003007333,0.0
2025,2,52.0,Shanghai,1,0,9.456916e-05,0.0
2025,2,53.0,Shanghai,1,0,0.00044377864,0.0
2025,2,54.0,Shanghai,1,0,5.3212872e-05,0.0
2025,2,55.0,Shanghai,1,0,4.6452433e-06,0.0
2025,2,56.0,Shanghai,1,0,2.9004419e-05,0.0
2025,3,1.0,Suzuka,1,0,1.7182803e-05,0.0
2025,3,2.0,Suzuka,1,0,6.411617e-05,0.0
2025,3,3.0,Suzuka,1,0,0.0015711887,0.0
2025,3,4.0,Suzuka,1,0,0.0018569159,0.0
2025,3,5.0,Suzuka,1,0,0.00304056,0.0
2025,3,6.0,Suzuka,1,0,0.0002456197,0.0
2025,3,7.0,Suzuka,1,0,0.00035508673,0.0
2025,3,8.0,Suzuka,1,0,0.0009317514,0.0
2025,3,9.0,Suzuka,1,0,0.00020545052,0.0
2025,3,10.0,Suzuka,1,0,1.595026e-05,0.0
2025,3,11.0,Suzuka,1,0,3.5650166e-05,0.0
2025,3,12.0,Suzuka,1,0,3.6189892e-06,0.0
2025,3,13.0,Suzuka,1,0,2.8152346e-07,0.0
2025,3,14.0,Suzuka,1,0,1.5223321e-06,0.0
2025,3,15.0,Suzuka,1,0,1.1780223e-06,0.0
2025,3,16.0,Suzuka,1,0,2.4100082e-05,0.0
2025,3,17.0,Suzuka,1,0,6.9035406e-05,0.0
2025,3,18.0,Suzuka,1,0,8.404235e-05,0.0
2025,3,19.0,Suzuka,1,0,0.00014791093,0.0
2025,3,20.0,Suzuka,1,0,0.0010259027,0.0
2025,3,21.0,Suzuka,1,0,3.3201427e-06,0.0
2025,3,22.0,Suzuka,1,0,0.00023037972,0.0
2025,3,23.0,Suzuka,1,0,2.669178e-07,0.0
2025,3,24.0,Suzuka,1,0,4.2283946e-06,0.0
2025,3,25.0,Suzuka,1,0,5.0954054e-06,0.0
2025,3,26.0,Suzuka,1,0,1.682097e-05,0.0
2025,3,27.0,Suzuka,1,0,1.3205005e-05,0.0
2025,3,28.0,Suzuka,1,0,3.8529855e-05,0.0
2025,3,29.0,Suzuka,1,0,2.858157e-05,0.0
2025,3,30.0,Suzuka,1,0,2.51055e-06,0.0
2025,3,31.0,Suzuka,1,0,1.9319987e-07,0.0
2025,3,32.0,Suzuka,1,0,8.359347e-08,0.0
2025,3,33.0,Suzuka,1,0,2.9968094e-06,0.0
2025,3,34.0,Suzuka,1,0,7.80136e-06,0.0
2025,3,35.0,Suzuka,1,0,7.400493e-05,0.0
2025,3,36.0,Suzuka,1,0,1.6914299e-05,0.0
2025,3,37.0,Suzuka,1,0,0.00012947136,0.0
2025,3,38.0,Suzuka,1,0,3.6637826e-05,0.0
2025,3,39.0,Suzuka,1,0,4.4491926e-06,0.0
2025,3,40.0,Suzuka,1,0,4.6574633e-07,0.0
2025,3,41.0,Suzuka,1,0,3.6587826e-07,0.0
2025,3,42.0,Suzuka,1,0,1.207505e-06,0.0
2025,3,43.0,Suzuka,1,0,8.6820535e-07,0.0
2025,3,44.0,Suzuka,1,0,1.1500286e-07,0.0
2025,3,45.0,Suzuka,1,0,1.1275307e-06,0.0
2025,3,46.0,Suzuka,1,0,1.762653e-06,0.0
2025,3,47.0,Suzuka,1,0,3.157123e-05,0.0
2025,3,48.0,Suzuka,1,0,3.9684046e-06,0.0
2025,3,49.0,Suzuka,1,0,5.3411754e-06,0.0
2025,3,50.0,Suzuka,1,0,0.00033495872,0.0
2025,3,51.0,Suzuka,1,0,2.570599e-05,0.0
2025,3,52.0,Suzuka,1,0,0.00013342459,0.0
2025,3,53.0,Suzuka,1,0,1.1818869e-05,0.0
2025,4,1.0,Sakhir,1,0,3.6075523e-06,0.0
2025,4,2.0,Sakhir,1,0,1.0222433e-07,0.0
2025,4,3.0,Sakhir,1,0,9.767886e-08,0.0
2025,4,4.0,Sakhir,1,0,0.00017808612,0.0
2025,4,5.0,Sakhir,1,0,0.00021565786,0.0
2025,4,6.0,Sakhir,1,0,9.5159476e-07,0.0
2025,4,7.0,Sakhir,1,0,3.9771076e-06,0.0
2025,4,8.0,Sakhir,1,0,6.410544e-08,0.0
2025,4,9.0,Sakhir,1,0,2.575639e-05,0.0
2025,4,10.0,Sakhir,1,0,0.00019018725,0.0
2025,4,11.0,Sakhir,1,0,5.3743814e-05,0.0
2025,4,12.0,Sakhir,1,0,2.5368985e-05,0.0
2025,4,13.0,Sakhir,1,0,8.6867685e-06,0.0
2025,4,14.0,Sakhir,1,0,5.969041e-06,0.0
2025,4,15.0,Sakhir,1,0,2.7346305e-05,0.0
2025,4,16.0,Sakhir,1,0,0.0006078282,0.0
2025,4,17.0,Sakhir,1,0,0.018118523,0.0
2025,4,18.0,Sakhir,1,0,0.0007069002,0.0
2025,4,19.0,Sakhir,1,0,2.0152138e-06,0.0
2025,4,20.0,Sakhir,1,0,1.5549738e-05,0.0
2025,4,21.0,Sakhir,1,0,0.0002007303,0.0
2025,4,22.0,Sakhir,1,0,4.9826307e-05,0.0
2025,4,23.0,Sakhir,1,0,0.0012714003,0.0
2025,4,24.0,Sakhir,1,0,7.1340466e-05,0.0
2025,4,25.0,Sakhir,1,0,1.6719083e-06,0.0
2025,4,26.0,Sakhir,1,0,6.3046764e-06,0.0
2025,4,27.0,Sakhir,1,0,0.00057539187,0.0
2025,4,28.0,Sakhir,1,0,0.0002870144,0.0
2025,4,29.0,Sakhir,1,1,0.99954045,0.0
2025,4,30.0,Sakhir,1,1,0.9000409,0.0
2025,4,31.0,Sakhir,1,1,0.99981374,0.0
2025,4,32.0,Sakhir,14,0,0.008524983,0.0
2025,4,33.0,Sakhir,4,0,0.002107987,0.0
2025,4,34.0,Sakhir,4,0,2.5842553e-05,1.0
2025,4,35.0,Sakhir,41,0,2.7167058e-05,1.0
2025,4,36.0,Sakhir,1,0,1.9528417e-05,1.0
2025,4,37.0,Sakhir,1,0,1.0519436e-05,1.0
2025,4,38.0,Sakhir,1,0,5.8847554e-06,1.0
2025,4,39.0,Sakhir,1,0,0.000117746946,1.0
2025,4,40.0,Sakhir,1,0,3.7427521e-06,1.0
2025,4,41.0,Sakhir,1,0,3.506623e-05,1.0
2025,4,42.0,Sakhir,1,0,0.00021954878,1.0
2025,4,43.0,Sakhir,1,0,9.926389e-05,1.0
2025,4,44.0,Sakhir,1,0,6.338991e-05,1.0
2025,4,45.0,Sakhir,1,0,4.9316997e-05,1.0
2025,4,46.0,Sakhir,1,0,2.1532735e-06,1.0
2025,4,47.0,Sakhir,1,0,4.7938274e-06,1.0
2025,4,48.0,Sakhir,1,0,9.157088e-06,1.0
2025,4,49.0,Sakhir,1,0,4.930591e-07,1.0
2025,4,50.0,Sakhir,1,0,1.0504608e-05,1.0
2025,4,51.0,Sakhir,1,0,0.00020356184,1.0
2025,4,52.0,Sakhir,1,0,6.575432e-05,1.0
2025,4,53.0,Sakhir,1,0,1.8008386e-05,1.0
2025,4,54.0,Sakhir,1,0,3.082524e-05,1.0
2025,4,55.0,Sakhir,1,0,1.9552715e-06,1.0
2025,4,56.0,Sakhir,1,0,7.603232e-07,1.0
2025,4,57.0,Sakhir,1,0,1.1192929e-05,1.0
2025,5,1.0,Jeddah,124,0,0.55658644,0.0
2025,5,2.0,Jeddah,4,0,0.42621636,0.0
2025,5,3.0,Jeddah,41,0,0.0044981,1.0
2025,5,4.0,Jeddah,1,0,8.209152e-06,1.0
2025,5,5.0,Jeddah,1,0,8.609264e-05,1.0
2025,5,6.0,Jeddah,1,0,2.9845463e-05,1.0
2025,5,7.0,Jeddah,1,0,1.750039e-05,1.0
2025,5,8.0,Jeddah,1,0,5.234378e-06,1.0
2025,5,9.0,Jeddah,1,0,2.15343e-05,1.0
2025,5,10.0,Jeddah,1,0,3.1480639e-07,1.0
2025,5,11.0,Jeddah,1,0,2.796762e-06,1.0
2025,5,12.0,Jeddah,1,0,1.2076928e-06,1.0
2025,5,13.0,Jeddah,1,0,3.7155141e-06,1.0
2025,5,14.0,Jeddah,1,0,7.484502e-06,1.0
2025,5,15.0,Jeddah,1,0,0.00012209004,1.0
2025,5,16.0,Jeddah,1,0,0.00022477785,1.0
2025,5,17.0,Jeddah,1,0,4.6182195e-05,1.0
2025,5,18.0,Jeddah,1,0,0.00018504215,1.0
2025,5,19.0,Jeddah,1,0,0.0019042143,1.0
2025,5,20.0,Jeddah,1,0,0.0005628676,1.0
2025,5,21.0,Jeddah,1,0,9.4630295e-06,1.0
2025,5,22.0,Jeddah,1,0,9.326928e-07,1.0
2025,5,23.0,Jeddah,1,0,1.8629189e-05,1.0
2025,5,24.0,Jeddah,1,0,0.00019336928,1.0
2025,5,25.0,Jeddah,1,0,1.471278e-07,1.0
2025,5,26.0,Jeddah,1,0,2.5922845e-06,1.0
2025,5,27.0,Jeddah,1,0,5.6893047e-08,1.0
2025,5,28.0,Jeddah,1,0,1.453376e-07,1.0
2025,5,29.0,Jeddah,1,0,1.0557792e-06,1.0
2025,5,30.0,Jeddah,1,0,4.3159132e-05,1.0
2025,5,31.0,Jeddah,1,0,3.601863e-06,1.0
2025,5,32.0,Jeddah,1,0,3.4273444e-07,1.0
2025,5,33.0,Jeddah,1,0,0.0007793724,1.0
2025,5,34.0,Jeddah,1,0,9.6694675e-05,1.0
2025,5,35.0,Jeddah,1,0,1.1442615e-06,1.0
2025,5,36.0,Jeddah,1,0,2.3691557e-07,1.0
2025,5,37.0,Jeddah,1,0,9.370152e-08,1.0
2025,5,38.0,Jeddah,1,0,1.7878849e-05,1.0
2025,5,39.0,Jeddah,1,0,7.911036e-06,1.0
2025,5,40.0,Jeddah,1,0,1.1597865e-06,1.0
2025,5,41.0,Jeddah,1,0,2.017121e-06,1.0
2025,5,42.0,Jeddah,1,0,1.8211014e-06,1.0
2025,5,43.0,Jeddah,1,0,1.0487402e-05,1.0
2025,5,44.0,Jeddah,1,0,1.0571716e-06,1.0
2025,5,45.0,Jeddah,1,0,8.0815585e-07,1.0
2025,5,46.0,Jeddah,1,0,1.6716197e-06,1.0
2025,5,47.0,Jeddah,1,0,1.5757356e-05,1.0
2025,5,48.0,Jeddah,1,0,3.1904513e-06,1.0
2025,5,49.0,Jeddah,1,0,1.9456047e-08,1.0
2025,5,50.0,Jeddah,1,0,2.2628697e-05,1.0
2025,6,1.0,Miami Gardens,12,0,0.03623877,0.0
2025,6,2.0,Miami Gardens,126,0,0.29575694,0.0
2025,6,3.0,Miami Gardens,671,0,0.07009882,0.0
2025,6,4.0,Miami Gardens,1,0,0.00047392593,0.0
2025,6,5.0,Miami Gardens,1,0,0.00073911005,0.0
2025,6,6.0,Miami Gardens,1,0,2.0980435e-05,0.0
2025,6,7.0,Miami Gardens,1,0,3.136851e-05,0.0
2025,6,8.0,Miami Gardens,1,0,9.404719e-05,0.0
2025,6,9.0,Miami Gardens,1,0,0.00013726784,0.0
2025,6,10.0,Miami Gardens,1,0,6.5586864e-05,0.0
2025,6,11.0,Miami Gardens,1,0,6.2852373e-06,0.0
2025,6,12.0,Miami Gardens,1,0,7.695354e-06,0.0
2025,6,13.0,Miami Gardens,1,0,1.9561596e-05,0.0
2025,6,14.0,Miami Gardens,1,0,1.3976489e-06,0.0
2025,6,15.0,Miami Gardens,1,0,1.625089e-05,0.0
2025,6,16.0,Miami Gardens,1,0,6.405432e-06,0.0
2025,6,17.0,Miami Gardens,1,0,1.4414758e-07,0.0
2025,6,18.0,Miami Gardens,1,0,7.0936244e-06,0.0
2025,6,19.0,Miami Gardens,1,0,2.3520806e-06,0.0
2025,6,20.0,Miami Gardens,1,0,7.0180663e-06,0.0
2025,6,21.0,Miami Gardens,1,0,0.0009876193,0.0
2025,6,22.0,Miami Gardens,1,0,3.786007e-08,0.0
2025,6,23.0,Miami Gardens,1,0,6.3976354e-06,0.0
2025,6,24.0,Miami Gardens,1,0,0.0002525491,0.0
2025,6,25.0,Miami Gardens,1,0,9.912231e-08,0.0
2025,6,26.0,Miami Gardens,1,0,2.084554e-06,0.0
2025,6,27.0,Miami Gardens,1,0,1.0815606e-06,0.0
2025,6,28.0,Miami Gardens,1,0,0.00096511847,0.0
2025,6,29.0,Miami Gardens,16,0,0.0010044709,0.0
2025,6,30.0,Miami Gardens,671,0,0.0007666887,0.0
2025,6,31.0,Miami Gardens,1,0,0.0004144597,0.0
2025,6,32.0,Miami Gardens,1,0,7.266966e-07,0.0
2025,6,33.0,Miami Gardens,16,0,0.08123923,0.0
2025,6,34.0,Miami Gardens,671,0,0.000345653,0.0
2025,6,35.0,Miami Gardens,1,0,9.14276e-06,0.0
2025,6,36.0,Miami Gardens,1,0,1.7396076e-05,0.0
2025,6,37.0,Miami Gardens,1,0,3.865384e-05,0.0
2025,6,38.0,Miami Gardens,1,0,2.528932e-05,0.0
2025,6,39.0,Miami Gardens,1,0,7.89027e-07,0.0
2025,6,40.0,Miami Gardens,1,0,6.0800005e-07,0.0
2025,6,41.0,Miami Gardens,1,0,1.1020453e-05,0.0
2025,6,42.0,Miami Gardens,1,0,4.6868507e-05,0.0
2025,6,43.0,Miami Gardens,1,0,0.00017932437,0.0
2025,6,44.0,Miami Gardens,1,0,7.5407656e-06,0.0
2025,6,45.0,Miami Gardens,1,0,1.8789859e-05,0.0
2025,6,46.0,Miami Gardens,1,0,5.9173844e-06,0.0
2025,6,47.0,Miami Gardens,1,0,1.9789082e-05,0.0
2025,6,48.0,Miami Gardens,1,0,0.00016399285,0.0
2025,6,49.0,Miami Gardens,1,0,0.00011779311,0.0
2025,6,50.0,Miami Gardens,1,0,2.7440063e-05,0.0
2025,6,51.0,Miami Gardens,1,0,4.7955982e-05,0.0
2025,6,52.0,Miami Gardens,1,0,0.00013541602,0.0
2025,6,53.0,Miami Gardens,1,0,5.555686e-05,0.0
2025,6,54.0,Miami Gardens,1,0,0.00026755856,0.0
2025,6,55.0,Miami Gardens,1,0,8.7744564e-05,0.0
2025,6,56.0,Miami Gardens,1,0,8.342371e-06,0.0
2025,6,57.0,Miami Gardens,1,0,3.6677193e-06,0.0
2025,7,1.0,Imola,1,0,5.6652665e-05,0.0
2025,7,2.0,Imola,1,0,2.5878325e-08,0.0
2025,7,3.0,Imola,1,0,1.5104521e-06,0.0
2025,7,4.0,Imola,1,0,0.00011700946,0.0
2025,7,5.0,Imola,1,0,1.978606e-05,0.0
2025,7,6.0,Imola,1,0,6.3696434e-06,0.0
2025,7,7.0,Imola,1,0,4.9530976e-05,0.0
2025,7,8.0,Imola,1,0,1.1455213e-05,0.0
2025,7,9.0,Imola,1,0,6.679756e-05,0.0
2025,7,10.0,Imola,1,0,4.8917204e-06,0.0
2025,7,11.0,Imola,1,0,0.0014461474,0.0
2025,7,12.0,Imola,1,0,3.4643774e-06,0.0
2025,7,13.0,Imola,1,0,1.2077227e-05,0.0
2025,7,14.0,Imola,1,0,2.249875e-05,0.0
2025,7,15.0,Imola,1,0,2.425864e-06,0.0
2025,7,16.0,Imola,1,0,5.008536e-06,0.0
2025,7,17.0,Imola,1,0,0.00053481467,0.0
2025,7,18.0,Imola,1,0,0.0010610785,0.0
2025,7,19.0,Imola,1,0,0.000107520245,0.0
2025,7,20.0,Imola,1,0,0.00011794191,0.0
2025,7,21.0,Imola,1,0,0.00044247208,0.0
2025,7,22.0,Imola,1,0,0.00017512514,0.0
2025,7,23.0,Imola,1,0,0.02530953,0.0
2025,7,24.0,Imola,1,0,0.016656494,0.0
2025,7,25.0,Imola,1,0,0.00608168,0.0
2025,7,26.0,Imola,1,1,0.99952054,0.0
2025,7,27.0,Imola,1,1,0.9993395,0.0
2025,7,28.0,Imola,1,1,0.023958584,0.0
2025,7,29.0,Imola,126,0,0.06654627,0.0
2025,7,30.0,Imola,6,0,0.020212157,0.0
2025,7,31.0,Imola,671,0,2.2673107e-06,1.0
2025,7,32.0,Imola,1,0,4.149866e-06,1.0
2025,7,33.0,Imola,1,0,9.329626e-05,1.0
2025,7,34.0,Imola,1,0,9.001116e-05,1.0
2025,7,35.0,Imola,1,0,0.0008198696,1.0
2025,7,36.0,Imola,1,0,6.124657e-05,1.0
2025,7,37.0,Imola,1,0,4.5186058e-05,1.0
2025,7,38.0,Imola,1,0,0.00066374824,1.0
2025,7,39.0,Imola,1,0,0.0013315172,1.0
2025,7,40.0,Imola,1,0,0.0015779554,1.0
2025,7,41.0,Imola,1,0,0.11159333,1.0
2025,7,42.0,Imola,1,0,0.0021915503,1.0
2025,7,43.0,Imola,1,1,0.99968123,1.0
2025,7,44.0,Imola,1,1,0.9997396,1.0
2025,7,45.0,Imola,1,1,0.9856592,1.0
2025,7,46.0,Imola,124,0,0.002323997,1.0
2025,7,47.0,Imola,4,0,0.010869468,1.0
2025,7,48.0,Imola,4,0,0.012350372,1.0
2025,7,49.0,Imola,4,0,0.0040665036,1.0
2025,7,50.0,Imola,4,0,0.032547962,1.0
2025,7,51.0,Imola,4,0,0.049181204,1.0
2025,7,52.0,Imola,4,0,0.06813167,1.0
2025,7,53.0,Imola,41,0,0.07301386,1.0
2025,7,54.0,Imola,1,0,0.0014717143,1.0
2025,7,55.0,Imola,1,0,1.2472187e-05,1.0
2025,7,56.0,Imola,1,0,0.0008193335,1.0
2025,7,57.0,Imola,1,0,0.00022059289,1.0
2025,7,58.0,Imola,1,0,3.2058393e-05,1.0
2025,7,59.0,Imola,1,0,2.3642071e-05,1.0
2025,7,60.0,Imola,1,0,3.6397498e-06,1.0
2025,7,61.0,Imola,1,0,0.00016398315,1.0
2025,7,62.0,Imola,1,0,0.00045210143,1.0
2025,7,63.0,Imola,1,0,0.0001886168,1.0
2025,8,1.0,Monaco,126,0,0.034612298,0.0
2025,8,2.0,Monaco,16,0,0.016919948,0.0
2025,8,3.0,Monaco,6,0,0.07099773,0.0
2025,8,4.0,Monaco,671,0,0.00017447562,1.0
2025,8,5.0,Monaco,1,0,2.203164e-06,1.0
2025,8,6.0,Monaco,1,0,3.7964986e-05,1.0
2025,8,7.0,Monaco,1,0,3.8865423e-06,1.0
2025,8,8.0,Monaco,12,0,0.0002586379,1.0
2025,8,9.0,Monaco,2,0,0.00015484293,1.0
2025,8,10.0,Monaco,2,0,0.00017527449,1.0
2025,8,11.0,Monaco,21,0,0.00072661595,1.0
2025,8,12.0,Monaco,1,0,9.827526e-06,1.0
2025,8,13.0,Monaco,1,0,6.7343775e-05,1.0
2025,8,14.0,Monaco,1,0,1.4417207e-06,1.0
2025,8,15.0,Monaco,1,0,3.494572e-08,1.0
2025,8,16.0,Monaco,1,0,2.0127227e-06,1.0
2025,8,17.0,Monaco,1,0,4.6039753e-07,1.0
2025,8,18.0,Monaco,1,0,7.3706985e-08,1.0
2025,8,19.0,Monaco,1,0,1.2267801e-06,1.0
2025,8,20.0,Monaco,1,0,3.75193e-05,1.0
2025,8,21.0,Monaco,1,0,6.1329416e-07,1.0
2025,8,22.0,Monaco,1,0,5.7352395e-06,1.0
2025,8,23.0,Monaco,1,0,4.1817498e-07,1.0
2025,8,24.0,Monaco,1,0,5.783639e-08,1.0
2025,8,25.0,Monaco,1,0,4.9273094e-08,1.0
2025,8,26.0,Monaco,1,0,2.8716852e-06,1.0
2025,8,27.0,Monaco,1,0,2.1260075e-05,1.0
2025,8,28.0,Monaco,1,0,2.5321708e-05,1.0
2025,8,29.0,Monaco,1,0,4.10476e-08,1.0
2025,8,30.0,Monaco,1,0,5.076006e-08,1.0
2025,8,31.0,Monaco,1,0,6.736105e-06,1.0
2025,8,32.0,Monaco,1,0,1.1541999e-06,1.0
2025,8,33.0,Monaco,1,0,3.4426764e-06,1.0
2025,8,34.0,Monaco,1,0,1.2386973e-06,1.0
2025,8,35.0,Monaco,1,0,3.1818643e-06,1.0
2025,8,36.0,Monaco,1,0,2.3726805e-07,1.0
2025,8,37.0,Monaco,1,0,1.0752891e-06,1.0
2025,8,38.0,Monaco,12,0,2.0602743e-08,1.0
2025,8,39.0,Monaco,1,0,4.0422321e-07,1.0
2025,8,40.0,Monaco,1,0,2.2892914e-07,1.0
2025,8,41.0,Monaco,1,0,3.5036617e-08,1.0
2025,8,42.0,Monaco,1,0,3.358108e-08,1.0
2025,8,43.0,Monaco,1,0,1.5006279e-08,1.0
2025,8,44.0,Monaco,1,0,3.6563375e-07,1.0
2025,8,45.0,Monaco,1,0,1.345408e-08,1.0
2025,8,46.0,Monaco,1,0,5.0659086e-08,1.0
2025,8,47.0,Monaco,1,0,5.1310522e-08,1.0
2025,8,48.0,Monaco,1,0,2.373982e-07,1.0
2025,8,49.0,Monaco,1,0,8.280348e-06,1.0
2025,8,50.0,Monaco,1,0,7.229112e-06,1.0
2025,8,51.0,Monaco,1,0,1.9829396e-05,1.0
2025,8,52.0,Monaco,1,0,8.022285e-06,1.0
2025,8,53.0,Monaco,1,0,5.5187893e-06,1.0
2025,8,54.0,Monaco,1,0,1.7749871e-05,1.0
2025,8,55.0,Monaco,1,0,5.6469266e-06,1.0
2025,8,56.0,Monaco,1,0,2.7912647e-06,1.0
2025,8,57.0,Monaco,1,0,1.8903981e-07,1.0
2025,8,58.0,Monaco,1,0,3.519648e-06,1.0
2025,8,59.0,Monaco,1,0,2.800058e-06,1.0
2025,8,60.0,Monaco,1,0,2.7875996e-07,1.0
2025,8,61.0,Monaco,1,0,7.4744344e-07,1.0
2025,8,62.0,Monaco,1,0,1.1642303e-06,1.0
2025,8,63.0,Monaco,1,0,7.772219e-07,1.0
2025,8,64.0,Monaco,1,0,1.2651594e-07,1.0
2025,8,65.0,Monaco,1,0,1.6008205e-07,1.0
2025,8,66.0,Monaco,1,0,1.3100527e-07,1.0
2025,8,67.0,Monaco,1,0,3.5058952e-07,1.0
2025,8,68.0,Monaco,1,0,1.8223038e-07,1.0
2025,8,69.0,Monaco,1,0,3.962491e-07,1.0
2025,8,70.0,Monaco,1,0,6.772564e-08,1.0
2025,8,71.0,Monaco,1,0,9.938148e-08,1.0
2025,8,72.0,Monaco,1,0,5.933015e-08,1.0
2025,8,73.0,Monaco,1,0,3.2375073e-07,1.0
2025,8,74.0,Monaco,1,0,6.6299335e-06,1.0
2025,8,75.0,Monaco,1,0,2.6644942e-05,1.0
2025,8,76.0,Monaco,1,0,4.051536e-06,1.0
2025,8,77.0,Monaco,1,0,1.4250534e-06,1.0
2025,8,78.0,Monaco,1,0,1.5099905e-08,1.0
2025,9,1.0,Barcelona,1,0,3.6647507e-05,0.0
2025,9,2.0,Barcelona,1,0,1.2569035e-05,0.0
2025,9,3.0,Barcelona,1,0,7.461824e-06,0.0
2025,9,4.0,Barcelona,1,0,1.0321287e-05,0.0
2025,9,5.0,Barcelona,1,0,5.291651e-06,0.0
2025,9,6.0,Barcelona,1,0,8.824728e-05,0.0
2025,9,7.0,Barcelona,1,0,1.3431116e-06,0.0
2025,9,8.0,Barcelona,1,0,0.00020209956,0.0
2025,9,9.0,Barcelona,1,0,2.623006e-05,0.0
2025,9,10.0,Barcelona,1,0,5.4542215e-07,0.0
2025,9,11.0,Barcelona,1,0,4.1029625e-06,0.0
2025,9,12.0,Barcelona,1,0,1.8761713e-06,0.0
2025,9,13.0,Barcelona,1,0,3.2086862e-06,0.0
2025,9,14.0,Barcelona,1,0,1.8471862e-06,0.0
2025,9,15.0,Barcelona,1,0,0.001723334,0.0
2025,9,16.0,Barcelona,1,0,3.6683487e-05,0.0
2025,9,17.0,Barcelona,1,0,5.5253055e-05,0.0
2025,9,18.0,Barcelona,1,0,2.5544862e-06,0.0
2025,9,19.0,Barcelona,1,0,6.5542927e-06,0.0
2025,9,20.0,Barcelona,1,0,4.6210513e-07,0.0
2025,9,21.0,Barcelona,1,0,1.2905075e-07,0.0
2025,9,22.0,Barcelona,1,0,1.2697445e-06,0.0
2025,9,23.0,Barcelona,1,0,7.0745267e-07,0.0
2025,9,24.0,Barcelona,1,0,3.1233025e-08,0.0
2025,9,25.0,Barcelona,1,0,4.0359112e-07,0.0
2025,9,26.0,Barcelona,1,0,6.2426057e-07,0.0
2025,9,27.0,Barcelona,1,0,3.925811e-05,0.0
2025,9,28.0,Barcelona,1,0,3.046836e-05,0.0
2025,9,29.0,Barcelona,1,0,3.1760558e-06,0.0
2025,9,30.0,Barcelona,1,0,5.958133e-06,0.0
2025,9,31.0,Barcelona,1,0,3.84772e-05,0.0
2025,9,32.0,Barcelona,1,0,3.6850426e-07,0.0
2025,9,33.0,Barcelona,1,0,1.4539471e-05,0.0
2025,9,34.0,Barcelona,1,0,8.874553e-06,0.0
2025,9,35.0,Barcelona,1,0,2.0336558e-05,0.0
2025,9,36.0,Barcelona,1,0,3.5409628e-06,0.0
2025,9,37.0,Barcelona,1,0,2.0521408e-07,0.0
2025,9,38.0,Barcelona,1,0,3.5768712e-06,0.0
2025,9,39.0,Barcelona,1,0,0.0017140051,0.0
2025,9,40.0,Barcelona,1,0,0.0004675125,0.0
2025,9,41.0,Barcelona,1,0,0.00015177984,0.0
2025,9,42.0,Barcelona,1,0,2.451163e-07,0.0
2025,9,43.0,Barcelona,1,0,1.3468028e-05,0.0
2025,9,44.0,Barcelona,1,0,6.448592e-05,0.0
2025,9,45.0,Barcelona,1,0,9.775732e-06,0.0
2025,9,46.0,Barcelona,1,0,0.000366498,0.0
2025,9,47.0,Barcelona,1,0,6.3201473e-06,0.0
2025,9,48.0,Barcelona,1,0,1.0283584e-07,0.0
2025,9,49.0,Barcelona,1,0,2.8196757e-06,0.0
2025,9,50.0,Barcelona,1,0,0.0004562235,0.0
2025,9,51.0,Barcelona,1,0,0.0018993991,0.0
2025,9,52.0,Barcelona,1,1,0.004932431,0.0
2025,9,53.0,Barcelona,1,1,0.9996247,0.0
2025,9,54.0,Barcelona,1,1,0.999821,0.0
2025,9,55.0,Barcelona,124,0,0.09455922,0.0
2025,9,56.0,Barcelona,4,0,0.25653398,0.0
2025,9,57.0,Barcelona,4,0,0.007987194,1.0
2025,9,58.0,Barcelona,4,0,0.026723145,1.0
2025,9,59.0,Barcelona,4,0,0.15478761,1.0
2025,9,60.0,Barcelona,41,0,0.17105229,1.0
2025,9,61.0,Barcelona,1,0,0.0001492976,1.0
2025,9,62.0,Barcelona,1,0,0.00010979571,1.0
2025,9,63.0,Barcelona,1,0,0.00010052058,1.0
2025,9,64.0,Barcelona,1,0,0.0016227592,1.0
2025,9,65.0,Barcelona,1,0,8.991353e-05,1.0
2025,9,66.0,Barcelona,1,0,1.8406903e-06,1.0
2025,10,1.0,Montréal,1,0,4.7343465e-06,0.0
2025,10,2.0,Montréal,1,0,5.3046133e-05,0.0
2025,10,3.0,Montréal,1,0,5.400491e-07,0.0
2025,10,4.0,Montréal,1,0,5.4504517e-07,0.0
2025,10,5.0,Montréal,1,0,1.9378152e-07,0.0
2025,10,6.0,Montréal,1,0,1.0551672e-06,0.0
2025,10,7.0,Montréal,1,0,8.438018e-05,0.0
2025,10,8.0,Montréal,1,0,4.612084e-05,0.0
2025,10,9.0,Montréal,1,0,5.3644835e-05,0.0
2025,10,10.0,Montréal,1,0,2.3180712e-05,0.0
2025,10,11.0,Montréal,1,0,7.6034496e-07,0.0
2025,10,12.0,Montréal,1,0,5.3931104e-05,0.0
2025,10,13.0,Montréal,1,0,0.00044710847,0.0
2025,10,14.0,Montréal,1,0,7.5563454e-05,0.0
2025,10,15.0,Montréal,1,0,0.00012054027,0.0
2025,10,16.0,Montréal,1,0,1.0198264e-07,0.0
2025,10,17.0,Montréal,1,0,2.1983129e-07,0.0
2025,10,18.0,Montréal,1,0,6.135674e-07,0.0
2025,10,19.0,Montréal,1,0,1.1532878e-06,0.0
2025,10,20.0,Montréal,1,0,1.2123323e-09,0.0
2025,10,21.0,Montréal,1,0,4.2818673e-08,0.0
2025,10,22.0,Montréal,1,0,5.7167814e-08,0.0
2025,10,23.0,Montréal,1,0,2.9204784e-05,0.0
2025,10,24.0,Montréal,1,0,4.196519e-07,0.0
2025,10,25.0,Montréal,1,0,1.7971597e-07,0.0
2025,10,26.0,Montréal,1,0,8.0178964e-08,0.0
2025,10,27.0,Montréal,1,0,5.773808e-08,0.0
2025,10,28.0,Montréal,1,0,2.419189e-05,0.0
2025,10,29.0,Montréal,1,0,9.405123e-05,0.0
2025,10,30.0,Montréal,1,0,1.1258594e-07,0.0
2025,10,31.0,Montréal,1,0,3.2734778e-07,0.0
2025,10,32.0,Montréal,1,0,5.1026524e-07,0.0
2025,10,33.0,Montréal,1,0,6.4455444e-06,0.0
2025,10,34.0,Montréal,1,0,1.8092124e-06,0.0
2025,10,35.0,Montréal,1,0,8.016618e-07,0.0
2025,10,36.0,Montréal,1,0,5.7958207e-08,0.0
2025,10,37.0,Montréal,1,0,1.456837e-06,0.0
2025,10,38.0,Montréal,1,0,0.0001248094,0.0
2025,10,39.0,Montréal,1,0,1.7214157e-06,0.0
2025,10,40.0,Montréal,1,0,1.3131253e-05,0.0
2025,10,41.0,Montréal,1,0,1.7525625e-06,0.0
2025,10,42.0,Montréal,1,0,1.8368362e-05,0.0
2025,10,43.0,Montréal,1,0,3.4378763e-06,0.0
2025,10,44.0,Montréal,1,0,1.3723657e-07,0.0
2025,10,45.0,Montréal,1,0,1.5252617e-07,0.0
2025,10,46.0,Montréal,1,0,1.5481231e-05,0.0
2025,10,47.0,Montréal,1,0,0.0005499767,0.0
2025,10,48.0,Montréal,12,0,0.28984147,0.0
2025,10,49.0,Montréal,21,0,0.00056196516,0.0
2025,10,50.0,Montréal,1,0,0.000104530816,0.0
2025,10,51.0,Montréal,1,0,2.1949114e-05,0.0
2025,10,52.0,Montréal,1,0,4.455281e-06,0.0
2025,10,53.0,Montréal,1,0,5.411017e-05,0.0
2025,10,54.0,Montréal,1,0,4.4995681e-07,0.0
2025,10,55.0,Montréal,1,0,3.539116e-06,0.0
2025,10,56.0,Montréal,1,0,9.853968e-05,0.0
2025,10,57.0,Montréal,1,0,7.081756e-07,0.0
2025,10,58.0,Montréal,1,0,2.631937e-06,0.0
2025,10,59.0,Montréal,1,0,1.0888136e-05,0.0
2025,10,60.0,Montréal,1,0,1.099642e-06,0.0
2025,10,61.0,Montréal,1,0,3.2441071e-06,0.0
2025,10,62.0,Montréal,1,0,5.0368017e-05,0.0
2025,10,63.0,Montréal,1,0,6.7929323e-06,0.0
2025,10,64.0,Montréal,1,0,2.1128271e-07,0.0
2025,10,65.0,Montréal,1,0,6.660896e-05,0.0
2025,10,66.0,Montréal,1,0,0.0020088234,0.0
2025,10,67.0,Montréal,124,0,0.8658287,0.0
2025,10,68.0,Montréal,4,0,0.6310979,0.0
2025,10,69.0,Montréal,4,0,0.06552092,1.0
2025,10,70.0,Montréal,4,0,0.0270399,1.0
2025,11,1.0,Spielberg,124,0,0.00019621164,0.0
2025,11,2.0,Spielberg,4,0,0.00022024928,0.0
2025,11,3.0,Spielberg,41,0,4.4803357e-05,1.0
2025,11,4.0,Spielberg,1,0,3.378203e-08,1.0
2025,11,5.0,Spielberg,1,0,3.247535e-08,1.0
2025,11,6.0,Spielberg,1,0,2.7645058e-07,1.0
2025,11,7.0,Spielberg,1,0,6.341578e-08,1.0
2025,11,8.0,Spielberg,1,0,2.9510545e-08,1.0
2025,11,9.0,Spielberg,1,0,7.764307e-07,1.0
2025,11,10.0,Spielberg,1,0,3.1743403e-07,1.0
2025,11,11.0,Spielberg,1,0,5.9668284e-05,1.0
2025,11,12.0,Spielberg,1,0,1.5925978e-06,1.0
2025,11,13.0,Spielberg,1,0,1.3245782e-05,1.0
2025,11,14.0,Spielberg,1,0,2.6950684e-06,1.0
2025,11,15.0,Spielberg,1,0,1.0965579e-06,1.0
2025,11,16.0,Spielberg,1,0,1.0121619e-06,1.0
2025,11,17.0,Spielberg,1,0,6.399103e-07,1.0
2025,11,18.0,Spielberg,1,0,1.886997e-08,1.0
2025,11,19.0,Spielberg,1,0,8.607741e-08,1.0
2025,11,20.0,Spielberg,1,0,2.8785125e-06,1.0
2025,11,21.0,Spielberg,1,0,1.7734091e-07,1.0
2025,11,22.0,Spielberg,1,0,4.1935527e-06,1.0
2025,11,23.0,Spielberg,1,0,8.541961e-08,1.0
2025,11,24.0,Spielberg,1,0,7.7802556e-09,1.0
2025,11,25.0,Spielberg,1,0,2.0175954e-05,1.0
2025,11,26.0,Spielberg,1,0,0.0001192068,1.0
2025,11,27.0,Spielberg,1,0,3.012147e-06,1.0
2025,11,28.0,Spielberg,1,0,7.406627e-07,1.0
2025,11,29.0,Spielberg,1,0,1.9650784e-06,1.0
2025,11,30.0,Spielberg,1,0,6.235951e-06,1.0
2025,11,31.0,Spielberg,12,0,2.6458885e-08,1.0
2025,11,32.0,Spielberg,1,0,1.2179637e-06,1.0
2025,11,33.0,Spielberg,1,0,2.6965622e-06,1.0
2025,11,34.0,Spielberg,1,0,1.7389953e-06,1.0
2025,11,35.0,Spielberg,1,0,1.2432514e-06,1.0
2025,11,36.0,Spielberg,1,0,1.8934601e-07,1.0
2025,11,37.0,Spielberg,1,0,3.874021e-09,1.0
2025,11,38.0,Spielberg,1,0,2.5100737e-09,1.0
2025,11,39.0,Spielberg,1,0,1.2749792e-06,1.0
2025,11,40.0,Spielberg,1,0,3.8387757e-08,1.0
2025,11,41.0,Spielberg,1,0,6.0913055e-07,1.0
2025,11,42.0,Spielberg,1,0,2.4992838e-07,1.0
2025,11,43.0,Spielberg,1,0,4.831716e-06,1.0
2025,11,44.0,Spielberg,1,0,1.2932931e-07,1.0
2025,11,45.0,Spielberg,1,0,4.9497606e-10,1.0
2025,11,46.0,Spielberg,1,0,4.419201e-07,1.0
2025,11,47.0,Spielberg,1,0,8.275143e-08,1.0
2025,11,48.0,Spielberg,1,0,2.1690414e-07,1.0
2025,11,49.0,Spielberg,1,0,2.6597222e-08,1.0
2025,11,50.0,Spielberg,1,0,2.788243e-05,1.0
2025,11,51.0,Spielberg,1,0,5.599781e-07,1.0
2025,11,52.0,Spielberg,1,0,2.435093e-05,1.0
2025,11,53.0,Spielberg,1,0,8.645321e-08,1.0
2025,11,54.0,Spielberg,1,0,4.3539333e-07,1.0
2025,11,55.0,Spielberg,1,0,3.7654612e-05,1.0
2025,11,56.0,Spielberg,1,0,7.174354e-06,1.0
2025,11,57.0,Spielberg,1,0,9.002965e-06,1.0
2025,11,58.0,Spielberg,1,0,9.139172e-08,1.0
2025,11,59.0,Spielberg,1,0,4.0277377e-09,1.0
2025,11,60.0,Spielberg,1,0,1.9653452e-09,1.0
2025,11,61.0,Spielberg,1,0,1.03969505e-05,1.0
2025,11,62.0,Spielberg,1,0,8.786171e-07,1.0
2025,11,63.0,Spielberg,1,0,5.242578e-07,1.0
2025,11,64.0,Spielberg,1,0,2.6927512e-07,1.0
2025,11,65.0,Spielberg,1,0,1.2230781e-06,1.0
2025,11,66.0,Spielberg,1,0,1.7661768e-07,1.0
2025,11,67.0,Spielberg,1,0,2.521431e-07,1.0
2025,11,68.0,Spielberg,1,0,2.03654e-07,1.0
2025,11,69.0,Spielberg,1,0,4.843372e-09,1.0
2025,11,70.0,Spielberg,1,0,2.763238e-07,1.0
2025,12,1.0,Silverstone,12,0,0.4631458,0.0
2025,12,2.0,Silverstone,26,0,0.13953426,0.0
2025,12,3.0,Silverstone,6,0,0.4577113,0.0
2025,12,4.0,Silverstone,6712,0,0.0003679356,1.0
2025,12,5.0,Silverstone,126,0,0.0016324354,1.0
2025,12,6.0,Silverstone,6,0,0.0049924944,1.0
2025,12,7.0,Silverstone,671,0,0.010347095,1.0
2025,12,8.0,Silverstone,1,0,0.0010913335,1.0
2025,12,9.0,Silverstone,1,0,3.4744313e-05,1.0
2025,12,10.0,Silverstone,1,0,0.0053371927,1.0
2025,12,11.0,Silverstone,1,1,0.9996458,1.0
2025,12,12.0,Silverstone,1,1,0.99969816,1.0
2025,12,13.0,Silverstone,1,1,0.99965525,1.0
2025,12,14.0,Silverstone,124,0,0.5334355,1.0
2025,12,15.0,Silverstone,4,0,0.21956116,1.0
2025,12,16.0,Silverstone,4,0,0.0033947048,1.0
2025,12,17.0,Silverstone,41,0,0.0018677623,1.0
2025,12,18.0,Silverstone,124,0,0.0021884826,1.0
2025,12,19.0,Silverstone,4,0,0.004967668,1.0
2025,12,20.0,Silverstone,4,0,0.00025491382,1.0
2025,12,21.0,Silverstone,41,0,0.00047881916,1.0
2025,12,22.0,Silverstone,12,0,0.00020865377,1.0
2025,12,23.0,Silverstone,1,0,0.020976834,1.0
2025,12,24.0,Silverstone,1,0,2.3900318e-05,1.0
2025,12,25.0,Silverstone,1,0,1.0890459e-06,1.0
2025,12,26.0,Silverstone,1,0,4.1427384e-07,1.0
2025,12,27.0,Silverstone,1,0,3.269631e-05,1.0
2025,12,28.0,Silverstone,1,0,1.7518038e-06,1.0
2025,12,29.0,Silverstone,1,0,1.1211177e-05,1.0
2025,12,30.0,Silverstone,1,0,1.1919574e-06,1.0
2025,12,31.0,Silverstone,1,0,4.068371e-06,1.0
2025,12,32.0,Silverstone,1,0,5.1326082e-05,1.0
2025,12,33.0,Silverstone,1,0,6.3960935e-05,1.0
2025,12,34.0,Silverstone,1,0,5.868414e-05,1.0
2025,12,35.0,Silverstone,1,0,0.00011945008,1.0
2025,12,36.0,Silverstone,1,0,6.7080095e-05,1.0
2025,12,37.0,Silverstone,1,0,0.0003812007,1.0
2025,12,38.0,Silverstone,1,0,0.008238038,1.0
2025,12,39.0,Silverstone,1,0,0.014150345,1.0
2025,12,40.0,Silverstone,12,0,0.0010251162,1.0
2025,12,41.0,Silverstone,1,0,0.00046759628,1.0
2025,12,42.0,Silverstone,1,0,0.0024901987,1.0
2025,12,43.0,Silverstone,12,0,0.02587868,1.0
2025,12,44.0,Silverstone,12,0,9.084139e-06,1.0
2025,12,45.0,Silverstone,1,0,8.059646e-06,1.0
2025,12,46.0,Silverstone,1,0,2.6066306e-05,1.0
2025,12,47.0,Silverstone,1,0,3.355773e-06,1.0
2025,12,48.0,Silverstone,1,0,1.2874389e-05,1.0
2025,12,49.0,Silverstone,1,0,2.6645957e-05,1.0
2025,12,50.0,Silverstone,1,0,0.0003667743,1.0
2025,12,51.0,Silverstone,1,0,0.0032523198,1.0
2025,12,52.0,Silverstone,1,0,0.0025343387,1.0
2025,13,1.0,Spa-Francorchamps,14,0,0.0785923,0.0
2025,13,2.0,Spa-Francorchamps,4,0,0.020226393,0.0
2025,13,3.0,Spa-Francorchamps,4,0,0.00035156275,1.0
2025,13,4.0,Spa-Francorchamps,41,0,6.337824e-05,1.0
2025,13,5.0,Spa-Francorchamps,1,0,0.00010901505,1.0
2025,13,6.0,Spa-Francorchamps,1,0,0.0015606403,1.0
2025,13,7.0,Spa-Francorchamps,1,0,0.00015643949,1.0
2025,13,8.0,Spa-Francorchamps,1,0,1.3780521e-05,1.0
2025,13,9.0,Spa-Francorchamps,1,0,8.08367e-06,1.0
2025,13,10.0,Spa-Francorchamps,1,0,2.3252876e-06,1.0
2025,13,11.0,Spa-Francorchamps,1,0,0.00011149116,1.0
2025,13,12.0,Spa-Francorchamps,1,0,2.306932e-05,1.0
2025,13,13.0,Spa-Francorchamps,1,0,1.8837673e-05,1.0
2025,13,14.0,Spa-Francorchamps,1,0,0.000112365815,1.0
2025,13,15.0,Spa-Francorchamps,1,0,0.0002946238,1.0
2025,13,16.0,Spa-Francorchamps,1,0,3.1095242e-05,1.0
2025,13,17.0,Spa-Francorchamps,1,0,1.0536986e-05,1.0
2025,13,18.0,Spa-Francorchamps,1,0,9.3708084e-05,1.0
2025,13,19.0,Spa-Francorchamps,1,0,0.00010108067,1.0
2025,13,20.0,Spa-Francorchamps,1,0,0.0010920065,1.0
2025,13,21.0,Spa-Francorchamps,1,0,0.00035015674,1.0
2025,13,22.0,Spa-Francorchamps,1,0,4.5335655e-05,1.0
2025,13,23.0,Spa-Francorchamps,1,0,0.00096681825,1.0
2025,13,24.0,Spa-Francorchamps,1,0,1.2887754e-05,1.0
2025,13,25.0,Spa-Francorchamps,1,0,4.892869e-07,1.0
2025,13,26.0,Spa-Francorchamps,1,0,0.000101492216,1.0
2025,13,27.0,Spa-Francorchamps,1,0,3.0746992e-07,1.0
2025,13,28.0,Spa-Francorchamps,1,0,4.9715504e-06,1.0
2025,13,29.0,Spa-Francorchamps,1,0,2.6147842e-07,1.0
2025,13,30.0,Spa-Francorchamps,1,0,2.5452941e-06,1.0
2025,13,31.0,Spa-Francorchamps,1,0,2.6363983e-07,1.0
2025,13,32.0,Spa-Francorchamps,1,0,7.5913215e-07,1.0
2025,13,33.0,Spa-Francorchamps,1,0,3.3206166e-07,1.0
2025,13,34.0,Spa-Francorchamps,1,0,3.335931e-07,1.0
2025,13,35.0,Spa-Francorchamps,1,0,1.1687836e-06,1.0
2025,13,36.0,Spa-Francorchamps,1,0,5.2306966e-08,1.0
2025,13,37.0,Spa-Francorchamps,1,0,6.534896e-09,1.0
2025,13,38.0,Spa-Francorchamps,1,0,7.391746e-08,1.0
2025,13,39.0,Spa-Francorchamps,1,0,6.244558e-07,1.0
2025,13,40.0,Spa-Francorchamps,1,0,1.7521299e-07,1.0
2025,13,41.0,Spa-Francorchamps,1,0,2.0218116e-07,1.0
2025,13,42.0,Spa-Francorchamps,1,0,6.6683333e-07,1.0
2025,13,43.0,Spa-Francorchamps,1,0,5.718728e-07,1.0
2025,13,44.0,Spa-Francorchamps,1,0,1.1762603e-05,1.0
2025,14,1.0,Budapest,1,0,9.9994104e-08,0.0
2025,14,2.0,Budapest,1,0,2.3318833e-06,0.0
2025,14,3.0,Budapest,1,0,6.1386237e-07,0.0
2025,14,4.0,Budapest,1,0,0.00017431298,0.0
2025,14,5.0,Budapest,1,0,0.00020922195,0.0
2025,14,6.0,Budapest,1,0,2.0748521e-07,0.0
2025,14,7.0,Budapest,1,0,3.375019e-05,0.0
2025,14,8.0,Budapest,1,0,0.00011283255,0.0
2025,14,9.0,Budapest,1,0,0.0020070653,0.0
2025,14,10.0,Budapest,1,0,0.00043042333,0.0
2025,14,11.0,Budapest,1,0,0.0032816431,0.0
2025,14,12.0,Budapest,1,0,0.00059715146,0.0
2025,14,13.0,Budapest,1,0,0.0011622632,0.0
2025,14,14.0,Budapest,1,0,3.5417902e-06,0.0
2025,14,15.0,Budapest,1,0,0.0003875574,0.0
2025,14,16.0,Budapest,1,0,0.0016745108,0.0
2025,14,17.0,Budapest,1,0,0.0018985891,0.0
2025,14,18.0,Budapest,1,0,0.0016586359,0.0
2025,14,19.0,Budapest,1,0,0.00097582454,0.0
2025,14,20.0,Budapest,1,0,7.453178e-05,0.0
2025,14,21.0,Budapest,1,0,9.266796e-06,0.0
2025,14,22.0,Budapest,1,0,8.472499e-06,0.0
2025,14,23.0,Budapest,1,0,0.00015665265,0.0
2025,14,24.0,Budapest,1,0,1.9380903e-05,0.0
2025,14,25.0,Budapest,1,0,5.7360053e-06,0.0
2025,14,26.0,Budapest,1,0,3.3667482e-05,0.0
2025,14,27.0,Budapest,1,0,9.495433e-07,0.0
2025,14,28.0,Budapest,1,0,2.504266e-06,0.0
2025,14,29.0,Budapest,1,0,2.5001657e-07,0.0
2025,14,30.0,Budapest,1,0,3.942317e-06,0.0
2025,14,31.0,Budapest,1,0,6.7529704e-06,0.0
2025,14,32.0,Budapest,1,0,6.362028e-07,0.0
2025,14,33.0,Budapest,1,0,6.779134e-07,0.0
2025,14,34.0,Budapest,1,0,2.572631e-07,0.0
2025,14,35.0,Budapest,1,0,6.1198665e-07,0.0
2025,14,36.0,Budapest,1,0,2.339934e-06,0.0
2025,14,37.0,Budapest,1,0,1.4812656e-06,0.0
2025,14,38.0,Budapest,1,0,6.140925e-07,0.0
2025,14,39.0,Budapest,1,0,9.886351e-07,0.0
2025,14,40.0,Budapest,1,0,0.00017893103,0.0
2025,14,41.0,Budapest,1,0,1.0372215e-06,0.0
2025,14,42.0,Budapest,1,0,4.5219977e-07,0.0
2025,14,43.0,Budapest,1,0,6.3623615e-05,0.0
2025,14,44.0,Budapest,1,0,8.8288e-06,0.0
2025,14,45.0,Budapest,1,0,2.8762652e-06,0.0
2025,14,46.0,Budapest,1,0,2.4145722e-05,0.0
2025,14,47.0,Budapest,1,0,9.22647e-06,0.0
2025,14,48.0,Budapest,1,0,0.0003394647,0.0
2025,14,49.0,Budapest,1,0,5.0994013e-06,0.0
2025,14,50.0,Budapest,1,0,5.5223085e-05,0.0
2025,14,51.0,Budapest,1,0,0.0004422307,0.0
2025,14,52.0,Budapest,1,0,7.323613e-08,0.0
2025,14,53.0,Budapest,1,0,0.0011953607,0.0
2025,14,54.0,Budapest,1,0,6.198331e-05,0.0
2025,14,55.0,Budapest,1,0,2.5485695e-05,0.0
2025,14,56.0,Budapest,1,0,5.1476123e-05,0.0
2025,14,57.0,Budapest,1,0,5.609364e-05,0.0
2025,14,58.0,Budapest,1,0,6.339105e-07,0.0
2025,14,59.0,Budapest,1,0,3.0294577e-05,0.0
2025,14,60.0,Budapest,1,0,2.8066268e-05,0.0
2025,14,61.0,Budapest,1,0,1.1651305e-05,0.0
2025,14,62.0,Budapest,1,0,7.204001e-07,0.0
2025,14,63.0,Budapest,1,0,3.5977624e-05,0.0
2025,14,64.0,Budapest,1,0,5.6838826e-06,0.0
2025,14,65.0,Budapest,1,0,5.466059e-06,0.0
2025,14,66.0,Budapest,1,0,8.444302e-07,0.0
2025,14,67.0,Budapest,1,0,4.838656e-06,0.0
2025,14,68.0,Budapest,1,0,1.4834223e-05,0.0
2025,14,69.0,Budapest,1,0,1.8412644e-06,0.0
2025,14,70.0,Budapest,1,0,0.00013924742,0.0
2025,15,1.0,Zandvoort,1,0,0.0023687389,0.0
2025,15,2.0,Zandvoort,1,0,0.0073336074,0.0
2025,15,3.0,Zandvoort,1,0,1.666575e-05,0.0
2025,15,4.0,Zandvoort,1,0,0.76607877,0.0
2025,15,5.0,Zandvoort,1,0,0.0008840708,0.0
2025,15,6.0,Zandvoort,1,0,0.043813992,0.0
2025,15,7.0,Zandvoort,1,0,0.0011947881,0.0
2025,15,8.0,Zandvoort,1,0,0.006089678,0.0
2025,15,9.0,Zandvoort,1,0,6.2794694e-05,0.0
2025,15,10.0,Zandvoort,1,0,0.0032259338,0.0
2025,15,11.0,Zandvoort,1,0,0.0015357748,0.0
2025,15,12.0,Zandvoort,1,0,2.1443742e-05,0.0
2025,15,13.0,Zandvoort,1,0,1.3241133e-05,0.0
2025,15,14.0,Zandvoort,1,0,7.3170327e-06,0.0
2025,15,15.0,Zandvoort,1,0,0.00024757846,0.0
2025,15,16.0,Zandvoort,1,0,0.0017316508,0.0
2025,15,17.0,Zandvoort,1,0,0.0003718667,0.0
2025,15,18.0,Zandvoort,1,0,0.0018667777,0.0
2025,15,19.0,Zandvoort,1,0,0.030270575,0.0
2025,15,20.0,Zandvoort,1,1,0.9998288,0.0
2025,15,21.0,Zandvoort,1,1,0.9996118,0.0
2025,15,22.0,Zandvoort,1,1,0.99980134,0.0
2025,15,23.0,Zandvoort,124,0,0.0011346343,0.0
2025,15,24.0,Zandvoort,4,0,0.0010803414,0.0
2025,15,25.0,Zandvoort,4,0,0.00011790166,1.0
2025,15,26.0,Zandvoort,41,0,2.1519705e-05,1.0
2025,15,27.0,Zandvoort,1,0,0.00030229508,1.0
2025,15,28.0,Zandvoort,1,0,2.3915086e-07,1.0
2025,15,29.0,Zandvoort,1,0,2.1029393e-05,1.0
2025,15,30.0,Zandvoort,1,0,0.0010538448,1.0
2025,15,31.0,Zandvoort,16,0,0.00018479177,1.0
2025,15,32.0,Zandvoort,671,0,0.00016068641,1.0
2025,15,33.0,Zandvoort,1,0,3.6188525e-05,1.0
2025,15,34.0,Zandvoort,1,0,0.0019284338,1.0
2025,15,35.0,Zandvoort,12,0,0.0044387225,1.0
2025,15,36.0,Zandvoort,1,0,2.2147306e-07,1.0
2025,15,37.0,Zandvoort,1,0,7.382467e-07,1.0
2025,15,38.0,Zandvoort,1,0,1.9743748e-06,1.0
2025,15,39.0,Zandvoort,1,0,1.4884884e-05,1.0
2025,15,40.0,Zandvoort,1,0,0.014035793,1.0
2025,15,41.0,Zandvoort,1,0,9.136956e-06,1.0
2025,15,42.0,Zandvoort,1,0,7.894569e-05,1.0
2025,15,43.0,Zandvoort,1,0,0.0028291983,1.0
2025,15,44.0,Zandvoort,1,0,0.0038438858,1.0
2025,15,45.0,Zandvoort,1,0,0.0066301557,1.0
2025,15,46.0,Zandvoort,1,0,0.0010025937,1.0
2025,15,47.0,Zandvoort,1,0,0.0028612618,1.0
2025,15,48.0,Zandvoort,1,0,0.0005219812,1.0
2025,15,49.0,Zandvoort,1,0,0.00044973538,1.0
2025,15,50.0,Zandvoort,1,1,0.99952793,1.0
2025,15,51.0,Zandvoort,1,1,0.99979466,1.0
2025,15,52.0,Zandvoort,1,1,0.9996779,1.0
2025,15,53.0,Zandvoort,124,0,0.007022531,1.0
2025,15,54.0,Zandvoort,4,0,0.006605557,1.0
2025,15,55.0,Zandvoort,4,0,0.0014120485,1.0
2025,15,56.0,Zandvoort,4,0,0.011469262,1.0
2025,15,57.0,Zandvoort,41,0,0.032130856,1.0
2025,15,58.0,Zandvoort,1,0,0.3680828,1.0
2025,15,59.0,Zandvoort,1,0,0.012109749,1.0
2025,15,60.0,Zandvoort,1,0,0.0010442183,1.0
2025,15,61.0,Zandvoort,1,0,0.007874471,1.0
2025,15,62.0,Zandvoort,1,1,0.9998056,1.0
2025,15,63.0,Zandvoort,1,1,0.999884,1.0
2025,15,64.0,Zandvoort,1,1,0.99978954,1.0
2025,15,65.0,Zandvoort,124,0,0.013358001,1.0
2025,15,66.0,Zandvoort,4,0,0.00048015532,1.0
2025,15,67.0,Zandvoort,4,0,0.0015779779,1.0
2025,15,68.0,Zandvoort,41,0,0.001314394,1.0
2025,15,69.0,Zandvoort,1,0,0.0013261511,1.0
2025,15,70.0,Zandvoort,1,0,0.0001550721,1.0
2025,15,71.0,Zandvoort,1,0,6.0001857e-05,1.0
2025,15,72.0,Zandvoort,1,0,0.00084477395,1.0
2025,16,1.0,Monza,1,0,2.2669175e-05,0.0
2025,16,2.0,Monza,1,0,1.0542524e-07,0.0
2025,16,3.0,Monza,1,0,1.9596735e-06,0.0
2025,16,4.0,Monza,1,0,3.0179497e-06,0.0
2025,16,5.0,Monza,1,0,3.084385e-07,0.0
2025,16,6.0,Monza,1,0,5.2587347e-06,0.0
2025,16,7.0,Monza,1,0,6.4711446e-07,0.0
2025,16,8.0,Monza,1,0,1.9289573e-07,0.0
2025,16,9.0,Monza,1,0,2.1172022e-05,0.0
2025,16,10.0,Monza,1,0,0.0002585622,0.0
2025,16,11.0,Monza,1,0,0.0016413133,0.0
2025,16,12.0,Monza,1,0,3.207081e-05,0.0
2025,16,13.0,Monza,1,0,0.0002102785,0.0
2025,16,14.0,Monza,1,0,0.00077255885,0.0
2025,16,15.0,Monza,1,0,3.987901e-05,0.0
2025,16,16.0,Monza,1,0,0.0009653544,0.0
2025,16,17.0,Monza,1,0,0.007736592,0.0
2025,16,18.0,Monza,1,0,0.00044163773,0.0
2025,16,19.0,Monza,1,0,0.013984775,0.0
2025,16,20.0,Monza,1,0,0.0025641774,0.0
2025,16,21.0,Monza,1,0,2.3374638e-05,0.0
2025,16,22.0,Monza,1,0,9.266937e-06,0.0
2025,16,23.0,Monza,1,0,0.00033914414,0.0
2025,16,24.0,Monza,1,0,0.00030992986,0.0
2025,16,25.0,Monza,1,0,0.0007818912,0.0
2025,16,26.0,Monza,1,0,9.610196e-05,0.0
2025,16,27.0,Monza,1,0,5.6557335e-05,0.0
2025,16,28.0,Monza,1,0,0.0035980293,0.0
2025,16,29.0,Monza,1,0,0.00046266182,0.0
2025,16,30.0,Monza,1,0,8.856416e-07,0.0
2025,16,31.0,Monza,1,0,0.006778741,0.0
2025,16,32.0,Monza,1,0,2.007006e-05,0.0
2025,16,33.0,Monza,1,0,0.00024646797,0.0
2025,16,34.0,Monza,1,0,0.0003385946,0.0
2025,16,35.0,Monza,1,0,6.0790194e-06,0.0
2025,16,36.0,Monza,1,0,2.7337623e-05,0.0
2025,16,37.0,Monza,1,0,1.0417208e-05,0.0
2025,16,38.0,Monza,1,0,1.8896293e-05,0.0
2025,16,39.0,Monza,1,0,0.002745838,0.0
2025,16,40.0,Monza,1,0,0.98329884,0.0
2025,16,41.0,Monza,12,0,0.0002109124,0.0
2025,16,42.0,Monza,1,0,2.0267013e-05,0.0
2025,16,43.0,Monza,1,0,4.4432163e-05,0.0
2025,16,44.0,Monza,1,0,0.0004084397,0.0
2025,16,45.0,Monza,1,0,2.8927849e-05,0.0
2025,16,46.0,Monza,1,0,6.54184e-05,0.0
2025,16,47.0,Monza,1,0,0.00076666096,0.0
2025,16,48.0,Monza,1,0,4.4745804e-05,0.0
2025,16,49.0,Monza,1,0,0.00015576328,0.0
2025,16,50.0,Monza,1,0,4.5265242e-05,0.0
2025,16,51.0,Monza,1,0,4.303545e-07,0.0
2025,16,52.0,Monza,1,0,0.00020509215,0.0
2025,16,53.0,Monza,1,0,4.052533e-06,0.0
2025,17,1.0,Baku,124,0,0.07656799,0.0
2025,17,2.0,Baku,4,0,0.8533824,0.0
2025,17,3.0,Baku,4,0,0.0004530108,1.0
2025,17,4.0,Baku,41,0,0.00010602237,1.0
2025,17,5.0,Baku,1,0,3.203076e-06,1.0
2025,17,6.0,Baku,1,0,4.2817287e-08,1.0
2025,17,7.0,Baku,12,0,0.0061578224,1.0
2025,17,8.0,Baku,1,0,1.019233e-06,1.0
2025,17,9.0,Baku,1,0,3.796756e-05,1.0
2025,17,10.0,Baku,1,0,4.9250493e-06,1.0
2025,17,11.0,Baku,1,0,1.7108667e-05,1.0
2025,17,12.0,Baku,1,0,6.586711e-07,1.0
2025,17,13.0,Baku,1,0,9.988703e-07,1.0
2025,17,14.0,Baku,1,0,6.4543065e-07,1.0
2025,17,15.0,Baku,1,0,1.0584326e-08,1.0
2025,17,16.0,Baku,1,0,1.01395926e-07,1.0
2025,17,17.0,Baku,12,0,0.00017025265,1.0
2025,17,18.0,Baku,1,0,7.408938e-05,1.0
2025,17,19.0,Baku,12,0,7.208366e-08,1.0
2025,17,20.0,Baku,1,0,0.00042364196,1.0
2025,17,21.0,Baku,1,0,0.00016715488,1.0
2025,17,22.0,Baku,1,0,5.8129803e-08,1.0
2025,17,23.0,Baku,1,0,1.033555e-05,1.0
2025,17,24.0,Baku,1,0,1.2046147e-05,1.0
2025,17,25.0,Baku,1,0,3.1438438e-05,1.0
2025,17,26.0,Baku,1,0,3.0841555e-05,1.0
2025,17,27.0,Baku,1,0,4.8460395e-05,1.0
2025,17,28.0,Baku,1,0,2.6179084e-06,1.0
2025,17,29.0,Baku,1,0,6.4241e-07,1.0
2025,17,30.0,Baku,1,0,1.4199741e-06,1.0
2025,17,31.0,Baku,1,0,3.0955316e-06,1.0
2025,17,32.0,Baku,1,0,2.8566008e-05,1.0
2025,17,33.0,Baku,1,0,5.2981954e-06,1.0
2025,17,34.0,Baku,1,0,4.1871644e-08,1.0
2025,17,35.0,Baku,1,0,1.0961974e-05,1.0
2025,17,36.0,Baku,1,0,1.6180884e-05,1.0
2025,17,37.0,Baku,1,0,1.2012558e-05,1.0
2025,17,38.0,Baku,1,0,0.03492862,1.0
2025,17,39.0,Baku,1,0,1.4414952e-05,1.0
2025,17,40.0,Baku,1,0,3.235493e-06,1.0
2025,17,41.0,Baku,1,0,3.6626755e-06,1.0
2025,17,42.0,Baku,1,0,4.1882736e-06,1.0
2025,17,43.0,Baku,1,0,1.1159101e-06,1.0
2025,17,44.0,Baku,1,0,3.829635e-07,1.0
2025,17,45.0,Baku,1,0,5.0000155e-09,1.0
2025,17,46.0,Baku,1,0,2.1902572e-06,1.0
2025,17,47.0,Baku,1,0,1.3827695e-06,1.0
2025,17,48.0,Baku,1,0,2.8310486e-08,1.0
2025,17,49.0,Baku,1,0,1.685968e-07,1.0
2025,17,50.0,Baku,1,0,0.00018431508,1.0
2025,17,51.0,Baku,1,0,0.0003293071,1.0
2025,18,1.0,Marina Bay,1,0,0.00016626486,0.0
2025,18,2.0,Marina Bay,1,0,0.00082951965,0.0
2025,18,3.0,Marina Bay,1,0,0.00055713585,0.0
2025,18,4.0,Marina Bay,1,0,0.00019230285,0.0
2025,18,5.0,Marina Bay,1,0,0.00053280155,0.0
2025,18,6.0,Marina Bay,1,0,2.4172703e-05,0.0
2025,18,7.0,Marina Bay,12,0,0.10053569,0.0
2025,18,8.0,Marina Bay,1,0,8.861725e-08,0.0
2025,18,9.0,Marina Bay,1,0,6.117687e-05,0.0
2025,18,10.0,Marina Bay,1,0,7.118328e-05,0.0
2025,18,11.0,Marina Bay,1,0,0.00016205941,0.0
2025,18,12.0,Marina Bay,1,0,3.6111134e-05,0.0
2025,18,13.0,Marina Bay,1,0,0.00017116712,0.0
2025,18,14.0,Marina Bay,1,0,1.5523825e-06,0.0
2025,18,15.0,Marina Bay,1,0,4.293569e-05,0.0
2025,18,16.0,Marina Bay,1,0,5.4618646e-05,0.0
2025,18,17.0,Marina Bay,1,0,9.9209865e-06,0.0
2025,18,18.0,Marina Bay,1,0,0.0005012479,0.0
2025,18,19.0,Marina Bay,1,0,7.05114e-05,0.0
2025,18,20.0,Marina Bay,1,0,6.434323e-06,0.0
2025,18,21.0,Marina Bay,1,0,2.664479e-05,0.0
2025,18,22.0,Marina Bay,1,0,0.0012222299,0.0
2025,18,23.0,Marina Bay,1,0,0.00017325215,0.0
2025,18,24.0,Marina Bay,1,0,0.000339449,0.0
2025,18,25.0,Marina Bay,1,0,0.00429839,0.0
2025,18,26.0,Marina Bay,1,0,2.9177061e-05,0.0
2025,18,27.0,Marina Bay,1,0,0.00056689,0.0
2025,18,28.0,Marina Bay,1,0,4.6598766e-06,0.0
2025,18,29.0,Marina Bay,1,0,6.437968e-05,0.0
2025,18,30.0,Marina Bay,1,0,2.4637491e-05,0.0
2025,18,31.0,Marina Bay,1,0,0.00034932484,0.0
2025,18,32.0,Marina Bay,1,0,0.0002928701,0.0
2025,18,33.0,Marina Bay,1,0,6.9594544e-06,0.0
2025,18,34.0,Marina Bay,1,0,3.430553e-06,0.0
2025,18,35.0,Marina Bay,1,0,2.4045352e-05,0.0
2025,18,36.0,Marina Bay,1,0,0.00036825758,0.0
2025,18,37.0,Marina Bay,1,0,2.0761001e-05,0.0
2025,18,38.0,Marina Bay,1,0,0.00041650143,0.0
2025,18,39.0,Marina Bay,1,0,2.9077615e-05,0.0
2025,18,40.0,Marina Bay,1,0,0.00018238625,0.0
2025,18,41.0,Marina Bay,1,0,6.3349784e-05,0.0
2025,18,42.0,Marina Bay,1,0,0.0001317105,0.0
2025,18,43.0,Marina Bay,1,0,0.000100929545,0.0
2025,18,44.0,Marina Bay,1,0,0.0005889222,0.0
2025,18,45.0,Marina Bay,12,0,2.0535068e-05,0.0
2025,18,46.0,Marina Bay,1,0,1.1117997e-07,0.0
2025,18,47.0,Marina Bay,1,0,7.64037e-06,0.0
2025,18,48.0,Marina Bay,1,0,2.3995045e-07,0.0
2025,18,49.0,Marina Bay,1,0,1.536039e-06,0.0
2025,18,50.0,Marina Bay,1,0,2.9434152e-06,0.0
2025,18,51.0,Marina Bay,1,0,3.6837955e-06,0.0
2025,18,52.0,Marina Bay,1,0,1.0133016e-06,0.0
2025,18,53.0,Marina Bay,1,0,2.278904e-06,0.0
2025,18,54.0,Marina Bay,1,0,1.4929303e-06,0.0
2025,18,55.0,Marina Bay,1,0,2.7911827e-07,0.0
2025,18,56.0,Marina Bay,1,0,5.3124303e-08,0.0
2025,18,57.0,Marina Bay,1,0,6.4810206e-07,0.0
2025,18,58.0,Marina Bay,1,0,3.2110088e-09,0.0
2025,18,59.0,Marina Bay,1,0,3.0461695e-07,0.0
2025,18,60.0,Marina Bay,1,0,1.8210769e-06,0.0
2025,18,61.0,Marina Bay,1,0,8.072571e-08,0.0
2025,18,62.0,Marina Bay,1,0,6.018112e-06,0.0
2025,19,1.0,Austin,12,0,0.0611881,0.0
2025,19,2.0,Austin,1,0,4.584501e-06,0.0
2025,19,3.0,Austin,1,0,1.34335605e-05,0.0
2025,19,4.0,Austin,1,0,3.5123549e-06,0.0
2025,19,5.0,Austin,1,0,4.1748103e-06,0.0
2025,19,6.0,Austin,12,0,0.060427245,0.0
2025,19,7.0,Austin,216,0,0.029244795,0.0
2025,19,8.0,Austin,67,0,0.0035712745,0.0
2025,19,9.0,Austin,71,0,4.4908862e-08,0.0
2025,19,10.0,Austin,1,0,1.0900372e-06,0.0
2025,19,11.0,Austin,1,0,2.694313e-07,0.0
2025,19,12.0,Austin,1,0,1.5472773e-07,0.0
2025,19,13.0,Austin,1,0,7.322236e-07,0.0
2025,19,14.0,Austin,1,0,5.0059106e-07,0.0
2025,19,15.0,Austin,1,0,4.171877e-06,0.0
2025,19,16.0,Austin,1,0,2.7396484e-06,0.0
2025,19,17.0,Austin,1,0,3.5181423e-05,0.0
2025,19,18.0,Austin,1,0,3.1907202e-05,0.0
2025,19,19.0,Austin,1,0,9.63883e-05,0.0
2025,19,20.0,Austin,1,0,1.1852641e-05,0.0
2025,19,21.0,Austin,1,0,0.00017300123,0.0
2025,19,22.0,Austin,1,0,2.576641e-06,0.0
2025,19,23.0,Austin,1,0,7.2271774e-05,0.0
2025,19,24.0,Austin,1,0,0.00015312579,0.0
2025,19,25.0,Austin,1,0,4.9159742e-05,0.0
2025,19,26.0,Austin,1,0,3.4592138e-06,0.0
2025,19,27.0,Austin,1,0,6.590366e-05,0.0
2025,19,28.0,Austin,1,0,6.14141e-06,0.0
2025,19,29.0,Austin,1,0,0.005052874,0.0
2025,19,30.0,Austin,1,0,0.00018607454,0.0
2025,19,31.0,Austin,1,0,7.295591e-05,0.0
2025,19,32.0,Austin,1,0,1.1895807e-08,0.0
2025,19,33.0,Austin,1,0,1.0725981e-07,0.0
2025,19,34.0,Austin,1,0,0.002033815,0.0
2025,19,35.0,Austin,12,0,2.1682918e-06,0.0
2025,19,36.0,Austin,1,0,1.099297e-06,0.0
2025,19,37.0,Austin,1,0,0.00029873755,0.0
2025,19,38.0,Austin,1,0,2.8693787e-05,0.0
2025,19,39.0,Austin,1,0,0.00053417735,0.0
2025,19,40.0,Austin,1,0,0.0002971375,0.0
2025,19,41.0,Austin,1,0,4.5290977e-05,0.0
2025,19,42.0,Austin,1,0,7.252999e-05,0.0
2025,19,43.0,Austin,1,0,0.010009913,0.0
2025,19,44.0,Austin,1,0,0.00023893778,0.0
2025,19,45.0,Austin,1,0,0.00037103688,0.0
2025,19,46.0,Austin,1,0,0.0011515542,0.0
2025,19,47.0,Austin,1,0,0.00012621519,0.0
2025,19,48.0,Austin,1,0,5.0929204e-05,0.0
2025,19,49.0,Austin,1,0,0.0015486033,0.0
2025,19,50.0,Austin,1,0,0.011425447,0.0
2025,19,51.0,Austin,1,0,0.00015733812,0.0
2025,19,52.0,Austin,1,0,0.0005771695,0.0
2025,19,53.0,Austin,1,0,0.00013968482,0.0
2025,19,54.0,Austin,1,0,0.0018044878,0.0
2025,19,55.0,Austin,1,0,3.5756402e-06,0.0
2025,19,56.0,Austin,1,0,1.3062718e-06,0.0
2025,20,1.0,Mexico City,1,0,1.9819301e-05,0.0
2025,20,2.0,Mexico City,1,0,4.7246448e-07,0.0
2025,20,3.0,Mexico City,12,0,0.0055188024,0.0
2025,20,4.0,Mexico City,1,0,1.1629025e-07,0.0
2025,20,5.0,Mexico City,1,0,6.3352e-07,0.0
2025,20,6.0,Mexico City,12,0,8.033767e-05,0.0
2025,20,7.0,Mexico City,1,0,2.8506513e-09,0.0
2025,20,8.0,Mexico City,1,0,2.9780456e-06,0.0
2025,20,9.0,Mexico City,1,0,1.259115e-06,0.0
2025,20,10.0,Mexico City,1,0,1.201797e-07,0.0
2025,20,11.0,Mexico City,1,0,5.3685557e-08,0.0
2025,20,12.0,Mexico City,1,0,1.2308219e-06,0.0
2025,20,13.0,Mexico City,1,0,4.8248875e-08,0.0
2025,20,14.0,Mexico City,1,0,6.8737464e-08,0.0
2025,20,15.0,Mexico City,1,0,3.987415e-06,0.0
2025,20,16.0,Mexico City,1,0,1.1766418e-05,0.0
2025,20,17.0,Mexico City,1,0,0.00016583405,0.0
2025,20,18.0,Mexico City,1,0,0.00033656432,0.0
2025,20,19.0,Mexico City,1,0,3.9014335e-06,0.0
2025,20,20.0,Mexico City,1,0,4.2456604e-06,0.0
2025,20,21.0,Mexico City,1,0,5.171773e-06,0.0
2025,20,22.0,Mexico City,1,0,4.5581173e-06,0.0
2025,20,23.0,Mexico City,1,0,4.1429914e-05,0.0
2025,20,24.0,Mexico City,1,0,1.2857788e-05,0.0
2025,20,25.0,Mexico City,1,0,0.0014874338,0.0
2025,20,26.0,Mexico City,1,0,1.3747907e-06,0.0
2025,20,27.0,Mexico City,1,0,1.4043521e-06,0.0
2025,20,28.0,Mexico City,1,0,3.389479e-05,0.0
2025,20,29.0,Mexico City,1,0,1.6745668e-06,0.0
2025,20,30.0,Mexico City,1,0,2.4121903e-07,0.0
2025,20,31.0,Mexico City,1,0,1.3896373e-06,0.0
2025,20,32.0,Mexico City,1,0,1.0674244e-05,0.0
2025,20,33.0,Mexico City,1,0,1.9262233e-08,0.0
2025,20,34.0,Mexico City,1,0,2.3385766e-05,0.0
2025,20,35.0,Mexico City,1,0,0.0013509272,0.0
2025,20,36.0,Mexico City,1,0,1.5910387e-06,0.0
2025,20,37.0,Mexico City,1,0,1.5263082e-05,0.0
2025,20,38.0,Mexico City,1,0,4.5777074e-06,0.0
2025,20,39.0,Mexico City,1,0,4.6761033e-06,0.0
2025,20,40.0,Mexico City,1,0,9.5624e-08,0.0
2025,20,41.0,Mexico City,1,0,5.276832e-08,0.0
2025,20,42.0,Mexico City,1,0,2.9917587e-07,0.0
2025,20,43.0,Mexico City,1,0,1.9916624e-07,0.0
2025,20,44.0,Mexico City,1,0,5.40546e-06,0.0
2025,20,45.0,Mexico City,1,0,1.6965213e-07,0.0
2025,20,46.0,Mexico City,1,0,1.007008e-05,0.0
2025,20,47.0,Mexico City,1,0,0.0020054355,0.0
2025,20,48.0,Mexico City,1,0,5.8860915e-06,0.0
2025,20,49.0,Mexico City,1,0,0.00046122257,0.0
2025,20,50.0,Mexico City,1,0,0.00029169972,0.0
2025,20,51.0,Mexico City,1,0,9.6000935e-05,0.0
2025,20,52.0,Mexico City,1,0,0.000101396065,0.0
2025,20,53.0,Mexico City,1,0,0.00021775962,0.0
2025,20,54.0,Mexico City,1,0,3.6247726e-05,0.0
2025,20,55.0,Mexico City,1,0,3.124324e-05,0.0
2025,20,56.0,Mexico City,1,0,1.925572e-05,0.0
2025,20,57.0,Mexico City,1,0,4.1289262e-05,0.0
2025,20,58.0,Mexico City,1,0,5.535509e-06,0.0
2025,20,59.0,Mexico City,1,0,2.154839e-06,0.0
2025,20,60.0,Mexico City,1,0,5.5316937e-06,0.0
2025,20,61.0,Mexico City,1,0,2.229768e-06,0.0
2025,20,62.0,Mexico City,1,0,2.309393e-05,0.0
2025,20,63.0,Mexico City,1,0,0.000104738356,0.0
2025,20,64.0,Mexico City,1,0,6.740918e-05,0.0
2025,20,65.0,Mexico City,1,0,2.4343208e-06,0.0
2025,20,66.0,Mexico City,1,0,3.066639e-06,0.0
2025,20,67.0,Mexico City,1,0,1.5790256e-05,0.0
2025,20,68.0,Mexico City,1,0,0.0006597589,0.0
2025,20,69.0,Mexico City,1,0,0.09017561,0.0
2025,20,70.0,Mexico City,126,0,0.11826751,0.0
2025,20,71.0,Mexico City,671,0,4.3109445e-05,0.0
2025,21,1.0,São Paulo,12,0,0.00055301946,0.0
2025,21,2.0,São Paulo,24,0,0.00094258506,0.0
2025,21,3.0,São Paulo,4,0,0.01719114,0.0
2025,21,4.0,São Paulo,4,0,8.926213e-05,1.0
2025,21,5.0,São Paulo,41,0,0.0031721157,1.0
2025,21,6.0,São Paulo,12,0,0.00043914496,1.0
2025,21,7.0,São Paulo,26,0,3.61257e-05,1.0
2025,21,8.0,São Paulo,671,0,5.5706092e-05,1.0
2025,21,9.0,São Paulo,1,0,3.5607425e-06,1.0
2025,21,10.0,São Paulo,1,0,0.0003204962,1.0
2025,21,11.0,São Paulo,1,0,3.847022e-06,1.0
2025,21,12.0,São Paulo,1,0,1.0755168e-06,1.0
2025,21,13.0,São Paulo,1,0,9.4174716e-08,1.0
2025,21,14.0,São Paulo,1,0,1.42559e-07,1.0
2025,21,15.0,São Paulo,1,0,3.35231e-08,1.0
2025,21,16.0,São Paulo,1,0,3.7707764e-07,1.0
2025,21,17.0,São Paulo,1,0,1.673526e-07,1.0
2025,21,18.0,São Paulo,1,0,3.1352301e-06,1.0
2025,21,19.0,São Paulo,1,0,8.50802e-06,1.0
2025,21,20.0,São Paulo,1,0,1.228576e-05,1.0
2025,21,21.0,São Paulo,1,0,2.6918703e-06,1.0
2025,21,22.0,São Paulo,1,0,5.774216e-06,1.0
2025,21,23.0,São Paulo,1,0,0.00023599513,1.0
2025,21,24.0,São Paulo,1,0,3.701936e-07,1.0
2025,21,25.0,São Paulo,1,0,5.057517e-05,1.0
2025,21,26.0,São Paulo,1,0,5.0433908e-05,1.0
2025,21,27.0,São Paulo,1,0,1.7135392e-07,1.0
2025,21,28.0,São Paulo,1,0,9.913495e-07,1.0
2025,21,29.0,São Paulo,1,0,9.285357e-07,1.0
2025,21,30.0,São Paulo,1,0,0.00071758893,1.0
2025,21,31.0,São Paulo,1,0,2.9418043e-06,1.0
2025,21,32.0,São Paulo,1,0,4.5939146e-06,1.0
2025,21,33.0,São Paulo,1,0,8.3954325e-07,1.0
2025,21,34.0,São Paulo,1,0,1.831754e-08,1.0
2025,21,35.0,São Paulo,1,0,8.03472e-06,1.0
2025,21,36.0,São Paulo,1,0,2.2165962e-07,1.0
2025,21,37.0,São Paulo,1,0,6.205294e-07,1.0
2025,21,38.0,São Paulo,1,0,5.274669e-08,1.0
2025,21,39.0,São Paulo,1,0,9.900115e-09,1.0
2025,21,40.0,São Paulo,1,0,7.0827895e-07,1.0
2025,21,41.0,São Paulo,1,0,6.409257e-06,1.0
2025,21,42.0,São Paulo,1,0,1.0914478e-08,1.0
2025,21,43.0,São Paulo,1,0,4.996476e-07,1.0
2025,21,44.0,São Paulo,1,0,1.6762108e-06,1.0
2025,21,45.0,São Paulo,1,0,1.4051109e-08,1.0
2025,21,46.0,São Paulo,1,0,7.868141e-07,1.0
2025,21,47.0,São Paulo,1,0,6.0031687e-07,1.0
2025,21,48.0,São Paulo,1,0,3.1819713e-08,1.0
2025,21,49.0,São Paulo,1,0,1.1116741e-05,1.0
2025,21,50.0,São Paulo,1,0,2.8463146e-06,1.0
2025,21,51.0,São Paulo,1,0,1.9660924e-06,1.0
2025,21,52.0,São Paulo,1,0,4.2233532e-06,1.0
2025,21,53.0,São Paulo,1,0,1.7797046e-06,1.0
2025,21,54.0,São Paulo,1,0,8.768728e-06,1.0
2025,21,55.0,São Paulo,1,0,1.1660203e-06,1.0
2025,21,56.0,São Paulo,1,0,3.5875269e-06,1.0
2025,21,57.0,São Paulo,1,0,9.846079e-07,1.0
2025,21,58.0,São Paulo,1,0,1.0272994e-06,1.0
2025,21,59.0,São Paulo,1,0,5.723612e-06,1.0
2025,21,60.0,São Paulo,1,0,3.1217123e-08,1.0
2025,21,61.0,São Paulo,1,0,1.7500067e-08,1.0
2025,21,62.0,São Paulo,1,0,1.3994193e-08,1.0
2025,21,63.0,São Paulo,1,0,1.6948749e-07,1.0
2025,21,64.0,São Paulo,1,0,1.9964983e-07,1.0
2025,21,65.0,São Paulo,1,0,1.372858e-07,1.0
2025,21,66.0,São Paulo,1,0,6.9756143e-06,1.0
2025,21,67.0,São Paulo,1,0,2.6657344e-05,1.0
2025,21,68.0,São Paulo,1,0,3.237633e-08,1.0
2025,21,69.0,São Paulo,1,0,2.8245663e-07,1.0
2025,21,70.0,São Paulo,1,0,7.894125e-06,1.0
2025,21,71.0,São Paulo,1,0,8.051295e-06,1.0
2025,22,1.0,Las Vegas,12,0,0.0027715901,0.0
2025,22,2.0,Las Vegas,216,0,0.0033451112,0.0
2025,22,3.0,Las Vegas,6,0,0.068692744,0.0
2025,22,4.0,Las Vegas,671,0,0.00015718532,1.0
2025,22,5.0,Las Vegas,1,0,8.651838e-08,1.0
2025,22,6.0,Las Vegas,1,0,1.969412e-06,1.0
2025,22,7.0,Las Vegas,1,0,7.5699525e-08,1.0
2025,22,8.0,Las Vegas,1,0,3.9413024e-08,1.0
2025,22,9.0,Las Vegas,1,0,2.2320087e-08,1.0
2025,22,10.0,Las Vegas,1,0,6.665059e-08,1.0
2025,22,11.0,Las Vegas,1,0,6.2859026e-06,1.0
2025,22,12.0,Las Vegas,1,0,9.137095e-07,1.0
2025,22,13.0,Las Vegas,1,0,0.00048690752,1.0
2025,22,14.0,Las Vegas,1,0,1.276043e-05,1.0
2025,22,15.0,Las Vegas,1,0,4.2346033e-05,1.0
2025,22,16.0,Las Vegas,167,0,0.016269026,1.0
2025,22,17.0,Las Vegas,1,0,0.00082148093,1.0
2025,22,18.0,Las Vegas,1,0,3.301285e-05,1.0
2025,22,19.0,Las Vegas,1,0,4.151724e-05,1.0
2025,22,20.0,Las Vegas,1,0,0.00055759726,1.0
2025,22,21.0,Las Vegas,1,0,6.437888e-05,1.0
2025,22,22.0,Las Vegas,1,0,0.003996964,1.0
2025,22,23.0,Las Vegas,1,0,7.4190725e-06,1.0
2025,22,24.0,Las Vegas,1,0,6.0544185e-06,1.0
2025,22,25.0,Las Vegas,1,0,0.0006290409,1.0
2025,22,26.0,Las Vegas,1,0,0.00247456,1.0
2025,22,27.0,Las Vegas,1,0,0.00039584227,1.0
2025,22,28.0,Las Vegas,1,0,0.0011471173,1.0
2025,22,29.0,Las Vegas,1,0,4.0482914e-06,1.0
2025,22,30.0,Las Vegas,1,0,0.0005211405,1.0
2025,22,31.0,Las Vegas,1,0,9.565576e-06,1.0
2025,22,32.0,Las Vegas,1,0,1.0444591e-07,1.0
2025,22,33.0,Las Vegas,1,0,1.577694e-06,1.0
2025,22,34.0,Las Vegas,1,0,2.0142711e-07,1.0
2025,22,35.0,Las Vegas,1,0,2.912102e-05,1.0
2025,22,36.0,Las Vegas,1,0,3.617583e-05,1.0
2025,22,37.0,Las Vegas,1,0,4.234432e-06,1.0
2025,22,38.0,Las Vegas,1,0,6.17535e-06,1.0
2025,22,39.0,Las Vegas,1,0,2.3822222e-05,1.0
2025,22,40.0,Las Vegas,1,0,7.449341e-05,1.0
2025,22,41.0,Las Vegas,1,0,8.8475535e-06,1.0
2025,22,42.0,Las Vegas,1,0,1.4634552e-05,1.0
2025,22,43.0,Las Vegas,1,0,7.693226e-05,1.0
2025,22,44.0,Las Vegas,1,0,3.754872e-05,1.0
2025,22,45.0,Las Vegas,1,0,6.7077262e-06,1.0
2025,22,46.0,Las Vegas,1,0,5.523904e-05,1.0
2025,22,47.0,Las Vegas,1,0,5.4794045e-06,1.0
2025,22,48.0,Las Vegas,1,0,7.894148e-05,1.0
2025,22,49.0,Las Vegas,1,0,1.2571265e-05,1.0
2025,22,50.0,Las Vegas,1,0,0.0036390144,1.0
2025,23,1.0,Lusail,1,0,0.0073053814,0.0
2025,23,2.0,Lusail,1,0,0.036665224,0.0
2025,23,3.0,Lusail,1,0,0.011048178,0.0
2025,23,4.0,Lusail,1,1,0.9996742,0.0
2025,23,5.0,Lusail,1,1,0.9998266,0.0
2025,23,6.0,Lusail,1,1,0.9997595,0.0
2025,23,7.0,Lusail,124,0,0.96264046,0.0
2025,23,8.0,Lusail,4,0,0.96552414,0.0
2025,23,9.0,Lusail,4,0,0.09370045,1.0
2025,23,10.0,Lusail,41,0,0.064304546,1.0
2025,23,11.0,Lusail,1,0,4.8156344e-05,1.0
2025,23,12.0,Lusail,1,0,0.0005823741,1.0
2025,23,13.0,Lusail,1,0,0.0006508103,1.0
2025,23,14.0,Lusail,1,0,2.693948e-06,1.0
2025,23,15.0,Lusail,1,0,1.7895993e-05,1.0
2025,23,16.0,Lusail,1,0,0.00014023305,1.0
2025,23,17.0,Lusail,1,0,0.00015655931,1.0
2025,23,18.0,Lusail,1,0,0.00018113462,1.0
2025,23,19.0,Lusail,1,0,0.0019466089,1.0
2025,23,20.0,Lusail,1,0,1.037711e-05,1.0
2025,23,21.0,Lusail,1,0,8.141585e-05,1.0
2025,23,22.0,Lusail,1,0,8.532103e-06,1.0
2025,23,23.0,Lusail,1,0,1.2458318e-06,1.0
2025,23,24.0,Lusail,1,0,8.4908876e-05,1.0
2025,23,25.0,Lusail,1,0,0.00029389522,1.0
2025,23,26.0,Lusail,1,0,2.2525883e-06,1.0
2025,23,27.0,Lusail,1,0,2.8977597e-06,1.0
2025,23,28.0,Lusail,1,0,1.2638762e-05,1.0
2025,23,29.0,Lusail,1,0,4.3193793e-07,1.0
2025,23,30.0,Lusail,1,0,5.600139e-08,1.0
2025,23,31.0,Lusail,1,0,5.7640325e-05,1.0
2025,23,32.0,Lusail,1,0,7.977268e-05,1.0
2025,23,33.0,Lusail,1,0,4.5559614e-06,1.0
2025,23,34.0,Lusail,1,0,2.5470752e-05,1.0
2025,23,35.0,Lusail,1,0,3.7114842e-06,1.0
2025,23,36.0,Lusail,1,0,9.0606136e-07,1.0
2025,23,37.0,Lusail,1,0,1.8248953e-05,1.0
2025,23,38.0,Lusail,1,0,5.5194392e-05,1.0
2025,23,39.0,Lusail,1,0,0.00013873597,1.0
2025,23,40.0,Lusail,1,0,1.8592875e-05,1.0
2025,23,41.0,Lusail,1,0,9.0356356e-05,1.0
2025,23,42.0,Lusail,1,0,0.00026004334,1.0
2025,23,43.0,Lusail,1,0,0.00036092484,1.0
2025,23,44.0,Lusail,1,0,2.6256464e-05,1.0
2025,23,45.0,Lusail,1,0,0.00028355417,1.0
2025,23,46.0,Lusail,1,0,0.00034186785,1.0
2025,23,47.0,Lusail,1,0,9.47003e-07,1.0
2025,23,48.0,Lusail,1,0,6.580646e-07,1.0
2025,23,49.0,Lusail,1,0,1.5705014e-05,1.0
2025,23,50.0,Lusail,1,0,7.987315e-05,1.0
2025,23,51.0,Lusail,1,0,0.0002444921,1.0
2025,23,52.0,Lusail,1,0,2.169599e-05,1.0
2025,23,53.0,Lusail,1,0,2.6004182e-07,1.0
2025,23,54.0,Lusail,1,0,5.648121e-07,1.0
2025,23,55.0,Lusail,1,0,1.1455215e-06,1.0
2025,23,56.0,Lusail,1,0,0.00024130021,1.0
2025,23,57.0,Lusail,1,0,0.00014246364,1.0
2025,24,1.0,Yas Island,1,0,4.5669453e-06,0.0
2025,24,2.0,Yas Island,1,0,2.982987e-05,0.0
2025,24,3.0,Yas Island,1,0,3.8430662e-05,0.0
2025,24,4.0,Yas Island,1,0,0.0011185714,0.0
2025,24,5.0,Yas Island,1,0,0.0003096298,0.0
2025,24,6.0,Yas Island,1,0,0.00025973932,0.0
2025,24,7.0,Yas Island,1,0,0.00035216438,0.0
2025,24,8.0,Yas Island,1,0,1.6112883e-05,0.0
2025,24,9.0,Yas Island,1,0,0.00020816791,0.0
2025,24,10.0,Yas Island,1,0,0.0005188099,0.0
2025,24,11.0,Yas Island,1,0,0.001633219,0.0
2025,24,12.0,Yas Island,1,0,0.0025640982,0.0
2025,24,13.0,Yas Island,1,0,0.00063230743,0.0
2025,24,14.0,Yas Island,1,0,0.00025040653,0.0
2025,24,15.0,Yas Island,1,0,0.00016145787,0.0
2025,24,16.0,Yas Island,1,0,8.614988e-05,0.0
2025,24,17.0,Yas Island,1,0,0.000107069034,0.0
2025,24,18.0,Yas Island,1,0,1.9033458e-05,0.0
2025,24,19.0,Yas Island,1,0,2.5330314e-06,0.0
2025,24,20.0,Yas Island,1,0,0.00015100911,0.0
2025,24,21.0,Yas Island,1,0,4.4040675e-07,0.0
2025,24,22.0,Yas Island,1,0,1.8371779e-07,0.0
2025,24,23.0,Yas Island,1,0,1.1435282e-05,0.0
2025,24,24.0,Yas Island,1,0,8.8055116e-05,0.0
2025,24,25.0,Yas Island,1,0,7.880931e-06,0.0
2025,24,26.0,Yas Island,1,0,3.890873e-05,0.0
2025,24,27.0,Yas Island,1,0,4.170347e-08,0.0
2025,24,28.0,Yas Island,1,0,8.797942e-09,0.0
2025,24,29.0,Yas Island,1,0,7.139968e-07,0.0
2025,24,30.0,Yas Island,1,0,1.0451153e-06,0.0
2025,24,31.0,Yas Island,1,0,7.645852e-06,0.0
2025,24,32.0,Yas Island,1,0,6.477824e-05,0.0
2025,24,33.0,Yas Island,1,0,0.0001081712,0.0
2025,24,34.0,Yas Island,1,0,2.653275e-06,0.0
2025,24,35.0,Yas Island,1,0,2.102452e-05,0.0
2025,24,36.0,Yas Island,1,0,0.00015780207,0.0
2025,24,37.0,Yas Island,1,0,1.5800202e-07,0.0
2025,24,38.0,Yas Island,1,0,8.056841e-06,0.0
2025,24,39.0,Yas Island,1,0,5.296306e-06,0.0
2025,24,40.0,Yas Island,1,0,5.9922377e-06,0.0
2025,24,41.0,Yas Island,1,0,1.1587192e-05,0.0
2025,24,42.0,Yas Island,1,0,1.2935033e-06,0.0
2025,24,43.0,Yas Island,1,0,2.446944e-05,0.0
2025,24,44.0,Yas Island,1,0,6.163279e-05,0.0
2025,24,45.0,Yas Island,1,0,2.6237095e-07,0.0
2025,24,46.0,Yas Island,1,0,1.000078e-06,0.0
2025,24,47.0,Yas Island,1,0,3.2862022e-07,0.0
2025,24,48.0,Yas Island,1,0,1.4355001e-07,0.0
2025,24,49.0,Yas Island,1,0,6.17236e-07,0.0
2025,24,50.0,Yas Island,1,0,0.00029912172,0.0
2025,24,51.0,Yas Island,1,0,0.00013337574,0.0
2025,24,52.0,Yas Island,1,0,6.1276323e-06,0.0
2025,24,53.0,Yas Island,1,0,5.578408e-05,0.0
2025,24,54.0,Yas Island,1,0,2.014739e-06,0.0
2025,24,55.0,Yas Island,1,0,3.594465e-06,0.0
2025,24,56.0,Yas Island,1,0,4.5146176e-06,0.0
2025,24,57.0,Yas Island,1,0,0.00095162983,0.0
2025,24,58.0,Yas Island,1,0,1.4588973e-05,0.0
