Time,Status,Message,Season,Round,Date
0 days 00:14:47.534000,2,Yellow,2018,1,2018-03-25 05:24:47.534
0 days 00:14:54.676000,1,AllClear,2018,1,2018-03-25 05:24:54.676
0 days 00:14:55.424000,2,Yellow,2018,1,2018-03-25 05:24:55.424
0 days 00:17:32.340000,1,AllClear,2018,1,2018-03-25 05:27:32.340
0 days 00:21:00.464000,2,Yellow,2018,1,2018-03-25 05:31:00.464
0 days 00:21:02.731000,1,AllClear,2018,1,2018-03-25 05:31:02.731
0 days 00:41:39.694000,2,Yellow,2018,1,2018-03-25 05:51:39.694
0 days 00:41:54.199000,1,AllClear,2018,1,2018-03-25 05:51:54.199
0 days 00:42:09.798000,2,Yellow,2018,1,2018-03-25 05:52:09.798
0 days 00:43:06.320000,1,AllClear,2018,1,2018-03-25 05:53:06.320
0 days 00:44:01.324000,2,Yellow,2018,1,2018-03-25 05:54:01.324
0 days 00:44:59.666000,6,VSCDeployed,2018,1,2018-03-25 05:54:59.666
0 days 00:49:00.615000,4,SCDeployed,2018,1,2018-03-25 05:59:00.615
0 days 00:57:11.990000,1,AllClear,2018,1,2018-03-25 06:07:11.990
0 days 00:08:08.643000,2,Yellow,2018,2,2018-04-08 15:18:08.643
0 days 00:08:14.695000,1,AllClear,2018,2,2018-04-08 15:18:14.695
0 days 00:08:26.014000,2,Yellow,2018,2,2018-04-08 15:18:26.014
0 days 00:08:51.074000,1,AllClear,2018,2,2018-04-08 15:18:51.074
0 days 00:09:57.697000,2,Yellow,2018,2,2018-04-08 15:19:57.697
0 days 00:10:24.916000,1,AllClear,2018,2,2018-04-08 15:20:24.916
0 days 00:10:32.280000,2,Yellow,2018,2,2018-04-08 15:20:32.280
0 days 00:10:41.473000,6,VSCDeployed,2018,2,2018-04-08 15:20:41.473
0 days 00:14:18.149000,7,VSCEnding,2018,2,2018-04-08 15:24:18.149
0 days 00:14:28.726000,1,AllClear,2018,2,2018-04-08 15:24:28.726
0 days 00:16:12.118000,2,Yellow,2018,2,2018-04-08 15:26:12.118
0 days 00:16:52.560000,1,AllClear,2018,2,2018-04-08 15:26:52.560
0 days 00:16:54.296000,2,Yellow,2018,2,2018-04-08 15:26:54.296
0 days 00:17:03.081000,1,AllClear,2018,2,2018-04-08 15:27:03.081
0 days 00:24:49.514000,2,Yellow,2018,2,2018-04-08 15:34:49.514
0 days 00:25:07.399000,1,AllClear,2018,2,2018-04-08 15:35:07.399
0 days 00:51:26.333000,2,Yellow,2018,2,2018-04-08 16:01:26.333
0 days 00:51:37.393000,1,AllClear,2018,2,2018-04-08 16:01:37.393
0 days 01:12:30.099000,2,Yellow,2018,2,2018-04-08 16:22:30.099
0 days 01:12:43.186000,1,AllClear,2018,2,2018-04-08 16:22:43.186
0 days 00:56:48.669000,2,Yellow,2018,3,2018-04-15 07:06:48.669
0 days 00:56:55.543000,1,AllClear,2018,3,2018-04-15 07:06:55.543
0 days 00:56:56.675000,2,Yellow,2018,3,2018-04-15 07:06:56.675
0 days 00:57:01.660000,1,AllClear,2018,3,2018-04-15 07:07:01.660
0 days 00:58:51.111000,4,SCDeployed,2018,3,2018-04-15 07:08:51.111
0 days 01:08:59.294000,1,AllClear,2018,3,2018-04-15 07:18:59.294
0 days 01:22:07.472000,2,Yellow,2018,3,2018-04-15 07:32:07.472
0 days 01:22:15.100000,1,AllClear,2018,3,2018-04-15 07:32:15.100
0 days 00:08:08.035000,2,Yellow,2018,4,2018-04-29 12:18:08.035
0 days 00:08:31.311000,4,SCDeployed,2018,4,2018-04-29 12:18:31.311
0 days 00:20:55.542000,1,AllClear,2018,4,2018-04-29 12:30:55.542
0 days 00:29:45.887000,2,Yellow,2018,4,2018-04-29 12:39:45.887
0 days 00:29:57.038000,1,AllClear,2018,4,2018-04-29 12:39:57.038
0 days 00:31:56.943000,2,Yellow,2018,4,2018-04-29 12:41:56.943
0 days 00:32:11.113000,1,AllClear,2018,4,2018-04-29 12:42:11.113
0 days 00:38:24.721000,2,Yellow,2018,4,2018-04-29 12:48:24.721
0 days 00:39:20.846000,1,AllClear,2018,4,2018-04-29 12:49:20.846
0 days 00:39:21.089000,2,Yellow,2018,4,2018-04-29 12:49:21.089
0 days 00:39:24.030000,1,AllClear,2018,4,2018-04-29 12:49:24.030
0 days 00:44:33.894000,2,Yellow,2018,4,2018-04-29 12:54:33.894
0 days 00:44:46.392000,1,AllClear,2018,4,2018-04-29 12:54:46.392
0 days 00:48:45.019000,2,Yellow,2018,4,2018-04-29 12:58:45.019
0 days 00:48:56.143000,1,AllClear,2018,4,2018-04-29 12:58:56.143
0 days 01:23:08.659000,2,Yellow,2018,4,2018-04-29 13:33:08.659
0 days 01:23:50.402000,4,SCDeployed,2018,4,2018-04-29 13:33:50.402
0 days 01:44:03.406000,1,AllClear,2018,4,2018-04-29 13:54:03.406
0 days 01:46:30.618000,2,Yellow,2018,4,2018-04-29 13:56:30.618
0 days 01:46:34.249000,1,AllClear,2018,4,2018-04-29 13:56:34.249
0 days 01:46:44.106000,2,Yellow,2018,4,2018-04-29 13:56:44.106
0 days 01:47:59.907000,1,AllClear,2018,4,2018-04-29 13:57:59.907
0 days 00:07:38.778000,2,Yellow,2018,5,2018-05-13 13:17:38.778
0 days 00:07:45.735000,4,SCDeployed,2018,5,2018-05-13 13:17:45.735
0 days 00:20:01.446000,1,AllClear,2018,5,2018-05-13 13:30:01.446
0 days 01:06:31.369000,2,Yellow,2018,5,2018-05-13 14:16:31.369
0 days 01:07:06.365000,6,VSCDeployed,2018,5,2018-05-13 14:17:06.365
0 days 01:10:26.389000,7,VSCEnding,2018,5,2018-05-13 14:20:26.389
0 days 01:10:40.273000,1,AllClear,2018,5,2018-05-13 14:20:40.273
0 days 01:10:45.365000,2,Yellow,2018,5,2018-05-13 14:20:45.365
0 days 01:10:53.057000,1,AllClear,2018,5,2018-05-13 14:20:53.057
0 days 00:07:26.615000,2,Yellow,2018,6,2018-05-27 13:17:26.615
0 days 00:08:23.728000,1,AllClear,2018,6,2018-05-27 13:18:23.728
0 days 00:23:43.859000,2,Yellow,2018,6,2018-05-27 13:33:43.859
0 days 00:23:52.390000,1,AllClear,2018,6,2018-05-27 13:33:52.390
0 days 01:16:03.406000,2,Yellow,2018,6,2018-05-27 14:26:03.406
0 days 01:17:08.918000,1,AllClear,2018,6,2018-05-27 14:27:08.918
0 days 01:40:35.410000,2,Yellow,2018,6,2018-05-27 14:50:35.410
0 days 01:41:19.432000,6,VSCDeployed,2018,6,2018-05-27 14:51:19.432
0 days 01:43:22.924000,7,VSCEnding,2018,6,2018-05-27 14:53:22.924
0 days 01:43:34.712000,1,AllClear,2018,6,2018-05-27 14:53:34.712
0 days 00:07:29.041000,2,Yellow,2018,7,2018-06-10 18:17:29.041
0 days 00:07:42.541000,4,SCDeployed,2018,7,2018-06-10 18:17:42.541
0 days 00:14:35.528000,1,AllClear,2018,7,2018-06-10 18:24:35.528
0 days 01:39:03.793000,2,Yellow,2018,7,2018-06-10 19:49:03.793
0 days 01:39:07.326000,1,AllClear,2018,7,2018-06-10 19:49:07.326
0 days 01:39:09.347000,2,Yellow,2018,7,2018-06-10 19:49:09.347
0 days 01:39:18.240000,1,AllClear,2018,7,2018-06-10 19:49:18.240
0 days 01:39:31.886000,2,Yellow,2018,7,2018-06-10 19:49:31.886
0 days 01:39:35.425000,1,AllClear,2018,7,2018-06-10 19:49:35.425
0 days 00:07:41.290000,2,Yellow,2018,8,2018-06-24 14:17:41.290
0 days 00:07:46.439000,1,AllClear,2018,8,2018-06-24 14:17:46.439
0 days 00:07:54.649000,2,Yellow,2018,8,2018-06-24 14:17:54.649
0 days 00:08:13.781000,4,SCDeployed,2018,8,2018-06-24 14:18:13.781
0 days 00:19:28.652000,1,AllClear,2018,8,2018-06-24 14:29:28.652
0 days 00:20:07.542000,2,Yellow,2018,8,2018-06-24 14:30:07.542
0 days 00:20:14.784000,1,AllClear,2018,8,2018-06-24 14:30:14.784
0 days 01:32:22.447000,2,Yellow,2018,8,2018-06-24 15:42:22.447
0 days 01:33:48.044000,6,VSCDeployed,2018,8,2018-06-24 15:43:48.044
0 days 01:36:11.850000,7,VSCEnding,2018,8,2018-06-24 15:46:11.850
0 days 01:36:24.477000,1,AllClear,2018,8,2018-06-24 15:46:24.477
0 days 01:36:26.822000,2,Yellow,2018,8,2018-06-24 15:46:26.822
0 days 01:41:57.006000,1,AllClear,2018,8,2018-06-24 15:51:57.006
0 days 00:08:50.939000,2,Yellow,2018,9,2018-07-01 13:18:50.939
0 days 00:08:59.637000,1,AllClear,2018,9,2018-07-01 13:18:59.637
0 days 00:20:11.925000,2,Yellow,2018,9,2018-07-01 13:30:11.925
0 days 00:20:24.836000,1,AllClear,2018,9,2018-07-01 13:30:24.836
0 days 00:20:29.649000,2,Yellow,2018,9,2018-07-01 13:30:29.649
0 days 00:20:58.721000,1,AllClear,2018,9,2018-07-01 13:30:58.721
0 days 00:22:53.051000,2,Yellow,2018,9,2018-07-01 13:32:53.051
0 days 00:23:23.891000,6,VSCDeployed,2018,9,2018-07-01 13:33:23.891
0 days 00:25:17.153000,7,VSCEnding,2018,9,2018-07-01 13:35:17.153
0 days 00:25:27.155000,1,AllClear,2018,9,2018-07-01 13:35:27.155
0 days 01:09:04.645000,2,Yellow,2018,9,2018-07-01 14:19:04.645
0 days 01:10:36.446000,1,AllClear,2018,9,2018-07-01 14:20:36.446
0 days 01:10:50.645000,2,Yellow,2018,9,2018-07-01 14:20:50.645
0 days 01:10:52.201000,1,AllClear,2018,9,2018-07-01 14:20:52.201
0 days 01:10:53.447000,2,Yellow,2018,9,2018-07-01 14:20:53.447
0 days 01:11:14.290000,1,AllClear,2018,9,2018-07-01 14:21:14.290
0 days 01:11:59.724000,2,Yellow,2018,9,2018-07-01 14:21:59.724
0 days 01:12:51.103000,1,AllClear,2018,9,2018-07-01 14:22:51.103
0 days 01:19:26.932000,2,Yellow,2018,9,2018-07-01 14:29:26.932
0 days 01:19:30.706000,1,AllClear,2018,9,2018-07-01 14:29:30.706
0 days 01:20:22.350000,2,Yellow,2018,9,2018-07-01 14:30:22.350
0 days 01:21:13.115000,1,AllClear,2018,9,2018-07-01 14:31:13.115
0 days 01:29:56.639000,2,Yellow,2018,9,2018-07-01 14:39:56.639
0 days 01:30:14.550000,1,AllClear,2018,9,2018-07-01 14:40:14.550
0 days 00:07:30.107000,2,Yellow,2018,10,2018-07-08 13:17:30.107
0 days 00:07:47.894000,1,AllClear,2018,10,2018-07-08 13:17:47.894
0 days 00:08:11.625000,2,Yellow,2018,10,2018-07-08 13:18:11.625
0 days 00:08:53.427000,1,AllClear,2018,10,2018-07-08 13:18:53.427
0 days 00:09:55.014000,2,Yellow,2018,10,2018-07-08 13:19:55.014
0 days 00:10:15.054000,1,AllClear,2018,10,2018-07-08 13:20:15.054
0 days 00:11:20.502000,2,Yellow,2018,10,2018-07-08 13:21:20.502
0 days 00:11:30.829000,1,AllClear,2018,10,2018-07-08 13:21:30.829
0 days 00:36:41.432000,2,Yellow,2018,10,2018-07-08 13:46:41.432
0 days 00:36:51.567000,1,AllClear,2018,10,2018-07-08 13:46:51.567
0 days 00:37:25.655000,2,Yellow,2018,10,2018-07-08 13:47:25.655
0 days 00:39:17.571000,1,AllClear,2018,10,2018-07-08 13:49:17.571
0 days 00:57:19.348000,2,Yellow,2018,10,2018-07-08 14:07:19.348
0 days 00:58:03.901000,4,SCDeployed,2018,10,2018-07-08 14:08:03.901
0 days 01:08:53.708000,1,AllClear,2018,10,2018-07-08 14:18:53.708
0 days 01:10:08.354000,2,Yellow,2018,10,2018-07-08 14:20:08.354
0 days 01:10:38.959000,4,SCDeployed,2018,10,2018-07-08 14:20:38.959
0 days 01:17:41.064000,1,AllClear,2018,10,2018-07-08 14:27:41.064
0 days 01:25:38.313000,2,Yellow,2018,10,2018-07-08 14:35:38.313
0 days 01:25:44.361000,1,AllClear,2018,10,2018-07-08 14:35:44.361
0 days 01:27:11.253000,2,Yellow,2018,10,2018-07-08 14:37:11.253
0 days 01:27:35.928000,1,AllClear,2018,10,2018-07-08 14:37:35.928
0 days 00:44:03.011000,2,Yellow,2018,11,2018-07-22 13:54:03.011
0 days 00:45:27.208000,1,AllClear,2018,11,2018-07-22 13:55:27.208
0 days 01:09:39.076000,2,Yellow,2018,11,2018-07-22 14:19:39.076
0 days 01:09:51.155000,1,AllClear,2018,11,2018-07-22 14:19:51.155
0 days 01:11:19.205000,2,Yellow,2018,11,2018-07-22 14:21:19.205
0 days 01:11:20.843000,1,AllClear,2018,11,2018-07-22 14:21:20.843
0 days 01:13:45.667000,2,Yellow,2018,11,2018-07-22 14:23:45.667
0 days 01:13:56.558000,1,AllClear,2018,11,2018-07-22 14:23:56.558
0 days 01:14:50.284000,2,Yellow,2018,11,2018-07-22 14:24:50.284
0 days 01:15:05.199000,1,AllClear,2018,11,2018-07-22 14:25:05.199
0 days 01:15:27.833000,2,Yellow,2018,11,2018-07-22 14:25:27.833
0 days 01:15:43.951000,4,SCDeployed,2018,11,2018-07-22 14:25:43.951
0 days 01:26:35.450000,1,AllClear,2018,11,2018-07-22 14:36:35.450
0 days 00:15:04.279000,2,Yellow,2018,12,2018-07-29 13:25:04.279
0 days 00:15:14.559000,6,VSCDeployed,2018,12,2018-07-29 13:25:14.559
0 days 00:16:02.173000,7,VSCEnding,2018,12,2018-07-29 13:26:02.173
0 days 00:16:16.333000,1,AllClear,2018,12,2018-07-29 13:26:16.333
0 days 01:17:28.040000,2,Yellow,2018,12,2018-07-29 14:27:28.040
0 days 01:17:35.690000,6,VSCDeployed,2018,12,2018-07-29 14:27:35.690
0 days 01:18:47.016000,7,VSCEnding,2018,12,2018-07-29 14:28:47.016
0 days 01:19:01.500000,1,AllClear,2018,12,2018-07-29 14:29:01.500
0 days 00:00:00,1,AllClear,2018,13,2018-08-26 13:10:00.000
0 days 00:14:48.834000,2,Yellow,2018,13,2018-08-26 13:24:48.834
0 days 00:14:50.817000,1,AllClear,2018,13,2018-08-26 13:24:50.817
0 days 00:18:44.585000,2,Yellow,2018,13,2018-08-26 13:28:44.585
0 days 00:19:13.527000,4,SCDeployed,2018,13,2018-08-26 13:29:13.527
0 days 00:29:34.490000,1,AllClear,2018,13,2018-08-26 13:39:34.490
0 days 01:42:18.720000,2,Yellow,2018,13,2018-08-26 14:52:18.720
0 days 01:45:13.546000,1,AllClear,2018,13,2018-08-26 14:55:13.546
0 days 00:00:00,1,AllClear,2018,14,2018-09-02 13:10:00.000
0 days 00:18:55.262000,2,Yellow,2018,14,2018-09-02 13:28:55.262
0 days 00:19:37.098000,6,VSCDeployed,2018,14,2018-09-02 13:29:37.098
0 days 00:20:49.389000,7,VSCEnding,2018,14,2018-09-02 13:30:49.389
0 days 00:22:37.098000,4,SCDeployed,2018,14,2018-09-02 13:32:37.098
0 days 00:24:40.762000,1,AllClear,2018,14,2018-09-02 13:34:40.762
0 days 00:54:24.938000,2,Yellow,2018,14,2018-09-02 14:04:24.938
0 days 00:56:49.323000,1,AllClear,2018,14,2018-09-02 14:06:49.323
0 days 00:07:50.402000,1,AllClear,2018,15,2018-09-16 12:17:50.402
0 days 00:18:58.280000,2,Yellow,2018,15,2018-09-16 12:28:58.280
0 days 00:19:09.767000,4,SCDeployed,2018,15,2018-09-16 12:29:09.767
0 days 00:28:57.272000,1,AllClear,2018,15,2018-09-16 12:38:57.272
0 days 00:00:00,1,AllClear,2018,16,2018-09-30 11:10:00.000
0 days 00:19:12.622000,2,Yellow,2018,16,2018-09-30 11:29:12.622
0 days 00:19:30.434000,1,AllClear,2018,16,2018-09-30 11:29:30.434
0 days 00:19:47.345000,2,Yellow,2018,16,2018-09-30 11:29:47.345
0 days 00:20:05.237000,1,AllClear,2018,16,2018-09-30 11:30:05.237
0 days 00:24:34.322000,2,Yellow,2018,16,2018-09-30 11:34:34.322
0 days 00:24:44.044000,1,AllClear,2018,16,2018-09-30 11:34:44.044
0 days 00:24:46.876000,2,Yellow,2018,16,2018-09-30 11:34:46.876
0 days 00:24:48.184000,1,AllClear,2018,16,2018-09-30 11:34:48.184
0 days 00:07:18.242000,1,AllClear,2018,17,2018-10-07 05:17:18.242
0 days 00:23:40.758000,4,SCDeployed,2018,17,2018-10-07 05:33:40.758
0 days 00:32:40.378000,1,AllClear,2018,17,2018-10-07 05:42:40.378
0 days 00:34:00.280000,2,Yellow,2018,17,2018-10-07 05:44:00.280
0 days 00:34:17.552000,1,AllClear,2018,17,2018-10-07 05:44:17.552
0 days 01:24:37.502000,2,Yellow,2018,17,2018-10-07 06:34:37.502
0 days 01:24:44.109000,1,AllClear,2018,17,2018-10-07 06:34:44.109
0 days 01:25:16.445000,2,Yellow,2018,17,2018-10-07 06:35:16.445
0 days 01:26:07.512000,6,VSCDeployed,2018,17,2018-10-07 06:36:07.512
0 days 01:27:08.858000,7,VSCEnding,2018,17,2018-10-07 06:37:08.858
0 days 01:27:19.093000,1,AllClear,2018,17,2018-10-07 06:37:19.093
0 days 00:07:15.932000,1,AllClear,2018,18,2018-10-21 18:17:15.932
0 days 00:34:13.429000,2,Yellow,2018,18,2018-10-21 18:44:13.429
0 days 00:34:31.993000,1,AllClear,2018,18,2018-10-21 18:44:31.993
0 days 00:34:48.262000,2,Yellow,2018,18,2018-10-21 18:44:48.262
0 days 00:35:04.962000,1,AllClear,2018,18,2018-10-21 18:45:04.962
0 days 00:38:06.453000,2,Yellow,2018,18,2018-10-21 18:48:06.453
0 days 00:38:16.838000,1,AllClear,2018,18,2018-10-21 18:48:16.838
0 days 00:48:09.923000,2,Yellow,2018,18,2018-10-21 18:58:09.923
0 days 00:48:10.804000,1,AllClear,2018,18,2018-10-21 18:58:10.804
0 days 00:48:11.032000,2,Yellow,2018,18,2018-10-21 18:58:11.032
0 days 00:48:25.059000,1,AllClear,2018,18,2018-10-21 18:58:25.059
0 days 00:48:36.446000,2,Yellow,2018,18,2018-10-21 18:58:36.446
0 days 00:50:23.873000,6,VSCDeployed,2018,18,2018-10-21 19:00:23.873
0 days 00:53:07.612000,7,VSCEnding,2018,18,2018-10-21 19:03:07.612
0 days 00:53:22.469000,1,AllClear,2018,18,2018-10-21 19:03:22.469
0 days 00:05:20.880000,1,AllClear,2018,19,2018-10-28 19:15:20.880
0 days 00:38:30.932000,2,Yellow,2018,19,2018-10-28 19:48:30.932
0 days 00:38:48.936000,1,AllClear,2018,19,2018-10-28 19:48:48.936
0 days 00:38:53.651000,2,Yellow,2018,19,2018-10-28 19:48:53.651
0 days 00:38:58.567000,6,VSCDeployed,2018,19,2018-10-28 19:48:58.567
0 days 00:39:55.469000,7,VSCEnding,2018,19,2018-10-28 19:49:55.469
0 days 00:40:06.874000,1,AllClear,2018,19,2018-10-28 19:50:06.874
0 days 01:14:15.429000,2,Yellow,2018,19,2018-10-28 20:24:15.429
0 days 01:14:41.480000,6,VSCDeployed,2018,19,2018-10-28 20:24:41.480
0 days 01:17:37.957000,7,VSCEnding,2018,19,2018-10-28 20:27:37.957
0 days 01:17:50.261000,1,AllClear,2018,19,2018-10-28 20:27:50.261
0 days 01:57:58.372000,2,Yellow,2018,19,2018-10-28 21:07:58.372
0 days 01:58:13.123000,6,VSCDeployed,2018,19,2018-10-28 21:08:13.123
0 days 02:00:43.030000,7,VSCEnding,2018,19,2018-10-28 21:10:43.030
0 days 02:00:57.466000,1,AllClear,2018,19,2018-10-28 21:10:57.466
0 days 00:10:26.889000,1,AllClear,2018,20,2018-11-11 17:20:26.889
0 days 00:58:44.871000,2,Yellow,2018,20,2018-11-11 18:08:44.871
0 days 00:58:46.189000,1,AllClear,2018,20,2018-11-11 18:08:46.189
0 days 00:58:50.036000,2,Yellow,2018,20,2018-11-11 18:08:50.036
0 days 00:58:55.932000,1,AllClear,2018,20,2018-11-11 18:08:55.932
0 days 01:26:58.826000,2,Yellow,2018,20,2018-11-11 18:36:58.826
0 days 01:27:11.053000,1,AllClear,2018,20,2018-11-11 18:37:11.053
0 days 00:14:50.789000,1,AllClear,2018,21,2018-11-25 13:24:50.789
0 days 00:34:34.281000,2,Yellow,2018,21,2018-11-25 13:44:34.281
0 days 00:34:38.530000,4,SCDeployed,2018,21,2018-11-25 13:44:38.530
0 days 00:43:48.619000,1,AllClear,2018,21,2018-11-25 13:53:48.619
0 days 00:47:51.675000,2,Yellow,2018,21,2018-11-25 13:57:51.675
0 days 00:48:04.656000,6,VSCDeployed,2018,21,2018-11-25 13:58:04.656
0 days 00:51:21.870000,7,VSCEnding,2018,21,2018-11-25 14:01:21.870
0 days 00:51:34.104000,1,AllClear,2018,21,2018-11-25 14:01:34.104
0 days 02:01:04.848000,2,Yellow,2018,21,2018-11-25 15:11:04.848
0 days 02:01:34.561000,1,AllClear,2018,21,2018-11-25 15:11:34.561
0 days 02:01:36.124000,2,Yellow,2018,21,2018-11-25 15:11:36.124
0 days 02:03:00.479000,1,AllClear,2018,21,2018-11-25 15:13:00.479
0 days 02:14:57.626000,2,Yellow,2018,21,2018-11-25 15:24:57.626
0 days 02:15:13.561000,1,AllClear,2018,21,2018-11-25 15:25:13.561
0 days 00:00:00,1,AllClear,2019,1,2019-03-17 05:10:00.000
0 days 00:34:07.225000,2,Yellow,2019,1,2019-03-17 05:44:07.225
0 days 00:34:50.255000,1,AllClear,2019,1,2019-03-17 05:44:50.255
0 days 01:19:15.470000,2,Yellow,2019,1,2019-03-17 06:29:15.470
0 days 01:19:24.296000,1,AllClear,2019,1,2019-03-17 06:29:24.296
0 days 00:11:35.413000,1,AllClear,2019,2,2019-03-31 15:21:35.413
0 days 00:11:35.413000,1,AllClear,2019,2,2019-03-31 15:21:35.413
0 days 00:11:35.413000,2,Yellow,2019,2,2019-03-31 15:21:35.413
0 days 00:34:13.604000,2,Yellow,2019,2,2019-03-31 15:44:13.604
0 days 00:34:15.208000,1,AllClear,2019,2,2019-03-31 15:44:15.208
0 days 00:34:21.300000,2,Yellow,2019,2,2019-03-31 15:44:21.300
0 days 00:34:23.498000,1,AllClear,2019,2,2019-03-31 15:44:23.498
0 days 00:34:41.968000,2,Yellow,2019,2,2019-03-31 15:44:41.968
0 days 00:34:47.654000,1,AllClear,2019,2,2019-03-31 15:44:47.654
0 days 00:34:57.343000,2,Yellow,2019,2,2019-03-31 15:44:57.343
0 days 00:35:15.885000,1,AllClear,2019,2,2019-03-31 15:45:15.885
0 days 00:36:00.703000,2,Yellow,2019,2,2019-03-31 15:46:00.703
0 days 00:36:04.956000,1,AllClear,2019,2,2019-03-31 15:46:04.956
0 days 00:39:02.300000,2,Yellow,2019,2,2019-03-31 15:49:02.300
0 days 00:39:17.245000,1,AllClear,2019,2,2019-03-31 15:49:17.245
0 days 00:42:29.779000,2,Yellow,2019,2,2019-03-31 15:52:29.779
0 days 00:42:37.415000,1,AllClear,2019,2,2019-03-31 15:52:37.415
0 days 00:52:59.771000,2,Yellow,2019,2,2019-03-31 16:02:59.771
0 days 00:53:09.611000,1,AllClear,2019,2,2019-03-31 16:03:09.611
0 days 01:34:27.384000,2,Yellow,2019,2,2019-03-31 16:44:27.384
0 days 01:34:37.647000,1,AllClear,2019,2,2019-03-31 16:44:37.647
0 days 01:38:46.084000,2,Yellow,2019,2,2019-03-31 16:48:46.084
0 days 01:38:54.802000,1,AllClear,2019,2,2019-03-31 16:48:54.802
0 days 01:42:50.190000,2,Yellow,2019,2,2019-03-31 16:52:50.190
0 days 01:42:58.341000,1,AllClear,2019,2,2019-03-31 16:52:58.341
0 days 02:00:47.445000,2,Yellow,2019,2,2019-03-31 17:10:47.445
0 days 02:02:15.423000,4,SCDeployed,2019,2,2019-03-31 17:12:15.423
0 days 00:02:12.673000,1,AllClear,2019,3,2019-04-14 06:12:12.673
0 days 00:34:16.094000,2,Yellow,2019,3,2019-04-14 06:44:16.094
0 days 00:34:21.312000,1,AllClear,2019,3,2019-04-14 06:44:21.312
0 days 00:34:52.298000,6,VSCDeployed,2019,3,2019-04-14 06:44:52.298
0 days 00:35:43.635000,7,VSCEnding,2019,3,2019-04-14 06:45:43.635
0 days 00:35:55.890000,1,AllClear,2019,3,2019-04-14 06:45:55.890
0 days 00:00:00,1,AllClear,2019,4,2019-04-28 12:10:00.000
0 days 00:01:22.039000,2,Yellow,2019,4,2019-04-28 12:11:22.039
0 days 00:01:26.109000,1,AllClear,2019,4,2019-04-28 12:11:26.109
0 days 00:01:30.027000,2,Yellow,2019,4,2019-04-28 12:11:30.027
0 days 00:02:56.309000,1,AllClear,2019,4,2019-04-28 12:12:56.309
0 days 00:08:19.127000,2,Yellow,2019,4,2019-04-28 12:18:19.127
0 days 00:08:42.220000,1,AllClear,2019,4,2019-04-28 12:18:42.220
0 days 00:09:00.023000,2,Yellow,2019,4,2019-04-28 12:19:00.023
0 days 00:09:03.208000,1,AllClear,2019,4,2019-04-28 12:19:03.208
0 days 00:29:00.646000,2,Yellow,2019,4,2019-04-28 12:39:00.646
0 days 00:29:10.240000,1,AllClear,2019,4,2019-04-28 12:39:10.240
0 days 01:29:17.788000,2,Yellow,2019,4,2019-04-28 13:39:17.788
0 days 01:30:06.538000,1,AllClear,2019,4,2019-04-28 13:40:06.538
0 days 01:32:14.820000,2,Yellow,2019,4,2019-04-28 13:42:14.820
0 days 01:32:24.573000,1,AllClear,2019,4,2019-04-28 13:42:24.573
0 days 01:43:24.755000,2,Yellow,2019,4,2019-04-28 13:53:24.755
0 days 01:43:44.117000,6,VSCDeployed,2019,4,2019-04-28 13:53:44.117
0 days 01:46:55.319000,7,VSCEnding,2019,4,2019-04-28 13:56:55.319
0 days 01:47:09.895000,1,AllClear,2019,4,2019-04-28 13:57:09.895
0 days 00:11:56.307000,1,AllClear,2019,5,2019-05-12 13:21:56.307
0 days 00:21:29.417000,2,Yellow,2019,5,2019-05-12 13:31:29.417
0 days 00:21:34.798000,1,AllClear,2019,5,2019-05-12 13:31:34.798
0 days 00:33:44.426000,2,Yellow,2019,5,2019-05-12 13:43:44.426
0 days 00:33:52.697000,1,AllClear,2019,5,2019-05-12 13:43:52.697
0 days 01:35:42.720000,2,Yellow,2019,5,2019-05-12 14:45:42.720
0 days 01:36:08.106000,4,SCDeployed,2019,5,2019-05-12 14:46:08.106
0 days 01:50:14.665000,1,AllClear,2019,5,2019-05-12 15:00:14.665
0 days 00:04:42.136000,1,AllClear,2019,6,2019-05-26 13:14:42.136
0 days 00:24:57.650000,2,Yellow,2019,6,2019-05-26 13:34:57.650
0 days 00:25:03.853000,1,AllClear,2019,6,2019-05-26 13:35:03.853
0 days 00:25:09.482000,2,Yellow,2019,6,2019-05-26 13:35:09.482
0 days 00:25:18.636000,1,AllClear,2019,6,2019-05-26 13:35:18.636
0 days 00:25:31.865000,2,Yellow,2019,6,2019-05-26 13:35:31.865
0 days 00:25:38.079000,1,AllClear,2019,6,2019-05-26 13:35:38.079
0 days 00:25:42.701000,2,Yellow,2019,6,2019-05-26 13:35:42.701
0 days 00:25:57.176000,1,AllClear,2019,6,2019-05-26 13:35:57.176
0 days 00:33:21.929000,2,Yellow,2019,6,2019-05-26 13:43:21.929
0 days 00:33:25.453000,1,AllClear,2019,6,2019-05-26 13:43:25.453
0 days 00:40:25.914000,2,Yellow,2019,6,2019-05-26 13:50:25.914
0 days 00:40:29.162000,1,AllClear,2019,6,2019-05-26 13:50:29.162
0 days 00:43:28.466000,2,Yellow,2019,6,2019-05-26 13:53:28.466
0 days 00:43:32.405000,1,AllClear,2019,6,2019-05-26 13:53:32.405
0 days 00:44:14.388000,2,Yellow,2019,6,2019-05-26 13:54:14.388
0 days 00:44:17.198000,1,AllClear,2019,6,2019-05-26 13:54:17.198
0 days 00:44:23.408000,2,Yellow,2019,6,2019-05-26 13:54:23.408
0 days 00:44:27.879000,1,AllClear,2019,6,2019-05-26 13:54:27.879
0 days 00:45:35.018000,2,Yellow,2019,6,2019-05-26 13:55:35.018
0 days 00:46:09.007000,4,SCDeployed,2019,6,2019-05-26 13:56:09.007
0 days 00:53:09.865000,1,AllClear,2019,6,2019-05-26 14:03:09.865
0 days 00:54:25.649000,2,Yellow,2019,6,2019-05-26 14:04:25.649
0 days 00:54:27.067000,1,AllClear,2019,6,2019-05-26 14:04:27.067
0 days 00:54:42.013000,2,Yellow,2019,6,2019-05-26 14:04:42.013
0 days 00:55:06.708000,1,AllClear,2019,6,2019-05-26 14:05:06.708
0 days 01:27:54.458000,2,Yellow,2019,6,2019-05-26 14:37:54.458
0 days 01:27:57.613000,1,AllClear,2019,6,2019-05-26 14:37:57.613
0 days 02:16:37.066000,2,Yellow,2019,6,2019-05-26 15:26:37.066
0 days 02:18:18.957000,1,AllClear,2019,6,2019-05-26 15:28:18.957
0 days 00:00:00,1,AllClear,2019,7,2019-06-09 18:10:00.000
0 days 00:33:18.614000,2,Yellow,2019,7,2019-06-09 18:43:18.614
0 days 00:33:22.966000,1,AllClear,2019,7,2019-06-09 18:43:22.966
0 days 00:33:25.699000,2,Yellow,2019,7,2019-06-09 18:43:25.699
0 days 00:33:46.005000,1,AllClear,2019,7,2019-06-09 18:43:46.005
0 days 00:34:01.290000,2,Yellow,2019,7,2019-06-09 18:44:01.290
0 days 00:34:32.859000,1,AllClear,2019,7,2019-06-09 18:44:32.859
0 days 00:44:12.840000,2,Yellow,2019,7,2019-06-09 18:54:12.840
0 days 00:47:21.107000,1,AllClear,2019,7,2019-06-09 18:57:21.107
0 days 00:48:55.236000,2,Yellow,2019,7,2019-06-09 18:58:55.236
0 days 00:50:05.274000,1,AllClear,2019,7,2019-06-09 19:00:05.274
0 days 01:11:37.549000,2,Yellow,2019,7,2019-06-09 19:21:37.549
0 days 01:12:55.045000,1,AllClear,2019,7,2019-06-09 19:22:55.045
0 days 00:07:58.968000,1,AllClear,2019,8,2019-06-23 13:17:58.968
0 days 01:08:50.612000,2,Yellow,2019,8,2019-06-23 14:18:50.612
0 days 01:09:00.562000,1,AllClear,2019,8,2019-06-23 14:19:00.562
0 days 01:30:06.581000,2,Yellow,2019,8,2019-06-23 14:40:06.581
0 days 01:30:13.252000,1,AllClear,2019,8,2019-06-23 14:40:13.252
0 days 01:51:15.945000,2,Yellow,2019,8,2019-06-23 15:01:15.945
0 days 01:51:24.673000,1,AllClear,2019,8,2019-06-23 15:01:24.673
0 days 01:52:41.127000,2,Yellow,2019,8,2019-06-23 15:02:41.127
0 days 01:52:52.485000,6,VSCDeployed,2019,8,2019-06-23 15:02:52.485
0 days 01:53:10.512000,7,VSCEnding,2019,8,2019-06-23 15:03:10.512
0 days 01:53:25.270000,1,AllClear,2019,8,2019-06-23 15:03:25.270
0 days 01:58:44.418000,2,Yellow,2019,8,2019-06-23 15:08:44.418
0 days 01:58:47.914000,1,AllClear,2019,8,2019-06-23 15:08:47.914
0 days 00:03:49.534000,1,AllClear,2019,9,2019-06-30 13:13:49.534
0 days 00:11:59.774000,1,AllClear,2019,10,2019-07-14 13:21:59.774
0 days 01:02:45.401000,2,Yellow,2019,10,2019-07-14 14:12:45.401
0 days 01:03:15.462000,4,SCDeployed,2019,10,2019-07-14 14:13:15.462
0 days 01:11:05.894000,1,AllClear,2019,10,2019-07-14 14:21:05.894
0 days 01:15:42.668000,2,Yellow,2019,10,2019-07-14 14:25:42.668
0 days 01:16:07.893000,1,AllClear,2019,10,2019-07-14 14:26:07.893
0 days 01:32:10.021000,2,Yellow,2019,10,2019-07-14 14:42:10.021
0 days 01:32:25.277000,1,AllClear,2019,10,2019-07-14 14:42:25.277
0 days 00:11:48.958000,1,AllClear,2019,11,2019-07-28 13:21:48.958
0 days 00:43:20.330000,4,SCDeployed,2019,11,2019-07-28 13:53:20.330
0 days 00:47:35.862000,1,AllClear,2019,11,2019-07-28 13:57:35.862
0 days 01:03:10.874000,2,Yellow,2019,11,2019-07-28 14:13:10.874
0 days 01:03:48.061000,6,VSCDeployed,2019,11,2019-07-28 14:13:48.061
0 days 01:04:58.741000,7,VSCEnding,2019,11,2019-07-28 14:14:58.741
0 days 01:05:12.678000,1,AllClear,2019,11,2019-07-28 14:15:12.678
0 days 01:09:52.092000,2,Yellow,2019,11,2019-07-28 14:19:52.092
0 days 01:10:11.625000,1,AllClear,2019,11,2019-07-28 14:20:11.625
0 days 01:21:50.839000,2,Yellow,2019,11,2019-07-28 14:31:50.839
0 days 01:22:11.593000,1,AllClear,2019,11,2019-07-28 14:32:11.593
0 days 01:22:42.174000,2,Yellow,2019,11,2019-07-28 14:32:42.174
0 days 01:23:17.328000,6,VSCDeployed,2019,11,2019-07-28 14:33:17.328
0 days 01:24:46.236000,7,VSCEnding,2019,11,2019-07-28 14:34:46.236
0 days 01:24:58.288000,1,AllClear,2019,11,2019-07-28 14:34:58.288
0 days 01:25:22.906000,2,Yellow,2019,11,2019-07-28 14:35:22.906
0 days 01:25:46.417000,4,SCDeployed,2019,11,2019-07-28 14:35:46.417
0 days 01:36:35.078000,1,AllClear,2019,11,2019-07-28 14:46:35.078
0 days 01:47:16.087000,2,Yellow,2019,11,2019-07-28 14:57:16.087
0 days 01:47:51.607000,4,SCDeployed,2019,11,2019-07-28 14:57:51.607
0 days 01:57:04.937000,1,AllClear,2019,11,2019-07-28 15:07:04.937
0 days 02:07:25.277000,2,Yellow,2019,11,2019-07-28 15:17:25.277
0 days 02:07:31.942000,1,AllClear,2019,11,2019-07-28 15:17:31.942
0 days 02:12:25.379000,2,Yellow,2019,11,2019-07-28 15:22:25.379
0 days 02:12:44.264000,4,SCDeployed,2019,11,2019-07-28 15:22:44.264
0 days 02:17:58.448000,1,AllClear,2019,11,2019-07-28 15:27:58.448
0 days 00:06:25.173000,1,AllClear,2019,12,2019-08-04 13:16:25.173
0 days 00:34:40.576000,2,Yellow,2019,12,2019-08-04 13:44:40.576
0 days 00:34:45.606000,1,AllClear,2019,12,2019-08-04 13:44:45.606
0 days 00:00:00,1,AllClear,2019,13,2019-09-01 13:10:00.000
0 days 00:01:13.199000,2,Yellow,2019,13,2019-09-01 13:11:13.199
0 days 00:02:00.652000,1,AllClear,2019,13,2019-09-01 13:12:00.652
0 days 00:33:37.550000,2,Yellow,2019,13,2019-09-01 13:43:37.550
0 days 00:33:38.896000,1,AllClear,2019,13,2019-09-01 13:43:38.896
0 days 00:33:40.221000,2,Yellow,2019,13,2019-09-01 13:43:40.221
0 days 00:33:47.489000,1,AllClear,2019,13,2019-09-01 13:43:47.489
0 days 00:33:49.537000,2,Yellow,2019,13,2019-09-01 13:43:49.537
0 days 00:34:22.787000,4,SCDeployed,2019,13,2019-09-01 13:44:22.787
0 days 00:44:30.275000,1,AllClear,2019,13,2019-09-01 13:54:30.275
0 days 01:56:15.637000,2,Yellow,2019,13,2019-09-01 15:06:15.637
0 days 00:08:06.272000,1,AllClear,2019,14,2019-09-08 13:18:06.272
0 days 00:33:37.039000,2,Yellow,2019,14,2019-09-08 13:43:37.039
0 days 00:33:40.003000,1,AllClear,2019,14,2019-09-08 13:43:40.003
0 days 00:37:05.594000,2,Yellow,2019,14,2019-09-08 13:47:05.594
0 days 00:37:09.759000,1,AllClear,2019,14,2019-09-08 13:47:09.759
0 days 00:41:34.800000,2,Yellow,2019,14,2019-09-08 13:51:34.800
0 days 00:41:55.548000,1,AllClear,2019,14,2019-09-08 13:51:55.548
0 days 01:12:57.265000,2,Yellow,2019,14,2019-09-08 14:22:57.265
0 days 01:13:27.092000,6,VSCDeployed,2019,14,2019-09-08 14:23:27.092
0 days 01:14:08.119000,7,VSCEnding,2019,14,2019-09-08 14:24:08.119
0 days 01:14:20.568000,1,AllClear,2019,14,2019-09-08 14:24:20.568
0 days 01:16:17.115000,2,Yellow,2019,14,2019-09-08 14:26:17.115
0 days 01:16:30.375000,6,VSCDeployed,2019,14,2019-09-08 14:26:30.375
0 days 01:17:34.771000,7,VSCEnding,2019,14,2019-09-08 14:27:34.771
0 days 01:17:49.029000,1,AllClear,2019,14,2019-09-08 14:27:49.029
0 days 00:08:25.229000,1,AllClear,2019,15,2019-09-22 12:18:25.229
0 days 01:37:18.320000,2,Yellow,2019,15,2019-09-22 13:47:18.320
0 days 01:38:41.623000,4,SCDeployed,2019,15,2019-09-22 13:48:41.623
0 days 01:50:16.051000,1,AllClear,2019,15,2019-09-22 14:00:16.051
0 days 01:56:00.932000,2,Yellow,2019,15,2019-09-22 14:06:00.932
0 days 01:56:48.216000,4,SCDeployed,2019,15,2019-09-22 14:06:48.216
0 days 02:06:01.324000,1,AllClear,2019,15,2019-09-22 14:16:01.324
0 days 02:10:11.514000,2,Yellow,2019,15,2019-09-22 14:20:11.514
0 days 02:10:12.138000,1,AllClear,2019,15,2019-09-22 14:20:12.138
0 days 02:10:13.449000,2,Yellow,2019,15,2019-09-22 14:20:13.449
0 days 02:11:01.543000,4,SCDeployed,2019,15,2019-09-22 14:21:01.543
0 days 02:14:30.971000,1,AllClear,2019,15,2019-09-22 14:24:30.971
0 days 00:00:00,1,AllClear,2019,16,2019-09-29 11:10:00.000
0 days 00:34:04.751000,2,Yellow,2019,16,2019-09-29 11:44:04.751
0 days 00:34:21.605000,4,SCDeployed,2019,16,2019-09-29 11:44:21.605
0 days 00:40:44.764000,1,AllClear,2019,16,2019-09-29 11:50:44.764
0 days 01:20:48.652000,2,Yellow,2019,16,2019-09-29 12:30:48.652
0 days 01:21:20.030000,6,VSCDeployed,2019,16,2019-09-29 12:31:20.030
0 days 01:23:29.896000,7,VSCEnding,2019,16,2019-09-29 12:33:29.896
0 days 01:23:39.990000,1,AllClear,2019,16,2019-09-29 12:33:39.990
0 days 01:23:53.196000,2,Yellow,2019,16,2019-09-29 12:33:53.196
0 days 01:24:29.364000,4,SCDeployed,2019,16,2019-09-29 12:34:29.364
0 days 01:32:58.607000,1,AllClear,2019,16,2019-09-29 12:42:58.607
0 days 00:10:00.843000,1,AllClear,2019,17,2019-10-13 05:20:00.843
0 days 00:38:41.877000,2,Yellow,2019,17,2019-10-13 05:48:41.877
0 days 00:38:53.609000,1,AllClear,2019,17,2019-10-13 05:48:53.609
0 days 01:56:01.099000,2,Yellow,2019,17,2019-10-13 07:06:01.099
0 days 02:01:04.937000,1,AllClear,2019,17,2019-10-13 07:11:04.937
0 days 00:00:00,1,AllClear,2019,18,2019-10-27 19:10:00.000
0 days 00:34:13.665000,6,VSCDeployed,2019,18,2019-10-27 19:44:13.665
0 days 00:36:25.134000,7,VSCEnding,2019,18,2019-10-27 19:46:25.134
0 days 00:36:44.204000,1,AllClear,2019,18,2019-10-27 19:46:44.204
0 days 00:40:12.845000,2,Yellow,2019,18,2019-10-27 19:50:12.845
0 days 00:40:29.452000,1,AllClear,2019,18,2019-10-27 19:50:29.452
0 days 02:10:07.154000,2,Yellow,2019,18,2019-10-27 21:20:07.154
0 days 02:10:11.735000,1,AllClear,2019,18,2019-10-27 21:20:11.735
0 days 00:00:00,1,AllClear,2019,19,2019-11-03 19:10:00.000
0 days 00:46:39.218000,2,Yellow,2019,19,2019-11-03 19:56:39.218
0 days 00:47:43.187000,1,AllClear,2019,19,2019-11-03 19:57:43.187
0 days 02:04:25.783000,2,Yellow,2019,19,2019-11-03 21:14:25.783
0 days 00:00:00,1,AllClear,2019,20,2019-11-17 17:10:00.000
0 days 00:42:23.641000,2,Yellow,2019,20,2019-11-17 17:52:23.641
0 days 00:42:30.955000,1,AllClear,2019,20,2019-11-17 17:52:30.955
0 days 01:37:05.268000,2,Yellow,2019,20,2019-11-17 18:47:05.268
0 days 01:38:43.182000,4,SCDeployed,2019,20,2019-11-17 18:48:43.182
0 days 01:48:57.038000,1,AllClear,2019,20,2019-11-17 18:58:57.038
0 days 01:57:18.072000,4,SCDeployed,2019,20,2019-11-17 19:07:18.072
0 days 02:03:13.891000,1,AllClear,2019,20,2019-11-17 19:13:13.891
0 days 02:04:43.624000,2,Yellow,2019,20,2019-11-17 19:14:43.624
0 days 02:04:51.254000,1,AllClear,2019,20,2019-11-17 19:14:51.254
0 days 00:00:00,1,AllClear,2019,21,2019-12-01 13:10:00.000
0 days 00:33:44.715000,2,Yellow,2019,21,2019-12-01 13:43:44.715
0 days 00:34:50.953000,1,AllClear,2019,21,2019-12-01 13:44:50.953
0 days 00:07:56.420000,1,AllClear,2020,1,2020-07-05 13:17:56.420
0 days 00:56:21.333000,2,Yellow,2020,1,2020-07-05 14:06:21.333
0 days 00:56:30.327000,1,AllClear,2020,1,2020-07-05 14:06:30.327
0 days 01:01:52.836000,2,Yellow,2020,1,2020-07-05 14:11:52.836
0 days 01:02:31.497000,4,SCDeployed,2020,1,2020-07-05 14:12:31.497
0 days 01:10:47.603000,1,AllClear,2020,1,2020-07-05 14:20:47.603
0 days 01:11:20.892000,2,Yellow,2020,1,2020-07-05 14:21:20.892
0 days 01:11:28.620000,1,AllClear,2020,1,2020-07-05 14:21:28.620
0 days 01:34:24.520000,2,Yellow,2020,1,2020-07-05 14:44:24.520
0 days 01:34:38.932000,4,SCDeployed,2020,1,2020-07-05 14:44:38.932
0 days 01:40:24.625000,1,AllClear,2020,1,2020-07-05 14:50:24.625
0 days 01:40:34.511000,2,Yellow,2020,1,2020-07-05 14:50:34.511
0 days 01:40:55.235000,4,SCDeployed,2020,1,2020-07-05 14:50:55.235
0 days 01:51:02.467000,1,AllClear,2020,1,2020-07-05 15:01:02.467
0 days 02:00:34.428000,2,Yellow,2020,1,2020-07-05 15:10:34.428
0 days 02:01:44.898000,1,AllClear,2020,1,2020-07-05 15:11:44.898
0 days 02:01:58.819000,2,Yellow,2020,1,2020-07-05 15:11:58.819
0 days 02:02:12.139000,1,AllClear,2020,1,2020-07-05 15:12:12.139
0 days 00:04:24.927000,1,AllClear,2020,2,2020-07-12 13:14:24.927
0 days 00:33:51.938000,4,SCDeployed,2020,2,2020-07-12 13:43:51.938
0 days 00:37:48.141000,1,AllClear,2020,2,2020-07-12 13:47:48.141
0 days 00:38:54.114000,2,Yellow,2020,2,2020-07-12 13:48:54.114
0 days 00:39:02.739000,1,AllClear,2020,2,2020-07-12 13:49:02.739
0 days 00:00:00,1,AllClear,2020,3,2020-07-19 13:10:00.000
0 days 00:07:17.355000,2,Yellow,2020,3,2020-07-19 13:17:17.355
0 days 00:07:35.050000,1,AllClear,2020,3,2020-07-19 13:17:35.050
0 days 00:38:34.469000,2,Yellow,2020,3,2020-07-19 13:48:34.469
0 days 00:38:48.369000,1,AllClear,2020,3,2020-07-19 13:48:48.369
0 days 00:39:43.759000,2,Yellow,2020,3,2020-07-19 13:49:43.759
0 days 00:39:47.570000,1,AllClear,2020,3,2020-07-19 13:49:47.570
0 days 01:31:42.461000,2,Yellow,2020,3,2020-07-19 14:41:42.461
0 days 01:31:58.377000,1,AllClear,2020,3,2020-07-19 14:41:58.377
0 days 00:08:44.159000,1,AllClear,2020,4,2020-08-02 13:18:44.159
0 days 00:35:07.230000,2,Yellow,2020,4,2020-08-02 13:45:07.230
0 days 00:35:21.022000,4,SCDeployed,2020,4,2020-08-02 13:45:21.022
0 days 00:44:16.115000,1,AllClear,2020,4,2020-08-02 13:54:16.115
0 days 00:54:57.839000,2,Yellow,2020,4,2020-08-02 14:04:57.839
0 days 00:55:05.878000,4,SCDeployed,2020,4,2020-08-02 14:05:05.878
0 days 01:09:55.304000,1,AllClear,2020,4,2020-08-02 14:19:55.304
0 days 01:54:26.907000,2,Yellow,2020,4,2020-08-02 15:04:26.907
0 days 01:54:31.901000,1,AllClear,2020,4,2020-08-02 15:04:31.901
0 days 00:00:00,1,AllClear,2020,5,2020-08-09 13:10:00.000
0 days 00:33:31.095000,2,Yellow,2020,5,2020-08-09 13:43:31.095
0 days 00:33:39.012000,1,AllClear,2020,5,2020-08-09 13:43:39.012
0 days 01:20:40.834000,2,Yellow,2020,5,2020-08-09 14:30:40.834
0 days 01:20:49.323000,1,AllClear,2020,5,2020-08-09 14:30:49.323
0 days 00:06:02.707000,1,AllClear,2020,6,2020-08-16 13:16:02.707
0 days 01:24:54.341000,2,Yellow,2020,6,2020-08-16 14:34:54.341
0 days 01:25:39.088000,1,AllClear,2020,6,2020-08-16 14:35:39.088
0 days 00:14:39.519000,1,AllClear,2020,7,2020-08-30 13:24:39.519
0 days 00:14:39.519000,2,Yellow,2020,7,2020-08-30 13:24:39.519
0 days 00:14:39.519000,1,AllClear,2020,7,2020-08-30 13:24:39.519
0 days 00:52:08.373000,2,Yellow,2020,7,2020-08-30 14:02:08.373
0 days 00:52:19.307000,4,SCDeployed,2020,7,2020-08-30 14:02:19.307
0 days 01:03:21.213000,1,AllClear,2020,7,2020-08-30 14:13:21.213
0 days 01:58:27.186000,2,Yellow,2020,7,2020-08-30 15:08:27.186
0 days 01:58:50.626000,1,AllClear,2020,7,2020-08-30 15:08:50.626
0 days 02:00:38.487000,2,Yellow,2020,7,2020-08-30 15:10:38.487
0 days 00:00:00,1,AllClear,2020,8,2020-09-06 13:10:00.000
0 days 00:44:43.018000,2,Yellow,2020,8,2020-09-06 13:54:43.018
0 days 00:45:01.840000,1,AllClear,2020,8,2020-09-06 13:55:01.840
0 days 01:00:35.255000,2,Yellow,2020,8,2020-09-06 14:10:35.255
0 days 01:01:35.482000,4,SCDeployed,2020,8,2020-09-06 14:11:35.482
0 days 01:08:43.757000,1,AllClear,2020,8,2020-09-06 14:18:43.757
0 days 01:10:21.987000,2,Yellow,2020,8,2020-09-06 14:20:21.987
0 days 01:10:26.773000,4,SCDeployed,2020,8,2020-09-06 14:20:26.773
0 days 01:13:02.308000,5,Red,2020,8,2020-09-06 14:23:02.308
0 days 01:34:01.075000,1,AllClear,2020,8,2020-09-06 14:44:01.075
0 days 00:01:19.369000,1,AllClear,2020,9,2020-09-13 13:11:19.369
0 days 00:33:50.287000,2,Yellow,2020,9,2020-09-13 13:43:50.287
0 days 00:34:03.516000,4,SCDeployed,2020,9,2020-09-13 13:44:03.516
0 days 00:46:35.103000,1,AllClear,2020,9,2020-09-13 13:56:35.103
0 days 00:46:52.739000,2,Yellow,2020,9,2020-09-13 13:56:52.739
0 days 00:46:57.296000,4,SCDeployed,2020,9,2020-09-13 13:56:57.296
0 days 00:49:34.491000,5,Red,2020,9,2020-09-13 13:59:34.491
0 days 01:14:11.784000,1,AllClear,2020,9,2020-09-13 14:24:11.784
0 days 02:05:40.977000,2,Yellow,2020,9,2020-09-13 15:15:40.977
0 days 02:05:54.264000,4,SCDeployed,2020,9,2020-09-13 15:15:54.264
0 days 02:09:44.391000,5,Red,2020,9,2020-09-13 15:19:44.391
0 days 02:28:01.392000,1,AllClear,2020,9,2020-09-13 15:38:01.392
0 days 00:07:43.184000,1,AllClear,2020,10,2020-09-27 11:17:43.184
0 days 00:34:06.948000,2,Yellow,2020,10,2020-09-27 11:44:06.948
0 days 00:34:32.789000,4,SCDeployed,2020,10,2020-09-27 11:44:32.789
0 days 00:47:13.597000,1,AllClear,2020,10,2020-09-27 11:57:13.597
0 days 01:49:53.243000,6,VSCDeployed,2020,10,2020-09-27 12:59:53.243
0 days 01:50:18.948000,7,VSCEnding,2020,10,2020-09-27 13:00:18.948
0 days 01:50:33.695000,1,AllClear,2020,10,2020-09-27 13:00:33.695
0 days 02:11:41.425000,2,Yellow,2020,10,2020-09-27 13:21:41.425
0 days 00:03:10.938000,1,AllClear,2020,11,2020-10-11 12:13:10.938
0 days 00:19:50.532000,2,Yellow,2020,11,2020-10-11 12:29:50.532
0 days 00:19:55.120000,1,AllClear,2020,11,2020-10-11 12:29:55.120
0 days 00:20:08.332000,2,Yellow,2020,11,2020-10-11 12:30:08.332
0 days 00:20:19.942000,1,AllClear,2020,11,2020-10-11 12:30:19.942
0 days 00:24:07.065000,6,VSCDeployed,2020,11,2020-10-11 12:34:07.065
0 days 00:25:11.222000,7,VSCEnding,2020,11,2020-10-11 12:35:11.222
0 days 00:25:23.675000,1,AllClear,2020,11,2020-10-11 12:35:23.675
0 days 00:25:53.043000,2,Yellow,2020,11,2020-10-11 12:35:53.043
0 days 00:29:45.733000,1,AllClear,2020,11,2020-10-11 12:39:45.733
0 days 01:07:40.570000,2,Yellow,2020,11,2020-10-11 13:17:40.570
0 days 01:08:33.328000,4,SCDeployed,2020,11,2020-10-11 13:18:33.328
0 days 01:19:20.193000,1,AllClear,2020,11,2020-10-11 13:29:20.193
0 days 00:09:52.059000,1,AllClear,2020,12,2020-10-25 13:19:52.059
0 days 00:33:36.599000,2,Yellow,2020,12,2020-10-25 13:43:36.599
0 days 00:33:44.599000,1,AllClear,2020,12,2020-10-25 13:43:44.599
0 days 00:07:45.636000,1,AllClear,2020,13,2020-11-01 12:17:45.636
0 days 00:33:34.595000,2,Yellow,2020,13,2020-11-01 12:43:34.595
0 days 00:33:36.095000,1,AllClear,2020,13,2020-11-01 12:43:36.095
0 days 00:33:43.625000,2,Yellow,2020,13,2020-11-01 12:43:43.625
0 days 00:34:09.986000,1,AllClear,2020,13,2020-11-01 12:44:09.986
0 days 01:11:10.759000,2,Yellow,2020,13,2020-11-01 13:21:10.759
0 days 01:12:38.062000,6,VSCDeployed,2020,13,2020-11-01 13:22:38.062
0 days 01:13:02.099000,7,VSCEnding,2020,13,2020-11-01 13:23:02.099
0 days 01:13:15.888000,1,AllClear,2020,13,2020-11-01 13:23:15.888
0 days 01:39:57.577000,2,Yellow,2020,13,2020-11-01 13:49:57.577
0 days 01:40:35.530000,4,SCDeployed,2020,13,2020-11-01 13:50:35.530
0 days 01:53:53.388000,1,AllClear,2020,13,2020-11-01 14:03:53.388
0 days 01:54:36.713000,2,Yellow,2020,13,2020-11-01 14:04:36.713
0 days 01:54:44.245000,1,AllClear,2020,13,2020-11-01 14:04:44.245
0 days 00:00:00,2,Yellow,2020,14,2020-11-15 10:10:00.000
0 days 00:01:06.485000,1,AllClear,2020,14,2020-11-15 10:11:06.485
0 days 00:33:41.378000,2,Yellow,2020,14,2020-11-15 10:43:41.378
0 days 00:33:50.775000,1,AllClear,2020,14,2020-11-15 10:43:50.775
0 days 00:34:49.880000,2,Yellow,2020,14,2020-11-15 10:44:49.880
0 days 00:34:54.190000,1,AllClear,2020,14,2020-11-15 10:44:54.190
0 days 00:35:03.673000,2,Yellow,2020,14,2020-11-15 10:45:03.673
0 days 00:35:10.183000,1,AllClear,2020,14,2020-11-15 10:45:10.183
0 days 00:35:37.610000,2,Yellow,2020,14,2020-11-15 10:45:37.610
0 days 00:35:48.638000,1,AllClear,2020,14,2020-11-15 10:45:48.638
0 days 00:57:18.090000,2,Yellow,2020,14,2020-11-15 11:07:18.090
0 days 00:58:00.357000,6,VSCDeployed,2020,14,2020-11-15 11:08:00.357
0 days 01:00:58.764000,7,VSCEnding,2020,14,2020-11-15 11:10:58.764
0 days 01:01:13.477000,1,AllClear,2020,14,2020-11-15 11:11:13.477
0 days 01:05:47.991000,2,Yellow,2020,14,2020-11-15 11:15:47.991
0 days 01:05:52.931000,1,AllClear,2020,14,2020-11-15 11:15:52.931
0 days 01:07:18.983000,2,Yellow,2020,14,2020-11-15 11:17:18.983
0 days 01:07:30.587000,1,AllClear,2020,14,2020-11-15 11:17:30.587
0 days 01:07:30.845000,2,Yellow,2020,14,2020-11-15 11:17:30.845
0 days 01:07:38.360000,1,AllClear,2020,14,2020-11-15 11:17:38.360
0 days 01:12:33.271000,2,Yellow,2020,14,2020-11-15 11:22:33.271
0 days 01:12:43.898000,1,AllClear,2020,14,2020-11-15 11:22:43.898
0 days 01:34:11.005000,2,Yellow,2020,14,2020-11-15 11:44:11.005
0 days 01:34:16.959000,1,AllClear,2020,14,2020-11-15 11:44:16.959
0 days 01:43:12.110000,2,Yellow,2020,14,2020-11-15 11:53:12.110
0 days 01:43:35.327000,1,AllClear,2020,14,2020-11-15 11:53:35.327
0 days 01:44:32.852000,2,Yellow,2020,14,2020-11-15 11:54:32.852
0 days 01:44:38.466000,1,AllClear,2020,14,2020-11-15 11:54:38.466
0 days 01:45:34.843000,2,Yellow,2020,14,2020-11-15 11:55:34.843
0 days 01:45:45.067000,1,AllClear,2020,14,2020-11-15 11:55:45.067
0 days 01:45:55.860000,2,Yellow,2020,14,2020-11-15 11:55:55.860
0 days 01:46:04.110000,1,AllClear,2020,14,2020-11-15 11:56:04.110
0 days 01:46:09.782000,2,Yellow,2020,14,2020-11-15 11:56:09.782
0 days 01:46:19.593000,1,AllClear,2020,14,2020-11-15 11:56:19.593
0 days 01:59:03.771000,2,Yellow,2020,14,2020-11-15 12:09:03.771
0 days 01:59:16.770000,1,AllClear,2020,14,2020-11-15 12:09:16.770
0 days 02:00:04.231000,2,Yellow,2020,14,2020-11-15 12:10:04.231
0 days 02:00:09.740000,1,AllClear,2020,14,2020-11-15 12:10:09.740
0 days 02:03:34.240000,2,Yellow,2020,14,2020-11-15 12:13:34.240
0 days 02:03:42.880000,1,AllClear,2020,14,2020-11-15 12:13:42.880
0 days 02:18:45.269000,2,Yellow,2020,14,2020-11-15 12:28:45.269
0 days 02:18:49.317000,1,AllClear,2020,14,2020-11-15 12:28:49.317
0 days 02:18:57.752000,2,Yellow,2020,14,2020-11-15 12:28:57.752
0 days 00:00:00,2,Yellow,2020,15,2020-11-29 14:10:00.000
0 days 00:00:25.693000,1,AllClear,2020,15,2020-11-29 14:10:25.693
0 days 00:34:07.560000,5,Red,2020,15,2020-11-29 14:44:07.560
0 days 01:50:00.706000,1,AllClear,2020,15,2020-11-29 16:00:00.706
0 days 02:00:12.487000,2,Yellow,2020,15,2020-11-29 16:10:12.487
0 days 02:00:18.673000,4,SCDeployed,2020,15,2020-11-29 16:10:18.673
0 days 02:13:13.766000,1,AllClear,2020,15,2020-11-29 16:23:13.766
0 days 02:21:15.688000,2,Yellow,2020,15,2020-11-29 16:31:15.688
0 days 02:21:24.246000,1,AllClear,2020,15,2020-11-29 16:31:24.246
0 days 03:26:29.779000,2,Yellow,2020,15,2020-11-29 17:36:29.779
0 days 03:26:34.944000,4,SCDeployed,2020,15,2020-11-29 17:36:34.944
0 days 00:00:00,1,AllClear,2020,16,2020-12-06 17:10:00.000
0 days 00:33:21.268000,2,Yellow,2020,16,2020-12-06 17:43:21.268
0 days 00:33:23.916000,4,SCDeployed,2020,16,2020-12-06 17:43:23.916
0 days 00:41:22.426000,1,AllClear,2020,16,2020-12-06 17:51:22.426
0 days 01:28:10.248000,2,Yellow,2020,16,2020-12-06 18:38:10.248
0 days 01:28:53.834000,6,VSCDeployed,2020,16,2020-12-06 18:38:53.834
0 days 01:29:35.990000,7,VSCEnding,2020,16,2020-12-06 18:39:35.990
0 days 01:29:48.810000,1,AllClear,2020,16,2020-12-06 18:39:48.810
0 days 01:34:56.255000,2,Yellow,2020,16,2020-12-06 18:44:56.255
0 days 01:34:58.235000,1,AllClear,2020,16,2020-12-06 18:44:58.235
0 days 01:34:58.949000,2,Yellow,2020,16,2020-12-06 18:44:58.949
0 days 01:35:01.202000,1,AllClear,2020,16,2020-12-06 18:45:01.202
0 days 01:35:09.968000,2,Yellow,2020,16,2020-12-06 18:45:09.968
0 days 01:35:17.792000,6,VSCDeployed,2020,16,2020-12-06 18:45:17.792
0 days 01:36:18.690000,4,SCDeployed,2020,16,2020-12-06 18:46:18.690
0 days 01:45:48.950000,1,AllClear,2020,16,2020-12-06 18:55:48.950
0 days 00:08:40.721000,1,AllClear,2020,17,2020-12-13 13:18:40.721
0 days 00:49:19.126000,2,Yellow,2020,17,2020-12-13 13:59:19.126
0 days 00:49:35.215000,6,VSCDeployed,2020,17,2020-12-13 13:59:35.215
0 days 00:52:35.245000,4,SCDeployed,2020,17,2020-12-13 14:02:35.245
0 days 00:58:45.423000,1,AllClear,2020,17,2020-12-13 14:08:45.423
0 days 00:00:00,1,AllClear,2021,1,2021-03-28 15:00:00.000
0 days 00:27:39.918000,2,Yellow,2021,1,2021-03-28 15:27:39.918
0 days 00:27:41.288000,1,AllClear,2021,1,2021-03-28 15:27:41.288
0 days 00:37:34.997000,2,Yellow,2021,1,2021-03-28 15:37:34.997
0 days 00:38:12.198000,4,SCDeployed,2021,1,2021-03-28 15:38:12.198
0 days 00:43:48.936000,1,AllClear,2021,1,2021-03-28 15:43:48.936
0 days 00:44:47.777000,2,Yellow,2021,1,2021-03-28 15:44:47.777
0 days 00:45:01.019000,1,AllClear,2021,1,2021-03-28 15:45:01.019
0 days 00:45:33.063000,6,VSCDeployed,2021,1,2021-03-28 15:45:33.063
0 days 00:46:16.419000,7,VSCEnding,2021,1,2021-03-28 15:46:16.419
0 days 00:46:29.986000,1,AllClear,2021,1,2021-03-28 15:46:29.986
0 days 01:50:13.169000,2,Yellow,2021,1,2021-03-28 16:50:13.169
0 days 01:50:20.738000,1,AllClear,2021,1,2021-03-28 16:50:20.738
0 days 00:00:00,1,AllClear,2021,2,2021-04-18 13:00:00.000
0 days 00:03:33.085000,2,Yellow,2021,2,2021-04-18 13:03:33.085
0 days 00:09:36.333000,1,AllClear,2021,2,2021-04-18 13:09:36.333
0 days 00:34:32.243000,2,Yellow,2021,2,2021-04-18 13:34:32.243
0 days 00:34:36.760000,1,AllClear,2021,2,2021-04-18 13:34:36.760
0 days 00:34:45.778000,2,Yellow,2021,2,2021-04-18 13:34:45.778
0 days 00:34:55.943000,4,SCDeployed,2021,2,2021-04-18 13:34:55.943
0 days 00:46:44.410000,1,AllClear,2021,2,2021-04-18 13:46:44.410
0 days 00:52:36.021000,2,Yellow,2021,2,2021-04-18 13:52:36.021
0 days 00:52:41.451000,1,AllClear,2021,2,2021-04-18 13:52:41.451
0 days 00:57:16.023000,2,Yellow,2021,2,2021-04-18 13:57:16.023
0 days 00:57:18.095000,1,AllClear,2021,2,2021-04-18 13:57:18.095
0 days 01:23:30.732000,2,Yellow,2021,2,2021-04-18 14:23:30.732
0 days 01:24:44.242000,4,SCDeployed,2021,2,2021-04-18 14:24:44.242
0 days 01:27:40.736000,5,Red,2021,2,2021-04-18 14:27:40.736
0 days 01:49:48.562000,1,AllClear,2021,2,2021-04-18 14:49:48.562
0 days 01:58:09.632000,2,Yellow,2021,2,2021-04-18 14:58:09.632
0 days 01:58:29.648000,1,AllClear,2021,2,2021-04-18 14:58:29.648
0 days 02:02:24.487000,2,Yellow,2021,2,2021-04-18 15:02:24.487
0 days 02:02:40.089000,1,AllClear,2021,2,2021-04-18 15:02:40.089
0 days 02:33:24.703000,2,Yellow,2021,2,2021-04-18 15:33:24.703
0 days 02:33:32.700000,1,AllClear,2021,2,2021-04-18 15:33:32.700
0 days 00:00:00,1,AllClear,2021,3,2021-05-02 14:00:00.000
0 days 00:35:04.391000,4,SCDeployed,2021,3,2021-05-02 14:35:04.391
0 days 00:44:53.571000,1,AllClear,2021,3,2021-05-02 14:44:53.571
0 days 00:13:38.039000,1,AllClear,2021,4,2021-05-09 13:13:38.039
0 days 00:43:22.754000,2,Yellow,2021,4,2021-05-09 13:43:22.754
0 days 00:44:22.323000,4,SCDeployed,2021,4,2021-05-09 13:44:22.323
0 days 00:48:47.890000,1,AllClear,2021,4,2021-05-09 13:48:47.890
0 days 00:00:00,1,AllClear,2021,5,2021-05-23 13:00:00.000
0 days 00:02:49.680000,1,AllClear,2021,6,2021-06-06 12:02:49.680
0 days 00:27:39.207000,2,Yellow,2021,6,2021-06-06 12:27:39.207
0 days 00:27:48.096000,1,AllClear,2021,6,2021-06-06 12:27:48.096
0 days 00:28:26.329000,2,Yellow,2021,6,2021-06-06 12:28:26.329
0 days 00:28:30.945000,1,AllClear,2021,6,2021-06-06 12:28:30.945
0 days 00:32:17.953000,2,Yellow,2021,6,2021-06-06 12:32:17.953
0 days 00:32:19.329000,1,AllClear,2021,6,2021-06-06 12:32:19.329
0 days 00:33:27.961000,2,Yellow,2021,6,2021-06-06 12:33:27.961
0 days 00:33:32.467000,1,AllClear,2021,6,2021-06-06 12:33:32.467
0 days 00:41:04.172000,2,Yellow,2021,6,2021-06-06 12:41:04.172
0 days 00:41:08.798000,1,AllClear,2021,6,2021-06-06 12:41:08.798
0 days 00:53:27.543000,2,Yellow,2021,6,2021-06-06 12:53:27.543
0 days 00:53:51.158000,1,AllClear,2021,6,2021-06-06 12:53:51.158
0 days 01:15:29.316000,2,Yellow,2021,6,2021-06-06 13:15:29.316
0 days 01:15:31.501000,1,AllClear,2021,6,2021-06-06 13:15:31.501
0 days 01:17:24.211000,2,Yellow,2021,6,2021-06-06 13:17:24.211
0 days 01:17:34.620000,1,AllClear,2021,6,2021-06-06 13:17:34.620
0 days 01:27:57.646000,2,Yellow,2021,6,2021-06-06 13:27:57.646
0 days 01:28:32.488000,4,SCDeployed,2021,6,2021-06-06 13:28:32.488
0 days 01:41:42.267000,1,AllClear,2021,6,2021-06-06 13:41:42.267
0 days 02:01:37.754000,2,Yellow,2021,6,2021-06-06 14:01:37.754
0 days 02:02:46.814000,4,SCDeployed,2021,6,2021-06-06 14:02:46.814
0 days 02:06:03.265000,5,Red,2021,6,2021-06-06 14:06:03.265
0 days 02:08:36.346000,1,AllClear,2021,6,2021-06-06 14:08:36.346
0 days 02:10:24.360000,2,Yellow,2021,6,2021-06-06 14:10:24.360
0 days 02:10:37.354000,1,AllClear,2021,6,2021-06-06 14:10:37.354
0 days 02:44:10.459000,2,Yellow,2021,6,2021-06-06 14:44:10.459
0 days 02:44:16.002000,1,AllClear,2021,6,2021-06-06 14:44:16.002
0 days 02:48:39.043000,2,Yellow,2021,6,2021-06-06 14:48:39.043
0 days 02:50:42.346000,1,AllClear,2021,6,2021-06-06 14:50:42.346
0 days 00:01:22.354000,1,AllClear,2021,7,2021-06-20 13:01:22.354
0 days 00:00:00,1,AllClear,2021,8,2021-06-27 13:00:00.000
0 days 00:33:34.794000,2,Yellow,2021,8,2021-06-27 13:33:34.794
0 days 00:33:38.604000,1,AllClear,2021,8,2021-06-27 13:33:38.604
0 days 00:14:34.915000,1,AllClear,2021,9,2021-07-04 13:14:34.915
0 days 01:02:54.246000,4,SCDeployed,2021,9,2021-07-04 14:02:54.246
0 days 01:06:57.843000,1,AllClear,2021,9,2021-07-04 14:06:57.843
0 days 02:25:40.520000,2,Yellow,2021,9,2021-07-04 15:25:40.520
0 days 02:26:42.654000,1,AllClear,2021,9,2021-07-04 15:26:42.654
0 days 00:02:51.800000,2,Yellow,2021,10,2021-07-18 14:02:51.800
0 days 00:02:51.800000,1,AllClear,2021,10,2021-07-18 14:02:51.800
0 days 00:07:27.496000,1,AllClear,2021,10,2021-07-18 14:07:27.496
0 days 00:21:27.130000,2,Yellow,2021,10,2021-07-18 14:21:27.130
0 days 00:21:33.982000,1,AllClear,2021,10,2021-07-18 14:21:33.982
0 days 01:03:17.629000,2,Yellow,2021,10,2021-07-18 15:03:17.629
0 days 01:03:31.052000,4,SCDeployed,2021,10,2021-07-18 15:03:31.052
0 days 01:05:38.849000,5,Red,2021,10,2021-07-18 15:05:38.849
0 days 01:30:42.127000,1,AllClear,2021,10,2021-07-18 15:30:42.127
0 days 01:46:06.806000,2,Yellow,2021,10,2021-07-18 15:46:06.806
0 days 01:46:15.709000,1,AllClear,2021,10,2021-07-18 15:46:15.709
0 days 02:52:54.926000,2,Yellow,2021,10,2021-07-18 16:52:54.926
0 days 02:53:04.718000,1,AllClear,2021,10,2021-07-18 16:53:04.718
0 days 00:07:00.122000,1,AllClear,2021,11,2021-08-01 13:07:00.122
0 days 01:02:29.505000,2,Yellow,2021,11,2021-08-01 14:02:29.505
0 days 01:03:23.239000,4,SCDeployed,2021,11,2021-08-01 14:03:23.239
0 days 01:06:15.187000,5,Red,2021,11,2021-08-01 14:06:15.187
0 days 01:21:35.973000,1,AllClear,2021,11,2021-08-01 14:21:35.973
0 days 02:57:17.504000,2,Yellow,2021,11,2021-08-01 15:57:17.504
0 days 02:57:23.516000,1,AllClear,2021,11,2021-08-01 15:57:23.516
0 days 03:08:31.789000,2,Yellow,2021,11,2021-08-01 16:08:31.789
0 days 00:00:00,1,AllClear,2021,12,2021-08-29 13:00:00.000
0 days 00:25:25.432000,2,Yellow,2021,12,2021-08-29 13:25:25.432
0 days 00:32:17.778000,1,AllClear,2021,12,2021-08-29 13:32:17.778
0 days 01:29:40.939000,5,Red,2021,12,2021-08-29 14:29:40.939
0 days 04:10:20.221000,1,AllClear,2021,12,2021-08-29 17:10:20.221
0 days 04:24:35.144000,5,Red,2021,12,2021-08-29 17:24:35.144
0 days 00:00:00,1,AllClear,2021,13,2021-09-05 13:00:00.000
0 days 01:48:13.346000,2,Yellow,2021,13,2021-09-05 14:48:13.346
0 days 01:48:20.519000,1,AllClear,2021,13,2021-09-05 14:48:20.519
0 days 00:00:00,2,Yellow,2021,14,2021-09-12 13:00:00.000
0 days 00:07:57.070000,1,AllClear,2021,14,2021-09-12 13:07:57.070
0 days 01:03:01.414000,2,Yellow,2021,14,2021-09-12 14:03:01.414
0 days 01:03:10.010000,1,AllClear,2021,14,2021-09-12 14:03:10.010
0 days 01:03:21.515000,6,VSCDeployed,2021,14,2021-09-12 14:03:21.515
0 days 01:04:00.484000,7,VSCEnding,2021,14,2021-09-12 14:04:00.484
0 days 01:04:10.726000,1,AllClear,2021,14,2021-09-12 14:04:10.726
0 days 01:39:26.397000,2,Yellow,2021,14,2021-09-12 14:39:26.397
0 days 01:39:40.973000,4,SCDeployed,2021,14,2021-09-12 14:39:40.973
0 days 01:50:52.042000,1,AllClear,2021,14,2021-09-12 14:50:52.042
0 days 01:53:07.940000,2,Yellow,2021,14,2021-09-12 14:53:07.940
0 days 01:53:17.838000,1,AllClear,2021,14,2021-09-12 14:53:17.838
0 days 02:06:06.050000,2,Yellow,2021,14,2021-09-12 15:06:06.050
0 days 02:06:32.398000,1,AllClear,2021,14,2021-09-12 15:06:32.398
0 days 02:09:25.958000,2,Yellow,2021,14,2021-09-12 15:09:25.958
0 days 02:10:03.983000,6,VSCDeployed,2021,14,2021-09-12 15:10:03.983
0 days 02:10:59.312000,7,VSCEnding,2021,14,2021-09-12 15:10:59.312
0 days 02:11:10.949000,1,AllClear,2021,14,2021-09-12 15:11:10.949
0 days 00:00:00,1,AllClear,2021,15,2021-09-26 12:00:00.000
0 days 01:05:20.560000,2,Yellow,2021,15,2021-09-26 13:05:20.560
0 days 01:05:38.804000,1,AllClear,2021,15,2021-09-26 13:05:38.804
0 days 02:22:19.389000,2,Yellow,2021,15,2021-09-26 14:22:19.389
0 days 02:22:20.695000,1,AllClear,2021,15,2021-09-26 14:22:20.695
0 days 02:22:23.311000,2,Yellow,2021,15,2021-09-26 14:22:23.311
0 days 02:22:28.703000,1,AllClear,2021,15,2021-09-26 14:22:28.703
0 days 02:23:48.889000,2,Yellow,2021,15,2021-09-26 14:23:48.889
0 days 02:23:56.244000,1,AllClear,2021,15,2021-09-26 14:23:56.244
0 days 02:24:03.459000,2,Yellow,2021,15,2021-09-26 14:24:03.459
0 days 02:24:07.039000,1,AllClear,2021,15,2021-09-26 14:24:07.039
0 days 02:28:34.381000,2,Yellow,2021,15,2021-09-26 14:28:34.381
0 days 02:28:39.190000,1,AllClear,2021,15,2021-09-26 14:28:39.190
0 days 02:28:52.985000,2,Yellow,2021,15,2021-09-26 14:28:52.985
0 days 02:29:16.753000,1,AllClear,2021,15,2021-09-26 14:29:16.753
0 days 02:29:40.179000,2,Yellow,2021,15,2021-09-26 14:29:40.179
0 days 02:30:01.080000,1,AllClear,2021,15,2021-09-26 14:30:01.080
0 days 00:00:00,2,Yellow,2021,16,2021-10-10 12:00:00.000
0 days 00:06:29.703000,1,AllClear,2021,16,2021-10-10 12:06:29.703
0 days 00:33:30.711000,2,Yellow,2021,16,2021-10-10 12:33:30.711
0 days 00:33:40.018000,1,AllClear,2021,16,2021-10-10 12:33:40.018
0 days 01:02:34.600000,2,Yellow,2021,16,2021-10-10 13:02:34.600
0 days 01:02:38.755000,1,AllClear,2021,16,2021-10-10 13:02:38.755
0 days 01:03:41.022000,2,Yellow,2021,16,2021-10-10 13:03:41.022
0 days 01:03:53.827000,1,AllClear,2021,16,2021-10-10 13:03:53.827
0 days 01:04:35.505000,2,Yellow,2021,16,2021-10-10 13:04:35.505
0 days 01:04:40.746000,1,AllClear,2021,16,2021-10-10 13:04:40.746
0 days 01:37:09.369000,2,Yellow,2021,16,2021-10-10 13:37:09.369
0 days 01:37:15.408000,1,AllClear,2021,16,2021-10-10 13:37:15.408
0 days 02:00:43.862000,2,Yellow,2021,16,2021-10-10 14:00:43.862
0 days 02:00:47.732000,1,AllClear,2021,16,2021-10-10 14:00:47.732
0 days 02:01:14.067000,2,Yellow,2021,16,2021-10-10 14:01:14.067
0 days 02:01:15.601000,1,AllClear,2021,16,2021-10-10 14:01:15.601
0 days 00:00:00,1,AllClear,2021,17,2021-10-24 19:00:00.000
0 days 01:02:52.943000,2,Yellow,2021,17,2021-10-24 20:02:52.943
0 days 01:03:15.704000,1,AllClear,2021,17,2021-10-24 20:03:15.704
0 days 01:48:33.645000,6,VSCDeployed,2021,17,2021-10-24 20:48:33.645
0 days 01:48:53.725000,7,VSCEnding,2021,17,2021-10-24 20:48:53.725
0 days 01:49:06.486000,1,AllClear,2021,17,2021-10-24 20:49:06.486
0 days 02:31:31.754000,2,Yellow,2021,17,2021-10-24 21:31:31.754
0 days 02:31:35.851000,1,AllClear,2021,17,2021-10-24 21:31:35.851
0 days 00:00:00,2,Yellow,2021,18,2021-11-07 19:00:00.000
0 days 00:07:05.555000,1,AllClear,2021,18,2021-11-07 19:07:05.555
0 days 01:02:25.133000,2,Yellow,2021,18,2021-11-07 20:02:25.133
0 days 01:03:02.255000,4,SCDeployed,2021,18,2021-11-07 20:03:02.255
0 days 01:10:07.807000,1,AllClear,2021,18,2021-11-07 20:10:07.807
0 days 00:13:56.358000,1,AllClear,2021,19,2021-11-14 17:13:56.358
0 days 01:08:53.051000,4,SCDeployed,2021,19,2021-11-14 18:08:53.051
0 days 01:15:55.042000,1,AllClear,2021,19,2021-11-14 18:15:55.042
0 days 01:19:10.057000,6,VSCDeployed,2021,19,2021-11-14 18:19:10.057
0 days 01:22:28.753000,7,VSCEnding,2021,19,2021-11-14 18:22:28.753
0 days 01:22:40.247000,1,AllClear,2021,19,2021-11-14 18:22:40.247
0 days 01:43:09.876000,6,VSCDeployed,2021,19,2021-11-14 18:43:09.876
0 days 01:43:57.781000,7,VSCEnding,2021,19,2021-11-14 18:43:57.781
0 days 01:44:11.332000,1,AllClear,2021,19,2021-11-14 18:44:11.332
0 days 00:00:03.111000,2,Yellow,2021,20,2021-11-21 14:00:03.111
0 days 00:03:52.277000,1,AllClear,2021,20,2021-11-21 14:03:52.277
0 days 00:03:59.214000,2,Yellow,2021,20,2021-11-21 14:03:59.214
0 days 00:04:01.194000,1,AllClear,2021,20,2021-11-21 14:04:01.194
0 days 00:04:05.123000,2,Yellow,2021,20,2021-11-21 14:04:05.123
0 days 00:04:07.302000,1,AllClear,2021,20,2021-11-21 14:04:07.302
0 days 00:04:15.014000,2,Yellow,2021,20,2021-11-21 14:04:15.014
0 days 00:04:16.350000,1,AllClear,2021,20,2021-11-21 14:04:16.350
0 days 00:04:18.118000,2,Yellow,2021,20,2021-11-21 14:04:18.118
0 days 00:04:20.445000,1,AllClear,2021,20,2021-11-21 14:04:20.445
0 days 00:04:32.642000,2,Yellow,2021,20,2021-11-21 14:04:32.642
0 days 00:04:34.814000,1,AllClear,2021,20,2021-11-21 14:04:34.814
0 days 01:00:55.060000,2,Yellow,2021,20,2021-11-21 15:00:55.060
0 days 01:00:56.400000,1,AllClear,2021,20,2021-11-21 15:00:56.400
0 days 01:51:29.252000,2,Yellow,2021,20,2021-11-21 15:51:29.252
0 days 01:51:51.290000,1,AllClear,2021,20,2021-11-21 15:51:51.290
0 days 01:52:03.476000,2,Yellow,2021,20,2021-11-21 15:52:03.476
0 days 01:52:14.727000,1,AllClear,2021,20,2021-11-21 15:52:14.727
0 days 02:16:44.912000,2,Yellow,2021,20,2021-11-21 16:16:44.912
0 days 02:16:52.398000,1,AllClear,2021,20,2021-11-21 16:16:52.398
0 days 02:16:53.692000,2,Yellow,2021,20,2021-11-21 16:16:53.692
0 days 02:17:00.909000,1,AllClear,2021,20,2021-11-21 16:17:00.909
0 days 02:19:19.105000,2,Yellow,2021,20,2021-11-21 16:19:19.105
0 days 02:19:21.483000,1,AllClear,2021,20,2021-11-21 16:19:21.483
0 days 02:23:09.971000,6,VSCDeployed,2021,20,2021-11-21 16:23:09.971
0 days 02:25:47.258000,7,VSCEnding,2021,20,2021-11-21 16:25:47.258
0 days 02:25:59.667000,1,AllClear,2021,20,2021-11-21 16:25:59.667
0 days 00:00:00,1,AllClear,2021,21,2021-12-05 17:30:00.000
0 days 00:30:53.856000,2,Yellow,2021,21,2021-12-05 18:00:53.856
0 days 00:31:12.451000,1,AllClear,2021,21,2021-12-05 18:01:12.451
0 days 00:50:13.042000,2,Yellow,2021,21,2021-12-05 18:20:13.042
0 days 00:50:14.845000,1,AllClear,2021,21,2021-12-05 18:20:14.845
0 days 01:15:58.449000,2,Yellow,2021,21,2021-12-05 18:45:58.449
0 days 01:16:10.264000,4,SCDeployed,2021,21,2021-12-05 18:46:10.264
0 days 01:24:52.688000,5,Red,2021,21,2021-12-05 18:54:52.688
0 days 01:34:21.474000,1,AllClear,2021,21,2021-12-05 19:04:21.474
0 days 01:47:47.276000,2,Yellow,2021,21,2021-12-05 19:17:47.276
0 days 01:48:22.569000,5,Red,2021,21,2021-12-05 19:18:22.569
0 days 02:00:34.203000,1,AllClear,2021,21,2021-12-05 19:30:34.203
0 days 02:22:23.419000,2,Yellow,2021,21,2021-12-05 19:52:23.419
0 days 02:23:10.025000,6,VSCDeployed,2021,21,2021-12-05 19:53:10.025
0 days 02:24:58.871000,7,VSCEnding,2021,21,2021-12-05 19:54:58.871
0 days 02:25:09.931000,1,AllClear,2021,21,2021-12-05 19:55:09.931
0 days 02:30:07.808000,6,VSCDeployed,2021,21,2021-12-05 20:00:07.808
0 days 02:30:43.353000,7,VSCEnding,2021,21,2021-12-05 20:00:43.353
0 days 02:30:58.271000,1,AllClear,2021,21,2021-12-05 20:00:58.271
0 days 02:33:02.530000,6,VSCDeployed,2021,21,2021-12-05 20:03:02.530
0 days 02:40:12.660000,7,VSCEnding,2021,21,2021-12-05 20:10:12.660
0 days 02:40:23.767000,1,AllClear,2021,21,2021-12-05 20:10:23.767
0 days 02:44:52.318000,6,VSCDeployed,2021,21,2021-12-05 20:14:52.318
0 days 02:45:26.606000,7,VSCEnding,2021,21,2021-12-05 20:15:26.606
0 days 02:45:39.453000,1,AllClear,2021,21,2021-12-05 20:15:39.453
0 days 00:00:00,1,AllClear,2021,22,2021-12-12 13:00:00.000
0 days 01:40:06.247000,2,Yellow,2021,22,2021-12-12 14:40:06.247
0 days 01:40:47.317000,1,AllClear,2021,22,2021-12-12 14:40:47.317
0 days 01:55:03.019000,6,VSCDeployed,2021,22,2021-12-12 14:55:03.019
0 days 01:57:53.608000,7,VSCEnding,2021,22,2021-12-12 14:57:53.608
0 days 01:58:06.176000,1,AllClear,2021,22,2021-12-12 14:58:06.176
0 days 02:20:38.379000,2,Yellow,2021,22,2021-12-12 15:20:38.379
0 days 02:20:54.313000,4,SCDeployed,2021,22,2021-12-12 15:20:54.313
0 days 02:31:02.298000,1,AllClear,2021,22,2021-12-12 15:31:02.298
0 days 00:13:36.667000,1,AllClear,2022,1,2022-03-20 15:13:36.667
0 days 01:25:49.895000,2,Yellow,2022,1,2022-03-20 16:25:49.895
0 days 01:25:58.557000,1,AllClear,2022,1,2022-03-20 16:25:58.557
0 days 02:17:19.828000,6,VSCDeployed,2022,1,2022-03-20 17:17:19.828
0 days 02:17:39.726000,4,SCDeployed,2022,1,2022-03-20 17:17:39.726
0 days 02:28:54.157000,1,AllClear,2022,1,2022-03-20 17:28:54.157
0 days 02:38:53.199000,2,Yellow,2022,1,2022-03-20 17:38:53.199
0 days 00:00:00,1,AllClear,2022,2,2022-03-27 17:00:00.000
0 days 00:01:46.583000,2,Yellow,2022,2,2022-03-27 17:01:46.583
0 days 00:11:00.955000,1,AllClear,2022,2,2022-03-27 17:11:00.955
0 days 00:24:06.423000,2,Yellow,2022,2,2022-03-27 17:24:06.423
0 days 00:31:02.766000,1,AllClear,2022,2,2022-03-27 17:31:02.766
0 days 01:27:06.240000,2,Yellow,2022,2,2022-03-27 18:27:06.240
0 days 01:27:32.923000,6,VSCDeployed,2022,2,2022-03-27 18:27:32.923
0 days 01:27:51.962000,4,SCDeployed,2022,2,2022-03-27 18:27:51.962
0 days 01:38:40.471000,1,AllClear,2022,2,2022-03-27 18:38:40.471
0 days 02:05:13.559000,2,Yellow,2022,2,2022-03-27 19:05:13.559
0 days 02:06:20.738000,6,VSCDeployed,2022,2,2022-03-27 19:06:20.738
0 days 02:11:24.173000,7,VSCEnding,2022,2,2022-03-27 19:11:24.173
0 days 02:11:36.808000,1,AllClear,2022,2,2022-03-27 19:11:36.808
0 days 02:23:32.259000,2,Yellow,2022,2,2022-03-27 19:23:32.259
0 days 02:23:39.541000,1,AllClear,2022,2,2022-03-27 19:23:39.541
0 days 02:23:40.529000,2,Yellow,2022,2,2022-03-27 19:23:40.529
0 days 02:23:48.232000,1,AllClear,2022,2,2022-03-27 19:23:48.232
0 days 02:24:12.424000,2,Yellow,2022,2,2022-03-27 19:24:12.424
0 days 00:11:29.385000,1,AllClear,2022,3,2022-04-10 05:11:29.385
0 days 01:04:51.877000,2,Yellow,2022,3,2022-04-10 06:04:51.877
0 days 01:05:47.999000,6,VSCDeployed,2022,3,2022-04-10 06:05:47.999
0 days 01:06:34.882000,4,SCDeployed,2022,3,2022-04-10 06:06:34.882
0 days 01:13:33.242000,1,AllClear,2022,3,2022-04-10 06:13:33.242
0 days 01:37:24.288000,2,Yellow,2022,3,2022-04-10 06:37:24.288
0 days 01:37:26.582000,1,AllClear,2022,3,2022-04-10 06:37:26.582
0 days 01:37:28.643000,2,Yellow,2022,3,2022-04-10 06:37:28.643
0 days 01:37:40.082000,4,SCDeployed,2022,3,2022-04-10 06:37:40.082
0 days 01:45:30.263000,1,AllClear,2022,3,2022-04-10 06:45:30.263
0 days 02:02:57.882000,6,VSCDeployed,2022,3,2022-04-10 07:02:57.882
0 days 02:04:42.705000,7,VSCEnding,2022,3,2022-04-10 07:04:42.705
0 days 02:04:56.094000,1,AllClear,2022,3,2022-04-10 07:04:56.094
0 days 02:32:54.609000,2,Yellow,2022,3,2022-04-10 07:32:54.609
0 days 02:32:56.747000,1,AllClear,2022,3,2022-04-10 07:32:56.747
0 days 02:33:25.544000,2,Yellow,2022,3,2022-04-10 07:33:25.544
0 days 02:35:21.742000,1,AllClear,2022,3,2022-04-10 07:35:21.742
0 days 00:00:00,1,AllClear,2022,4,2022-04-24 13:00:00.000
0 days 01:02:23.363000,2,Yellow,2022,4,2022-04-24 14:02:23.363
0 days 01:03:13.645000,4,SCDeployed,2022,4,2022-04-24 14:03:13.645
0 days 01:10:53.647000,1,AllClear,2022,4,2022-04-24 14:10:53.647
0 days 01:42:12.719000,2,Yellow,2022,4,2022-04-24 14:42:12.719
0 days 01:42:19.717000,1,AllClear,2022,4,2022-04-24 14:42:19.717
0 days 02:20:45.792000,2,Yellow,2022,4,2022-04-24 15:20:45.792
0 days 02:20:55.223000,1,AllClear,2022,4,2022-04-24 15:20:55.223
0 days 00:02:08.769000,1,AllClear,2022,5,2022-05-08 19:32:08.769
0 days 01:33:01.398000,2,Yellow,2022,5,2022-05-08 21:03:01.398
0 days 01:33:11.895000,1,AllClear,2022,5,2022-05-08 21:03:11.895
0 days 02:05:28.249000,2,Yellow,2022,5,2022-05-08 21:35:28.249
0 days 02:05:28.608000,6,VSCDeployed,2022,5,2022-05-08 21:35:28.608
0 days 02:06:49.739000,4,SCDeployed,2022,5,2022-05-08 21:36:49.739
0 days 02:19:42.516000,1,AllClear,2022,5,2022-05-08 21:49:42.516
0 days 02:20:09.086000,2,Yellow,2022,5,2022-05-08 21:50:09.086
0 days 02:20:10.661000,1,AllClear,2022,5,2022-05-08 21:50:10.661
0 days 02:31:02.228000,2,Yellow,2022,5,2022-05-08 22:01:02.228
0 days 02:31:09.097000,1,AllClear,2022,5,2022-05-08 22:01:09.097
0 days 02:34:58.268000,2,Yellow,2022,5,2022-05-08 22:04:58.268
0 days 02:34:59.877000,1,AllClear,2022,5,2022-05-08 22:04:59.877
0 days 00:00:00,2,Yellow,2022,6,2022-05-22 13:00:00.000
0 days 00:07:30.185000,1,AllClear,2022,6,2022-05-22 13:07:30.185
0 days 01:02:47.426000,2,Yellow,2022,6,2022-05-22 14:02:47.426
0 days 01:02:59.996000,1,AllClear,2022,6,2022-05-22 14:02:59.996
0 days 01:11:36.002000,2,Yellow,2022,6,2022-05-22 14:11:36.002
0 days 01:11:48.338000,1,AllClear,2022,6,2022-05-22 14:11:48.338
0 days 01:14:25.457000,2,Yellow,2022,6,2022-05-22 14:14:25.457
0 days 01:14:33.638000,1,AllClear,2022,6,2022-05-22 14:14:33.638
0 days 00:00:00,1,AllClear,2022,7,2022-05-29 13:00:00.000
0 days 00:25:31.516000,2,Yellow,2022,7,2022-05-29 13:25:31.516
0 days 00:25:37.692000,1,AllClear,2022,7,2022-05-29 13:25:37.692
0 days 00:51:03.026000,2,Yellow,2022,7,2022-05-29 13:51:03.026
0 days 00:51:13.019000,1,AllClear,2022,7,2022-05-29 13:51:13.019
0 days 01:19:22.344000,5,Red,2022,7,2022-05-29 14:19:22.344
0 days 02:02:18.135000,1,AllClear,2022,7,2022-05-29 15:02:18.135
0 days 02:05:59.441000,2,Yellow,2022,7,2022-05-29 15:05:59.441
0 days 02:06:15.238000,1,AllClear,2022,7,2022-05-29 15:06:15.238
0 days 02:07:21.514000,4,SCDeployed,2022,7,2022-05-29 15:07:21.514
0 days 02:08:37.509000,1,AllClear,2022,7,2022-05-29 15:08:37.509
0 days 02:14:27.027000,2,Yellow,2022,7,2022-05-29 15:14:27.027
0 days 02:14:29.640000,1,AllClear,2022,7,2022-05-29 15:14:29.640
0 days 02:21:45.327000,2,Yellow,2022,7,2022-05-29 15:21:45.327
0 days 02:21:52.470000,1,AllClear,2022,7,2022-05-29 15:21:52.470
0 days 02:22:59.472000,2,Yellow,2022,7,2022-05-29 15:22:59.472
0 days 02:23:06.994000,1,AllClear,2022,7,2022-05-29 15:23:06.994
0 days 02:33:15.824000,2,Yellow,2022,7,2022-05-29 15:33:15.824
0 days 02:33:19.417000,1,AllClear,2022,7,2022-05-29 15:33:19.417
0 days 02:37:54.716000,2,Yellow,2022,7,2022-05-29 15:37:54.716
0 days 02:38:01.377000,1,AllClear,2022,7,2022-05-29 15:38:01.377
0 days 02:46:32.826000,2,Yellow,2022,7,2022-05-29 15:46:32.826
0 days 02:46:46.261000,6,VSCDeployed,2022,7,2022-05-29 15:46:46.261
0 days 02:48:33.853000,4,SCDeployed,2022,7,2022-05-29 15:48:33.853
0 days 02:54:02.815000,5,Red,2022,7,2022-05-29 15:54:02.815
0 days 03:10:08.667000,1,AllClear,2022,7,2022-05-29 16:10:08.667
0 days 03:50:03.263000,2,Yellow,2022,7,2022-05-29 16:50:03.263
0 days 03:50:10.544000,1,AllClear,2022,7,2022-05-29 16:50:10.544
0 days 03:54:35,2,Yellow,2022,7,2022-05-29 16:54:35.000
0 days 03:54:43.128000,1,AllClear,2022,7,2022-05-29 16:54:43.128
0 days 04:04:20.991000,2,Yellow,2022,7,2022-05-29 17:04:20.991
0 days 00:00:03.133000,2,Yellow,2022,8,2022-06-12 11:00:03.133
0 days 00:00:12.284000,1,AllClear,2022,8,2022-06-12 11:00:12.284
0 days 00:00:14.876000,2,Yellow,2022,8,2022-06-12 11:00:14.876
0 days 00:11:48.278000,1,AllClear,2022,8,2022-06-12 11:11:48.278
0 days 00:20:40.673000,2,Yellow,2022,8,2022-06-12 11:20:40.673
0 days 00:21:07.849000,1,AllClear,2022,8,2022-06-12 11:21:07.849
0 days 00:51:37.173000,2,Yellow,2022,8,2022-06-12 11:51:37.173
0 days 00:51:43.773000,1,AllClear,2022,8,2022-06-12 11:51:43.773
0 days 00:51:47.484000,2,Yellow,2022,8,2022-06-12 11:51:47.484
0 days 00:52:07.769000,1,AllClear,2022,8,2022-06-12 11:52:07.769
0 days 00:52:14.690000,2,Yellow,2022,8,2022-06-12 11:52:14.690
0 days 00:52:24.748000,1,AllClear,2022,8,2022-06-12 11:52:24.748
0 days 01:18:10.247000,2,Yellow,2022,8,2022-06-12 12:18:10.247
0 days 01:19:09.213000,6,VSCDeployed,2022,8,2022-06-12 12:19:09.213
0 days 01:21:06.431000,7,VSCEnding,2022,8,2022-06-12 12:21:06.431
0 days 01:21:20.621000,1,AllClear,2022,8,2022-06-12 12:21:20.621
0 days 01:26:26.185000,2,Yellow,2022,8,2022-06-12 12:26:26.185
0 days 01:26:32.065000,1,AllClear,2022,8,2022-06-12 12:26:32.065
0 days 02:02:45.972000,2,Yellow,2022,8,2022-06-12 13:02:45.972
0 days 02:03:22.133000,6,VSCDeployed,2022,8,2022-06-12 13:03:22.133
0 days 02:07:27.871000,7,VSCEnding,2022,8,2022-06-12 13:07:27.871
0 days 02:07:40.908000,1,AllClear,2022,8,2022-06-12 13:07:40.908
0 days 02:38:28.902000,2,Yellow,2022,8,2022-06-12 13:38:28.902
0 days 00:00:00,2,Yellow,2022,9,2022-06-19 18:00:00.000
0 days 00:06:01.850000,1,AllClear,2022,9,2022-06-19 18:06:01.850
0 days 01:12:46.079000,2,Yellow,2022,9,2022-06-19 19:12:46.079
0 days 01:13:11.665000,6,VSCDeployed,2022,9,2022-06-19 19:13:11.665
0 days 01:15:55.176000,7,VSCEnding,2022,9,2022-06-19 19:15:55.176
0 days 01:16:09.743000,1,AllClear,2022,9,2022-06-19 19:16:09.743
0 days 01:27:52.759000,2,Yellow,2022,9,2022-06-19 19:27:52.759
0 days 01:28:10.130000,6,VSCDeployed,2022,9,2022-06-19 19:28:10.130
0 days 01:29:35.617000,7,VSCEnding,2022,9,2022-06-19 19:29:35.617
0 days 01:29:49.731000,1,AllClear,2022,9,2022-06-19 19:29:49.731
0 days 02:06:35.092000,2,Yellow,2022,9,2022-06-19 20:06:35.092
0 days 02:07:19.350000,4,SCDeployed,2022,9,2022-06-19 20:07:19.350
0 days 02:18:05.440000,1,AllClear,2022,9,2022-06-19 20:18:05.440
0 days 00:00:00,1,AllClear,2022,10,2022-07-03 14:00:00.000
0 days 01:02:26.276000,2,Yellow,2022,10,2022-07-03 15:02:26.276
0 days 01:02:38.097000,5,Red,2022,10,2022-07-03 15:02:38.097
0 days 01:54:02.388000,1,AllClear,2022,10,2022-07-03 15:54:02.388
0 days 02:11:53.059000,2,Yellow,2022,10,2022-07-03 16:11:53.059
0 days 02:12:03.034000,1,AllClear,2022,10,2022-07-03 16:12:03.034
0 days 02:55:58.711000,2,Yellow,2022,10,2022-07-03 16:55:58.711
0 days 02:56:11.429000,4,SCDeployed,2022,10,2022-07-03 16:56:11.429
0 days 03:04:51.200000,1,AllClear,2022,10,2022-07-03 17:04:51.200
0 days 03:20:51.705000,2,Yellow,2022,10,2022-07-03 17:20:51.705
0 days 03:22:47.062000,1,AllClear,2022,10,2022-07-03 17:22:47.062
0 days 00:08:05.416000,1,AllClear,2022,11,2022-07-10 13:08:05.416
0 days 01:48:58.964000,2,Yellow,2022,11,2022-07-10 14:48:58.964
0 days 01:49:14.531000,1,AllClear,2022,11,2022-07-10 14:49:14.531
0 days 02:09:18.938000,2,Yellow,2022,11,2022-07-10 15:09:18.938
0 days 02:09:21.419000,1,AllClear,2022,11,2022-07-10 15:09:21.419
0 days 02:09:26.637000,2,Yellow,2022,11,2022-07-10 15:09:26.637
0 days 02:10:18.024000,6,VSCDeployed,2022,11,2022-07-10 15:10:18.024
0 days 02:12:46.453000,7,VSCEnding,2022,11,2022-07-10 15:12:46.453
0 days 02:12:58.041000,1,AllClear,2022,11,2022-07-10 15:12:58.041
0 days 00:00:00,1,AllClear,2022,12,2022-07-24 13:00:00.000
0 days 00:15:20.751000,2,Yellow,2022,12,2022-07-24 13:15:20.751
0 days 00:15:23.161000,1,AllClear,2022,12,2022-07-24 13:15:23.161
0 days 00:15:24.861000,2,Yellow,2022,12,2022-07-24 13:15:24.861
0 days 00:15:27.740000,1,AllClear,2022,12,2022-07-24 13:15:27.740
0 days 00:43:42.474000,2,Yellow,2022,12,2022-07-24 13:43:42.474
0 days 00:43:57.738000,1,AllClear,2022,12,2022-07-24 13:43:57.738
0 days 01:11:55.277000,2,Yellow,2022,12,2022-07-24 14:11:55.277
0 days 01:12:15.584000,4,SCDeployed,2022,12,2022-07-24 14:12:15.584
0 days 01:18:02.505000,1,AllClear,2022,12,2022-07-24 14:18:02.505
0 days 01:21:18.845000,2,Yellow,2022,12,2022-07-24 14:21:18.845
0 days 01:21:37,1,AllClear,2022,12,2022-07-24 14:21:37.000
0 days 01:47:01.605000,2,Yellow,2022,12,2022-07-24 14:47:01.605
0 days 01:47:07.661000,1,AllClear,2022,12,2022-07-24 14:47:07.661
0 days 02:05:04.377000,2,Yellow,2022,12,2022-07-24 15:05:04.377
0 days 02:05:47.311000,6,VSCDeployed,2022,12,2022-07-24 15:05:47.311
0 days 02:06:45.700000,7,VSCEnding,2022,12,2022-07-24 15:06:45.700
0 days 02:07:44.438000,1,AllClear,2022,12,2022-07-24 15:07:44.438
0 days 00:00:00,2,Yellow,2022,13,2022-07-31 13:00:00.000
0 days 00:04:16.015000,1,AllClear,2022,13,2022-07-31 13:04:16.015
0 days 01:02:47.449000,2,Yellow,2022,13,2022-07-31 14:02:47.449
0 days 01:03:00.518000,1,AllClear,2022,13,2022-07-31 14:03:00.518
0 days 01:03:35.598000,6,VSCDeployed,2022,13,2022-07-31 14:03:35.598
0 days 01:05:42.914000,7,VSCEnding,2022,13,2022-07-31 14:05:42.914
0 days 01:05:53.098000,1,AllClear,2022,13,2022-07-31 14:05:53.098
0 days 01:51:41.509000,2,Yellow,2022,13,2022-07-31 14:51:41.509
0 days 01:51:56.165000,1,AllClear,2022,13,2022-07-31 14:51:56.165
0 days 02:00:44.321000,2,Yellow,2022,13,2022-07-31 15:00:44.321
0 days 02:00:46.696000,1,AllClear,2022,13,2022-07-31 15:00:46.696
0 days 02:09:19.027000,2,Yellow,2022,13,2022-07-31 15:09:19.027
0 days 02:09:21.966000,1,AllClear,2022,13,2022-07-31 15:09:21.966
0 days 02:09:26.516000,2,Yellow,2022,13,2022-07-31 15:09:26.516
0 days 02:09:28.570000,1,AllClear,2022,13,2022-07-31 15:09:28.570
0 days 02:36:59.872000,2,Yellow,2022,13,2022-07-31 15:36:59.872
0 days 02:37:36.563000,6,VSCDeployed,2022,13,2022-07-31 15:37:36.563
0 days 02:39:27.997000,7,VSCEnding,2022,13,2022-07-31 15:39:27.997
0 days 02:39:41.769000,1,AllClear,2022,13,2022-07-31 15:39:41.769
0 days 00:01:29.745000,1,AllClear,2022,14,2022-08-28 13:01:29.745
0 days 00:30:37.879000,2,Yellow,2022,14,2022-08-28 13:30:37.879
0 days 00:31:09.838000,1,AllClear,2022,14,2022-08-28 13:31:09.838
0 days 01:03:26.855000,2,Yellow,2022,14,2022-08-28 14:03:26.855
0 days 01:03:32.069000,1,AllClear,2022,14,2022-08-28 14:03:32.069
0 days 01:05:18.853000,2,Yellow,2022,14,2022-08-28 14:05:18.853
0 days 01:05:51.780000,4,SCDeployed,2022,14,2022-08-28 14:05:51.780
0 days 01:12:57.770000,1,AllClear,2022,14,2022-08-28 14:12:57.770
0 days 02:28:40.049000,2,Yellow,2022,14,2022-08-28 15:28:40.049
0 days 02:30:56.014000,1,AllClear,2022,14,2022-08-28 15:30:56.014
0 days 00:00:00,1,AllClear,2022,15,2022-09-04 13:00:00.000
0 days 01:03:40.534000,2,Yellow,2022,15,2022-09-04 14:03:40.534
0 days 01:03:46.992000,1,AllClear,2022,15,2022-09-04 14:03:46.992
0 days 01:06:24.939000,2,Yellow,2022,15,2022-09-04 14:06:24.939
0 days 01:06:28.074000,1,AllClear,2022,15,2022-09-04 14:06:28.074
0 days 01:57:59.631000,2,Yellow,2022,15,2022-09-04 14:57:59.631
0 days 01:59:00.629000,1,AllClear,2022,15,2022-09-04 14:59:00.629
0 days 02:01:59.716000,2,Yellow,2022,15,2022-09-04 15:01:59.716
0 days 02:02:28.234000,6,VSCDeployed,2022,15,2022-09-04 15:02:28.234
0 days 02:06:03.103000,7,VSCEnding,2022,15,2022-09-04 15:06:03.103
0 days 02:06:16.780000,1,AllClear,2022,15,2022-09-04 15:06:16.780
0 days 02:13:01.978000,2,Yellow,2022,15,2022-09-04 15:13:01.978
0 days 02:14:18.971000,4,SCDeployed,2022,15,2022-09-04 15:14:18.971
0 days 02:23:46.597000,1,AllClear,2022,15,2022-09-04 15:23:46.597
0 days 00:07:13.128000,1,AllClear,2022,16,2022-09-11 13:07:13.128
0 days 00:07:13.128000,2,Yellow,2022,16,2022-09-11 13:07:13.128
0 days 00:08:32.384000,1,AllClear,2022,16,2022-09-11 13:08:32.384
0 days 01:18:18.928000,2,Yellow,2022,16,2022-09-11 14:18:18.928
0 days 01:18:28.703000,1,AllClear,2022,16,2022-09-11 14:18:28.703
0 days 01:18:29.579000,2,Yellow,2022,16,2022-09-11 14:18:29.579
0 days 01:18:50.912000,6,VSCDeployed,2022,16,2022-09-11 14:18:50.912
0 days 01:20:01.263000,7,VSCEnding,2022,16,2022-09-11 14:20:01.263
0 days 01:20:14.670000,1,AllClear,2022,16,2022-09-11 14:20:14.670
0 days 02:09:42.002000,2,Yellow,2022,16,2022-09-11 15:09:42.002
0 days 02:10:43.523000,4,SCDeployed,2022,16,2022-09-11 15:10:43.523
0 days 00:14:57.999000,1,AllClear,2022,17,2022-10-02 12:14:57.999
0 days 00:48:08.380000,2,Yellow,2022,17,2022-10-02 12:48:08.380
0 days 01:19:47.419000,1,AllClear,2022,17,2022-10-02 13:19:47.419
0 days 01:37:26.264000,2,Yellow,2022,17,2022-10-02 13:37:26.264
0 days 01:46:46.991000,1,AllClear,2022,17,2022-10-02 13:46:46.991
0 days 02:08:46.566000,2,Yellow,2022,17,2022-10-02 14:08:46.566
0 days 02:08:48.063000,1,AllClear,2022,17,2022-10-02 14:08:48.063
0 days 02:21:22.302000,2,Yellow,2022,17,2022-10-02 14:21:22.302
0 days 02:21:28.424000,1,AllClear,2022,17,2022-10-02 14:21:28.424
0 days 02:21:45.120000,2,Yellow,2022,17,2022-10-02 14:21:45.120
0 days 02:23:37.736000,4,SCDeployed,2022,17,2022-10-02 14:23:37.736
0 days 02:30:05.688000,1,AllClear,2022,17,2022-10-02 14:30:05.688
0 days 02:51:31.439000,2,Yellow,2022,17,2022-10-02 14:51:31.439
0 days 02:52:08.287000,6,VSCDeployed,2022,17,2022-10-02 14:52:08.287
0 days 02:55:00.727000,7,VSCEnding,2022,17,2022-10-02 14:55:00.727
0 days 02:55:11.300000,1,AllClear,2022,17,2022-10-02 14:55:11.300
0 days 03:00:45.695000,2,Yellow,2022,17,2022-10-02 15:00:45.695
0 days 03:01:07.906000,1,AllClear,2022,17,2022-10-02 15:01:07.906
0 days 03:01:13.091000,2,Yellow,2022,17,2022-10-02 15:01:13.091
0 days 03:02:02.127000,6,VSCDeployed,2022,17,2022-10-02 15:02:02.127
0 days 03:03:26.325000,7,VSCEnding,2022,17,2022-10-02 15:03:26.325
0 days 03:03:38.220000,1,AllClear,2022,17,2022-10-02 15:03:38.220
0 days 03:05:29.126000,2,Yellow,2022,17,2022-10-02 15:05:29.126
0 days 03:06:56.303000,6,VSCDeployed,2022,17,2022-10-02 15:06:56.303
0 days 03:10:55.964000,7,VSCEnding,2022,17,2022-10-02 15:10:55.964
0 days 03:11:10.227000,1,AllClear,2022,17,2022-10-02 15:11:10.227
0 days 03:17:00.351000,2,Yellow,2022,17,2022-10-02 15:17:00.351
0 days 03:17:06.680000,1,AllClear,2022,17,2022-10-02 15:17:06.680
0 days 03:22:48.614000,2,Yellow,2022,17,2022-10-02 15:22:48.614
0 days 03:23:29.510000,4,SCDeployed,2022,17,2022-10-02 15:23:29.510
0 days 03:33:18.832000,1,AllClear,2022,17,2022-10-02 15:33:18.832
0 days 00:00:00,1,AllClear,2022,18,2022-10-09 05:00:00.000
0 days 01:02:52.655000,2,Yellow,2022,18,2022-10-09 06:02:52.655
0 days 01:03:12.328000,1,AllClear,2022,18,2022-10-09 06:03:12.328
0 days 01:03:47.819000,2,Yellow,2022,18,2022-10-09 06:03:47.819
0 days 01:04:10,4,SCDeployed,2022,18,2022-10-09 06:04:10.000
0 days 01:07:12.953000,5,Red,2022,18,2022-10-09 06:07:12.953
0 days 03:03:47.299000,1,AllClear,2022,18,2022-10-09 08:03:47.299
0 days 00:00:00,1,AllClear,2022,19,2022-10-23 19:00:00.000
0 days 00:10:06.521000,2,Yellow,2022,19,2022-10-23 19:10:06.521
0 days 00:10:08.261000,1,AllClear,2022,19,2022-10-23 19:10:08.261
0 days 00:14:45.524000,2,Yellow,2022,19,2022-10-23 19:14:45.524
0 days 00:14:47.025000,1,AllClear,2022,19,2022-10-23 19:14:47.025
0 days 00:14:48.446000,2,Yellow,2022,19,2022-10-23 19:14:48.446
0 days 00:14:50.265000,1,AllClear,2022,19,2022-10-23 19:14:50.265
0 days 00:15:30.757000,2,Yellow,2022,19,2022-10-23 19:15:30.757
0 days 00:15:34.166000,1,AllClear,2022,19,2022-10-23 19:15:34.166
0 days 01:02:54.062000,2,Yellow,2022,19,2022-10-23 20:02:54.062
0 days 01:02:58.311000,1,AllClear,2022,19,2022-10-23 20:02:58.311
0 days 01:32:34.068000,2,Yellow,2022,19,2022-10-23 20:32:34.068
0 days 01:33:06.788000,4,SCDeployed,2022,19,2022-10-23 20:33:06.788
0 days 01:41:54.800000,1,AllClear,2022,19,2022-10-23 20:41:54.800
0 days 01:43:05.660000,2,Yellow,2022,19,2022-10-23 20:43:05.660
0 days 01:43:13.471000,4,SCDeployed,2022,19,2022-10-23 20:43:13.471
0 days 01:52:19.096000,1,AllClear,2022,19,2022-10-23 20:52:19.096
0 days 00:00:02.936000,2,Yellow,2022,20,2022-10-30 20:00:02.936
0 days 00:06:31.711000,1,AllClear,2022,20,2022-10-30 20:06:31.711
0 days 02:31:34.690000,2,Yellow,2022,20,2022-10-30 22:31:34.690
0 days 02:31:57.090000,6,VSCDeployed,2022,20,2022-10-30 22:31:57.090
0 days 02:32:50.946000,7,VSCEnding,2022,20,2022-10-30 22:32:50.946
0 days 02:33:02.399000,1,AllClear,2022,20,2022-10-30 22:33:02.399
0 days 00:13:30.735000,1,AllClear,2022,21,2022-11-13 18:13:30.735
0 days 01:02:34.787000,2,Yellow,2022,21,2022-11-13 19:02:34.787
0 days 01:02:44.831000,4,SCDeployed,2022,21,2022-11-13 19:02:44.831
0 days 01:12:52.027000,1,AllClear,2022,21,2022-11-13 19:12:52.027
0 days 01:13:49.890000,2,Yellow,2022,21,2022-11-13 19:13:49.890
0 days 01:14:01.337000,1,AllClear,2022,21,2022-11-13 19:14:01.337
0 days 02:11:42.913000,2,Yellow,2022,21,2022-11-13 20:11:42.913
0 days 02:12:45.520000,6,VSCDeployed,2022,21,2022-11-13 20:12:45.520
0 days 02:15:23.432000,4,SCDeployed,2022,21,2022-11-13 20:15:23.432
0 days 02:25:12.153000,1,AllClear,2022,21,2022-11-13 20:25:12.153
0 days 00:00:00,1,AllClear,2022,22,2022-11-20 13:00:00.000
0 days 00:02:19.161000,2,Yellow,2022,22,2022-11-20 13:02:19.161
0 days 00:02:21.239000,1,AllClear,2022,22,2022-11-20 13:02:21.239
0 days 02:00:17.981000,2,Yellow,2022,22,2022-11-20 15:00:17.981
0 days 02:00:27.096000,1,AllClear,2022,22,2022-11-20 15:00:27.096
0 days 00:05:28.637000,1,AllClear,2023,1,2023-03-05 15:05:28.637
0 days 00:21:59.040000,2,Yellow,2023,1,2023-03-05 15:21:59.040
0 days 00:22:03.165000,1,AllClear,2023,1,2023-03-05 15:22:03.165
0 days 01:03:07.651000,2,Yellow,2023,1,2023-03-05 16:03:07.651
0 days 01:03:08.151000,1,AllClear,2023,1,2023-03-05 16:03:08.151
0 days 01:04:15.978000,2,Yellow,2023,1,2023-03-05 16:04:15.978
0 days 01:04:51.243000,1,AllClear,2023,1,2023-03-05 16:04:51.243
0 days 02:08:59.830000,2,Yellow,2023,1,2023-03-05 17:08:59.830
0 days 02:09:18.298000,6,VSCDeployed,2023,1,2023-03-05 17:09:18.298
0 days 02:10:53.875000,7,VSCEnding,2023,1,2023-03-05 17:10:53.875
0 days 02:11:06.437000,1,AllClear,2023,1,2023-03-05 17:11:06.437
0 days 00:00:00,1,AllClear,2023,2,2023-03-19 17:00:00.000
0 days 01:29:32.087000,2,Yellow,2023,2,2023-03-19 18:29:32.087
0 days 01:30:11.102000,4,SCDeployed,2023,2,2023-03-19 18:30:11.102
0 days 01:37:27.407000,1,AllClear,2023,2,2023-03-19 18:37:27.407
0 days 00:00:00,2,Yellow,2023,3,2023-04-02 05:00:00.000
0 days 00:13:07.538000,1,AllClear,2023,3,2023-04-02 05:13:07.538
0 days 00:30:47.338000,2,Yellow,2023,3,2023-04-02 05:30:47.338
0 days 00:39:12.957000,1,AllClear,2023,3,2023-04-02 05:39:12.957
0 days 01:02:44.534000,2,Yellow,2023,3,2023-04-02 06:02:44.534
0 days 01:03:25.831000,4,SCDeployed,2023,3,2023-04-02 06:03:25.831
0 days 01:08:10.984000,1,AllClear,2023,3,2023-04-02 06:08:10.984
0 days 01:13:10.543000,2,Yellow,2023,3,2023-04-02 06:13:10.543
0 days 01:13:23.246000,4,SCDeployed,2023,3,2023-04-02 06:13:23.246
0 days 01:16:01.056000,5,Red,2023,3,2023-04-02 06:16:01.056
0 days 01:31:41.671000,1,AllClear,2023,3,2023-04-02 06:31:41.671
0 days 01:47:34.722000,6,VSCDeployed,2023,3,2023-04-02 06:47:34.722
0 days 01:49:37.049000,7,VSCEnding,2023,3,2023-04-02 06:49:37.049
0 days 01:49:51.267000,1,AllClear,2023,3,2023-04-02 06:49:51.267
0 days 02:36:29.985000,2,Yellow,2023,3,2023-04-02 07:36:29.985
0 days 02:36:38.329000,1,AllClear,2023,3,2023-04-02 07:36:38.329
0 days 02:37:30.688000,4,SCDeployed,2023,3,2023-04-02 07:37:30.688
0 days 02:40:06.264000,5,Red,2023,3,2023-04-02 07:40:06.264
0 days 02:50:08.585000,1,AllClear,2023,3,2023-04-02 07:50:08.585
0 days 02:59:13.048000,2,Yellow,2023,3,2023-04-02 07:59:13.048
0 days 02:59:25.329000,5,Red,2023,3,2023-04-02 07:59:25.329
0 days 03:22:14.751000,1,AllClear,2023,3,2023-04-02 08:22:14.751
0 days 03:36:04.835000,5,Red,2023,3,2023-04-02 08:36:04.835
0 days 00:00:00,1,AllClear,2023,4,2023-04-30 11:00:00.000
0 days 00:05:00.728000,2,Yellow,2023,4,2023-04-30 11:05:00.728
0 days 00:05:07.931000,1,AllClear,2023,4,2023-04-30 11:05:07.931
0 days 00:11:22.236000,2,Yellow,2023,4,2023-04-30 11:11:22.236
0 days 00:12:05.735000,1,AllClear,2023,4,2023-04-30 11:12:05.735
0 days 00:13:14.953000,2,Yellow,2023,4,2023-04-30 11:13:14.953
0 days 00:13:29.625000,1,AllClear,2023,4,2023-04-30 11:13:29.625
0 days 01:04:04.913000,2,Yellow,2023,4,2023-04-30 12:04:04.913
0 days 01:04:22.382000,1,AllClear,2023,4,2023-04-30 12:04:22.382
0 days 01:20:00.630000,2,Yellow,2023,4,2023-04-30 12:20:00.630
0 days 01:20:08.130000,1,AllClear,2023,4,2023-04-30 12:20:08.130
0 days 01:20:22.927000,2,Yellow,2023,4,2023-04-30 12:20:22.927
0 days 01:21:22.441000,4,SCDeployed,2023,4,2023-04-30 12:21:22.441
0 days 01:28:42.308000,1,AllClear,2023,4,2023-04-30 12:28:42.308
0 days 01:34:43.021000,2,Yellow,2023,4,2023-04-30 12:34:43.021
0 days 01:34:44.208000,1,AllClear,2023,4,2023-04-30 12:34:44.208
0 days 02:31:24.334000,2,Yellow,2023,4,2023-04-30 13:31:24.334
0 days 02:31:26.428000,1,AllClear,2023,4,2023-04-30 13:31:26.428
0 days 00:00:00,1,AllClear,2023,5,2023-05-07 19:30:00.000
0 days 00:19:40.236000,2,Yellow,2023,5,2023-05-07 19:49:40.236
0 days 00:19:43.236000,1,AllClear,2023,5,2023-05-07 19:49:43.236
0 days 00:19:45.330000,2,Yellow,2023,5,2023-05-07 19:49:45.330
0 days 00:19:48.345000,1,AllClear,2023,5,2023-05-07 19:49:48.345
0 days 00:00:00,1,AllClear,2023,6,2023-05-28 13:00:00.000
0 days 00:06:38.603000,2,Yellow,2023,6,2023-05-28 13:06:38.603
0 days 00:06:52.259000,1,AllClear,2023,6,2023-05-28 13:06:52.259
0 days 00:19:51.886000,2,Yellow,2023,6,2023-05-28 13:19:51.886
0 days 00:22:06.399000,1,AllClear,2023,6,2023-05-28 13:22:06.399
0 days 01:02:41.403000,2,Yellow,2023,6,2023-05-28 14:02:41.403
0 days 01:02:43.872000,1,AllClear,2023,6,2023-05-28 14:02:43.872
0 days 01:16:53.044000,2,Yellow,2023,6,2023-05-28 14:16:53.044
0 days 01:17:50.246000,1,AllClear,2023,6,2023-05-28 14:17:50.246
0 days 01:20:09.353000,2,Yellow,2023,6,2023-05-28 14:20:09.353
0 days 01:20:19.681000,1,AllClear,2023,6,2023-05-28 14:20:19.681
0 days 02:13:43.686000,2,Yellow,2023,6,2023-05-28 15:13:43.686
0 days 02:13:50.999000,1,AllClear,2023,6,2023-05-28 15:13:50.999
0 days 02:13:52.358000,2,Yellow,2023,6,2023-05-28 15:13:52.358
0 days 02:14:27.670000,1,AllClear,2023,6,2023-05-28 15:14:27.670
0 days 02:14:34.107000,2,Yellow,2023,6,2023-05-28 15:14:34.107
0 days 02:15:46.465000,1,AllClear,2023,6,2023-05-28 15:15:46.465
0 days 02:15:49.637000,2,Yellow,2023,6,2023-05-28 15:15:49.637
0 days 02:15:54.371000,1,AllClear,2023,6,2023-05-28 15:15:54.371
0 days 02:19:08.462000,2,Yellow,2023,6,2023-05-28 15:19:08.462
0 days 02:19:24.555000,1,AllClear,2023,6,2023-05-28 15:19:24.555
0 days 02:20:09.367000,2,Yellow,2023,6,2023-05-28 15:20:09.367
0 days 02:20:22.585000,1,AllClear,2023,6,2023-05-28 15:20:22.585
0 days 02:22:10.974000,2,Yellow,2023,6,2023-05-28 15:22:10.974
0 days 02:22:48.864000,1,AllClear,2023,6,2023-05-28 15:22:48.864
0 days 02:24:31.143000,2,Yellow,2023,6,2023-05-28 15:24:31.143
0 days 02:24:43.940000,1,AllClear,2023,6,2023-05-28 15:24:43.940
0 days 02:37:00.864000,2,Yellow,2023,6,2023-05-28 15:37:00.864
0 days 02:37:31.864000,1,AllClear,2023,6,2023-05-28 15:37:31.864
0 days 00:00:00,1,AllClear,2023,7,2023-06-04 13:00:00.000
0 days 00:00:00,1,AllClear,2023,8,2023-06-18 18:00:00.000
0 days 00:20:20.945000,2,Yellow,2023,8,2023-06-18 18:20:20.945
0 days 00:21:55.974000,1,AllClear,2023,8,2023-06-18 18:21:55.974
0 days 00:24:40.940000,2,Yellow,2023,8,2023-06-18 18:24:40.940
0 days 00:24:49.143000,1,AllClear,2023,8,2023-06-18 18:24:49.143
0 days 01:10:47.938000,2,Yellow,2023,8,2023-06-18 19:10:47.938
0 days 01:11:28.125000,6,VSCDeployed,2023,8,2023-06-18 19:11:28.125
0 days 01:12:03.077000,7,VSCEnding,2023,8,2023-06-18 19:12:03.077
0 days 01:12:14.311000,1,AllClear,2023,8,2023-06-18 19:12:14.311
0 days 01:17:38.759000,2,Yellow,2023,8,2023-06-18 19:17:38.759
0 days 01:17:43.165000,1,AllClear,2023,8,2023-06-18 19:17:43.165
0 days 01:17:44.509000,4,SCDeployed,2023,8,2023-06-18 19:17:44.509
0 days 01:26:16.875000,1,AllClear,2023,8,2023-06-18 19:26:16.875
0 days 01:42:40.014000,2,Yellow,2023,8,2023-06-18 19:42:40.014
0 days 01:42:43.295000,1,AllClear,2023,8,2023-06-18 19:42:43.295
0 days 01:50:57.036000,2,Yellow,2023,8,2023-06-18 19:50:57.036
0 days 01:51:55.597000,1,AllClear,2023,8,2023-06-18 19:51:55.597
0 days 00:10:31.151000,1,AllClear,2023,9,2023-07-02 13:10:31.151
0 days 01:02:11.953000,2,Yellow,2023,9,2023-07-02 14:02:11.953
0 days 01:02:17.938000,1,AllClear,2023,9,2023-07-02 14:02:17.938
0 days 01:02:55.281000,4,SCDeployed,2023,9,2023-07-02 14:02:55.281
0 days 01:06:45.308000,1,AllClear,2023,9,2023-07-02 14:06:45.308
0 days 01:18:35.546000,2,Yellow,2023,9,2023-07-02 14:18:35.546
0 days 01:19:51.372000,6,VSCDeployed,2023,9,2023-07-02 14:19:51.372
0 days 01:21:58.635000,7,VSCEnding,2023,9,2023-07-02 14:21:58.635
0 days 01:22:10.620000,1,AllClear,2023,9,2023-07-02 14:22:10.620
0 days 00:11:02.039000,1,AllClear,2023,10,2023-07-09 14:11:02.039
0 days 01:51:46.307000,2,Yellow,2023,10,2023-07-09 15:51:46.307
0 days 01:51:52.838000,6,VSCDeployed,2023,10,2023-07-09 15:51:52.838
0 days 01:53:16.633000,4,SCDeployed,2023,10,2023-07-09 15:53:16.633
0 days 02:05:50.823000,1,AllClear,2023,10,2023-07-09 16:05:50.823
0 days 00:00:00,1,AllClear,2023,11,2023-07-23 13:00:00.000
0 days 01:02:19.824000,2,Yellow,2023,11,2023-07-23 14:02:19.824
0 days 01:02:28.793000,1,AllClear,2023,11,2023-07-23 14:02:28.793
0 days 02:37:37.432000,2,Yellow,2023,11,2023-07-23 15:37:37.432
0 days 02:37:44.791000,1,AllClear,2023,11,2023-07-23 15:37:44.791
0 days 00:00:00,2,Yellow,2023,12,2023-07-30 13:00:00.000
0 days 00:05:56.684000,1,AllClear,2023,12,2023-07-30 13:05:56.684
0 days 00:28:36.184000,2,Yellow,2023,12,2023-07-30 13:28:36.184
0 days 00:29:50.105000,1,AllClear,2023,12,2023-07-30 13:29:50.105
0 days 00:51:13.731000,2,Yellow,2023,12,2023-07-30 13:51:13.731
0 days 00:51:35.715000,1,AllClear,2023,12,2023-07-30 13:51:35.715
0 days 01:05:29.425000,2,Yellow,2023,12,2023-07-30 14:05:29.425
0 days 01:07:05.236000,1,AllClear,2023,12,2023-07-30 14:07:05.236
0 days 01:07:18.799000,2,Yellow,2023,12,2023-07-30 14:07:18.799
0 days 01:07:25.111000,1,AllClear,2023,12,2023-07-30 14:07:25.111
0 days 02:25:23.966000,2,Yellow,2023,12,2023-07-30 15:25:23.966
0 days 00:00:00,1,AllClear,2023,13,2023-08-27 13:00:00.000
0 days 00:20:00.958000,2,Yellow,2023,13,2023-08-27 13:20:00.958
0 days 00:20:03.458000,1,AllClear,2023,13,2023-08-27 13:20:03.458
0 days 00:20:21.176000,2,Yellow,2023,13,2023-08-27 13:20:21.176
0 days 00:20:32.692000,1,AllClear,2023,13,2023-08-27 13:20:32.692
0 days 01:24:24.561000,2,Yellow,2023,13,2023-08-27 14:24:24.561
0 days 01:25:04.107000,4,SCDeployed,2023,13,2023-08-27 14:25:04.107
0 days 01:35:18.487000,1,AllClear,2023,13,2023-08-27 14:35:18.487
0 days 02:28:22.821000,2,Yellow,2023,13,2023-08-27 15:28:22.821
0 days 02:28:30.133000,1,AllClear,2023,13,2023-08-27 15:28:30.133
0 days 02:29:10.289000,2,Yellow,2023,13,2023-08-27 15:29:10.289
0 days 02:29:28.507000,6,VSCDeployed,2023,13,2023-08-27 15:29:28.507
0 days 02:30:15.725000,5,Red,2023,13,2023-08-27 15:30:15.725
0 days 03:09:38.621000,1,AllClear,2023,13,2023-08-27 16:09:38.621
0 days 03:13:13.226000,4,SCDeployed,2023,13,2023-08-27 16:13:13.226
0 days 03:17:43.893000,1,AllClear,2023,13,2023-08-27 16:17:43.893
0 days 00:01:52.215000,1,AllClear,2023,14,2023-09-03 13:01:52.215
0 days 01:02:38.176000,2,Yellow,2023,14,2023-09-03 14:02:38.176
0 days 01:12:00.217000,1,AllClear,2023,14,2023-09-03 14:12:00.217
0 days 00:00:00,1,AllClear,2023,15,2023-09-17 12:00:00.000
0 days 01:04:20.881000,2,Yellow,2023,15,2023-09-17 13:04:20.881
0 days 01:04:26.069000,1,AllClear,2023,15,2023-09-17 13:04:26.069
0 days 01:04:37.490000,2,Yellow,2023,15,2023-09-17 13:04:37.490
0 days 01:04:55.006000,1,AllClear,2023,15,2023-09-17 13:04:55.006
0 days 01:34:03.392000,2,Yellow,2023,15,2023-09-17 13:34:03.392
0 days 01:34:23.252000,1,AllClear,2023,15,2023-09-17 13:34:23.252
0 days 01:35:40.282000,4,SCDeployed,2023,15,2023-09-17 13:35:40.282
0 days 01:41:49.293000,1,AllClear,2023,15,2023-09-17 13:41:49.293
0 days 02:16:10.019000,2,Yellow,2023,15,2023-09-17 14:16:10.019
0 days 02:17:05.534000,6,VSCDeployed,2023,15,2023-09-17 14:17:05.534
0 days 02:20:29.032000,7,VSCEnding,2023,15,2023-09-17 14:20:29.032
0 days 02:20:43.673000,1,AllClear,2023,15,2023-09-17 14:20:43.673
0 days 02:23:46.874000,2,Yellow,2023,15,2023-09-17 14:23:46.874
0 days 02:24:02.795000,1,AllClear,2023,15,2023-09-17 14:24:02.795
0 days 02:33:41.851000,2,Yellow,2023,15,2023-09-17 14:33:41.851
0 days 02:33:44.273000,1,AllClear,2023,15,2023-09-17 14:33:44.273
0 days 02:43:05.720000,2,Yellow,2023,15,2023-09-17 14:43:05.720
0 days 02:43:26.282000,1,AllClear,2023,15,2023-09-17 14:43:26.282
0 days 02:48:37.888000,2,Yellow,2023,15,2023-09-17 14:48:37.888
0 days 00:00:47.740000,1,AllClear,2023,16,2023-09-24 05:00:47.740
0 days 01:03:30.609000,2,Yellow,2023,16,2023-09-24 06:03:30.609
0 days 01:03:36.406000,1,AllClear,2023,16,2023-09-24 06:03:36.406
0 days 01:04:16.546000,4,SCDeployed,2023,16,2023-09-24 06:04:16.546
0 days 01:12:55.099000,1,AllClear,2023,16,2023-09-24 06:12:55.099
0 days 01:26:14.398000,2,Yellow,2023,16,2023-09-24 06:26:14.398
0 days 01:26:33.710000,1,AllClear,2023,16,2023-09-24 06:26:33.710
0 days 01:28:32.895000,6,VSCDeployed,2023,16,2023-09-24 06:28:32.895
0 days 01:29:34.785000,7,VSCEnding,2023,16,2023-09-24 06:29:34.785
0 days 01:29:49.738000,1,AllClear,2023,16,2023-09-24 06:29:49.738
0 days 02:37:07.447000,2,Yellow,2023,16,2023-09-24 07:37:07.447
0 days 02:37:32.635000,1,AllClear,2023,16,2023-09-24 07:37:32.635
0 days 00:11:33.566000,1,AllClear,2023,17,2023-10-08 17:11:33.566
0 days 01:02:48.255000,2,Yellow,2023,17,2023-10-08 18:02:48.255
0 days 01:03:42.880000,4,SCDeployed,2023,17,2023-10-08 18:03:42.880
0 days 01:11:23.546000,1,AllClear,2023,17,2023-10-08 18:11:23.546
0 days 01:54:35.955000,2,Yellow,2023,17,2023-10-08 18:54:35.955
0 days 01:54:38.877000,1,AllClear,2023,17,2023-10-08 18:54:38.877
0 days 02:06:29.759000,2,Yellow,2023,17,2023-10-08 19:06:29.759
0 days 02:06:32.791000,1,AllClear,2023,17,2023-10-08 19:06:32.791
0 days 00:00:00,1,AllClear,2023,18,2023-10-22 19:00:00.000
0 days 00:29:09.831000,2,Yellow,2023,18,2023-10-22 19:29:09.831
0 days 00:29:12.018000,1,AllClear,2023,18,2023-10-22 19:29:12.018
0 days 00:29:22.393000,2,Yellow,2023,18,2023-10-22 19:29:22.393
0 days 00:29:25.128000,1,AllClear,2023,18,2023-10-22 19:29:25.128
0 days 02:38:47.911000,2,Yellow,2023,18,2023-10-22 21:38:47.911
0 days 02:38:49.551000,1,AllClear,2023,18,2023-10-22 21:38:49.551
0 days 00:00:00,2,Yellow,2023,19,2023-10-29 20:00:00.000
0 days 00:07:53.470000,1,AllClear,2023,19,2023-10-29 20:07:53.470
0 days 00:21:05.410000,2,Yellow,2023,19,2023-10-29 20:21:05.410
0 days 00:35:24.238000,1,AllClear,2023,19,2023-10-29 20:35:24.238
0 days 01:02:36.381000,2,Yellow,2023,19,2023-10-29 21:02:36.381
0 days 01:02:47.162000,1,AllClear,2023,19,2023-10-29 21:02:47.162
0 days 01:08:04.985000,6,VSCDeployed,2023,19,2023-10-29 21:08:04.985
0 days 01:09:21.515000,7,VSCEnding,2023,19,2023-10-29 21:09:21.515
0 days 01:09:34.046000,1,AllClear,2023,19,2023-10-29 21:09:34.046
0 days 01:13:02.902000,2,Yellow,2023,19,2023-10-29 21:13:02.902
0 days 01:13:03.933000,1,AllClear,2023,19,2023-10-29 21:13:03.933
0 days 01:48:03.943000,2,Yellow,2023,19,2023-10-29 21:48:03.943
0 days 01:48:23.927000,4,SCDeployed,2023,19,2023-10-29 21:48:23.927
0 days 01:50:53.065000,5,Red,2023,19,2023-10-29 21:50:53.065
0 days 02:06:42.923000,1,AllClear,2023,19,2023-10-29 22:06:42.923
0 days 02:12:19.214000,4,SCDeployed,2023,19,2023-10-29 22:12:19.214
0 days 02:13:48.634000,1,AllClear,2023,19,2023-10-29 22:13:48.634
0 days 02:33:53.613000,2,Yellow,2023,19,2023-10-29 22:33:53.613
0 days 02:34:08.394000,1,AllClear,2023,19,2023-10-29 22:34:08.394
0 days 02:58:56.009000,2,Yellow,2023,19,2023-10-29 22:58:56.009
0 days 02:59:07.259000,1,AllClear,2023,19,2023-10-29 22:59:07.259
0 days 00:00:00,1,AllClear,2023,20,2023-11-05 17:00:00.000
0 days 01:00:00.637000,2,Yellow,2023,20,2023-11-05 18:00:00.637
0 days 01:00:13.856000,1,AllClear,2023,20,2023-11-05 18:00:13.856
0 days 01:00:14.200000,2,Yellow,2023,20,2023-11-05 18:00:14.200
0 days 01:00:46.199000,1,AllClear,2023,20,2023-11-05 18:00:46.199
0 days 01:01:00.340000,2,Yellow,2023,20,2023-11-05 18:01:00.340
0 days 01:01:15.230000,1,AllClear,2023,20,2023-11-05 18:01:15.230
0 days 01:02:32.198000,2,Yellow,2023,20,2023-11-05 18:02:32.198
0 days 01:02:50.182000,4,SCDeployed,2023,20,2023-11-05 18:02:50.182
0 days 01:05:35.568000,5,Red,2023,20,2023-11-05 18:05:35.568
0 days 01:26:51.553000,1,AllClear,2023,20,2023-11-05 18:26:51.553
0 days 00:00:00,1,AllClear,2023,21,2023-11-19 06:00:00.000
0 days 00:14:15.761000,2,Yellow,2023,21,2023-11-19 06:14:15.761
0 days 00:14:20.652000,1,AllClear,2023,21,2023-11-19 06:14:20.652
0 days 00:14:29.183000,2,Yellow,2023,21,2023-11-19 06:14:29.183
0 days 00:14:38.120000,1,AllClear,2023,21,2023-11-19 06:14:38.120
0 days 00:15:46.666000,6,VSCDeployed,2023,21,2023-11-19 06:15:46.666
0 days 00:17:43.867000,7,VSCEnding,2023,21,2023-11-19 06:17:43.867
0 days 00:17:55.538000,1,AllClear,2023,21,2023-11-19 06:17:55.538
0 days 00:19:15.771000,2,Yellow,2023,21,2023-11-19 06:19:15.771
0 days 00:19:24.896000,4,SCDeployed,2023,21,2023-11-19 06:19:24.896
0 days 00:27:55.262000,1,AllClear,2023,21,2023-11-19 06:27:55.262
0 days 00:40:55.530000,2,Yellow,2023,21,2023-11-19 06:40:55.530
0 days 00:40:56.670000,1,AllClear,2023,21,2023-11-19 06:40:56.670
0 days 00:50:52.519000,2,Yellow,2023,21,2023-11-19 06:50:52.519
0 days 00:50:54.691000,1,AllClear,2023,21,2023-11-19 06:50:54.691
0 days 01:01:22.070000,4,SCDeployed,2023,21,2023-11-19 07:01:22.070
0 days 01:07:14.721000,1,AllClear,2023,21,2023-11-19 07:07:14.721
0 days 01:26:32.481000,2,Yellow,2023,21,2023-11-19 07:26:32.481
0 days 01:26:34.184000,1,AllClear,2023,21,2023-11-19 07:26:34.184
0 days 01:37:12.986000,2,Yellow,2023,21,2023-11-19 07:37:12.986
0 days 01:37:20.361000,1,AllClear,2023,21,2023-11-19 07:37:20.361
0 days 01:39:39.077000,2,Yellow,2023,21,2023-11-19 07:39:39.077
0 days 01:39:48.061000,1,AllClear,2023,21,2023-11-19 07:39:48.061
0 days 01:44:40.681000,2,Yellow,2023,21,2023-11-19 07:44:40.681
0 days 00:13:17.860000,1,AllClear,2023,22,2023-11-26 13:13:17.860
0 days 00:22:34.031000,2,Yellow,2023,22,2023-11-26 13:22:34.031
0 days 00:22:36.594000,1,AllClear,2023,22,2023-11-26 13:22:36.594
0 days 00:10:06.010000,1,AllClear,2024,1,2024-03-02 15:10:06.010
0 days 01:00:16.400000,2,Yellow,2024,1,2024-03-02 16:00:16.400
0 days 01:00:20.890000,1,AllClear,2024,1,2024-03-02 16:00:20.890
0 days 01:00:46.461000,2,Yellow,2024,1,2024-03-02 16:00:46.461
0 days 01:00:53.481000,1,AllClear,2024,1,2024-03-02 16:00:53.481
0 days 01:15:24.819000,2,Yellow,2024,1,2024-03-02 16:15:24.819
0 days 01:16:15.962000,1,AllClear,2024,1,2024-03-02 16:16:15.962
0 days 00:00:00,2,Yellow,2024,2,2024-03-09 17:00:00.000
0 days 00:08:45.692000,1,AllClear,2024,2,2024-03-09 17:08:45.692
0 days 01:09:15.917000,2,Yellow,2024,2,2024-03-09 18:09:15.917
0 days 01:09:49.924000,4,SCDeployed,2024,2,2024-03-09 18:09:49.924
0 days 01:16:35.527000,1,AllClear,2024,2,2024-03-09 18:16:35.527
0 days 00:00:00,1,AllClear,2024,3,2024-03-24 04:00:00.000
0 days 00:00:13.560000,2,Yellow,2024,3,2024-03-24 04:00:13.560
0 days 00:05:52.010000,1,AllClear,2024,3,2024-03-24 04:05:52.010
0 days 01:21:24.717000,2,Yellow,2024,3,2024-03-24 05:21:24.717
0 days 01:21:41.517000,6,VSCDeployed,2024,3,2024-03-24 05:21:41.517
0 days 01:22:45.787000,7,VSCEnding,2024,3,2024-03-24 05:22:45.787
0 days 01:23:00.690000,1,AllClear,2024,3,2024-03-24 05:23:00.690
0 days 02:17:08.699000,2,Yellow,2024,3,2024-03-24 06:17:08.699
0 days 02:17:19.578000,6,VSCDeployed,2024,3,2024-03-24 06:17:19.578
0 days 00:02:10.211000,1,AllClear,2024,4,2024-04-07 05:02:10.211
0 days 01:03:04.009000,2,Yellow,2024,4,2024-04-07 06:03:04.009
0 days 01:03:23.324000,5,Red,2024,4,2024-04-07 06:03:23.324
0 days 01:21:29.956000,1,AllClear,2024,4,2024-04-07 06:21:29.956
0 days 02:38:44.466000,2,Yellow,2024,4,2024-04-07 07:38:44.466
0 days 02:39:26.728000,1,AllClear,2024,4,2024-04-07 07:39:26.728
0 days 00:00:00,2,Yellow,2024,5,2024-04-21 07:00:00.000
0 days 00:03:43.861000,1,AllClear,2024,5,2024-04-21 07:03:43.861
0 days 01:29:21.060000,2,Yellow,2024,5,2024-04-21 08:29:21.060
0 days 01:30:57.310000,6,VSCDeployed,2024,5,2024-04-21 08:30:57.310
0 days 01:35:02.945000,4,SCDeployed,2024,5,2024-04-21 08:35:02.945
0 days 01:42:46.489000,1,AllClear,2024,5,2024-04-21 08:42:46.489
0 days 01:44:08.986000,2,Yellow,2024,5,2024-04-21 08:44:08.986
0 days 01:44:43.584000,4,SCDeployed,2024,5,2024-04-21 08:44:43.584
0 days 01:54:29.620000,1,AllClear,2024,5,2024-04-21 08:54:29.620
0 days 00:00:00,1,AllClear,2024,6,2024-05-05 20:00:00.000
0 days 01:30:16.624000,6,VSCDeployed,2024,6,2024-05-05 21:30:16.624
0 days 01:30:57.133000,7,VSCEnding,2024,6,2024-05-05 21:30:57.133
0 days 01:31:08.221000,1,AllClear,2024,6,2024-05-05 21:31:08.221
0 days 01:38:59.677000,2,Yellow,2024,6,2024-05-05 21:38:59.677
0 days 01:39:25.207000,4,SCDeployed,2024,6,2024-05-05 21:39:25.207
0 days 01:48:20.615000,1,AllClear,2024,6,2024-05-05 21:48:20.615
0 days 00:14:54.798000,1,AllClear,2024,7,2024-05-19 13:14:54.798
0 days 00:25:18.219000,2,Yellow,2024,7,2024-05-19 13:25:18.219
0 days 00:25:20.767000,1,AllClear,2024,7,2024-05-19 13:25:20.767
0 days 00:25:24.863000,2,Yellow,2024,7,2024-05-19 13:25:24.863
0 days 00:25:28.047000,1,AllClear,2024,7,2024-05-19 13:25:28.047
0 days 00:26:02.940000,2,Yellow,2024,7,2024-05-19 13:26:02.940
0 days 00:26:05.527000,1,AllClear,2024,7,2024-05-19 13:26:05.527
0 days 00:00:48.957000,1,AllClear,2024,8,2024-05-26 13:00:48.957
0 days 00:23:00.042000,2,Yellow,2024,8,2024-05-26 13:23:00.042
0 days 00:23:28.942000,1,AllClear,2024,8,2024-05-26 13:23:28.942
0 days 00:34:01.046000,2,Yellow,2024,8,2024-05-26 13:34:01.046
0 days 00:34:55.313000,1,AllClear,2024,8,2024-05-26 13:34:55.313
0 days 00:55:30.229000,2,Yellow,2024,8,2024-05-26 13:55:30.229
0 days 00:56:02.453000,5,Red,2024,8,2024-05-26 13:56:02.453
0 days 01:27:38.765000,1,AllClear,2024,8,2024-05-26 14:27:38.765
0 days 01:28:21.354000,2,Yellow,2024,8,2024-05-26 14:28:21.354
0 days 01:28:46.158000,1,AllClear,2024,8,2024-05-26 14:28:46.158
0 days 01:30:17.702000,2,Yellow,2024,8,2024-05-26 14:30:17.702
0 days 01:31:21.633000,1,AllClear,2024,8,2024-05-26 14:31:21.633
0 days 01:35:56.551000,4,SCDeployed,2024,8,2024-05-26 14:35:56.551
0 days 01:37:45.833000,1,AllClear,2024,8,2024-05-26 14:37:45.833
0 days 02:45:26.441000,2,Yellow,2024,8,2024-05-26 15:45:26.441
0 days 02:45:31.016000,1,AllClear,2024,8,2024-05-26 15:45:31.016
0 days 00:00:00,1,AllClear,2024,9,2024-06-09 18:00:00.000
0 days 00:04:30.268000,2,Yellow,2024,9,2024-06-09 18:04:30.268
0 days 00:04:32.269000,1,AllClear,2024,9,2024-06-09 18:04:32.269
0 days 00:13:19.675000,2,Yellow,2024,9,2024-06-09 18:13:19.675
0 days 00:13:40.888000,1,AllClear,2024,9,2024-06-09 18:13:40.888
0 days 00:40:35.477000,2,Yellow,2024,9,2024-06-09 18:40:35.477
0 days 00:41:20.356000,4,SCDeployed,2024,9,2024-06-09 18:41:20.356
0 days 00:49:59.274000,1,AllClear,2024,9,2024-06-09 18:49:59.274
0 days 00:50:05.548000,2,Yellow,2024,9,2024-06-09 18:50:05.548
0 days 00:50:14.904000,1,AllClear,2024,9,2024-06-09 18:50:14.904
0 days 01:07:31.649000,2,Yellow,2024,9,2024-06-09 19:07:31.649
0 days 01:07:35.151000,1,AllClear,2024,9,2024-06-09 19:07:35.151
0 days 01:18:38.469000,2,Yellow,2024,9,2024-06-09 19:18:38.469
0 days 01:18:41.982000,1,AllClear,2024,9,2024-06-09 19:18:41.982
0 days 01:23:05.534000,2,Yellow,2024,9,2024-06-09 19:23:05.534
0 days 01:23:12.173000,1,AllClear,2024,9,2024-06-09 19:23:12.173
0 days 01:24:23.842000,2,Yellow,2024,9,2024-06-09 19:24:23.842
0 days 01:24:53.375000,4,SCDeployed,2024,9,2024-06-09 19:24:53.375
0 days 01:34:00.072000,1,AllClear,2024,9,2024-06-09 19:34:00.072
0 days 01:44:40.368000,2,Yellow,2024,9,2024-06-09 19:44:40.368
0 days 01:45:04.574000,1,AllClear,2024,9,2024-06-09 19:45:04.574
0 days 00:00:00,2,Yellow,2024,10,2024-06-23 13:00:00.000
0 days 00:10:00.895000,1,AllClear,2024,10,2024-06-23 13:10:00.895
0 days 00:09:41.493000,1,AllClear,2024,11,2024-06-30 13:09:41.493
0 days 02:10:27.621000,2,Yellow,2024,11,2024-06-30 15:10:27.621
0 days 02:10:31.114000,1,AllClear,2024,11,2024-06-30 15:10:31.114
0 days 02:12:52.483000,6,VSCDeployed,2024,11,2024-06-30 15:12:52.483
0 days 02:13:38.250000,7,VSCEnding,2024,11,2024-06-30 15:13:38.250
0 days 02:13:50.429000,1,AllClear,2024,11,2024-06-30 15:13:50.429
0 days 00:06:27.196000,1,AllClear,2024,12,2024-07-07 14:06:27.196
0 days 00:06:31.179000,1,AllClear,2024,13,2024-07-21 13:06:31.179
0 days 02:22:30.594000,2,Yellow,2024,13,2024-07-21 15:22:30.594
0 days 02:22:34.774000,1,AllClear,2024,13,2024-07-21 15:22:34.774
0 days 00:00:00,2,Yellow,2024,14,2024-07-28 13:00:00.000
0 days 00:03:45.413000,1,AllClear,2024,14,2024-07-28 13:03:45.413
0 days 01:22:18.736000,2,Yellow,2024,14,2024-07-28 14:22:18.736
0 days 01:22:20.200000,1,AllClear,2024,14,2024-07-28 14:22:20.200
0 days 00:00:00,1,AllClear,2024,15,2024-08-25 13:00:00.000
0 days 00:14:41.553000,2,Yellow,2024,15,2024-08-25 13:14:41.553
0 days 00:24:08.672000,1,AllClear,2024,15,2024-08-25 13:24:08.672
0 days 00:13:12.826000,1,AllClear,2024,16,2024-09-01 13:13:12.826
0 days 00:13:39.841000,1,AllClear,2024,17,2024-09-15 11:13:39.841
0 days 00:13:39.841000,2,Yellow,2024,17,2024-09-15 11:13:39.841
0 days 00:13:39.841000,1,AllClear,2024,17,2024-09-15 11:13:39.841
0 days 00:13:39.841000,2,Yellow,2024,17,2024-09-15 11:13:39.841
0 days 00:13:39.841000,2,Yellow,2024,17,2024-09-15 11:13:39.841
0 days 00:13:39.841000,1,AllClear,2024,17,2024-09-15 11:13:39.841
0 days 00:13:39.841000,2,Yellow,2024,17,2024-09-15 11:13:39.841
0 days 00:13:39.841000,1,AllClear,2024,17,2024-09-15 11:13:39.841
0 days 00:19:07.406000,2,Yellow,2024,17,2024-09-15 11:19:07.406
0 days 00:19:13.571000,1,AllClear,2024,17,2024-09-15 11:19:13.571
0 days 00:27:07.476000,2,Yellow,2024,17,2024-09-15 11:27:07.476
0 days 00:27:11.287000,1,AllClear,2024,17,2024-09-15 11:27:11.287
0 days 00:27:15.331000,2,Yellow,2024,17,2024-09-15 11:27:15.331
0 days 00:27:19.546000,1,AllClear,2024,17,2024-09-15 11:27:19.546
0 days 00:54:14.046000,2,Yellow,2024,17,2024-09-15 11:54:14.046
0 days 00:54:16.527000,1,AllClear,2024,17,2024-09-15 11:54:16.527
0 days 02:01:09.639000,2,Yellow,2024,17,2024-09-15 13:01:09.639
0 days 02:01:14.191000,1,AllClear,2024,17,2024-09-15 13:01:14.191
0 days 02:25:25.496000,2,Yellow,2024,17,2024-09-15 13:25:25.496
0 days 02:26:42.569000,6,VSCDeployed,2024,17,2024-09-15 13:26:42.569
0 days 00:00:00,2,Yellow,2024,18,2024-09-22 12:00:00.000
0 days 00:00:03.251000,1,AllClear,2024,18,2024-09-22 12:00:03.251
0 days 00:00:09.253000,2,Yellow,2024,18,2024-09-22 12:00:09.253
0 days 00:00:25.453000,1,AllClear,2024,18,2024-09-22 12:00:25.453
0 days 00:00:00,2,Yellow,2024,19,2024-10-20 19:00:00.000
0 days 00:08:58.393000,1,AllClear,2024,19,2024-10-20 19:08:58.393
0 days 00:57:27.032000,2,Yellow,2024,19,2024-10-20 19:57:27.032
0 days 00:57:38.513000,1,AllClear,2024,19,2024-10-20 19:57:38.513
0 days 01:00:35.112000,2,Yellow,2024,19,2024-10-20 20:00:35.112
0 days 01:01:28.409000,4,SCDeployed,2024,19,2024-10-20 20:01:28.409
0 days 01:07:40.524000,1,AllClear,2024,19,2024-10-20 20:07:40.524
0 days 01:15:02.847000,2,Yellow,2024,19,2024-10-20 20:15:02.847
0 days 01:15:07.470000,1,AllClear,2024,19,2024-10-20 20:15:07.470
0 days 02:07:29.886000,2,Yellow,2024,19,2024-10-20 21:07:29.886
0 days 02:07:38.510000,1,AllClear,2024,19,2024-10-20 21:07:38.510
0 days 00:00:00,2,Yellow,2024,20,2024-10-27 20:00:00.000
0 days 00:00:22.917000,1,AllClear,2024,20,2024-10-27 20:00:22.917
0 days 00:23:31.553000,2,Yellow,2024,20,2024-10-27 20:23:31.553
0 days 00:39:27.571000,1,AllClear,2024,20,2024-10-27 20:39:27.571
0 days 00:56:20.860000,2,Yellow,2024,20,2024-10-27 20:56:20.860
0 days 00:56:58.362000,4,SCDeployed,2024,20,2024-10-27 20:56:58.362
0 days 01:08:29.689000,1,AllClear,2024,20,2024-10-27 21:08:29.689
0 days 00:00:00,1,AllClear,2024,21,2024-11-03 15:30:00.000
0 days 00:52:58.758000,2,Yellow,2024,21,2024-11-03 16:22:58.758
0 days 00:58:32.359000,1,AllClear,2024,21,2024-11-03 16:28:32.359
0 days 01:13:10.258000,2,Yellow,2024,21,2024-11-03 16:43:10.258
0 days 01:13:19.484000,1,AllClear,2024,21,2024-11-03 16:43:19.484
0 days 01:17:25.352000,2,Yellow,2024,21,2024-11-03 16:47:25.352
0 days 01:17:28.803000,1,AllClear,2024,21,2024-11-03 16:47:28.803
0 days 01:27:37.971000,2,Yellow,2024,21,2024-11-03 16:57:37.971
0 days 01:27:48.625000,1,AllClear,2024,21,2024-11-03 16:57:48.625
0 days 01:47:45.888000,2,Yellow,2024,21,2024-11-03 17:17:45.888
0 days 01:47:49.810000,1,AllClear,2024,21,2024-11-03 17:17:49.810
0 days 01:49:38.987000,2,Yellow,2024,21,2024-11-03 17:19:38.987
0 days 01:50:18.848000,6,VSCDeployed,2024,21,2024-11-03 17:20:18.848
0 days 01:51:47.994000,7,VSCEnding,2024,21,2024-11-03 17:21:47.994
0 days 01:52:01.710000,1,AllClear,2024,21,2024-11-03 17:22:01.710
0 days 01:54:50.200000,4,SCDeployed,2024,21,2024-11-03 17:24:50.200
0 days 01:59:19.333000,5,Red,2024,21,2024-11-03 17:29:19.333
0 days 02:23:12.325000,1,AllClear,2024,21,2024-11-03 17:53:12.325
0 days 02:26:20.605000,2,Yellow,2024,21,2024-11-03 17:56:20.605
0 days 02:26:38.296000,1,AllClear,2024,21,2024-11-03 17:56:38.296
0 days 02:30:40.572000,2,Yellow,2024,21,2024-11-03 18:00:40.572
0 days 02:30:58.358000,1,AllClear,2024,21,2024-11-03 18:00:58.358
0 days 02:32:55.981000,2,Yellow,2024,21,2024-11-03 18:02:55.981
0 days 02:33:04.122000,1,AllClear,2024,21,2024-11-03 18:03:04.122
0 days 02:35:08.379000,2,Yellow,2024,21,2024-11-03 18:05:08.379
0 days 02:35:12.045000,4,SCDeployed,2024,21,2024-11-03 18:05:12.045
0 days 02:41:26.301000,1,AllClear,2024,21,2024-11-03 18:11:26.301
0 days 02:43:14.900000,2,Yellow,2024,21,2024-11-03 18:13:14.900
0 days 02:43:36.771000,1,AllClear,2024,21,2024-11-03 18:13:36.771
0 days 02:54:27.095000,2,Yellow,2024,21,2024-11-03 18:24:27.095
0 days 02:54:32.696000,1,AllClear,2024,21,2024-11-03 18:24:32.696
0 days 00:00:00,2,Yellow,2024,22,2024-11-24 06:00:00.000
0 days 00:04:43.802000,1,AllClear,2024,22,2024-11-24 06:04:43.802
0 days 02:22:12.269000,2,Yellow,2024,22,2024-11-24 08:22:12.269
0 days 00:05:37.763000,1,AllClear,2024,23,2024-12-01 16:05:37.763
0 days 00:55:07.112000,2,Yellow,2024,23,2024-12-01 16:55:07.112
0 days 00:55:49.928000,4,SCDeployed,2024,23,2024-12-01 16:55:49.928
0 days 01:03:27.530000,1,AllClear,2024,23,2024-12-01 17:03:27.530
0 days 01:04:12.481000,2,Yellow,2024,23,2024-12-01 17:04:12.481
0 days 01:04:19.563000,1,AllClear,2024,23,2024-12-01 17:04:19.563
0 days 01:39:34.892000,2,Yellow,2024,23,2024-12-01 17:39:34.892
0 days 01:39:41.487000,1,AllClear,2024,23,2024-12-01 17:39:41.487
0 days 01:39:42.909000,2,Yellow,2024,23,2024-12-01 17:39:42.909
0 days 01:39:45.014000,1,AllClear,2024,23,2024-12-01 17:39:45.014
0 days 01:39:46.486000,2,Yellow,2024,23,2024-12-01 17:39:46.486
0 days 01:39:49.144000,1,AllClear,2024,23,2024-12-01 17:39:49.144
0 days 01:39:50.486000,2,Yellow,2024,23,2024-12-01 17:39:50.486
0 days 01:39:53.420000,1,AllClear,2024,23,2024-12-01 17:39:53.420
0 days 01:39:54.499000,2,Yellow,2024,23,2024-12-01 17:39:54.499
0 days 01:39:54.956000,1,AllClear,2024,23,2024-12-01 17:39:54.956
0 days 01:47:48.919000,4,SCDeployed,2024,23,2024-12-01 17:47:48.919
0 days 01:58:24.733000,1,AllClear,2024,23,2024-12-01 17:58:24.733
0 days 01:59:16.110000,2,Yellow,2024,23,2024-12-01 17:59:16.110
0 days 01:59:20.165000,1,AllClear,2024,23,2024-12-01 17:59:20.165
0 days 01:59:26.820000,2,Yellow,2024,23,2024-12-01 17:59:26.820
0 days 01:59:41.027000,6,VSCDeployed,2024,23,2024-12-01 17:59:41.027
0 days 02:00:00.846000,4,SCDeployed,2024,23,2024-12-01 18:00:00.846
0 days 02:04:44.681000,1,AllClear,2024,23,2024-12-01 18:04:44.681
0 days 00:00:00,1,AllClear,2024,24,2024-12-08 13:00:00.000
0 days 00:57:38.172000,2,Yellow,2024,24,2024-12-08 13:57:38.172
0 days 00:57:43.506000,1,AllClear,2024,24,2024-12-08 13:57:43.506
0 days 00:58:28.274000,2,Yellow,2024,24,2024-12-08 13:58:28.274
0 days 00:59:06.540000,6,VSCDeployed,2024,24,2024-12-08 13:59:06.540
0 days 01:00:53.361000,7,VSCEnding,2024,24,2024-12-08 14:00:53.361
0 days 01:01:03.708000,1,AllClear,2024,24,2024-12-08 14:01:03.708
0 days 01:42:34.999000,2,Yellow,2024,24,2024-12-08 14:42:34.999
0 days 01:42:38.500000,1,AllClear,2024,24,2024-12-08 14:42:38.500
0 days 01:42:39.958000,2,Yellow,2024,24,2024-12-08 14:42:39.958
0 days 01:42:46.076000,1,AllClear,2024,24,2024-12-08 14:42:46.076
0 days 02:22:08.652000,2,Yellow,2024,24,2024-12-08 15:22:08.652
0 days 02:22:34.092000,1,AllClear,2024,24,2024-12-08 15:22:34.092
0 days 00:00:24.491000,1,AllClear,2025,1,2025-03-16 04:00:24.491
0 days 00:17:40.825000,2,Yellow,2025,1,2025-03-16 04:17:40.825
0 days 00:17:45.814000,1,AllClear,2025,1,2025-03-16 04:17:45.814
0 days 00:34:20.843000,2,Yellow,2025,1,2025-03-16 04:34:20.843
0 days 00:35:54.306000,1,AllClear,2025,1,2025-03-16 04:35:54.306
0 days 00:41:37.243000,2,Yellow,2025,1,2025-03-16 04:41:37.243
0 days 00:42:24.684000,1,AllClear,2025,1,2025-03-16 04:42:24.684
0 days 00:53:36.416000,2,Yellow,2025,1,2025-03-16 04:53:36.416
0 days 00:57:54.535000,1,AllClear,2025,1,2025-03-16 04:57:54.535
0 days 01:12:05.120000,2,Yellow,2025,1,2025-03-16 05:12:05.120
0 days 01:12:08.954000,4,SCDeployed,2025,1,2025-03-16 05:12:08.954
0 days 01:27:50.163000,1,AllClear,2025,1,2025-03-16 05:27:50.163
0 days 02:07:26.655000,2,Yellow,2025,1,2025-03-16 06:07:26.655
0 days 02:07:47.268000,4,SCDeployed,2025,1,2025-03-16 06:07:47.268
0 days 02:25:02.727000,1,AllClear,2025,1,2025-03-16 06:25:02.727
0 days 02:29:25.516000,2,Yellow,2025,1,2025-03-16 06:29:25.516
0 days 02:30:51.142000,1,AllClear,2025,1,2025-03-16 06:30:51.142
0 days 02:33:14.868000,2,Yellow,2025,1,2025-03-16 06:33:14.868
0 days 02:33:43.734000,4,SCDeployed,2025,1,2025-03-16 06:33:43.734
0 days 02:43:55.069000,1,AllClear,2025,1,2025-03-16 06:43:55.069
0 days 00:00:00,2,Yellow,2025,2,2025-03-23 07:00:00.000
0 days 00:04:24.487000,1,AllClear,2025,2,2025-03-23 07:04:24.487
0 days 00:28:03.697000,2,Yellow,2025,2,2025-03-23 07:28:03.697
0 days 00:30:23.766000,1,AllClear,2025,2,2025-03-23 07:30:23.766
0 days 00:59:54.203000,2,Yellow,2025,2,2025-03-23 07:59:54.203
0 days 01:00:06.116000,1,AllClear,2025,2,2025-03-23 08:00:06.116
0 days 01:00:07.114000,2,Yellow,2025,2,2025-03-23 08:00:07.114
0 days 01:00:10.638000,1,AllClear,2025,2,2025-03-23 08:00:10.638
0 days 01:00:13.330000,2,Yellow,2025,2,2025-03-23 08:00:13.330
0 days 01:00:15.411000,1,AllClear,2025,2,2025-03-23 08:00:15.411
0 days 01:02:24.512000,2,Yellow,2025,2,2025-03-23 08:02:24.512
0 days 01:02:50.712000,1,AllClear,2025,2,2025-03-23 08:02:50.712
0 days 01:08:27.286000,2,Yellow,2025,2,2025-03-23 08:08:27.286
0 days 01:08:33.507000,1,AllClear,2025,2,2025-03-23 08:08:33.507
0 days 00:00:00,1,AllClear,2025,3,2025-04-06 05:00:00.000
0 days 00:00:00,1,AllClear,2025,4,2025-04-13 15:00:00.000
0 days 01:47:55.160000,4,SCDeployed,2025,4,2025-04-13 16:47:55.160
0 days 01:55:40.811000,1,AllClear,2025,4,2025-04-13 16:55:40.811
0 days 00:00:08.569000,1,AllClear,2025,5,2025-04-20 17:00:08.569
0 days 00:57:26.539000,2,Yellow,2025,5,2025-04-20 17:57:26.539
0 days 00:58:03.483000,4,SCDeployed,2025,5,2025-04-20 17:58:03.483
0 days 01:04:07.987000,1,AllClear,2025,5,2025-04-20 18:04:07.987
0 days 00:00:00,2,Yellow,2025,6,2025-05-04 20:00:00.000
0 days 00:09:31.034000,1,AllClear,2025,6,2025-05-04 20:09:31.034
0 days 00:24:39.950000,2,Yellow,2025,6,2025-05-04 20:24:39.950
0 days 00:25:20.127000,1,AllClear,2025,6,2025-05-04 20:25:20.127
0 days 00:25:23.138000,2,Yellow,2025,6,2025-05-04 20:25:23.138
0 days 00:38:24.940000,1,AllClear,2025,6,2025-05-04 20:38:24.940
0 days 00:57:29.271000,2,Yellow,2025,6,2025-05-04 20:57:29.271
0 days 00:57:36.935000,1,AllClear,2025,6,2025-05-04 20:57:36.935
0 days 00:57:41.471000,2,Yellow,2025,6,2025-05-04 20:57:41.471
0 days 00:57:46.655000,1,AllClear,2025,6,2025-05-04 20:57:46.655
0 days 00:57:58.833000,2,Yellow,2025,6,2025-05-04 20:57:58.833
0 days 00:58:44.838000,1,AllClear,2025,6,2025-05-04 20:58:44.838
0 days 00:59:33.272000,2,Yellow,2025,6,2025-05-04 20:59:33.272
0 days 00:59:36.613000,6,VSCDeployed,2025,6,2025-05-04 20:59:36.613
0 days 01:02:28.176000,7,VSCEnding,2025,6,2025-05-04 21:02:28.176
0 days 01:02:41.221000,1,AllClear,2025,6,2025-05-04 21:02:41.221
0 days 01:41:38.098000,6,VSCDeployed,2025,6,2025-05-04 21:41:38.098
0 days 01:43:44.835000,7,VSCEnding,2025,6,2025-05-04 21:43:44.835
0 days 01:43:58.162000,1,AllClear,2025,6,2025-05-04 21:43:58.162
0 days 01:48:41.954000,6,VSCDeployed,2025,6,2025-05-04 21:48:41.954
0 days 01:50:04.478000,7,VSCEnding,2025,6,2025-05-04 21:50:04.478
0 days 01:50:16.929000,1,AllClear,2025,6,2025-05-04 21:50:16.929
0 days 00:00:00,1,AllClear,2025,7,2025-05-18 13:00:00.000
0 days 01:34:37.627000,2,Yellow,2025,7,2025-05-18 14:34:37.627
0 days 01:35:00.471000,6,VSCDeployed,2025,7,2025-05-18 14:35:00.471
0 days 01:38:28.757000,7,VSCEnding,2025,7,2025-05-18 14:38:28.757
0 days 01:38:40.212000,1,AllClear,2025,7,2025-05-18 14:38:40.212
0 days 01:58:33.346000,2,Yellow,2025,7,2025-05-18 14:58:33.346
0 days 01:58:52.940000,4,SCDeployed,2025,7,2025-05-18 14:58:52.940
0 days 02:14:08.275000,1,AllClear,2025,7,2025-05-18 15:14:08.275
0 days 00:00:00,1,AllClear,2025,8,2025-05-25 13:00:00.000
0 days 00:24:26.032000,2,Yellow,2025,8,2025-05-25 13:24:26.032
0 days 00:24:35.108000,1,AllClear,2025,8,2025-05-25 13:24:35.108
0 days 00:57:00.403000,2,Yellow,2025,8,2025-05-25 13:57:00.403
0 days 00:57:18.050000,1,AllClear,2025,8,2025-05-25 13:57:18.050
0 days 00:57:42.459000,6,VSCDeployed,2025,8,2025-05-25 13:57:42.459
0 days 01:02:14.891000,7,VSCEnding,2025,8,2025-05-25 14:02:14.891
0 days 01:02:27.658000,1,AllClear,2025,8,2025-05-25 14:02:27.658
0 days 01:07:55.851000,2,Yellow,2025,8,2025-05-25 14:07:55.851
0 days 01:11:38.677000,1,AllClear,2025,8,2025-05-25 14:11:38.677
0 days 01:45:54.608000,2,Yellow,2025,8,2025-05-25 14:45:54.608
0 days 01:46:01.311000,1,AllClear,2025,8,2025-05-25 14:46:01.311
0 days 00:00:00,2,Yellow,2025,9,2025-06-01 13:00:00.000
0 days 00:04:23.616000,1,AllClear,2025,9,2025-06-01 13:04:23.616
0 days 00:04:37.623000,2,Yellow,2025,9,2025-06-01 13:04:37.623
0 days 00:04:41.932000,1,AllClear,2025,9,2025-06-01 13:04:41.932
0 days 00:06:57.821000,2,Yellow,2025,9,2025-06-01 13:06:57.821
0 days 00:07:38.850000,1,AllClear,2025,9,2025-06-01 13:07:38.850
0 days 00:09:50.327000,2,Yellow,2025,9,2025-06-01 13:09:50.327
0 days 00:11:52.805000,1,AllClear,2025,9,2025-06-01 13:11:52.805
0 days 02:12:42.315000,2,Yellow,2025,9,2025-06-01 15:12:42.315
0 days 02:12:57.105000,4,SCDeployed,2025,9,2025-06-01 15:12:57.105
0 days 02:24:17.036000,1,AllClear,2025,9,2025-06-01 15:24:17.036
0 days 00:00:00,1,AllClear,2025,10,2025-06-15 18:00:00.000
0 days 00:06:28.909000,2,Yellow,2025,10,2025-06-15 18:06:28.909
0 days 00:06:29.909000,1,AllClear,2025,10,2025-06-15 18:06:29.909
0 days 00:06:31.394000,2,Yellow,2025,10,2025-06-15 18:06:31.394
0 days 00:06:32.909000,1,AllClear,2025,10,2025-06-15 18:06:32.909
0 days 01:59:18.892000,2,Yellow,2025,10,2025-06-15 19:59:18.892
0 days 01:59:36.095000,1,AllClear,2025,10,2025-06-15 19:59:36.095
0 days 02:21:59.600000,2,Yellow,2025,10,2025-06-15 20:21:59.600
0 days 02:22:27.115000,4,SCDeployed,2025,10,2025-06-15 20:22:27.115
0 days 02:34:39.834000,1,AllClear,2025,10,2025-06-15 20:34:39.834
0 days 00:00:00,1,AllClear,2025,11,2025-06-29 13:00:00.000
0 days 00:13:32.755000,2,Yellow,2025,11,2025-06-29 13:13:32.755
0 days 00:13:42.942000,1,AllClear,2025,11,2025-06-29 13:13:42.942
0 days 00:13:45.567000,2,Yellow,2025,11,2025-06-29 13:13:45.567
0 days 00:13:52.255000,1,AllClear,2025,11,2025-06-29 13:13:52.255
0 days 00:54:37.953000,2,Yellow,2025,11,2025-06-29 13:54:37.953
0 days 00:54:48.254000,1,AllClear,2025,11,2025-06-29 13:54:48.254
0 days 01:11:36.126000,2,Yellow,2025,11,2025-06-29 14:11:36.126
0 days 01:12:02.849000,4,SCDeployed,2025,11,2025-06-29 14:12:02.849
0 days 01:16:09.488000,1,AllClear,2025,11,2025-06-29 14:16:09.488
0 days 01:48:29.248000,2,Yellow,2025,11,2025-06-29 14:48:29.248
0 days 01:48:32.967000,1,AllClear,2025,11,2025-06-29 14:48:32.967
0 days 02:38:22.527000,2,Yellow,2025,11,2025-06-29 15:38:22.527
0 days 02:41:19.506000,1,AllClear,2025,11,2025-06-29 15:41:19.506
0 days 00:00:00,2,Yellow,2025,12,2025-07-06 14:00:00.000
0 days 00:06:30.062000,1,AllClear,2025,12,2025-07-06 14:06:30.062
0 days 00:23:42.510000,2,Yellow,2025,12,2025-07-06 14:23:42.510
0 days 00:43:10.428000,1,AllClear,2025,12,2025-07-06 14:43:10.428
0 days 00:56:42.108000,2,Yellow,2025,12,2025-07-06 14:56:42.108
0 days 00:56:58.107000,1,AllClear,2025,12,2025-07-06 14:56:58.107
0 days 00:57:02.700000,2,Yellow,2025,12,2025-07-06 14:57:02.700
0 days 00:58:07.014000,6,VSCDeployed,2025,12,2025-07-06 14:58:07.014
0 days 01:02:37.206000,7,VSCEnding,2025,12,2025-07-06 15:02:37.206
0 days 01:02:50.160000,1,AllClear,2025,12,2025-07-06 15:02:50.160
0 days 01:03:22.008000,2,Yellow,2025,12,2025-07-06 15:03:22.008
0 days 01:03:41.088000,1,AllClear,2025,12,2025-07-06 15:03:41.088
0 days 01:04:55.334000,2,Yellow,2025,12,2025-07-06 15:04:55.334
0 days 01:05:58.175000,6,VSCDeployed,2025,12,2025-07-06 15:05:58.175
0 days 01:09:22.963000,7,VSCEnding,2025,12,2025-07-06 15:09:22.963
0 days 01:09:36.809000,1,AllClear,2025,12,2025-07-06 15:09:36.809
0 days 01:21:18.098000,2,Yellow,2025,12,2025-07-06 15:21:18.098
0 days 01:21:20.598000,1,AllClear,2025,12,2025-07-06 15:21:20.598
0 days 01:21:33.748000,4,SCDeployed,2025,12,2025-07-06 15:21:33.748
0 days 01:31:31.469000,1,AllClear,2025,12,2025-07-06 15:31:31.469
0 days 01:33:20.525000,2,Yellow,2025,12,2025-07-06 15:33:20.525
0 days 01:33:34.741000,4,SCDeployed,2025,12,2025-07-06 15:33:34.741
0 days 01:41:47.464000,1,AllClear,2025,12,2025-07-06 15:41:47.464
0 days 01:42:57.697000,2,Yellow,2025,12,2025-07-06 15:42:57.697
0 days 01:43:00.324000,1,AllClear,2025,12,2025-07-06 15:43:00.324
0 days 02:13:15.635000,2,Yellow,2025,12,2025-07-06 16:13:15.635
0 days 02:13:25.454000,1,AllClear,2025,12,2025-07-06 16:13:25.454
0 days 02:18:27.504000,2,Yellow,2025,12,2025-07-06 16:18:27.504
0 days 02:18:29.505000,1,AllClear,2025,12,2025-07-06 16:18:29.505
0 days 02:19:40.697000,2,Yellow,2025,12,2025-07-06 16:19:40.697
0 days 02:19:50.537000,1,AllClear,2025,12,2025-07-06 16:19:50.537
0 days 02:20:30.581000,2,Yellow,2025,12,2025-07-06 16:20:30.581
0 days 02:20:41.958000,1,AllClear,2025,12,2025-07-06 16:20:41.958
0 days 00:00:00,2,Yellow,2025,13,2025-07-27 13:00:00.000
0 days 00:03:22.262000,1,AllClear,2025,13,2025-07-27 13:03:22.262
0 days 00:05:07.967000,2,Yellow,2025,13,2025-07-27 13:05:07.967
0 days 00:06:33.358000,1,AllClear,2025,13,2025-07-27 13:06:33.358
0 days 00:56:30.244000,5,Red,2025,13,2025-07-27 13:56:30.244
0 days 01:49:22.639000,1,AllClear,2025,13,2025-07-27 14:49:22.639
0 days 01:50:17.767000,2,Yellow,2025,13,2025-07-27 14:50:17.767
0 days 01:50:48.524000,1,AllClear,2025,13,2025-07-27 14:50:48.524
0 days 01:50:49.447000,2,Yellow,2025,13,2025-07-27 14:50:49.447
0 days 01:50:57.658000,1,AllClear,2025,13,2025-07-27 14:50:57.658
0 days 01:51:06.322000,2,Yellow,2025,13,2025-07-27 14:51:06.322
0 days 02:08:52.652000,1,AllClear,2025,13,2025-07-27 15:08:52.652
0 days 02:16:22.768000,4,SCDeployed,2025,13,2025-07-27 15:16:22.768
0 days 02:26:05.268000,1,AllClear,2025,13,2025-07-27 15:26:05.268
0 days 00:00:00,2,Yellow,2025,14,2025-08-03 13:00:00.000
0 days 00:01:30.044000,1,AllClear,2025,14,2025-08-03 13:01:30.044
0 days 00:01:35.044000,2,Yellow,2025,14,2025-08-03 13:01:35.044
0 days 00:02:34.547000,1,AllClear,2025,14,2025-08-03 13:02:34.547
0 days 00:02:38.047000,2,Yellow,2025,14,2025-08-03 13:02:38.047
0 days 00:02:57.804000,1,AllClear,2025,14,2025-08-03 13:02:57.804
0 days 00:03:43.523000,2,Yellow,2025,14,2025-08-03 13:03:43.523
0 days 00:10:33.222000,1,AllClear,2025,14,2025-08-03 13:10:33.222
0 days 00:26:19.321000,2,Yellow,2025,14,2025-08-03 13:26:19.321
0 days 00:27:10.209000,1,AllClear,2025,14,2025-08-03 13:27:10.209
0 days 00:42:02.772000,2,Yellow,2025,14,2025-08-03 13:42:02.772
0 days 00:42:27.920000,1,AllClear,2025,14,2025-08-03 13:42:27.920
0 days 00:00:00,1,AllClear,2025,15,2025-08-31 13:00:00.000
0 days 00:01:51.509000,2,Yellow,2025,15,2025-08-31 13:01:51.509
0 days 00:02:10.275000,1,AllClear,2025,15,2025-08-31 13:02:10.275
0 days 00:08:23.726000,2,Yellow,2025,15,2025-08-31 13:08:23.726
0 days 00:44:29.238000,1,AllClear,2025,15,2025-08-31 13:44:29.238
0 days 01:24:59.711000,2,Yellow,2025,15,2025-08-31 14:24:59.711
0 days 01:25:15.021000,4,SCDeployed,2025,15,2025-08-31 14:25:15.021
0 days 01:31:40.313000,1,AllClear,2025,15,2025-08-31 14:31:40.313
0 days 01:37:47.801000,6,VSCDeployed,2025,15,2025-08-31 14:37:47.801
0 days 01:38:57.644000,7,VSCEnding,2025,15,2025-08-31 14:38:57.644
0 days 01:39:10.440000,1,AllClear,2025,15,2025-08-31 14:39:10.440
0 days 01:42:31.359000,2,Yellow,2025,15,2025-08-31 14:42:31.359
0 days 01:42:46.459000,1,AllClear,2025,15,2025-08-31 14:42:46.459
0 days 02:05:24.431000,2,Yellow,2025,15,2025-08-31 15:05:24.431
0 days 02:05:31.753000,4,SCDeployed,2025,15,2025-08-31 15:05:31.753
0 days 02:14:04.089000,1,AllClear,2025,15,2025-08-31 15:14:04.089
0 days 02:23:24.862000,2,Yellow,2025,15,2025-08-31 15:23:24.862
0 days 02:23:40.609000,4,SCDeployed,2025,15,2025-08-31 15:23:40.609
0 days 02:30:01.136000,1,AllClear,2025,15,2025-08-31 15:30:01.136
0 days 02:38:47.095000,2,Yellow,2025,15,2025-08-31 15:38:47.095
0 days 00:00:00,2,Yellow,2025,16,2025-09-07 13:00:00.000
0 days 00:04:25.233000,1,AllClear,2025,16,2025-09-07 13:04:25.233
0 days 00:24:59.126000,2,Yellow,2025,16,2025-09-07 13:24:59.126
0 days 00:33:23.394000,1,AllClear,2025,16,2025-09-07 13:33:23.394
0 days 01:53:33.012000,2,Yellow,2025,16,2025-09-07 14:53:33.012
0 days 01:53:44.950000,1,AllClear,2025,16,2025-09-07 14:53:44.950
0 days 00:00:00,1,AllClear,2025,17,2025-09-21 11:00:00.000
0 days 00:03:59.854000,2,Yellow,2025,17,2025-09-21 11:03:59.854
0 days 00:04:17.862000,1,AllClear,2025,17,2025-09-21 11:04:17.862
0 days 00:24:01.889000,2,Yellow,2025,17,2025-09-21 11:24:01.889
0 days 00:31:51.697000,1,AllClear,2025,17,2025-09-21 11:31:51.697
0 days 00:40:58.510000,2,Yellow,2025,17,2025-09-21 11:40:58.510
0 days 00:42:21.090000,1,AllClear,2025,17,2025-09-21 11:42:21.090
0 days 00:42:23.094000,2,Yellow,2025,17,2025-09-21 11:42:23.094
0 days 00:42:51.608000,1,AllClear,2025,17,2025-09-21 11:42:51.608
0 days 00:58:21.318000,2,Yellow,2025,17,2025-09-21 11:58:21.318
0 days 00:58:50.517000,4,SCDeployed,2025,17,2025-09-21 11:58:50.517
0 days 01:07:30.553000,1,AllClear,2025,17,2025-09-21 12:07:30.553
0 days 01:13:24.493000,2,Yellow,2025,17,2025-09-21 12:13:24.493
0 days 01:13:26.013000,1,AllClear,2025,17,2025-09-21 12:13:26.013
0 days 01:31:02.791000,2,Yellow,2025,17,2025-09-21 12:31:02.791
0 days 01:31:12.819000,1,AllClear,2025,17,2025-09-21 12:31:12.819
0 days 01:33:03.830000,2,Yellow,2025,17,2025-09-21 12:33:03.830
0 days 01:33:13.805000,1,AllClear,2025,17,2025-09-21 12:33:13.805
0 days 02:35:15.387000,2,Yellow,2025,17,2025-09-21 13:35:15.387
0 days 02:35:32.892000,1,AllClear,2025,17,2025-09-21 13:35:32.892
0 days 00:00:02.064000,2,Yellow,2025,18,2025-10-05 12:00:02.064
0 days 00:04:53.525000,1,AllClear,2025,18,2025-10-05 12:04:53.525
0 days 00:06:54.637000,2,Yellow,2025,18,2025-10-05 12:06:54.637
0 days 00:07:23.523000,1,AllClear,2025,18,2025-10-05 12:07:23.523
0 days 00:08:05.545000,2,Yellow,2025,18,2025-10-05 12:08:05.545
0 days 00:08:20.733000,1,AllClear,2025,18,2025-10-05 12:08:20.733
0 days 00:13:25.834000,2,Yellow,2025,18,2025-10-05 12:13:25.834
0 days 00:13:35.144000,1,AllClear,2025,18,2025-10-05 12:13:35.144
0 days 00:31:16.427000,2,Yellow,2025,18,2025-10-05 12:31:16.427
0 days 00:34:25.885000,1,AllClear,2025,18,2025-10-05 12:34:25.885
0 days 01:06:04.422000,2,Yellow,2025,18,2025-10-05 13:06:04.422
0 days 01:06:22.255000,1,AllClear,2025,18,2025-10-05 13:06:22.255
0 days 02:06:53.749000,2,Yellow,2025,18,2025-10-05 14:06:53.749
0 days 02:07:03.301000,1,AllClear,2025,18,2025-10-05 14:07:03.301
0 days 00:00:00,1,AllClear,2025,19,2025-10-19 19:00:00.000
0 days 00:07:38.581000,2,Yellow,2025,19,2025-10-19 19:07:38.581
0 days 00:07:58.436000,1,AllClear,2025,19,2025-10-19 19:07:58.436
0 days 00:08:51.745000,2,Yellow,2025,19,2025-10-19 19:08:51.745
0 days 00:09:14.062000,1,AllClear,2025,19,2025-10-19 19:09:14.062
0 days 00:24:22.385000,2,Yellow,2025,19,2025-10-19 19:24:22.385
0 days 00:24:43.270000,1,AllClear,2025,19,2025-10-19 19:24:43.270
0 days 00:25:48.430000,2,Yellow,2025,19,2025-10-19 19:25:48.430
0 days 00:34:10.741000,1,AllClear,2025,19,2025-10-19 19:34:10.741
0 days 00:57:59.804000,2,Yellow,2025,19,2025-10-19 19:57:59.804
0 days 00:58:08.476000,1,AllClear,2025,19,2025-10-19 19:58:08.476
0 days 01:06:34.483000,2,Yellow,2025,19,2025-10-19 20:06:34.483
0 days 01:07:03.394000,1,AllClear,2025,19,2025-10-19 20:07:03.394
0 days 01:07:04.956000,2,Yellow,2025,19,2025-10-19 20:07:04.956
0 days 01:07:39.687000,6,VSCDeployed,2025,19,2025-10-19 20:07:39.687
0 days 01:10:59.989000,7,VSCEnding,2025,19,2025-10-19 20:10:59.989
0 days 01:11:12.616000,1,AllClear,2025,19,2025-10-19 20:11:12.616
0 days 01:54:48.902000,2,Yellow,2025,19,2025-10-19 20:54:48.902
0 days 01:54:58.675000,1,AllClear,2025,19,2025-10-19 20:54:58.675
0 days 00:00:00,1,AllClear,2025,20,2025-10-26 20:00:00.000
0 days 01:00:39.516000,2,Yellow,2025,20,2025-10-26 21:00:39.516
0 days 01:01:11.438000,1,AllClear,2025,20,2025-10-26 21:01:11.438
0 days 01:04:41.755000,2,Yellow,2025,20,2025-10-26 21:04:41.755
0 days 01:04:44.818000,1,AllClear,2025,20,2025-10-26 21:04:44.818
0 days 02:32:05.543000,2,Yellow,2025,20,2025-10-26 22:32:05.543
0 days 02:33:07.478000,6,VSCDeployed,2025,20,2025-10-26 22:33:07.478
0 days 02:34:35.729000,7,VSCEnding,2025,20,2025-10-26 22:34:35.729
0 days 02:34:47.646000,1,AllClear,2025,20,2025-10-26 22:34:47.646
0 days 00:00:00,1,AllClear,2025,21,2025-11-09 17:00:00.000
0 days 00:46:32.143000,2,Yellow,2025,21,2025-11-09 17:46:32.143
0 days 00:46:35.717000,1,AllClear,2025,21,2025-11-09 17:46:35.717
0 days 00:57:56.247000,2,Yellow,2025,21,2025-11-09 17:57:56.247
0 days 00:58:38.234000,4,SCDeployed,2025,21,2025-11-09 17:58:38.234
0 days 01:05:22.922000,1,AllClear,2025,21,2025-11-09 18:05:22.922
0 days 01:06:19.217000,2,Yellow,2025,21,2025-11-09 18:06:19.217
0 days 01:07:12.049000,6,VSCDeployed,2025,21,2025-11-09 18:07:12.049
0 days 01:10:06.866000,7,VSCEnding,2025,21,2025-11-09 18:10:06.866
0 days 01:10:19.151000,1,AllClear,2025,21,2025-11-09 18:10:19.151
0 days 00:00:00,1,AllClear,2025,22,2025-11-23 04:00:00.000
0 days 00:02:58.728000,2,Yellow,2025,22,2025-11-23 04:02:58.728
0 days 00:07:50.117000,1,AllClear,2025,22,2025-11-23 04:07:50.117
0 days 00:25:54.532000,2,Yellow,2025,22,2025-11-23 04:25:54.532
0 days 00:27:41.743000,1,AllClear,2025,22,2025-11-23 04:27:41.743
0 days 00:57:54.644000,2,Yellow,2025,22,2025-11-23 04:57:54.644
0 days 00:58:07.113000,1,AllClear,2025,22,2025-11-23 04:58:07.113
0 days 00:59:06.700000,2,Yellow,2025,22,2025-11-23 04:59:06.700
0 days 00:59:24.745000,1,AllClear,2025,22,2025-11-23 04:59:24.745
0 days 00:59:33.457000,2,Yellow,2025,22,2025-11-23 04:59:33.457
0 days 01:00:41.129000,6,VSCDeployed,2025,22,2025-11-23 05:00:41.129
0 days 01:03:26.725000,7,VSCEnding,2025,22,2025-11-23 05:03:26.725
0 days 01:03:39.511000,1,AllClear,2025,22,2025-11-23 05:03:39.511
0 days 01:23:12.954000,6,VSCDeployed,2025,22,2025-11-23 05:23:12.954
0 days 01:24:16.310000,7,VSCEnding,2025,22,2025-11-23 05:24:16.310
0 days 01:24:29.670000,1,AllClear,2025,22,2025-11-23 05:24:29.670
0 days 00:00:00,1,AllClear,2025,23,2025-11-30 16:00:00.000
0 days 01:07:59.807000,2,Yellow,2025,23,2025-11-30 17:07:59.807
0 days 01:08:16.036000,4,SCDeployed,2025,23,2025-11-30 17:08:16.036
0 days 01:16:03.334000,1,AllClear,2025,23,2025-11-30 17:16:03.334
0 days 00:00:00,1,AllClear,2025,24,2025-12-07 13:00:00.000
0 days 00:01:02.202000,2,Yellow,2025,24,2025-12-07 13:01:02.202
0 days 00:01:44.386000,1,AllClear,2025,24,2025-12-07 13:01:44.386
0 days 00:05:45.128000,2,Yellow,2025,24,2025-12-07 13:05:45.128
0 days 00:06:16.112000,1,AllClear,2025,24,2025-12-07 13:06:16.112
0 days 00:46:39.231000,2,Yellow,2025,24,2025-12-07 13:46:39.231
0 days 00:46:52.088000,1,AllClear,2025,24,2025-12-07 13:46:52.088
